mutant,pos,domain,fold_random,fold_posgroup,fold_block,fold_domain
A1023D,1023,RuvC,0,9,7,0
A1023G,1023,RuvC,3,9,7,0
A1023P,1023,RuvC,3,9,7,0
A1023S,1023,RuvC,5,9,7,0
A1023T,1023,RuvC,4,9,7,0
A1023V,1023,RuvC,2,9,7,0
A1032D,1032,RuvC,1,3,7,0
A1032G,1032,RuvC,7,3,7,0
A1032P,1032,RuvC,5,3,7,0
A1032S,1032,RuvC,7,3,7,0
A1032T,1032,RuvC,3,3,7,0
A1032V,1032,RuvC,0,3,7,0
A1034D,1034,RuvC,2,0,7,0
A1034G,1034,RuvC,9,0,7,0
A1034P,1034,RuvC,8,0,7,0
A1034S,1034,RuvC,9,0,7,0
A1034T,1034,RuvC,5,0,7,0
A1034V,1034,RuvC,9,0,7,0
A1053E,1053,RuvC,9,3,7,0
A1053G,1053,RuvC,4,3,7,0
A1053P,1053,RuvC,7,3,7,0
A1053S,1053,RuvC,7,3,7,0
A1053T,1053,RuvC,2,3,7,0
A1053V,1053,RuvC,6,3,7,0
A1081D,1081,RuvC,4,4,7,0
A1081G,1081,RuvC,7,4,7,0
A1081P,1081,RuvC,1,4,7,0
A1081S,1081,RuvC,6,4,7,0
A1081T,1081,RuvC,4,4,7,0
A1081V,1081,RuvC,8,4,7,0
A1121D,1121,PI,6,1,8,3
A1121G,1121,PI,8,1,8,3
A1121P,1121,PI,3,1,8,3
A1121S,1121,PI,7,1,8,3
A1121T,1121,PI,0,1,8,3
A1121V,1121,PI,7,1,8,3
A1140D,1140,PI,2,3,8,3
A1140G,1140,PI,2,3,8,3
A1140P,1140,PI,7,3,8,3
A1140S,1140,PI,7,3,8,3
A1140T,1140,PI,0,3,8,3
A1140V,1140,PI,4,3,8,3
A1147E,1147,PI,9,1,8,3
A1147G,1147,PI,9,1,8,3
A1147P,1147,PI,3,1,8,3
A1147S,1147,PI,2,1,8,3
A1147T,1147,PI,5,1,8,3
A1147V,1147,PI,4,1,8,3
A1184D,1184,PI,9,3,8,3
A1184G,1184,PI,7,3,8,3
A1184P,1184,PI,1,3,8,3
A1184S,1184,PI,5,3,8,3
A1184T,1184,PI,7,3,8,3
A1184V,1184,PI,1,3,8,3
A1215E,1215,PI,2,6,8,3
A1215G,1215,PI,6,6,8,3
A1215P,1215,PI,6,6,8,3
A1215S,1215,PI,6,6,8,3
A1215T,1215,PI,8,6,8,3
A1215V,1215,PI,3,6,8,3
A1217D,1217,PI,5,9,8,3
A1217G,1217,PI,2,9,8,3
A1217P,1217,PI,8,9,8,3
A1217S,1217,PI,2,9,8,3
A1217T,1217,PI,7,9,8,3
A1217V,1217,PI,1,9,8,3
A1227D,1227,PI,4,3,8,3
A1227G,1227,PI,2,3,8,3
A1227P,1227,PI,6,3,8,3
A1227S,1227,PI,9,3,8,3
A1227T,1227,PI,7,3,8,3
A1227V,1227,PI,8,3,8,3
A1239D,1239,PI,3,9,9,3
A1239G,1239,PI,3,9,9,3
A1239P,1239,PI,9,9,9,3
A1239S,1239,PI,4,9,9,3
A1239T,1239,PI,8,9,9,3
A1239V,1239,PI,3,9,9,3
A127D,127,REC,1,1,0,1
A127G,127,REC,2,1,0,1
A127P,127,REC,4,1,0,1
A127S,127,REC,3,1,0,1
A127T,127,REC,7,1,0,1
A127V,127,REC,0,1,0,1
A1283D,1283,PI,2,0,9,3
A1283G,1283,PI,5,0,9,3
A1283P,1283,PI,6,0,9,3
A1283S,1283,PI,0,0,9,3
A1283T,1283,PI,2,0,9,3
A1283V,1283,PI,7,0,9,3
A1285E,1285,PI,8,0,9,3
A1285G,1285,PI,5,0,9,3
A1285P,1285,PI,3,0,9,3
A1285S,1285,PI,8,0,9,3
A1285T,1285,PI,1,0,9,3
A1285V,1285,PI,5,0,9,3
A1293E,1293,PI,6,2,9,3
A1293G,1293,PI,9,2,9,3
A1293P,1293,PI,3,2,9,3
A1293S,1293,PI,8,2,9,3
A1293T,1293,PI,6,2,9,3
A1293V,1293,PI,4,2,9,3
A1306D,1306,PI,3,5,9,3
A1306G,1306,PI,3,5,9,3
A1306P,1306,PI,1,5,9,3
A1306S,1306,PI,8,5,9,3
A1306T,1306,PI,6,5,9,3
A1306V,1306,PI,6,5,9,3
A1320E,1320,PI,6,2,9,3
A1320G,1320,PI,1,2,9,3
A1320P,1320,PI,0,2,9,3
A1320S,1320,PI,2,2,9,3
A1320T,1320,PI,6,2,9,3
A1320V,1320,PI,1,2,9,3
A1322E,1322,PI,7,0,9,3
A1322G,1322,PI,4,0,9,3
A1322P,1322,PI,9,0,9,3
A1322S,1322,PI,0,0,9,3
A1322T,1322,PI,9,0,9,3
A1322V,1322,PI,7,0,9,3
A1323D,1323,PI,5,5,9,3
A1323G,1323,PI,2,5,9,3
A1323P,1323,PI,0,5,9,3
A1323S,1323,PI,8,5,9,3
A1323T,1323,PI,5,5,9,3
A1323V,1323,PI,5,5,9,3
A1345D,1345,PI,0,3,9,3
A1345G,1345,PI,4,3,9,3
A1345P,1345,PI,7,3,9,3
A1345S,1345,PI,8,3,9,3
A1345T,1345,PI,5,3,9,3
A1345V,1345,PI,8,3,9,3
A149E,149,REC,4,6,1,1
A149G,149,REC,4,6,1,1
A149P,149,REC,0,6,1,1
A149S,149,REC,6,6,1,1
A149T,149,REC,1,6,1,1
A149V,149,REC,5,6,1,1
A157D,157,REC,3,0,1,1
A157G,157,REC,4,0,1,1
A157P,157,REC,2,0,1,1
A157S,157,REC,7,0,1,1
A157T,157,REC,1,0,1,1
A157V,157,REC,1,0,1,1
A159D,159,REC,6,4,1,1
A159G,159,REC,9,4,1,1
A159P,159,REC,5,4,1,1
A159S,159,REC,3,4,1,1
A159T,159,REC,3,4,1,1
A159V,159,REC,4,4,1,1
A19E,19,RuvC,2,8,0,0
A19G,19,RuvC,4,8,0,0
A19P,19,RuvC,8,8,0,0
A19S,19,RuvC,6,8,0,0
A19T,19,RuvC,4,8,0,0
A19V,19,RuvC,8,8,0,0
A203E,203,REC,2,6,1,1
A203G,203,REC,2,6,1,1
A203P,203,REC,0,6,1,1
A203S,203,REC,9,6,1,1
A203T,203,REC,9,6,1,1
A203V,203,REC,1,6,1,1
A208E,208,REC,1,9,1,1
A208G,208,REC,0,9,1,1
A208P,208,REC,6,9,1,1
A208S,208,REC,7,9,1,1
A208T,208,REC,3,9,1,1
A208V,208,REC,9,9,1,1
A210D,210,REC,4,1,1,1
A210G,210,REC,2,1,1,1
A210P,210,REC,9,1,1,1
A210S,210,REC,7,1,1,1
A210T,210,REC,8,1,1,1
A210V,210,REC,8,1,1,1
A214D,214,REC,7,5,1,1
A214G,214,REC,5,5,1,1
A214P,214,REC,2,5,1,1
A214S,214,REC,4,5,1,1
A214T,214,REC,2,5,1,1
A214V,214,REC,1,5,1,1
A227D,227,REC,3,3,1,1
A227G,227,REC,2,3,1,1
A227P,227,REC,7,3,1,1
A227S,227,REC,9,3,1,1
A227T,227,REC,0,3,1,1
A227V,227,REC,9,3,1,1
A243E,243,REC,8,0,1,1
A243G,243,REC,9,0,1,1
A243P,243,REC,5,0,1,1
A243S,243,REC,2,0,1,1
A243T,243,REC,7,0,1,1
A243V,243,REC,8,0,1,1
A259D,259,REC,7,0,1,1
A259G,259,REC,6,0,1,1
A259P,259,REC,7,0,1,1
A259S,259,REC,3,0,1,1
A259T,259,REC,6,0,1,1
A259V,259,REC,6,0,1,1
A262D,262,REC,2,4,1,1
A262G,262,REC,7,4,1,1
A262P,262,REC,7,4,1,1
A262S,262,REC,5,4,1,1
A262T,262,REC,8,4,1,1
A262V,262,REC,1,4,1,1
A280D,280,REC,9,9,2,1
A280G,280,REC,2,9,2,1
A280P,280,REC,0,9,2,1
A280S,280,REC,4,9,2,1
A280T,280,REC,7,9,2,1
A280V,280,REC,5,9,2,1
A287E,287,REC,2,1,2,1
A287G,287,REC,7,1,2,1
A287P,287,REC,8,1,2,1
A287S,287,REC,3,1,2,1
A287T,287,REC,7,1,2,1
A287V,287,REC,6,1,2,1
A292D,292,REC,1,9,2,1
A292G,292,REC,2,9,2,1
A292P,292,REC,5,9,2,1
A292S,292,REC,8,9,2,1
A292T,292,REC,9,9,2,1
A292V,292,REC,0,9,2,1
A293D,293,REC,1,6,2,1
A293G,293,REC,3,6,2,1
A293P,293,REC,5,6,2,1
A293S,293,REC,2,6,2,1
A293T,293,REC,4,6,2,1
A293V,293,REC,5,6,2,1
A299D,299,REC,7,1,2,1
A299G,299,REC,2,1,2,1
A299P,299,REC,7,1,2,1
A299S,299,REC,4,1,2,1
A299T,299,REC,2,1,2,1
A299V,299,REC,1,1,2,1
A315D,315,REC,3,5,2,1
A315G,315,REC,3,5,2,1
A315P,315,REC,7,5,2,1
A315S,315,REC,9,5,2,1
A315T,315,REC,6,5,2,1
A315V,315,REC,0,5,2,1
A319D,319,REC,2,0,2,1
A319G,319,REC,0,0,2,1
A319P,319,REC,2,0,2,1
A319S,319,REC,9,0,2,1
A319T,319,REC,0,0,2,1
A319V,319,REC,3,0,2,1
A337D,337,REC,0,0,2,1
A337G,337,REC,9,0,2,1
A337P,337,REC,8,0,2,1
A337S,337,REC,3,0,2,1
A337T,337,REC,9,0,2,1
A337V,337,REC,4,0,2,1
A360D,360,REC,8,4,2,1
A360G,360,REC,4,4,2,1
A360P,360,REC,9,4,2,1
A360S,360,REC,1,4,2,1
A360T,360,REC,6,4,2,1
A360V,360,REC,2,4,2,1
A367D,367,REC,8,8,2,1
A367G,367,REC,2,8,2,1
A367P,367,REC,3,8,2,1
A367S,367,REC,0,8,2,1
A367T,367,REC,5,8,2,1
A367V,367,REC,6,8,2,1
A421D,421,REC,0,6,3,1
A421G,421,REC,0,6,3,1
A421P,421,REC,9,6,3,1
A421S,421,REC,9,6,3,1
A421T,421,REC,8,6,3,1
A421V,421,REC,4,6,3,1
A456E,456,REC,2,8,3,1
A456G,456,REC,0,8,3,1
A456P,456,REC,7,8,3,1
A456S,456,REC,4,8,3,1
A456T,456,REC,0,8,3,1
A456V,456,REC,6,8,3,1
A463D,463,REC,7,6,3,1
A463G,463,REC,3,6,3,1
A463P,463,REC,9,6,3,1
A463S,463,REC,3,6,3,1
A463T,463,REC,9,6,3,1
A463V,463,REC,9,6,3,1
A486D,486,REC,0,5,3,1
A486G,486,REC,3,5,3,1
A486P,486,REC,8,5,3,1
A486S,486,REC,8,5,3,1
A486T,486,REC,2,5,3,1
A486V,486,REC,4,5,3,1
A488E,488,REC,6,2,3,1
A488G,488,REC,3,2,3,1
A488P,488,REC,3,2,3,1
A488S,488,REC,1,2,3,1
A488T,488,REC,8,2,3,1
A488V,488,REC,0,2,3,1
A50D,50,RuvC,8,1,0,0
A50G,50,RuvC,3,1,0,0
A50P,50,RuvC,0,1,0,0
A50S,50,RuvC,2,1,0,0
A50T,50,RuvC,0,1,0,0
A50V,50,RuvC,1,1,0,0
A538D,538,REC,3,4,3,1
A538G,538,REC,2,4,3,1
A538P,538,REC,1,4,3,1
A538S,538,REC,1,4,3,1
A538T,538,REC,9,4,3,1
A538V,538,REC,2,4,3,1
A547D,547,REC,4,8,3,1
A547G,547,REC,4,8,3,1
A547P,547,REC,3,8,3,1
A547S,547,REC,2,8,3,1
A547T,547,REC,3,8,3,1
A547V,547,REC,7,8,3,1
A589D,589,REC,5,9,4,1
A589G,589,REC,7,9,4,1
A589P,589,REC,7,9,4,1
A589S,589,REC,4,9,4,1
A589T,589,REC,4,9,4,1
A589V,589,REC,4,9,4,1
A59D,59,RuvC,3,3,0,0
A59G,59,RuvC,5,3,0,0
A59P,59,RuvC,8,3,0,0
A59S,59,RuvC,1,3,0,0
A59T,59,RuvC,9,3,0,0
A59V,59,RuvC,8,3,0,0
A61E,61,REC,0,8,0,1
A61G,61,REC,0,8,0,1
A61P,61,REC,4,8,0,1
A61S,61,REC,0,8,0,1
A61T,61,REC,8,8,0,1
A61V,61,REC,7,8,0,1
A640D,640,REC,4,4,4,1
A640G,640,REC,8,4,4,1
A640P,640,REC,9,4,4,1
A640S,640,REC,6,4,4,1
A640T,640,REC,9,4,4,1
A640V,640,REC,5,4,4,1
A689D,689,REC,3,9,5,1
A689G,689,REC,0,9,5,1
A689P,689,REC,9,9,5,1
A689S,689,REC,7,9,5,1
A689T,689,REC,3,9,5,1
A689V,689,REC,4,9,5,1
A68D,68,REC,5,0,0,1
A68G,68,REC,9,0,0,1
A68P,68,REC,6,0,0,1
A68S,68,REC,3,0,0,1
A68T,68,REC,4,0,0,1
A68V,68,REC,6,0,0,1
A711E,711,REC,0,8,5,1
A711G,711,REC,1,8,5,1
A711P,711,REC,6,8,5,1
A711S,711,REC,7,8,5,1
A711T,711,REC,2,8,5,1
A711V,711,REC,9,8,5,1
A725E,725,RuvC,0,0,5,0
A725G,725,RuvC,5,0,5,0
A725P,725,RuvC,6,0,5,0
A725S,725,RuvC,6,0,5,0
A725T,725,RuvC,8,0,5,0
A725V,725,RuvC,2,0,5,0
A728D,728,RuvC,3,7,5,0
A728G,728,RuvC,8,7,5,0
A728P,728,RuvC,1,7,5,0
A728S,728,RuvC,8,7,5,0
A728T,728,RuvC,2,7,5,0
A728V,728,RuvC,1,7,5,0
A732D,732,RuvC,0,9,5,0
A732G,732,RuvC,3,9,5,0
A732P,732,RuvC,8,9,5,0
A732S,732,RuvC,5,9,5,0
A732T,732,RuvC,5,9,5,0
A732V,732,RuvC,6,9,5,0
A764D,764,RuvC,2,9,5,0
A764G,764,RuvC,4,9,5,0
A764P,764,RuvC,1,9,5,0
A764S,764,RuvC,7,9,5,0
A764T,764,RuvC,7,9,5,0
A764V,764,RuvC,6,9,5,0
A889D,889,HNH,4,6,6,2
A889G,889,HNH,5,6,6,2
A889P,889,HNH,2,6,6,2
A889S,889,HNH,9,6,6,2
A889T,889,HNH,7,6,6,2
A889V,889,HNH,7,6,6,2
A903D,903,HNH,4,1,6,2
A903G,903,HNH,6,1,6,2
A903P,903,HNH,5,1,6,2
A903S,903,HNH,5,1,6,2
A903T,903,HNH,1,1,6,2
A903V,903,HNH,4,1,6,2
A914E,914,RuvC,7,0,6,0
A914G,914,RuvC,6,0,6,0
A914P,914,RuvC,0,0,6,0
A914S,914,RuvC,6,0,6,0
A914T,914,RuvC,7,0,6,0
A914V,914,RuvC,5,0,6,0
A91D,91,REC,6,8,0,1
A91G,91,REC,4,8,0,1
A91P,91,REC,0,8,0,1
A91S,91,REC,5,8,0,1
A91T,91,REC,1,8,0,1
A91V,91,REC,8,8,0,1
A932D,932,RuvC,6,4,6,0
A932G,932,RuvC,3,4,6,0
A932P,932,RuvC,6,4,6,0
A932S,932,RuvC,2,4,6,0
A932T,932,RuvC,1,4,6,0
A932V,932,RuvC,4,4,6,0
A984D,984,RuvC,8,3,7,0
A984G,984,RuvC,7,3,7,0
A984P,984,RuvC,7,3,7,0
A984S,984,RuvC,4,3,7,0
A984T,984,RuvC,9,3,7,0
A984V,984,RuvC,0,3,7,0
A987E,987,RuvC,9,0,7,0
A987G,987,RuvC,5,0,7,0
A987P,987,RuvC,5,0,7,0
A987S,987,RuvC,2,0,7,0
A987T,987,RuvC,7,0,7,0
A987V,987,RuvC,0,0,7,0
A991E,991,RuvC,8,3,7,0
A991G,991,RuvC,8,3,7,0
A991P,991,RuvC,8,3,7,0
A991S,991,RuvC,9,3,7,0
A991T,991,RuvC,8,3,7,0
A991V,991,RuvC,8,3,7,0
A996D,996,RuvC,6,9,7,0
A996G,996,RuvC,0,9,7,0
A996P,996,RuvC,7,9,7,0
A996S,996,RuvC,9,9,7,0
A996T,996,RuvC,0,9,7,0
A996V,996,RuvC,0,9,7,0
C574F,574,REC,9,3,4,1
C574G,574,REC,5,3,4,1
C574R,574,REC,8,3,4,1
C574S,574,REC,2,3,4,1
C574W,574,REC,4,3,4,1
C574Y,574,REC,5,3,4,1
C80F,80,REC,0,5,0,1
C80G,80,REC,3,5,0,1
C80R,80,REC,5,5,0,1
C80S,80,REC,2,5,0,1
C80W,80,REC,1,5,0,1
C80Y,80,REC,0,5,0,1
D1012A,1012,RuvC,5,1,7,0
D1012E,1012,RuvC,2,1,7,0
D1012G,1012,RuvC,3,1,7,0
D1012H,1012,RuvC,3,1,7,0
D1012N,1012,RuvC,2,1,7,0
D1012V,1012,RuvC,3,1,7,0
D1012Y,1012,RuvC,5,1,7,0
D1017A,1017,RuvC,4,9,7,0
D1017E,1017,RuvC,8,9,7,0
D1017G,1017,RuvC,6,9,7,0
D1017H,1017,RuvC,1,9,7,0
D1017N,1017,RuvC,7,9,7,0
D1017V,1017,RuvC,6,9,7,0
D1017Y,1017,RuvC,4,9,7,0
D1075A,1075,RuvC,7,5,7,0
D1075E,1075,RuvC,2,5,7,0
D1075G,1075,RuvC,7,5,7,0
D1075H,1075,RuvC,9,5,7,0
D1075N,1075,RuvC,0,5,7,0
D1075V,1075,RuvC,7,5,7,0
D1075Y,1075,RuvC,1,5,7,0
D1079A,1079,RuvC,0,0,7,0
D1079E,1079,RuvC,7,0,7,0
D1079G,1079,RuvC,6,0,7,0
D1079H,1079,RuvC,4,0,7,0
D1079N,1079,RuvC,0,0,7,0
D1079V,1079,RuvC,6,0,7,0
D1079Y,1079,RuvC,3,0,7,0
D10A,10,RuvC,7,7,0,0
D10E,10,RuvC,9,7,0,0
D10G,10,RuvC,4,7,0,0
D10H,10,RuvC,0,7,0,0
D10N,10,RuvC,4,7,0,0
D10V,10,RuvC,5,7,0,0
D10Y,10,RuvC,0,7,0,0
D110A,110,REC,4,8,0,1
D110E,110,REC,9,8,0,1
D110G,110,REC,0,8,0,1
D110H,110,REC,5,8,0,1
D110N,110,REC,2,8,0,1
D110V,110,REC,5,8,0,1
D110Y,110,REC,3,8,0,1
D1117A,1117,PI,7,3,8,3
D1117E,1117,PI,5,3,8,3
D1117G,1117,PI,8,3,8,3
D1117H,1117,PI,2,3,8,3
D1117N,1117,PI,3,3,8,3
D1117V,1117,PI,9,3,8,3
D1117Y,1117,PI,4,3,8,3
D1125A,1125,PI,5,0,8,3
D1125E,1125,PI,8,0,8,3
D1125G,1125,PI,7,0,8,3
D1125H,1125,PI,8,0,8,3
D1125N,1125,PI,2,0,8,3
D1125V,1125,PI,5,0,8,3
D1125Y,1125,PI,4,0,8,3
D1127A,1127,PI,9,7,8,3
D1127E,1127,PI,8,7,8,3
D1127G,1127,PI,2,7,8,3
D1127H,1127,PI,2,7,8,3
D1127N,1127,PI,4,7,8,3
D1127V,1127,PI,6,7,8,3
D1127Y,1127,PI,4,7,8,3
D1135A,1135,PI,1,9,8,3
D1135E,1135,PI,1,9,8,3
D1135G,1135,PI,9,9,8,3
D1135H,1135,PI,8,9,8,3
D1135N,1135,PI,9,9,8,3
D1135V,1135,PI,0,9,8,3
D1135Y,1135,PI,8,9,8,3
D1180A,1180,PI,1,3,8,3
D1180E,1180,PI,4,3,8,3
D1180G,1180,PI,5,3,8,3
D1180H,1180,PI,6,3,8,3
D1180N,1180,PI,5,3,8,3
D1180V,1180,PI,1,3,8,3
D1180Y,1180,PI,2,3,8,3
D1193A,1193,PI,0,4,8,3
D1193E,1193,PI,1,4,8,3
D1193G,1193,PI,6,4,8,3
D1193H,1193,PI,6,4,8,3
D1193N,1193,PI,3,4,8,3
D1193V,1193,PI,3,4,8,3
D1193Y,1193,PI,4,4,8,3
D124A,124,REC,7,0,0,1
D124E,124,REC,9,0,0,1
D124G,124,REC,2,0,0,1
D124H,124,REC,1,0,0,1
D124N,124,REC,5,0,0,1
D124V,124,REC,4,0,0,1
D124Y,124,REC,9,0,0,1
D1251A,1251,PI,5,0,9,3
D1251E,1251,PI,3,0,9,3
D1251G,1251,PI,6,0,9,3
D1251H,1251,PI,4,0,9,3
D1251N,1251,PI,3,0,9,3
D1251V,1251,PI,1,0,9,3
D1251Y,1251,PI,6,0,9,3
D1267A,1267,PI,5,1,9,3
D1267E,1267,PI,8,1,9,3
D1267G,1267,PI,6,1,9,3
D1267H,1267,PI,4,1,9,3
D1267N,1267,PI,6,1,9,3
D1267V,1267,PI,2,1,9,3
D1267Y,1267,PI,2,1,9,3
D1284A,1284,PI,9,1,9,3
D1284E,1284,PI,4,1,9,3
D1284G,1284,PI,4,1,9,3
D1284H,1284,PI,8,1,9,3
D1284N,1284,PI,9,1,9,3
D1284V,1284,PI,8,1,9,3
D1284Y,1284,PI,3,1,9,3
D1288A,1288,PI,4,6,9,3
D1288E,1288,PI,6,6,9,3
D1288G,1288,PI,9,6,9,3
D1288H,1288,PI,3,6,9,3
D1288N,1288,PI,1,6,9,3
D1288V,1288,PI,6,6,9,3
D1288Y,1288,PI,2,6,9,3
D1299A,1299,PI,5,3,9,3
D1299E,1299,PI,0,3,9,3
D1299G,1299,PI,4,3,9,3
D1299H,1299,PI,9,3,9,3
D1299N,1299,PI,6,3,9,3
D1299V,1299,PI,3,3,9,3
D1299Y,1299,PI,4,3,9,3
D1328A,1328,PI,4,0,9,3
D1328E,1328,PI,4,0,9,3
D1328G,1328,PI,9,0,9,3
D1328H,1328,PI,2,0,9,3
D1328N,1328,PI,4,0,9,3
D1328V,1328,PI,7,0,9,3
D1328Y,1328,PI,4,0,9,3
D1332A,1332,PI,1,1,9,3
D1332E,1332,PI,5,1,9,3
D1332G,1332,PI,6,1,9,3
D1332H,1332,PI,4,1,9,3
D1332N,1332,PI,5,1,9,3
D1332V,1332,PI,4,1,9,3
D1332Y,1332,PI,1,1,9,3
D1344A,1344,PI,6,7,9,3
D1344E,1344,PI,1,7,9,3
D1344G,1344,PI,5,7,9,3
D1344H,1344,PI,7,7,9,3
D1344N,1344,PI,8,7,9,3
D1344V,1344,PI,9,7,9,3
D1344Y,1344,PI,4,7,9,3
D1361A,1361,PI,4,8,9,3
D1361E,1361,PI,9,8,9,3
D1361G,1361,PI,6,8,9,3
D1361H,1361,PI,9,8,9,3
D1361N,1361,PI,3,8,9,3
D1361V,1361,PI,4,8,9,3
D1361Y,1361,PI,0,8,9,3
D1368A,1368,PI,5,1,9,3
D1368E,1368,PI,8,1,9,3
D1368G,1368,PI,3,1,9,3
D1368H,1368,PI,3,1,9,3
D1368N,1368,PI,7,1,9,3
D1368V,1368,PI,0,1,9,3
D1368Y,1368,PI,2,1,9,3
D144A,144,REC,1,0,1,1
D144E,144,REC,0,0,1,1
D144G,144,REC,4,0,1,1
D144H,144,REC,1,0,1,1
D144N,144,REC,1,0,1,1
D144V,144,REC,0,0,1,1
D144Y,144,REC,0,0,1,1
D147A,147,REC,6,4,1,1
D147E,147,REC,7,4,1,1
D147G,147,REC,3,4,1,1
D147H,147,REC,0,4,1,1
D147N,147,REC,5,4,1,1
D147V,147,REC,7,4,1,1
D147Y,147,REC,7,4,1,1
D150A,150,REC,3,1,1,1
D150E,150,REC,4,1,1,1
D150G,150,REC,1,1,1,1
D150H,150,REC,3,1,1,1
D150N,150,REC,0,1,1,1
D150V,150,REC,0,1,1,1
D150Y,150,REC,4,1,1,1
D173A,173,REC,3,6,1,1
D173E,173,REC,2,6,1,1
D173G,173,REC,0,6,1,1
D173H,173,REC,3,6,1,1
D173N,173,REC,2,6,1,1
D173V,173,REC,3,6,1,1
D173Y,173,REC,9,6,1,1
D177A,177,REC,3,1,1,1
D177E,177,REC,2,1,1,1
D177G,177,REC,8,1,1,1
D177H,177,REC,7,1,1,1
D177N,177,REC,4,1,1,1
D177V,177,REC,6,1,1,1
D177Y,177,REC,2,1,1,1
D180A,180,REC,1,9,1,1
D180E,180,REC,0,9,1,1
D180G,180,REC,2,9,1,1
D180H,180,REC,1,9,1,1
D180N,180,REC,3,9,1,1
D180V,180,REC,7,9,1,1
D180Y,180,REC,0,9,1,1
D182A,182,REC,4,3,1,1
D182E,182,REC,2,3,1,1
D182G,182,REC,9,3,1,1
D182H,182,REC,4,3,1,1
D182N,182,REC,4,3,1,1
D182V,182,REC,8,3,1,1
D182Y,182,REC,1,3,1,1
D207A,207,REC,8,3,1,1
D207E,207,REC,8,3,1,1
D207G,207,REC,6,3,1,1
D207H,207,REC,9,3,1,1
D207N,207,REC,2,3,1,1
D207V,207,REC,5,3,1,1
D207Y,207,REC,9,3,1,1
D23A,23,RuvC,1,0,0,0
D23E,23,RuvC,3,0,0,0
D23G,23,RuvC,5,0,0,0
D23H,23,RuvC,1,0,0,0
D23N,23,RuvC,3,0,0,0
D23V,23,RuvC,4,0,0,0
D23Y,23,RuvC,6,0,0,0
D257A,257,REC,0,9,1,1
D257E,257,REC,7,9,1,1
D257G,257,REC,6,9,1,1
D257H,257,REC,2,9,1,1
D257N,257,REC,4,9,1,1
D257V,257,REC,1,9,1,1
D257Y,257,REC,8,9,1,1
D261A,261,REC,7,5,1,1
D261E,261,REC,6,5,1,1
D261G,261,REC,7,5,1,1
D261H,261,REC,1,5,1,1
D261N,261,REC,5,5,1,1
D261V,261,REC,0,5,1,1
D261Y,261,REC,0,5,1,1
D269A,269,REC,6,4,1,1
D269E,269,REC,6,4,1,1
D269G,269,REC,7,4,1,1
D269H,269,REC,4,4,1,1
D269N,269,REC,6,4,1,1
D269V,269,REC,6,4,1,1
D269Y,269,REC,9,4,1,1
D272A,272,REC,9,2,1,1
D272E,272,REC,4,2,1,1
D272G,272,REC,7,2,1,1
D272H,272,REC,7,2,1,1
D272N,272,REC,4,2,1,1
D272V,272,REC,0,2,1,1
D272Y,272,REC,5,2,1,1
D273A,273,REC,1,2,1,1
D273E,273,REC,8,2,1,1
D273G,273,REC,1,2,1,1
D273H,273,REC,3,2,1,1
D273N,273,REC,2,2,1,1
D273V,273,REC,1,2,1,1
D273Y,273,REC,7,2,1,1
D274A,274,REC,4,5,1,1
D274E,274,REC,9,5,1,1
D274G,274,REC,3,5,1,1
D274H,274,REC,9,5,1,1
D274N,274,REC,9,5,1,1
D274V,274,REC,6,5,1,1
D274Y,274,REC,9,5,1,1
D276A,276,REC,3,5,2,1
D276E,276,REC,3,5,2,1
D276G,276,REC,1,5,2,1
D276H,276,REC,6,5,2,1
D276N,276,REC,4,5,2,1
D276V,276,REC,2,5,2,1
D276Y,276,REC,5,5,2,1
D284A,284,REC,4,2,2,1
D284E,284,REC,0,2,2,1
D284G,284,REC,1,2,2,1
D284H,284,REC,8,2,2,1
D284N,284,REC,9,2,2,1
D284V,284,REC,4,2,2,1
D284Y,284,REC,3,2,2,1
D288A,288,REC,0,4,2,1
D288E,288,REC,2,4,2,1
D288G,288,REC,1,4,2,1
D288H,288,REC,5,4,2,1
D288N,288,REC,8,4,2,1
D288V,288,REC,9,4,2,1
D288Y,288,REC,7,4,2,1
D298A,298,REC,6,6,2,1
D298E,298,REC,5,6,2,1
D298G,298,REC,6,6,2,1
D298H,298,REC,8,6,2,1
D298N,298,REC,7,6,2,1
D298V,298,REC,3,6,2,1
D298Y,298,REC,9,6,2,1
D2A,2,RuvC,1,2,0,0
D2E,2,RuvC,8,2,0,0
D2G,2,RuvC,8,2,0,0
D2H,2,RuvC,6,2,0,0
D2N,2,RuvC,0,2,0,0
D2V,2,RuvC,4,2,0,0
D2Y,2,RuvC,1,2,0,0
D304A,304,REC,2,3,2,1
D304E,304,REC,5,3,2,1
D304G,304,REC,3,3,2,1
D304H,304,REC,6,3,2,1
D304N,304,REC,7,3,2,1
D304V,304,REC,6,3,2,1
D304Y,304,REC,6,3,2,1
D326A,326,REC,6,7,2,1
D326E,326,REC,1,7,2,1
D326G,326,REC,5,7,2,1
D326H,326,REC,4,7,2,1
D326N,326,REC,4,7,2,1
D326V,326,REC,4,7,2,1
D326Y,326,REC,9,7,2,1
D331A,331,REC,4,3,2,1
D331E,331,REC,9,3,2,1
D331G,331,REC,8,3,2,1
D331H,331,REC,3,3,2,1
D331N,331,REC,8,3,2,1
D331V,331,REC,8,3,2,1
D331Y,331,REC,3,3,2,1
D353A,353,REC,4,0,2,1
D353E,353,REC,7,0,2,1
D353G,353,REC,4,0,2,1
D353H,353,REC,0,0,2,1
D353N,353,REC,1,0,2,1
D353V,353,REC,8,0,2,1
D353Y,353,REC,7,0,2,1
D364A,364,REC,6,1,2,1
D364E,364,REC,6,1,2,1
D364G,364,REC,3,1,2,1
D364H,364,REC,2,1,2,1
D364N,364,REC,1,1,2,1
D364V,364,REC,0,1,2,1
D364Y,364,REC,9,1,2,1
D384A,384,REC,2,4,2,1
D384E,384,REC,3,4,2,1
D384G,384,REC,9,4,2,1
D384H,384,REC,3,4,2,1
D384N,384,REC,1,4,2,1
D384V,384,REC,7,4,2,1
D384Y,384,REC,0,4,2,1
D397A,397,REC,0,0,2,1
D397E,397,REC,1,0,2,1
D397G,397,REC,6,0,2,1
D397H,397,REC,6,0,2,1
D397N,397,REC,3,0,2,1
D397V,397,REC,4,0,2,1
D397Y,397,REC,2,0,2,1
D39A,39,RuvC,4,1,0,0
D39E,39,RuvC,2,1,0,0
D39G,39,RuvC,9,1,0,0
D39H,39,RuvC,3,1,0,0
D39N,39,RuvC,2,1,0,0
D39V,39,RuvC,5,1,0,0
D39Y,39,RuvC,3,1,0,0
D406A,406,REC,0,2,2,1
D406E,406,REC,8,2,2,1
D406G,406,REC,5,2,2,1
D406H,406,REC,2,2,2,1
D406N,406,REC,0,2,2,1
D406V,406,REC,1,2,2,1
D406Y,406,REC,2,2,2,1
D428A,428,REC,6,3,3,1
D428E,428,REC,0,3,3,1
D428G,428,REC,4,3,3,1
D428H,428,REC,5,3,3,1
D428N,428,REC,4,3,3,1
D428V,428,REC,6,3,3,1
D428Y,428,REC,5,3,3,1
D435A,435,REC,8,6,3,1
D435E,435,REC,0,6,3,1
D435G,435,REC,6,6,3,1
D435H,435,REC,3,6,3,1
D435N,435,REC,5,6,3,1
D435V,435,REC,5,6,3,1
D435Y,435,REC,1,6,3,1
D483A,483,REC,1,3,3,1
D483E,483,REC,8,3,3,1
D483G,483,REC,0,3,3,1
D483H,483,REC,5,3,3,1
D483N,483,REC,5,3,3,1
D483V,483,REC,5,3,3,1
D483Y,483,REC,6,3,3,1
D499A,499,REC,4,5,3,1
D499E,499,REC,6,5,3,1
D499G,499,REC,7,5,3,1
D499H,499,REC,2,5,3,1
D499N,499,REC,5,5,3,1
D499V,499,REC,1,5,3,1
D499Y,499,REC,3,5,3,1
D54A,54,RuvC,2,0,0,0
D54E,54,RuvC,5,0,0,0
D54G,54,RuvC,6,0,0,0
D54H,54,RuvC,7,0,0,0
D54N,54,RuvC,3,0,0,0
D54V,54,RuvC,3,0,0,0
D54Y,54,RuvC,3,0,0,0
D550A,550,REC,1,8,4,1
D550E,550,REC,7,8,4,1
D550G,550,REC,5,8,4,1
D550H,550,REC,2,8,4,1
D550N,550,REC,7,8,4,1
D550V,550,REC,1,8,4,1
D550Y,550,REC,0,8,4,1
D567A,567,REC,8,4,4,1
D567E,567,REC,8,4,4,1
D567G,567,REC,7,4,4,1
D567H,567,REC,6,4,4,1
D567N,567,REC,3,4,4,1
D567V,567,REC,8,4,4,1
D567Y,567,REC,5,4,4,1
D576A,576,REC,9,2,4,1
D576E,576,REC,5,2,4,1
D576G,576,REC,5,2,4,1
D576H,576,REC,4,2,4,1
D576N,576,REC,8,2,4,1
D576V,576,REC,7,2,4,1
D576Y,576,REC,8,2,4,1
D585A,585,REC,3,7,4,1
D585E,585,REC,4,7,4,1
D585G,585,REC,5,7,4,1
D585H,585,REC,0,7,4,1
D585N,585,REC,7,7,4,1
D585V,585,REC,8,7,4,1
D585Y,585,REC,3,7,4,1
D596A,596,REC,9,7,4,1
D596E,596,REC,3,7,4,1
D596G,596,REC,4,7,4,1
D596H,596,REC,6,7,4,1
D596N,596,REC,6,7,4,1
D596V,596,REC,1,7,4,1
D596Y,596,REC,4,7,4,1
D603A,603,REC,0,6,4,1
D603E,603,REC,3,6,4,1
D603G,603,REC,4,6,4,1
D603H,603,REC,6,6,4,1
D603N,603,REC,0,6,4,1
D603V,603,REC,7,6,4,1
D603Y,603,REC,2,6,4,1
D605A,605,REC,7,6,4,1
D605E,605,REC,1,6,4,1
D605G,605,REC,5,6,4,1
D605H,605,REC,4,6,4,1
D605N,605,REC,8,6,4,1
D605V,605,REC,8,6,4,1
D605Y,605,REC,9,6,4,1
D608A,608,REC,1,5,4,1
D608E,608,REC,7,5,4,1
D608G,608,REC,9,5,4,1
D608H,608,REC,9,5,4,1
D608N,608,REC,6,5,4,1
D608V,608,REC,1,5,4,1
D608Y,608,REC,1,5,4,1
D614A,614,REC,7,8,4,1
D614E,614,REC,3,8,4,1
D614G,614,REC,2,8,4,1
D614H,614,REC,5,8,4,1
D614N,614,REC,2,8,4,1
D614V,614,REC,9,8,4,1
D614Y,614,REC,1,8,4,1
D618A,618,REC,7,2,4,1
D618E,618,REC,4,2,4,1
D618G,618,REC,2,2,4,1
D618H,618,REC,8,2,4,1
D618N,618,REC,4,2,4,1
D618V,618,REC,7,2,4,1
D618Y,618,REC,8,2,4,1
D628A,628,REC,9,1,4,1
D628E,628,REC,8,1,4,1
D628G,628,REC,2,1,4,1
D628H,628,REC,6,1,4,1
D628N,628,REC,4,1,4,1
D628V,628,REC,3,1,4,1
D628Y,628,REC,2,1,4,1
D644A,644,REC,0,1,4,1
D644E,644,REC,3,1,4,1
D644G,644,REC,9,1,4,1
D644H,644,REC,5,1,4,1
D644N,644,REC,5,1,4,1
D644V,644,REC,6,1,4,1
D644Y,644,REC,3,1,4,1
D645A,645,REC,3,0,4,1
D645E,645,REC,6,0,4,1
D645G,645,REC,0,0,4,1
D645H,645,REC,7,0,4,1
D645N,645,REC,8,0,4,1
D645V,645,REC,9,0,4,1
D645Y,645,REC,3,0,4,1
D672A,672,REC,0,7,4,1
D672E,672,REC,6,7,4,1
D672G,672,REC,2,7,4,1
D672H,672,REC,8,7,4,1
D672N,672,REC,8,7,4,1
D672V,672,REC,3,7,4,1
D672Y,672,REC,7,7,4,1
D681A,681,REC,4,8,4,1
D681E,681,REC,8,8,4,1
D681G,681,REC,3,8,4,1
D681H,681,REC,3,8,4,1
D681N,681,REC,3,8,4,1
D681V,681,REC,2,8,4,1
D681Y,681,REC,8,8,4,1
D686A,686,REC,0,5,5,1
D686E,686,REC,4,5,5,1
D686G,686,REC,1,5,5,1
D686H,686,REC,7,5,5,1
D686N,686,REC,7,5,5,1
D686V,686,REC,4,5,5,1
D686Y,686,REC,8,5,5,1
D699A,699,REC,9,9,5,1
D699E,699,REC,8,9,5,1
D699G,699,REC,1,9,5,1
D699H,699,REC,5,9,5,1
D699N,699,REC,7,9,5,1
D699V,699,REC,2,9,5,1
D699Y,699,REC,1,9,5,1
D700A,700,REC,8,1,5,1
D700E,700,REC,1,1,5,1
D700G,700,REC,4,1,5,1
D700H,700,REC,7,1,5,1
D700N,700,REC,5,1,5,1
D700V,700,REC,2,1,5,1
D700Y,700,REC,5,1,5,1
D707A,707,REC,3,8,5,1
D707E,707,REC,6,8,5,1
D707G,707,REC,2,8,5,1
D707H,707,REC,2,8,5,1
D707N,707,REC,8,8,5,1
D707V,707,REC,3,8,5,1
D707Y,707,REC,2,8,5,1
D718A,718,RuvC,8,0,5,0
D718E,718,RuvC,5,0,5,0
D718G,718,RuvC,5,0,5,0
D718H,718,RuvC,7,0,5,0
D718N,718,RuvC,0,0,5,0
D718V,718,RuvC,0,0,5,0
D718Y,718,RuvC,7,0,5,0
D745A,745,RuvC,3,4,5,0
D745E,745,RuvC,3,4,5,0
D745G,745,RuvC,6,4,5,0
D745H,745,RuvC,1,4,5,0
D745N,745,RuvC,7,4,5,0
D745V,745,RuvC,0,4,5,0
D745Y,745,RuvC,8,4,5,0
D821A,821,HNH,3,5,5,2
D821E,821,HNH,8,5,5,2
D821G,821,HNH,4,5,5,2
D821H,821,HNH,7,5,5,2
D821N,821,HNH,0,5,5,2
D821V,821,HNH,6,5,5,2
D821Y,821,HNH,6,5,5,2
D825A,825,HNH,9,2,6,2
D825E,825,HNH,3,2,6,2
D825G,825,HNH,8,2,6,2
D825H,825,HNH,9,2,6,2
D825N,825,HNH,0,2,6,2
D825V,825,HNH,8,2,6,2
D825Y,825,HNH,0,2,6,2
D829A,829,HNH,1,1,6,2
D829E,829,HNH,2,1,6,2
D829G,829,HNH,1,1,6,2
D829H,829,HNH,0,1,6,2
D829N,829,HNH,3,1,6,2
D829V,829,HNH,6,1,6,2
D829Y,829,HNH,4,1,6,2
D835A,835,HNH,4,6,6,2
D835E,835,HNH,4,6,6,2
D835G,835,HNH,2,6,6,2
D835H,835,HNH,0,6,6,2
D835N,835,HNH,0,6,6,2
D835V,835,HNH,0,6,6,2
D835Y,835,HNH,4,6,6,2
D837A,837,HNH,2,2,6,2
D837E,837,HNH,4,2,6,2
D837G,837,HNH,3,2,6,2
D837H,837,HNH,3,2,6,2
D837N,837,HNH,5,2,6,2
D837V,837,HNH,4,2,6,2
D837Y,837,HNH,7,2,6,2
D839A,839,HNH,8,1,6,2
D839E,839,HNH,2,1,6,2
D839G,839,HNH,2,1,6,2
D839H,839,HNH,5,1,6,2
D839N,839,HNH,1,1,6,2
D839V,839,HNH,0,1,6,2
D839Y,839,HNH,3,1,6,2
D849A,849,HNH,2,6,6,2
D849E,849,HNH,4,6,6,2
D849G,849,HNH,5,6,6,2
D849H,849,HNH,1,6,6,2
D849N,849,HNH,2,6,6,2
D849V,849,HNH,9,6,6,2
D849Y,849,HNH,1,6,6,2
D850A,850,HNH,8,3,6,2
D850E,850,HNH,9,3,6,2
D850G,850,HNH,8,3,6,2
D850H,850,HNH,0,3,6,2
D850N,850,HNH,4,3,6,2
D850V,850,HNH,6,3,6,2
D850Y,850,HNH,0,3,6,2
D853A,853,HNH,2,3,6,2
D853E,853,HNH,8,3,6,2
D853G,853,HNH,3,3,6,2
D853H,853,HNH,9,3,6,2
D853N,853,HNH,8,3,6,2
D853V,853,HNH,4,3,6,2
D853Y,853,HNH,0,3,6,2
D861A,861,HNH,5,3,6,2
D861E,861,HNH,3,3,6,2
D861G,861,HNH,0,3,6,2
D861H,861,HNH,3,3,6,2
D861N,861,HNH,1,3,6,2
D861V,861,HNH,1,3,6,2
D861Y,861,HNH,2,3,6,2
D868A,868,HNH,1,5,6,2
D868E,868,HNH,4,5,6,2
D868G,868,HNH,0,5,6,2
D868H,868,HNH,3,5,6,2
D868N,868,HNH,0,5,6,2
D868V,868,HNH,4,5,6,2
D868Y,868,HNH,9,5,6,2
D898A,898,HNH,4,7,6,2
D898E,898,HNH,2,7,6,2
D898G,898,HNH,0,7,6,2
D898H,898,HNH,5,7,6,2
D898N,898,HNH,4,7,6,2
D898V,898,HNH,9,7,6,2
D898Y,898,HNH,8,7,6,2
D912A,912,RuvC,7,4,6,0
D912E,912,RuvC,0,4,6,0
D912G,912,RuvC,3,4,6,0
D912H,912,RuvC,4,4,6,0
D912N,912,RuvC,0,4,6,0
D912V,912,RuvC,9,4,6,0
D912Y,912,RuvC,6,4,6,0
D936A,936,RuvC,2,2,6,0
D936E,936,RuvC,3,2,6,0
D936G,936,RuvC,8,2,6,0
D936H,936,RuvC,3,2,6,0
D936N,936,RuvC,1,2,6,0
D936V,936,RuvC,2,2,6,0
D936Y,936,RuvC,2,2,6,0
D944A,944,RuvC,7,3,6,0
D944E,944,RuvC,8,3,6,0
D944G,944,RuvC,3,3,6,0
D944H,944,RuvC,5,3,6,0
D944N,944,RuvC,9,3,6,0
D944V,944,RuvC,8,3,6,0
D944Y,944,RuvC,6,3,6,0
D947A,947,RuvC,1,0,6,0
D947E,947,RuvC,8,0,6,0
D947G,947,RuvC,8,0,6,0
D947H,947,RuvC,0,0,6,0
D947N,947,RuvC,5,0,6,0
D947V,947,RuvC,0,0,6,0
D947Y,947,RuvC,2,0,6,0
D94A,94,REC,9,1,0,1
D94E,94,REC,7,1,0,1
D94G,94,REC,3,1,0,1
D94H,94,REC,0,1,0,1
D94N,94,REC,0,1,0,1
D94V,94,REC,0,1,0,1
D94Y,94,REC,7,1,0,1
D95A,95,REC,6,6,0,1
D95E,95,REC,2,6,0,1
D95G,95,REC,1,6,0,1
D95H,95,REC,1,6,0,1
D95N,95,REC,3,6,0,1
D95V,95,REC,1,6,0,1
D95Y,95,REC,7,6,0,1
D965A,965,RuvC,3,9,7,0
D965E,965,RuvC,4,9,7,0
D965G,965,RuvC,2,9,7,0
D965H,965,RuvC,9,9,7,0
D965N,965,RuvC,5,9,7,0
D965V,965,RuvC,1,9,7,0
D965Y,965,RuvC,6,9,7,0
D969A,969,RuvC,9,9,7,0
D969E,969,RuvC,4,9,7,0
D969G,969,RuvC,9,9,7,0
D969H,969,RuvC,8,9,7,0
D969N,969,RuvC,1,9,7,0
D969V,969,RuvC,9,9,7,0
D969Y,969,RuvC,7,9,7,0
D986A,986,RuvC,6,7,7,0
D986E,986,RuvC,6,7,7,0
D986G,986,RuvC,7,7,7,0
D986H,986,RuvC,0,7,7,0
D986N,986,RuvC,7,7,7,0
D986V,986,RuvC,6,7,7,0
D986Y,986,RuvC,8,7,7,0
E1005A,1005,RuvC,3,6,7,0
E1005D,1005,RuvC,2,6,7,0
E1005G,1005,RuvC,4,6,7,0
E1005K,1005,RuvC,9,6,7,0
E1005Q,1005,RuvC,3,6,7,0
E1005V,1005,RuvC,0,6,7,0
E1007A,1007,RuvC,9,6,7,0
E1007D,1007,RuvC,3,6,7,0
E1007G,1007,RuvC,8,6,7,0
E1007K,1007,RuvC,7,6,7,0
E1007Q,1007,RuvC,9,6,7,0
E1007V,1007,RuvC,2,6,7,0
E1026A,1026,RuvC,7,9,7,0
E1026D,1026,RuvC,3,9,7,0
E1026G,1026,RuvC,5,9,7,0
E1026K,1026,RuvC,3,9,7,0
E1026Q,1026,RuvC,9,9,7,0
E1026V,1026,RuvC,7,9,7,0
E1028A,1028,RuvC,7,5,7,0
E1028D,1028,RuvC,1,5,7,0
E1028G,1028,RuvC,0,5,7,0
E1028K,1028,RuvC,0,5,7,0
E1028Q,1028,RuvC,2,5,7,0
E1028V,1028,RuvC,0,5,7,0
E102A,102,REC,5,3,0,1
E102D,102,REC,9,3,0,1
E102G,102,REC,4,3,0,1
E102K,102,REC,0,3,0,1
E102Q,102,REC,8,3,0,1
E102V,102,REC,2,3,0,1
E103A,103,REC,7,4,0,1
E103D,103,REC,4,4,0,1
E103G,103,REC,2,4,0,1
E103K,103,REC,3,4,0,1
E103Q,103,REC,0,4,0,1
E103V,103,REC,4,4,0,1
E1049A,1049,RuvC,7,9,7,0
E1049D,1049,RuvC,3,9,7,0
E1049G,1049,RuvC,3,9,7,0
E1049K,1049,RuvC,2,9,7,0
E1049Q,1049,RuvC,5,9,7,0
E1049V,1049,RuvC,0,9,7,0
E1056A,1056,RuvC,2,0,7,0
E1056D,1056,RuvC,9,0,7,0
E1056G,1056,RuvC,9,0,7,0
E1056K,1056,RuvC,3,0,7,0
E1056Q,1056,RuvC,1,0,7,0
E1056V,1056,RuvC,7,0,7,0
E1064A,1064,RuvC,9,5,7,0
E1064D,1064,RuvC,1,5,7,0
E1064G,1064,RuvC,2,5,7,0
E1064K,1064,RuvC,3,5,7,0
E1064Q,1064,RuvC,2,5,7,0
E1064V,1064,RuvC,8,5,7,0
E1068A,1068,RuvC,3,1,7,0
E1068D,1068,RuvC,2,1,7,0
E1068G,1068,RuvC,9,1,7,0
E1068K,1068,RuvC,2,1,7,0
E1068Q,1068,RuvC,9,1,7,0
E1068V,1068,RuvC,1,1,7,0
E1071A,1071,RuvC,7,5,7,0
E1071D,1071,RuvC,0,5,7,0
E1071G,1071,RuvC,8,5,7,0
E1071K,1071,RuvC,0,5,7,0
E1071Q,1071,RuvC,6,5,7,0
E1071V,1071,RuvC,4,5,7,0
E108A,108,REC,4,8,0,1
E108D,108,REC,4,8,0,1
E108G,108,REC,7,8,0,1
E108K,108,REC,4,8,0,1
E108Q,108,REC,1,8,0,1
E108V,108,REC,7,8,0,1
E1099A,1099,PI,4,2,8,3
E1099D,1099,PI,0,2,8,3
E1099G,1099,PI,6,2,8,3
E1099K,1099,PI,8,2,8,3
E1099Q,1099,PI,1,2,8,3
E1099V,1099,PI,8,2,8,3
E109A,109,REC,5,7,0,1
E109D,109,REC,1,7,0,1
E109G,109,REC,9,7,0,1
E109K,109,REC,5,7,0,1
E109Q,109,REC,0,7,0,1
E109V,109,REC,4,7,0,1
E1108A,1108,PI,7,3,8,3
E1108D,1108,PI,2,3,8,3
E1108G,1108,PI,2,3,8,3
E1108K,1108,PI,6,3,8,3
E1108Q,1108,PI,0,3,8,3
E1108V,1108,PI,7,3,8,3
E114A,114,REC,1,2,0,1
E114D,114,REC,3,2,0,1
E114G,114,REC,1,2,0,1
E114K,114,REC,6,2,0,1
E114Q,114,REC,8,2,0,1
E114V,114,REC,2,2,0,1
E1150A,1150,PI,5,3,8,3
E1150D,1150,PI,1,3,8,3
E1150G,1150,PI,1,3,8,3
E1150K,1150,PI,4,3,8,3
E1150Q,1150,PI,8,3,8,3
E1150V,1150,PI,8,3,8,3
E1162A,1162,PI,3,0,8,3
E1162D,1162,PI,1,0,8,3
E1162G,1162,PI,3,0,8,3
E1162K,1162,PI,1,0,8,3
E1162Q,1162,PI,3,0,8,3
E1162V,1162,PI,6,0,8,3
E1170A,1170,PI,6,7,8,3
E1170D,1170,PI,0,7,8,3
E1170G,1170,PI,4,7,8,3
E1170K,1170,PI,6,7,8,3
E1170Q,1170,PI,7,7,8,3
E1170V,1170,PI,0,7,8,3
E1175A,1175,PI,7,8,8,3
E1175D,1175,PI,5,8,8,3
E1175G,1175,PI,7,8,8,3
E1175K,1175,PI,8,8,8,3
E1175Q,1175,PI,6,8,8,3
E1175V,1175,PI,4,8,8,3
E1183A,1183,PI,8,9,8,3
E1183D,1183,PI,9,9,8,3
E1183G,1183,PI,9,9,8,3
E1183K,1183,PI,5,9,8,3
E1183Q,1183,PI,2,9,8,3
E1183V,1183,PI,7,9,8,3
E1189A,1189,PI,3,1,8,3
E1189D,1189,PI,3,1,8,3
E1189G,1189,PI,3,1,8,3
E1189K,1189,PI,0,1,8,3
E1189Q,1189,PI,4,1,8,3
E1189V,1189,PI,8,1,8,3
E1205A,1205,PI,0,1,8,3
E1205D,1205,PI,0,1,8,3
E1205G,1205,PI,6,1,8,3
E1205K,1205,PI,5,1,8,3
E1205Q,1205,PI,3,1,8,3
E1205V,1205,PI,3,1,8,3
E1207A,1207,PI,3,9,8,3
E1207D,1207,PI,4,9,8,3
E1207G,1207,PI,2,9,8,3
E1207K,1207,PI,0,9,8,3
E1207Q,1207,PI,5,9,8,3
E1207V,1207,PI,1,9,8,3
E1219A,1219,PI,8,8,8,3
E1219D,1219,PI,9,8,8,3
E1219G,1219,PI,4,8,8,3
E1219K,1219,PI,8,8,8,3
E1219Q,1219,PI,7,8,8,3
E1219V,1219,PI,4,8,8,3
E1225A,1225,PI,4,8,8,3
E1225D,1225,PI,1,8,8,3
E1225G,1225,PI,7,8,8,3
E1225K,1225,PI,1,8,8,3
E1225Q,1225,PI,6,8,8,3
E1225V,1225,PI,8,8,8,3
E1243A,1243,PI,5,3,9,3
E1243D,1243,PI,6,3,9,3
E1243G,1243,PI,1,3,9,3
E1243K,1243,PI,1,3,9,3
E1243Q,1243,PI,5,3,9,3
E1243V,1243,PI,1,3,9,3
E1250A,1250,PI,3,5,9,3
E1250D,1250,PI,2,5,9,3
E1250G,1250,PI,2,5,9,3
E1250K,1250,PI,4,5,9,3
E1250Q,1250,PI,4,5,9,3
E1250V,1250,PI,5,5,9,3
E1253A,1253,PI,1,6,9,3
E1253D,1253,PI,1,6,9,3
E1253G,1253,PI,0,6,9,3
E1253K,1253,PI,5,6,9,3
E1253Q,1253,PI,5,6,9,3
E1253V,1253,PI,7,6,9,3
E125A,125,REC,8,8,0,1
E125D,125,REC,4,8,0,1
E125G,125,REC,5,8,0,1
E125K,125,REC,5,8,0,1
E125Q,125,REC,6,8,0,1
E125V,125,REC,1,8,0,1
E1260A,1260,PI,8,5,9,3
E1260D,1260,PI,8,5,9,3
E1260G,1260,PI,7,5,9,3
E1260K,1260,PI,7,5,9,3
E1260Q,1260,PI,7,5,9,3
E1260V,1260,PI,0,5,9,3
E1268A,1268,PI,3,9,9,3
E1268D,1268,PI,6,9,9,3
E1268G,1268,PI,2,9,9,3
E1268K,1268,PI,4,9,9,3
E1268Q,1268,PI,3,9,9,3
E1268V,1268,PI,9,9,9,3
E1271A,1271,PI,9,9,9,3
E1271D,1271,PI,5,9,9,3
E1271G,1271,PI,9,9,9,3
E1271K,1271,PI,8,9,9,3
E1271Q,1271,PI,3,9,9,3
E1271V,1271,PI,9,9,9,3
E1275A,1275,PI,2,9,9,3
E1275D,1275,PI,3,9,9,3
E1275G,1275,PI,8,9,9,3
E1275K,1275,PI,4,9,9,3
E1275Q,1275,PI,4,9,9,3
E1275V,1275,PI,7,9,9,3
E1304A,1304,PI,1,6,9,3
E1304D,1304,PI,1,6,9,3
E1304G,1304,PI,4,6,9,3
E1304K,1304,PI,4,6,9,3
E1304Q,1304,PI,0,6,9,3
E1304V,1304,PI,2,6,9,3
E1307A,1307,PI,8,8,9,3
E1307D,1307,PI,3,8,9,3
E1307G,1307,PI,5,8,9,3
E1307K,1307,PI,3,8,9,3
E1307Q,1307,PI,5,8,9,3
E1307V,1307,PI,6,8,9,3
E130A,130,REC,0,9,0,1
E130D,130,REC,1,9,0,1
E130G,130,REC,2,9,0,1
E130K,130,REC,3,9,0,1
E130Q,130,REC,9,9,0,1
E130V,130,REC,0,9,0,1
E1341A,1341,PI,0,8,9,3
E1341D,1341,PI,1,8,9,3
E1341G,1341,PI,5,8,9,3
E1341K,1341,PI,3,8,9,3
E1341Q,1341,PI,2,8,9,3
E1341V,1341,PI,2,8,9,3
E1357A,1357,PI,6,5,9,3
E1357D,1357,PI,2,5,9,3
E1357G,1357,PI,1,5,9,3
E1357K,1357,PI,0,5,9,3
E1357Q,1357,PI,8,5,9,3
E1357V,1357,PI,6,5,9,3
E171A,171,REC,2,1,1,1
E171D,171,REC,0,1,1,1
E171G,171,REC,0,1,1,1
E171K,171,REC,5,1,1,1
E171Q,171,REC,9,1,1,1
E171V,171,REC,2,1,1,1
E197A,197,REC,1,4,1,1
E197D,197,REC,1,4,1,1
E197G,197,REC,7,4,1,1
E197K,197,REC,7,4,1,1
E197Q,197,REC,9,4,1,1
E197V,197,REC,3,4,1,1
E198A,198,REC,1,5,1,1
E198D,198,REC,9,5,1,1
E198G,198,REC,0,5,1,1
E198K,198,REC,6,5,1,1
E198Q,198,REC,7,5,1,1
E198V,198,REC,3,5,1,1
E223A,223,REC,2,8,1,1
E223D,223,REC,5,8,1,1
E223G,223,REC,5,8,1,1
E223K,223,REC,1,8,1,1
E223Q,223,REC,7,8,1,1
E223V,223,REC,4,8,1,1
E232A,232,REC,3,4,1,1
E232D,232,REC,0,4,1,1
E232G,232,REC,3,4,1,1
E232K,232,REC,6,4,1,1
E232Q,232,REC,7,4,1,1
E232V,232,REC,2,4,1,1
E24A,24,RuvC,3,5,0,0
E24D,24,RuvC,3,5,0,0
E24G,24,RuvC,6,5,0,0
E24K,24,RuvC,2,5,0,0
E24Q,24,RuvC,2,5,0,0
E24V,24,RuvC,8,5,0,0
E260A,260,REC,9,7,1,1
E260D,260,REC,1,7,1,1
E260G,260,REC,7,7,1,1
E260K,260,REC,8,7,1,1
E260Q,260,REC,1,7,1,1
E260V,260,REC,3,7,1,1
E311A,311,REC,6,7,2,1
E311D,311,REC,3,7,2,1
E311G,311,REC,2,7,2,1
E311K,311,REC,5,7,2,1
E311Q,311,REC,8,7,2,1
E311V,311,REC,6,7,2,1
E327A,327,REC,4,0,2,1
E327D,327,REC,3,0,2,1
E327G,327,REC,5,0,2,1
E327K,327,REC,1,0,2,1
E327Q,327,REC,7,0,2,1
E327V,327,REC,9,0,2,1
E345A,345,REC,3,8,2,1
E345D,345,REC,8,8,2,1
E345G,345,REC,0,8,2,1
E345K,345,REC,0,8,2,1
E345Q,345,REC,4,8,2,1
E345V,345,REC,2,8,2,1
E349A,349,REC,2,2,2,1
E349D,349,REC,8,2,2,1
E349G,349,REC,3,2,2,1
E349K,349,REC,8,2,2,1
E349Q,349,REC,5,2,2,1
E349V,349,REC,7,2,2,1
E370A,370,REC,9,7,2,1
E370D,370,REC,0,7,2,1
E370G,370,REC,4,7,2,1
E370K,370,REC,2,7,2,1
E370Q,370,REC,3,7,2,1
E370V,370,REC,8,7,2,1
E371A,371,REC,3,7,2,1
E371D,371,REC,5,7,2,1
E371G,371,REC,4,7,2,1
E371K,371,REC,1,7,2,1
E371Q,371,REC,5,7,2,1
E371V,371,REC,8,7,2,1
E381A,381,REC,9,8,2,1
E381D,381,REC,9,8,2,1
E381G,381,REC,5,8,2,1
E381K,381,REC,2,8,2,1
E381Q,381,REC,9,8,2,1
E381V,381,REC,2,8,2,1
E387A,387,REC,7,5,2,1
E387D,387,REC,7,5,2,1
E387G,387,REC,6,5,2,1
E387K,387,REC,6,5,2,1
E387Q,387,REC,8,5,2,1
E387V,387,REC,7,5,2,1
E388A,388,REC,3,1,2,1
E388D,388,REC,7,1,2,1
E388G,388,REC,8,1,2,1
E388K,388,REC,4,1,2,1
E388Q,388,REC,2,1,2,1
E388V,388,REC,2,1,2,1
E396A,396,REC,3,6,2,1
E396D,396,REC,6,6,2,1
E396G,396,REC,3,6,2,1
E396K,396,REC,2,6,2,1
E396Q,396,REC,5,6,2,1
E396V,396,REC,5,6,2,1
E418A,418,REC,7,7,3,1
E418D,418,REC,8,7,3,1
E418G,418,REC,6,7,3,1
E418K,418,REC,4,7,3,1
E418Q,418,REC,3,7,3,1
E418V,418,REC,3,7,3,1
E427A,427,REC,7,2,3,1
E427D,427,REC,1,2,3,1
E427G,427,REC,6,2,3,1
E427K,427,REC,9,2,3,1
E427Q,427,REC,1,2,3,1
E427V,427,REC,1,2,3,1
E438A,438,REC,5,2,3,1
E438D,438,REC,3,2,3,1
E438G,438,REC,5,2,3,1
E438K,438,REC,1,2,3,1
E438Q,438,REC,0,2,3,1
E438V,438,REC,0,2,3,1
E441A,441,REC,2,1,3,1
E441D,441,REC,1,1,3,1
E441G,441,REC,2,1,3,1
E441K,441,REC,3,1,3,1
E441Q,441,REC,3,1,3,1
E441V,441,REC,3,1,3,1
E470A,470,REC,3,9,3,1
E470D,470,REC,4,9,3,1
E470G,470,REC,9,9,3,1
E470K,470,REC,1,9,3,1
E470Q,470,REC,7,9,3,1
E470V,470,REC,2,9,3,1
E471A,471,REC,9,1,3,1
E471D,471,REC,2,1,3,1
E471G,471,REC,0,1,3,1
E471K,471,REC,2,1,3,1
E471Q,471,REC,3,1,3,1
E471V,471,REC,2,1,3,1
E479A,479,REC,2,2,3,1
E479D,479,REC,7,2,3,1
E479G,479,REC,0,2,3,1
E479K,479,REC,7,2,3,1
E479Q,479,REC,2,2,3,1
E479V,479,REC,0,2,3,1
E480A,480,REC,7,0,3,1
E480D,480,REC,6,0,3,1
E480G,480,REC,5,0,3,1
E480K,480,REC,6,0,3,1
E480Q,480,REC,5,0,3,1
E480V,480,REC,9,0,3,1
E493A,493,REC,8,5,3,1
E493D,493,REC,0,5,3,1
E493G,493,REC,8,5,3,1
E493K,493,REC,5,5,3,1
E493Q,493,REC,3,5,3,1
E493V,493,REC,4,5,3,1
E505A,505,REC,1,6,3,1
E505D,505,REC,2,6,3,1
E505G,505,REC,1,6,3,1
E505K,505,REC,5,6,3,1
E505Q,505,REC,9,6,3,1
E505V,505,REC,3,6,3,1
E516A,516,REC,0,9,3,1
E516D,516,REC,1,9,3,1
E516G,516,REC,1,9,3,1
E516K,516,REC,9,9,3,1
E516Q,516,REC,5,9,3,1
E516V,516,REC,5,9,3,1
E523A,523,REC,5,1,3,1
E523D,523,REC,9,1,3,1
E523G,523,REC,2,1,3,1
E523K,523,REC,1,1,3,1
E523Q,523,REC,0,1,3,1
E523V,523,REC,9,1,3,1
E532A,532,REC,6,0,3,1
E532D,532,REC,7,0,3,1
E532G,532,REC,5,0,3,1
E532K,532,REC,8,0,3,1
E532Q,532,REC,3,0,3,1
E532V,532,REC,1,0,3,1
E543A,543,REC,7,0,3,1
E543D,543,REC,7,0,3,1
E543G,543,REC,1,0,3,1
E543K,543,REC,3,0,3,1
E543Q,543,REC,2,0,3,1
E543V,543,REC,6,0,3,1
E566A,566,REC,4,6,4,1
E566D,566,REC,6,6,4,1
E566G,566,REC,2,6,4,1
E566K,566,REC,9,6,4,1
E566Q,566,REC,1,6,4,1
E566V,566,REC,9,6,4,1
E573A,573,REC,1,3,4,1
E573D,573,REC,1,3,4,1
E573G,573,REC,2,3,4,1
E573K,573,REC,7,3,4,1
E573Q,573,REC,0,3,4,1
E573V,573,REC,9,3,4,1
E579A,579,REC,4,7,4,1
E579D,579,REC,2,7,4,1
E579G,579,REC,5,7,4,1
E579K,579,REC,5,7,4,1
E579Q,579,REC,7,7,4,1
E579V,579,REC,2,7,4,1
E57A,57,RuvC,0,8,0,0
E57D,57,RuvC,4,8,0,0
E57G,57,RuvC,0,8,0,0
E57K,57,RuvC,4,8,0,0
E57Q,57,RuvC,5,8,0,0
E57V,57,RuvC,5,8,0,0
E584A,584,REC,8,6,4,1
E584D,584,REC,7,6,4,1
E584G,584,REC,7,6,4,1
E584K,584,REC,9,6,4,1
E584Q,584,REC,3,6,4,1
E584V,584,REC,6,6,4,1
E60A,60,REC,2,7,0,1
E60D,60,REC,6,7,0,1
E60G,60,REC,4,7,0,1
E60K,60,REC,5,7,0,1
E60Q,60,REC,3,7,0,1
E60V,60,REC,6,7,0,1
E610A,610,REC,6,0,4,1
E610D,610,REC,3,0,4,1
E610G,610,REC,6,0,4,1
E610K,610,REC,4,0,4,1
E610Q,610,REC,9,0,4,1
E610V,610,REC,9,0,4,1
E611A,611,REC,9,9,4,1
E611D,611,REC,3,9,4,1
E611G,611,REC,4,9,4,1
E611K,611,REC,6,9,4,1
E611Q,611,REC,6,9,4,1
E611V,611,REC,0,9,4,1
E613A,613,REC,6,1,4,1
E613D,613,REC,0,1,4,1
E613G,613,REC,3,1,4,1
E613K,613,REC,8,1,4,1
E613Q,613,REC,4,1,4,1
E613V,613,REC,9,1,4,1
E617A,617,REC,3,2,4,1
E617D,617,REC,4,2,4,1
E617G,617,REC,2,2,4,1
E617K,617,REC,5,2,4,1
E617Q,617,REC,6,2,4,1
E617V,617,REC,2,2,4,1
E627A,627,REC,0,3,4,1
E627D,627,REC,4,3,4,1
E627G,627,REC,4,3,4,1
E627K,627,REC,2,3,4,1
E627Q,627,REC,8,3,4,1
E627V,627,REC,6,3,4,1
E630A,630,REC,6,1,4,1
E630D,630,REC,8,1,4,1
E630G,630,REC,3,1,4,1
E630K,630,REC,3,1,4,1
E630Q,630,REC,2,1,4,1
E630V,630,REC,0,1,4,1
E633A,633,REC,0,5,4,1
E633D,633,REC,3,5,4,1
E633G,633,REC,7,5,4,1
E633K,633,REC,8,5,4,1
E633Q,633,REC,2,5,4,1
E633V,633,REC,4,5,4,1
E634A,634,REC,5,0,4,1
E634D,634,REC,9,0,4,1
E634G,634,REC,9,0,4,1
E634K,634,REC,9,0,4,1
E634Q,634,REC,7,0,4,1
E634V,634,REC,7,0,4,1
E706A,706,REC,1,9,5,1
E706D,706,REC,5,9,5,1
E706G,706,REC,6,9,5,1
E706K,706,REC,3,9,5,1
E706Q,706,REC,0,9,5,1
E706V,706,REC,6,9,5,1
E722A,722,RuvC,6,7,5,0
E722D,722,RuvC,7,7,5,0
E722G,722,RuvC,5,7,5,0
E722K,722,RuvC,9,7,5,0
E722Q,722,RuvC,8,7,5,0
E722V,722,RuvC,9,7,5,0
E746A,746,RuvC,0,9,5,0
E746D,746,RuvC,1,9,5,0
E746G,746,RuvC,2,9,5,0
E746K,746,RuvC,5,9,5,0
E746Q,746,RuvC,9,9,5,0
E746V,746,RuvC,9,9,5,0
E757A,757,RuvC,2,5,5,0
E757D,757,RuvC,9,5,5,0
E757G,757,RuvC,2,5,5,0
E757K,757,RuvC,3,5,5,0
E757Q,757,RuvC,9,5,5,0
E757V,757,RuvC,2,5,5,0
E762A,762,RuvC,8,3,5,0
E762D,762,RuvC,8,3,5,0
E762G,762,RuvC,7,3,5,0
E762K,762,RuvC,6,3,5,0
E762Q,762,RuvC,5,3,5,0
E762V,762,RuvC,1,3,5,0
E766A,766,RuvC,1,1,5,0
E766D,766,RuvC,4,1,5,0
E766G,766,RuvC,1,1,5,0
E766K,766,RuvC,2,1,5,0
E766Q,766,RuvC,1,1,5,0
E766V,766,RuvC,9,1,5,0
E779A,779,HNH,0,8,5,2
E779D,779,HNH,0,8,5,2
E779G,779,HNH,5,8,5,2
E779K,779,HNH,7,8,5,2
E779Q,779,HNH,6,8,5,2
E779V,779,HNH,5,8,5,2
E785A,785,HNH,2,4,5,2
E785D,785,HNH,2,4,5,2
E785G,785,HNH,3,4,5,2
E785K,785,HNH,0,4,5,2
E785Q,785,HNH,0,4,5,2
E785V,785,HNH,5,4,5,2
E786A,786,HNH,8,5,5,2
E786D,786,HNH,0,5,5,2
E786G,786,HNH,6,5,5,2
E786K,786,HNH,4,5,5,2
E786Q,786,HNH,3,5,5,2
E786V,786,HNH,5,5,5,2
E790A,790,HNH,9,2,5,2
E790D,790,HNH,0,2,5,2
E790G,790,HNH,0,2,5,2
E790K,790,HNH,3,2,5,2
E790Q,790,HNH,3,2,5,2
E790V,790,HNH,9,2,5,2
E798A,798,HNH,6,6,5,2
E798D,798,HNH,5,6,5,2
E798G,798,HNH,8,6,5,2
E798K,798,HNH,0,6,5,2
E798Q,798,HNH,8,6,5,2
E798V,798,HNH,6,6,5,2
E802A,802,HNH,1,9,5,2
E802D,802,HNH,3,9,5,2
E802G,802,HNH,8,9,5,2
E802K,802,HNH,3,9,5,2
E802Q,802,HNH,8,9,5,2
E802V,802,HNH,4,9,5,2
E809A,809,HNH,0,9,5,2
E809D,809,HNH,9,9,5,2
E809G,809,HNH,4,9,5,2
E809K,809,HNH,7,9,5,2
E809Q,809,HNH,5,9,5,2
E809V,809,HNH,0,9,5,2
E827A,827,HNH,1,5,6,2
E827D,827,HNH,8,5,6,2
E827G,827,HNH,1,5,6,2
E827K,827,HNH,5,5,6,2
E827Q,827,HNH,0,5,6,2
E827V,827,HNH,3,5,6,2
E84A,84,REC,5,7,0,1
E84D,84,REC,0,7,0,1
E84G,84,REC,2,7,0,1
E84K,84,REC,8,7,0,1
E84Q,84,REC,1,7,0,1
E84V,84,REC,2,7,0,1
E873A,873,HNH,0,8,6,2
E873D,873,HNH,8,8,6,2
E873G,873,HNH,9,8,6,2
E873K,873,HNH,5,8,6,2
E873Q,873,HNH,9,8,6,2
E873V,873,HNH,7,8,6,2
E874A,874,HNH,1,9,6,2
E874D,874,HNH,0,9,6,2
E874G,874,HNH,2,9,6,2
E874K,874,HNH,8,9,6,2
E874Q,874,HNH,2,9,6,2
E874V,874,HNH,7,9,6,2
E89A,89,REC,9,3,0,1
E89D,89,REC,7,3,0,1
E89G,89,REC,1,3,0,1
E89K,89,REC,2,3,0,1
E89Q,89,REC,5,3,0,1
E89V,89,REC,0,3,0,1
E904A,904,HNH,1,6,6,2
E904D,904,HNH,5,6,6,2
E904G,904,HNH,1,6,6,2
E904K,904,HNH,1,6,6,2
E904Q,904,HNH,1,6,6,2
E904V,904,HNH,0,6,6,2
E910A,910,RuvC,0,8,6,0
E910D,910,RuvC,0,8,6,0
E910G,910,RuvC,4,8,6,0
E910K,910,RuvC,0,8,6,0
E910Q,910,RuvC,3,8,6,0
E910V,910,RuvC,0,8,6,0
E923A,923,RuvC,1,2,6,0
E923D,923,RuvC,3,2,6,0
E923G,923,RuvC,5,2,6,0
E923K,923,RuvC,4,2,6,0
E923Q,923,RuvC,2,2,6,0
E923V,923,RuvC,9,2,6,0
E945A,945,RuvC,4,5,6,0
E945D,945,RuvC,7,5,6,0
E945G,945,RuvC,6,5,6,0
E945K,945,RuvC,2,5,6,0
E945Q,945,RuvC,7,5,6,0
E945V,945,RuvC,5,5,6,0
E952A,952,RuvC,0,6,6,0
E952D,952,RuvC,9,6,6,0
E952G,952,RuvC,4,6,6,0
E952K,952,RuvC,4,6,6,0
E952Q,952,RuvC,5,6,6,0
E952V,952,RuvC,0,6,6,0
E977A,977,RuvC,1,1,7,0
E977D,977,RuvC,0,1,7,0
E977G,977,RuvC,0,1,7,0
E977K,977,RuvC,2,1,7,0
E977Q,977,RuvC,3,1,7,0
E977V,977,RuvC,7,1,7,0
F1008C,1008,RuvC,3,3,7,0
F1008I,1008,RuvC,6,3,7,0
F1008L,1008,RuvC,9,3,7,0
F1008S,1008,RuvC,3,3,7,0
F1008V,1008,RuvC,5,3,7,0
F1008Y,1008,RuvC,9,3,7,0
F1037C,1037,RuvC,0,7,7,0
F1037I,1037,RuvC,6,7,7,0
F1037L,1037,RuvC,2,7,7,0
F1037S,1037,RuvC,9,7,7,0
F1037V,1037,RuvC,1,7,7,0
F1037Y,1037,RuvC,5,7,7,0
F1038C,1038,RuvC,3,2,7,0
F1038I,1038,RuvC,0,2,7,0
F1038L,1038,RuvC,5,2,7,0
F1038S,1038,RuvC,1,2,7,0
F1038V,1038,RuvC,5,2,7,0
F1038Y,1038,RuvC,9,2,7,0
F1045C,1045,RuvC,7,5,7,0
F1045I,1045,RuvC,7,5,7,0
F1045L,1045,RuvC,8,5,7,0
F1045S,1045,RuvC,6,5,7,0
F1045V,1045,RuvC,7,5,7,0
F1045Y,1045,RuvC,8,5,7,0
F1046C,1046,RuvC,4,1,7,0
F1046I,1046,RuvC,7,1,7,0
F1046L,1046,RuvC,0,1,7,0
F1046S,1046,RuvC,3,1,7,0
F1046V,1046,RuvC,3,1,7,0
F1046Y,1046,RuvC,9,1,7,0
F105C,105,REC,4,6,0,1
F105I,105,REC,7,6,0,1
F105L,105,REC,1,6,0,1
F105S,105,REC,0,6,0,1
F105V,105,REC,9,6,0,1
F105Y,105,REC,0,6,0,1
F1080C,1080,RuvC,3,4,7,0
F1080I,1080,RuvC,3,4,7,0
F1080L,1080,RuvC,7,4,7,0
F1080S,1080,RuvC,1,4,7,0
F1080V,1080,RuvC,0,4,7,0
F1080Y,1080,RuvC,0,4,7,0
F1105C,1105,PI,6,8,8,3
F1105I,1105,PI,2,8,8,3
F1105L,1105,PI,0,8,8,3
F1105S,1105,PI,8,8,8,3
F1105V,1105,PI,2,8,8,3
F1105Y,1105,PI,2,8,8,3
F1134C,1134,PI,9,6,8,3
F1134I,1134,PI,7,6,8,3
F1134L,1134,PI,5,6,8,3
F1134S,1134,PI,5,6,8,3
F1134V,1134,PI,1,6,8,3
F1134Y,1134,PI,1,6,8,3
F1174C,1174,PI,8,2,8,3
F1174I,1174,PI,9,2,8,3
F1174L,1174,PI,8,2,8,3
F1174S,1174,PI,1,2,8,3
F1174V,1174,PI,5,2,8,3
F1174Y,1174,PI,4,2,8,3
F1181C,1181,PI,8,1,8,3
F1181I,1181,PI,2,1,8,3
F1181L,1181,PI,9,1,8,3
F1181S,1181,PI,8,1,8,3
F1181V,1181,PI,4,1,8,3
F1181Y,1181,PI,7,1,8,3
F119C,119,REC,9,4,0,1
F119I,119,REC,8,4,0,1
F119L,119,REC,7,4,0,1
F119S,119,REC,2,4,0,1
F119V,119,REC,9,4,0,1
F119Y,119,REC,4,4,0,1
F1204C,1204,PI,4,5,8,3
F1204I,1204,PI,5,5,8,3
F1204L,1204,PI,5,5,8,3
F1204S,1204,PI,7,5,8,3
F1204V,1204,PI,5,5,8,3
F1204Y,1204,PI,1,5,8,3
F1235C,1235,PI,7,4,9,3
F1235I,1235,PI,9,4,9,3
F1235L,1235,PI,8,4,9,3
F1235S,1235,PI,2,4,9,3
F1235V,1235,PI,3,4,9,3
F1235Y,1235,PI,9,4,9,3
F1258C,1258,PI,4,6,9,3
F1258I,1258,PI,9,6,9,3
F1258L,1258,PI,1,6,9,3
F1258S,1258,PI,1,6,9,3
F1258V,1258,PI,1,6,9,3
F1258Y,1258,PI,3,6,9,3
F1276C,1276,PI,2,6,9,3
F1276I,1276,PI,5,6,9,3
F1276L,1276,PI,3,6,9,3
F1276S,1276,PI,6,6,9,3
F1276V,1276,PI,7,6,9,3
F1276Y,1276,PI,4,6,9,3
F1313C,1313,PI,7,7,9,3
F1313I,1313,PI,1,7,9,3
F1313L,1313,PI,8,7,9,3
F1313S,1313,PI,9,7,9,3
F1313V,1313,PI,0,7,9,3
F1313Y,1313,PI,9,7,9,3
F1324C,1324,PI,1,2,9,3
F1324I,1324,PI,5,2,9,3
F1324L,1324,PI,7,2,9,3
F1324S,1324,PI,8,2,9,3
F1324V,1324,PI,5,2,9,3
F1324Y,1324,PI,8,2,9,3
F1327C,1327,PI,1,8,9,3
F1327I,1327,PI,6,8,9,3
F1327L,1327,PI,7,8,9,3
F1327S,1327,PI,7,8,9,3
F1327V,1327,PI,1,8,9,3
F1327Y,1327,PI,2,8,9,3
F164C,164,REC,0,8,1,1
F164I,164,REC,4,8,1,1
F164L,164,REC,1,8,1,1
F164S,164,REC,3,8,1,1
F164V,164,REC,7,8,1,1
F164Y,164,REC,5,8,1,1
F168C,168,REC,8,9,1,1
F168I,168,REC,3,9,1,1
F168L,168,REC,6,9,1,1
F168S,168,REC,8,9,1,1
F168V,168,REC,2,9,1,1
F168Y,168,REC,2,9,1,1
F185C,185,REC,1,5,1,1
F185I,185,REC,1,5,1,1
F185L,185,REC,7,5,1,1
F185S,185,REC,5,5,1,1
F185V,185,REC,3,5,1,1
F185Y,185,REC,3,5,1,1
F196C,196,REC,5,7,1,1
F196I,196,REC,4,7,1,1
F196L,196,REC,0,7,1,1
F196S,196,REC,4,7,1,1
F196V,196,REC,9,7,1,1
F196Y,196,REC,1,7,1,1
F238C,238,REC,0,7,1,1
F238I,238,REC,1,7,1,1
F238L,238,REC,4,7,1,1
F238S,238,REC,3,7,1,1
F238V,238,REC,5,7,1,1
F238Y,238,REC,7,7,1,1
F252C,252,REC,5,2,1,1
F252I,252,REC,4,2,1,1
F252L,252,REC,1,2,1,1
F252S,252,REC,6,2,1,1
F252V,252,REC,9,2,1,1
F252Y,252,REC,4,2,1,1
F256C,256,REC,0,9,1,1
F256I,256,REC,8,9,1,1
F256L,256,REC,4,9,1,1
F256S,256,REC,0,9,1,1
F256V,256,REC,8,9,1,1
F256Y,256,REC,7,9,1,1
F290C,290,REC,2,9,2,1
F290I,290,REC,4,9,2,1
F290L,290,REC,8,9,2,1
F290S,290,REC,1,9,2,1
F290V,290,REC,0,9,2,1
F290Y,290,REC,0,9,2,1
F32C,32,RuvC,7,4,0,0
F32I,32,RuvC,9,4,0,0
F32L,32,RuvC,6,4,0,0
F32S,32,RuvC,8,4,0,0
F32V,32,RuvC,8,4,0,0
F32Y,32,RuvC,7,4,0,0
F351C,351,REC,2,4,2,1
F351I,351,REC,2,4,2,1
F351L,351,REC,9,4,2,1
F351S,351,REC,6,4,2,1
F351V,351,REC,1,4,2,1
F351Y,351,REC,3,4,2,1
F352C,352,REC,4,8,2,1
F352I,352,REC,2,8,2,1
F352L,352,REC,0,8,2,1
F352S,352,REC,9,8,2,1
F352V,352,REC,2,8,2,1
F352Y,352,REC,1,8,2,1
F372C,372,REC,1,4,2,1
F372I,372,REC,1,4,2,1
F372L,372,REC,8,4,2,1
F372S,372,REC,9,4,2,1
F372V,372,REC,3,4,2,1
F372Y,372,REC,4,4,2,1
F375C,375,REC,4,1,2,1
F375I,375,REC,3,1,2,1
F375L,375,REC,8,1,2,1
F375S,375,REC,1,1,2,1
F375V,375,REC,1,1,2,1
F375Y,375,REC,8,1,2,1
F405C,405,REC,3,4,2,1
F405I,405,REC,6,4,2,1
F405L,405,REC,4,4,2,1
F405S,405,REC,3,4,2,1
F405V,405,REC,2,4,2,1
F405Y,405,REC,1,4,2,1
F429C,429,REC,0,6,3,1
F429I,429,REC,6,6,3,1
F429L,429,REC,1,6,3,1
F429S,429,REC,3,6,3,1
F429V,429,REC,6,6,3,1
F429Y,429,REC,0,6,3,1
F432C,432,REC,3,4,3,1
F432I,432,REC,0,4,3,1
F432L,432,REC,1,4,3,1
F432S,432,REC,6,4,3,1
F432V,432,REC,5,4,3,1
F432Y,432,REC,5,4,3,1
F446C,446,REC,5,5,3,1
F446I,446,REC,2,5,3,1
F446L,446,REC,8,5,3,1
F446S,446,REC,6,5,3,1
F446V,446,REC,4,5,3,1
F446Y,446,REC,1,5,3,1
F462C,462,REC,3,1,3,1
F462I,462,REC,3,1,3,1
F462L,462,REC,6,1,3,1
F462S,462,REC,4,1,3,1
F462V,462,REC,4,1,3,1
F462Y,462,REC,3,1,3,1
F478C,478,REC,1,0,3,1
F478I,478,REC,9,0,3,1
F478L,478,REC,3,0,3,1
F478S,478,REC,1,0,3,1
F478V,478,REC,2,0,3,1
F478Y,478,REC,2,0,3,1
F491C,491,REC,2,4,3,1
F491I,491,REC,7,4,3,1
F491L,491,REC,0,4,3,1
F491S,491,REC,0,4,3,1
F491V,491,REC,2,4,3,1
F491Y,491,REC,1,4,3,1
F498C,498,REC,5,7,3,1
F498I,498,REC,8,7,3,1
F498L,498,REC,0,7,3,1
F498S,498,REC,4,7,3,1
F498V,498,REC,0,7,3,1
F498Y,498,REC,9,7,3,1
F518C,518,REC,4,4,3,1
F518I,518,REC,6,4,3,1
F518L,518,REC,4,4,3,1
F518S,518,REC,8,4,3,1
F518V,518,REC,7,4,3,1
F518Y,518,REC,1,4,3,1
F539C,539,REC,1,7,3,1
F539I,539,REC,8,7,3,1
F539L,539,REC,6,7,3,1
F539S,539,REC,4,7,3,1
F539V,539,REC,1,7,3,1
F539Y,539,REC,4,7,3,1
F53C,53,RuvC,1,1,0,0
F53I,53,RuvC,8,1,0,0
F53L,53,RuvC,1,1,0,0
F53S,53,RuvC,6,1,0,0
F53V,53,RuvC,0,1,0,0
F53Y,53,RuvC,7,1,0,0
F553C,553,REC,2,1,4,1
F553I,553,REC,7,1,4,1
F553L,553,REC,3,1,4,1
F553S,553,REC,2,1,4,1
F553V,553,REC,8,1,4,1
F553Y,553,REC,9,1,4,1
F569C,569,REC,3,3,4,1
F569I,569,REC,5,3,4,1
F569L,569,REC,1,3,4,1
F569S,569,REC,6,3,4,1
F569V,569,REC,5,3,4,1
F569Y,569,REC,8,3,4,1
F575C,575,REC,3,5,4,1
F575I,575,REC,8,5,4,1
F575L,575,REC,5,5,4,1
F575S,575,REC,0,5,4,1
F575V,575,REC,6,5,4,1
F575Y,575,REC,5,5,4,1
F587C,587,REC,1,2,4,1
F587I,587,REC,5,2,4,1
F587L,587,REC,9,2,4,1
F587S,587,REC,7,2,4,1
F587V,587,REC,2,2,4,1
F587Y,587,REC,8,2,4,1
F606C,606,REC,8,6,4,1
F606I,606,REC,4,6,4,1
F606L,606,REC,0,6,4,1
F606S,606,REC,0,6,4,1
F606V,606,REC,7,6,4,1
F606Y,606,REC,3,6,4,1
F626C,626,REC,2,9,4,1
F626I,626,REC,4,9,4,1
F626L,626,REC,6,9,4,1
F626S,626,REC,2,9,4,1
F626V,626,REC,2,9,4,1
F626Y,626,REC,5,9,4,1
F643C,643,REC,1,9,4,1
F643I,643,REC,5,9,4,1
F643L,643,REC,4,9,4,1
F643S,643,REC,0,9,4,1
F643V,643,REC,1,9,4,1
F643Y,643,REC,8,9,4,1
F682C,682,REC,1,1,4,1
F682I,682,REC,3,1,4,1
F682L,682,REC,0,1,4,1
F682S,682,REC,9,1,4,1
F682V,682,REC,9,1,4,1
F682Y,682,REC,6,1,4,1
F688C,688,REC,3,9,5,1
F688I,688,REC,6,9,5,1
F688L,688,REC,2,9,5,1
F688S,688,REC,5,9,5,1
F688V,688,REC,8,9,5,1
F688Y,688,REC,7,9,5,1
F693C,693,REC,5,9,5,1
F693I,693,REC,7,9,5,1
F693L,693,REC,5,9,5,1
F693S,693,REC,6,9,5,1
F693V,693,REC,5,9,5,1
F693Y,693,REC,3,9,5,1
F704C,704,REC,9,0,5,1
F704I,704,REC,1,0,5,1
F704L,704,REC,9,0,5,1
F704S,704,REC,4,0,5,1
F704V,704,REC,8,0,5,1
F704Y,704,REC,4,0,5,1
F846C,846,HNH,9,1,6,2
F846I,846,HNH,6,1,6,2
F846L,846,HNH,6,1,6,2
F846S,846,HNH,5,1,6,2
F846V,846,HNH,8,1,6,2
F846Y,846,HNH,1,1,6,2
F86C,86,REC,5,0,0,1
F86I,86,REC,3,0,0,1
F86L,86,REC,1,0,0,1
F86S,86,REC,0,0,0,1
F86V,86,REC,4,0,0,1
F86Y,86,REC,1,0,0,1
F897C,897,HNH,3,1,6,2
F897I,897,HNH,8,1,6,2
F897L,897,HNH,0,1,6,2
F897S,897,HNH,7,1,6,2
F897V,897,HNH,8,1,6,2
F897Y,897,HNH,7,1,6,2
F916C,916,RuvC,0,6,6,0
F916I,916,RuvC,4,6,6,0
F916L,916,RuvC,6,6,6,0
F916S,916,RuvC,2,6,6,0
F916V,916,RuvC,5,6,6,0
F916Y,916,RuvC,4,6,6,0
F966C,966,RuvC,4,8,7,0
F966I,966,RuvC,3,8,7,0
F966L,966,RuvC,4,8,7,0
F966S,966,RuvC,0,8,7,0
F966V,966,RuvC,8,8,7,0
F966Y,966,RuvC,8,8,7,0
F970C,970,RuvC,2,5,7,0
F970I,970,RuvC,6,5,7,0
F970L,970,RuvC,3,5,7,0
F970S,970,RuvC,1,5,7,0
F970V,970,RuvC,1,5,7,0
F970Y,970,RuvC,2,5,7,0
F972C,972,RuvC,0,7,7,0
F972I,972,RuvC,8,7,7,0
F972L,972,RuvC,7,7,7,0
F972S,972,RuvC,5,7,7,0
F972V,972,RuvC,5,7,7,0
F972Y,972,RuvC,6,7,7,0
F97C,97,REC,8,4,0,1
F97I,97,REC,6,4,0,1
F97L,97,REC,0,4,0,1
F97S,97,REC,3,4,0,1
F97V,97,REC,3,4,0,1
F97Y,97,REC,6,4,0,1
F98C,98,REC,8,1,0,1
F98I,98,REC,4,1,0,1
F98L,98,REC,5,1,0,1
F98S,98,REC,2,1,0,1
F98V,98,REC,5,1,0,1
F98Y,98,REC,5,1,0,1
G1011A,1011,RuvC,0,4,7,0
G1011C,1011,RuvC,2,4,7,0
G1011D,1011,RuvC,9,4,7,0
G1011R,1011,RuvC,9,4,7,0
G1011S,1011,RuvC,5,4,7,0
G1011V,1011,RuvC,3,4,7,0
G1030A,1030,RuvC,0,1,7,0
G1030C,1030,RuvC,7,1,7,0
G1030D,1030,RuvC,0,1,7,0
G1030R,1030,RuvC,5,1,7,0
G1030S,1030,RuvC,1,1,7,0
G1030V,1030,RuvC,0,1,7,0
G1055A,1055,RuvC,3,5,7,0
G1055C,1055,RuvC,2,5,7,0
G1055D,1055,RuvC,7,5,7,0
G1055R,1055,RuvC,6,5,7,0
G1055S,1055,RuvC,0,5,7,0
G1055V,1055,RuvC,2,5,7,0
G1067A,1067,RuvC,3,4,7,0
G1067C,1067,RuvC,2,4,7,0
G1067D,1067,RuvC,7,4,7,0
G1067R,1067,RuvC,8,4,7,0
G1067S,1067,RuvC,0,4,7,0
G1067V,1067,RuvC,7,4,7,0
G1070A,1070,RuvC,8,2,7,0
G1070E,1070,RuvC,6,2,7,0
G1070R,1070,RuvC,8,2,7,0
G1070V,1070,RuvC,2,2,7,0
G1070W,1070,RuvC,3,2,7,0
G1077A,1077,RuvC,3,3,7,0
G1077E,1077,RuvC,8,3,7,0
G1077R,1077,RuvC,5,3,7,0
G1077V,1077,RuvC,4,3,7,0
G1077W,1077,RuvC,0,3,7,0
G1103A,1103,PI,1,7,8,3
G1103E,1103,PI,5,7,8,3
G1103R,1103,PI,5,7,8,3
G1103V,1103,PI,9,7,8,3
G1103W,1103,PI,2,7,8,3
G1104A,1104,PI,2,7,8,3
G1104E,1104,PI,7,7,8,3
G1104R,1104,PI,2,7,8,3
G1104V,1104,PI,6,7,8,3
G1132A,1132,PI,7,6,8,3
G1132C,1132,PI,3,6,8,3
G1132D,1132,PI,0,6,8,3
G1132R,1132,PI,6,6,8,3
G1132S,1132,PI,2,6,8,3
G1132V,1132,PI,9,6,8,3
G1133A,1133,PI,6,0,8,3
G1133E,1133,PI,5,0,8,3
G1133R,1133,PI,1,0,8,3
G1133V,1133,PI,1,0,8,3
G1133W,1133,PI,0,0,8,3
G1152A,1152,PI,0,7,8,3
G1152E,1152,PI,4,7,8,3
G1152R,1152,PI,2,7,8,3
G1152V,1152,PI,6,7,8,3
G1152W,1152,PI,5,7,8,3
G1165A,1165,PI,6,3,8,3
G1165E,1165,PI,1,3,8,3
G1165R,1165,PI,7,3,8,3
G1165V,1165,PI,5,3,8,3
G1186A,1186,PI,2,0,8,3
G1186E,1186,PI,6,0,8,3
G1186R,1186,PI,9,0,8,3
G1186V,1186,PI,6,0,8,3
G1209A,1209,PI,7,7,8,3
G1209C,1209,PI,4,7,8,3
G1209D,1209,PI,0,7,8,3
G1209R,1209,PI,7,7,8,3
G1209S,1209,PI,2,7,8,3
G1209V,1209,PI,2,7,8,3
G120A,120,REC,8,9,0,1
G120C,120,REC,1,9,0,1
G120D,120,REC,4,9,0,1
G120R,120,REC,4,9,0,1
G120S,120,REC,9,9,0,1
G120V,120,REC,7,9,0,1
G1218A,1218,PI,2,0,8,3
G1218C,1218,PI,1,0,8,3
G1218D,1218,PI,2,0,8,3
G1218R,1218,PI,3,0,8,3
G1218S,1218,PI,3,0,8,3
G1218V,1218,PI,0,0,8,3
G1223A,1223,PI,2,6,8,3
G1223E,1223,PI,0,6,8,3
G1223R,1223,PI,7,6,8,3
G1223V,1223,PI,3,6,8,3
G1223W,1223,PI,1,6,8,3
G1247A,1247,PI,4,5,9,3
G1247C,1247,PI,5,5,9,3
G1247D,1247,PI,0,5,9,3
G1247R,1247,PI,1,5,9,3
G1247S,1247,PI,1,5,9,3
G1247V,1247,PI,8,5,9,3
G12A,12,RuvC,6,8,0,0
G12E,12,RuvC,6,8,0,0
G12R,12,RuvC,0,8,0,0
G12V,12,RuvC,8,8,0,0
G12W,12,RuvC,0,8,0,0
G1319A,1319,PI,2,3,9,3
G1319E,1319,PI,6,3,9,3
G1319R,1319,PI,9,3,9,3
G1319V,1319,PI,7,3,9,3
G1354A,1354,PI,9,1,9,3
G1354E,1354,PI,2,1,9,3
G1354R,1354,PI,7,1,9,3
G1354V,1354,PI,9,1,9,3
G1366A,1366,PI,9,8,9,3
G1366E,1366,PI,6,8,9,3
G1366R,1366,PI,3,8,9,3
G1366V,1366,PI,4,8,9,3
G1367A,1367,PI,1,0,9,3
G1367C,1367,PI,4,0,9,3
G1367D,1367,PI,4,0,9,3
G1367R,1367,PI,6,0,9,3
G1367S,1367,PI,1,0,9,3
G1367V,1367,PI,1,0,9,3
G166A,166,REC,7,1,1,1
G166E,166,REC,2,1,1,1
G166R,166,REC,4,1,1,1
G166V,166,REC,7,1,1,1
G172A,172,REC,6,7,1,1
G172C,172,REC,6,7,1,1
G172D,172,REC,6,7,1,1
G172R,172,REC,7,7,1,1
G172S,172,REC,7,7,1,1
G172V,172,REC,9,7,1,1
G17A,17,RuvC,5,5,0,0
G17C,17,RuvC,8,5,0,0
G17D,17,RuvC,1,5,0,0
G17R,17,RuvC,5,5,0,0
G17S,17,RuvC,3,5,0,0
G17V,17,RuvC,0,5,0,0
G205A,205,REC,2,9,1,1
G205E,205,REC,9,9,1,1
G205R,205,REC,7,9,1,1
G205V,205,REC,1,9,1,1
G231A,231,REC,6,4,1,1
G231C,231,REC,9,4,1,1
G231D,231,REC,4,4,1,1
G231R,231,REC,3,4,1,1
G231S,231,REC,3,4,1,1
G231V,231,REC,9,4,1,1
G236A,236,REC,0,8,1,1
G236E,236,REC,3,8,1,1
G236R,236,REC,3,8,1,1
G236V,236,REC,3,8,1,1
G239A,239,REC,8,0,1,1
G239C,239,REC,6,0,1,1
G239D,239,REC,9,0,1,1
G239R,239,REC,4,0,1,1
G239S,239,REC,1,0,1,1
G239V,239,REC,5,0,1,1
G247A,247,REC,9,7,1,1
G247E,247,REC,3,7,1,1
G247R,247,REC,6,7,1,1
G247V,247,REC,0,7,1,1
G247W,247,REC,8,7,1,1
G283A,283,REC,2,9,2,1
G283C,283,REC,8,9,2,1
G283D,283,REC,0,9,2,1
G283R,283,REC,6,9,2,1
G283S,283,REC,7,9,2,1
G283V,283,REC,4,9,2,1
G358A,358,REC,4,0,2,1
G358E,358,REC,6,0,2,1
G358R,358,REC,1,0,2,1
G358V,358,REC,3,0,2,1
G358W,358,REC,3,0,2,1
G361A,361,REC,6,8,2,1
G361E,361,REC,0,8,2,1
G361R,361,REC,5,8,2,1
G361V,361,REC,0,8,2,1
G365A,365,REC,3,9,2,1
G365C,365,REC,4,9,2,1
G365D,365,REC,5,9,2,1
G365R,365,REC,1,9,2,1
G365S,365,REC,2,9,2,1
G365V,365,REC,9,9,2,1
G366A,366,REC,2,0,2,1
G366E,366,REC,8,0,2,1
G366R,366,REC,5,0,2,1
G366V,366,REC,2,0,2,1
G366W,366,REC,6,0,2,1
G36A,36,RuvC,9,0,0,0
G36E,36,RuvC,6,0,0,0
G36R,36,RuvC,0,0,0,0
G36V,36,RuvC,0,0,0,0
G36W,36,RuvC,3,0,0,0
G385A,385,REC,8,5,2,1
G385C,385,REC,0,5,2,1
G385D,385,REC,9,5,2,1
G385R,385,REC,0,5,2,1
G385S,385,REC,7,5,2,1
G385V,385,REC,6,5,2,1
G408A,408,REC,8,1,2,1
G408E,408,REC,2,1,2,1
G408R,408,REC,3,1,2,1
G408V,408,REC,9,1,2,1
G408W,408,REC,3,1,2,1
G417A,417,REC,1,7,3,1
G417E,417,REC,5,7,3,1
G417R,417,REC,4,7,3,1
G417V,417,REC,1,7,3,1
G453A,453,REC,2,2,3,1
G453E,453,REC,6,2,3,1
G453R,453,REC,1,2,3,1
G453V,453,REC,4,2,3,1
G458A,458,REC,5,6,3,1
G458C,458,REC,1,6,3,1
G458D,458,REC,8,6,3,1
G458R,458,REC,0,6,3,1
G458S,458,REC,3,6,3,1
G458V,458,REC,5,6,3,1
G485A,485,REC,3,1,3,1
G485C,485,REC,9,1,3,1
G485D,485,REC,5,1,3,1
G485R,485,REC,1,1,3,1
G485S,485,REC,3,1,3,1
G485V,485,REC,5,1,3,1
G49A,49,RuvC,0,0,0,0
G49E,49,RuvC,2,0,0,0
G49R,49,RuvC,1,0,0,0
G49V,49,RuvC,0,0,0,0
G49W,49,RuvC,3,0,0,0
G533A,533,REC,6,9,3,1
G533C,533,REC,4,9,3,1
G533D,533,REC,1,9,3,1
G533R,533,REC,4,9,3,1
G533S,533,REC,1,9,3,1
G533V,533,REC,1,9,3,1
G542A,542,REC,1,5,3,1
G542E,542,REC,4,5,3,1
G542R,542,REC,4,5,3,1
G542V,542,REC,5,5,3,1
G542W,542,REC,2,5,3,1
G56A,56,RuvC,3,8,0,0
G56E,56,RuvC,6,8,0,0
G56R,56,RuvC,7,8,0,0
G56V,56,RuvC,9,8,0,0
G582A,582,REC,8,8,4,1
G582E,582,REC,5,8,4,1
G582R,582,REC,0,8,4,1
G582V,582,REC,4,8,4,1
G592A,592,REC,8,9,4,1
G592C,592,REC,4,9,4,1
G592D,592,REC,0,9,4,1
G592R,592,REC,5,9,4,1
G592S,592,REC,0,9,4,1
G592V,592,REC,0,9,4,1
G658A,658,REC,8,9,4,1
G658E,658,REC,0,9,4,1
G658R,658,REC,2,9,4,1
G658V,658,REC,2,9,4,1
G658W,658,REC,0,9,4,1
G660A,660,REC,7,1,4,1
G660E,660,REC,7,1,4,1
G660R,660,REC,5,1,4,1
G660V,660,REC,4,1,4,1
G669A,669,REC,6,7,4,1
G669C,669,REC,1,7,4,1
G669D,669,REC,8,7,4,1
G669R,669,REC,5,7,4,1
G669S,669,REC,2,7,4,1
G669V,669,REC,8,7,4,1
G676A,676,REC,3,4,4,1
G676E,676,REC,6,4,4,1
G676R,676,REC,0,4,4,1
G676V,676,REC,6,4,4,1
G676W,676,REC,5,4,4,1
G687A,687,REC,2,7,5,1
G687C,687,REC,3,7,5,1
G687D,687,REC,8,7,5,1
G687R,687,REC,5,7,5,1
G687S,687,REC,1,7,5,1
G687V,687,REC,5,7,5,1
G715A,715,REC,7,6,5,1
G715C,715,REC,5,6,5,1
G715D,715,REC,5,6,5,1
G715R,715,REC,3,6,5,1
G715S,715,REC,3,6,5,1
G715V,715,REC,4,6,5,1
G717A,717,REC,7,3,5,1
G717E,717,REC,8,3,5,1
G717R,717,REC,5,3,5,1
G717V,717,REC,2,3,5,1
G717W,717,REC,8,3,5,1
G729A,729,RuvC,1,4,5,0
G729E,729,RuvC,8,4,5,0
G729R,729,RuvC,2,4,5,0
G729V,729,RuvC,6,4,5,0
G736A,736,RuvC,4,2,5,0
G736C,736,RuvC,3,2,5,0
G736D,736,RuvC,0,2,5,0
G736R,736,RuvC,2,2,5,0
G736S,736,RuvC,0,2,5,0
G736V,736,RuvC,4,2,5,0
G752A,752,RuvC,7,7,5,0
G752E,752,RuvC,4,7,5,0
G752R,752,RuvC,2,7,5,0
G752V,752,RuvC,8,7,5,0
G752W,752,RuvC,7,7,5,0
G773A,773,RuvC,7,8,5,0
G773E,773,RuvC,7,8,5,0
G773R,773,RuvC,2,8,5,0
G773V,773,RuvC,6,8,5,0
G787A,787,HNH,1,7,5,2
G787E,787,HNH,8,7,5,2
G787R,787,HNH,3,7,5,2
G787V,787,HNH,7,7,5,2
G787W,787,HNH,9,7,5,2
G792A,792,HNH,1,2,5,2
G792E,792,HNH,5,2,5,2
G792R,792,HNH,3,2,5,2
G792V,792,HNH,9,2,5,2
G819A,819,HNH,7,5,5,2
G819C,819,HNH,1,5,5,2
G819D,819,HNH,0,5,5,2
G819R,819,HNH,1,5,5,2
G819S,819,HNH,7,5,5,2
G819V,819,HNH,8,5,5,2
G865A,865,HNH,8,7,6,2
G865E,865,HNH,7,7,6,2
G865R,865,HNH,8,7,6,2
G865V,865,HNH,4,7,6,2
G865W,865,HNH,2,7,6,2
G8A,8,RuvC,4,4,0,0
G8E,8,RuvC,6,4,0,0
G8R,8,RuvC,0,4,0,0
G8V,8,RuvC,8,4,0,0
G8W,8,RuvC,0,4,0,0
G906A,906,HNH,5,9,6,2
G906E,906,HNH,3,9,6,2
G906R,906,HNH,3,9,6,2
G906V,906,HNH,2,9,6,2
G907A,907,HNH,6,1,6,2
G907C,907,HNH,2,1,6,2
G907D,907,HNH,7,1,6,2
G907R,907,HNH,8,1,6,2
G907S,907,HNH,4,1,6,2
G907V,907,HNH,7,1,6,2
G915A,915,RuvC,2,3,6,0
G915C,915,RuvC,4,3,6,0
G915D,915,RuvC,9,3,6,0
G915R,915,RuvC,2,3,6,0
G915S,915,RuvC,5,3,6,0
G915V,915,RuvC,1,3,6,0
G994A,994,RuvC,5,5,7,0
G994E,994,RuvC,8,5,7,0
G994R,994,RuvC,2,5,7,0
G994V,994,RuvC,6,5,7,0
H113D,113,REC,5,4,0,1
H113L,113,REC,9,4,0,1
H113N,113,REC,4,4,0,1
H113P,113,REC,7,4,0,1
H113Q,113,REC,5,4,0,1
H113R,113,REC,9,4,0,1
H113Y,113,REC,9,4,0,1
H116D,116,REC,1,6,0,1
H116L,116,REC,9,6,0,1
H116N,116,REC,7,6,0,1
H116P,116,REC,8,6,0,1
H116Q,116,REC,3,6,0,1
H116R,116,REC,1,6,0,1
H116Y,116,REC,8,6,0,1
H1241D,1241,PI,6,1,9,3
H1241L,1241,PI,5,1,9,3
H1241N,1241,PI,0,1,9,3
H1241P,1241,PI,8,1,9,3
H1241Q,1241,PI,7,1,9,3
H1241R,1241,PI,6,1,9,3
H1241Y,1241,PI,4,1,9,3
H1262D,1262,PI,3,5,9,3
H1262L,1262,PI,9,5,9,3
H1262N,1262,PI,2,5,9,3
H1262P,1262,PI,1,5,9,3
H1262Q,1262,PI,9,5,9,3
H1262R,1262,PI,7,5,9,3
H1262Y,1262,PI,2,5,9,3
H1264D,1264,PI,0,4,9,3
H1264L,1264,PI,1,4,9,3
H1264N,1264,PI,7,4,9,3
H1264P,1264,PI,2,4,9,3
H1264Q,1264,PI,3,4,9,3
H1264R,1264,PI,7,4,9,3
H1264Y,1264,PI,0,4,9,3
H1297D,1297,PI,1,6,9,3
H1297L,1297,PI,8,6,9,3
H1297N,1297,PI,1,6,9,3
H1297P,1297,PI,4,6,9,3
H1297Q,1297,PI,2,6,9,3
H1297R,1297,PI,3,6,9,3
H1297Y,1297,PI,7,6,9,3
H129D,129,REC,3,0,0,1
H129L,129,REC,4,0,0,1
H129N,129,REC,6,0,0,1
H129P,129,REC,8,0,0,1
H129Q,129,REC,6,0,0,1
H129R,129,REC,9,0,0,1
H129Y,129,REC,3,0,0,1
H1311D,1311,PI,5,5,9,3
H1311L,1311,PI,8,5,9,3
H1311N,1311,PI,9,5,9,3
H1311P,1311,PI,3,5,9,3
H1311Q,1311,PI,8,5,9,3
H1311R,1311,PI,9,5,9,3
H1311Y,1311,PI,2,5,9,3
H1349D,1349,PI,5,0,9,3
H1349L,1349,PI,2,0,9,3
H1349N,1349,PI,1,0,9,3
H1349P,1349,PI,0,0,9,3
H1349Q,1349,PI,7,0,9,3
H1349R,1349,PI,8,0,9,3
H1349Y,1349,PI,5,0,9,3
H137D,137,REC,5,5,0,1
H137L,137,REC,1,5,0,1
H137N,137,REC,9,5,0,1
H137P,137,REC,6,5,0,1
H137Q,137,REC,9,5,0,1
H137R,137,REC,8,5,0,1
H137Y,137,REC,9,5,0,1
H160D,160,REC,6,7,1,1
H160L,160,REC,9,7,1,1
H160N,160,REC,4,7,1,1
H160P,160,REC,6,7,1,1
H160Q,160,REC,8,7,1,1
H160R,160,REC,5,7,1,1
H160Y,160,REC,6,7,1,1
H167D,167,REC,7,9,1,1
H167L,167,REC,0,9,1,1
H167N,167,REC,5,9,1,1
H167P,167,REC,9,9,1,1
H167Q,167,REC,9,9,1,1
H167R,167,REC,7,9,1,1
H167Y,167,REC,8,9,1,1
H328D,328,REC,3,7,2,1
H328L,328,REC,7,7,2,1
H328N,328,REC,7,7,2,1
H328P,328,REC,8,7,2,1
H328Q,328,REC,6,7,2,1
H328R,328,REC,5,7,2,1
H328Y,328,REC,7,7,2,1
H329D,329,REC,3,2,2,1
H329L,329,REC,1,2,2,1
H329N,329,REC,6,2,2,1
H329P,329,REC,5,2,2,1
H329Q,329,REC,7,2,2,1
H329R,329,REC,0,2,2,1
H329Y,329,REC,0,2,2,1
H412D,412,REC,1,4,3,1
H412L,412,REC,0,4,3,1
H412N,412,REC,4,4,3,1
H412P,412,REC,1,4,3,1
H412Q,412,REC,5,4,3,1
H412R,412,REC,7,4,3,1
H412Y,412,REC,4,4,3,1
H415D,415,REC,4,3,3,1
H415L,415,REC,4,3,3,1
H415N,415,REC,8,3,3,1
H415P,415,REC,2,3,3,1
H415Q,415,REC,4,3,3,1
H415R,415,REC,2,3,3,1
H415Y,415,REC,6,3,3,1
H41D,41,RuvC,6,4,0,0
H41L,41,RuvC,8,4,0,0
H41N,41,RuvC,2,4,0,0
H41P,41,RuvC,7,4,0,0
H41Q,41,RuvC,7,4,0,0
H41R,41,RuvC,9,4,0,0
H41Y,41,RuvC,9,4,0,0
H420D,420,REC,9,3,3,1
H420L,420,REC,8,3,3,1
H420N,420,REC,4,3,3,1
H420P,420,REC,2,3,3,1
H420Q,420,REC,9,3,3,1
H420R,420,REC,6,3,3,1
H420Y,420,REC,8,3,3,1
H511D,511,REC,0,1,3,1
H511L,511,REC,4,1,3,1
H511N,511,REC,5,1,3,1
H511P,511,REC,2,1,3,1
H511Q,511,REC,9,1,3,1
H511R,511,REC,0,1,3,1
H511Y,511,REC,7,1,3,1
H595D,595,REC,1,6,4,1
H595L,595,REC,4,6,4,1
H595N,595,REC,3,6,4,1
H595P,595,REC,9,6,4,1
H595Q,595,REC,6,6,4,1
H595R,595,REC,8,6,4,1
H595Y,595,REC,1,6,4,1
H641D,641,REC,0,1,4,1
H641L,641,REC,6,1,4,1
H641N,641,REC,3,1,4,1
H641P,641,REC,8,1,4,1
H641Q,641,REC,6,1,4,1
H641R,641,REC,8,1,4,1
H641Y,641,REC,4,1,4,1
H698D,698,REC,4,7,5,1
H698L,698,REC,1,7,5,1
H698N,698,REC,4,7,5,1
H698P,698,REC,0,7,5,1
H698Q,698,REC,2,7,5,1
H698R,698,REC,6,7,5,1
H698Y,698,REC,5,7,5,1
H721D,721,RuvC,3,4,5,0
H721L,721,RuvC,4,4,5,0
H721N,721,RuvC,9,4,5,0
H721P,721,RuvC,9,4,5,0
H721Q,721,RuvC,3,4,5,0
H721R,721,RuvC,6,4,5,0
H721Y,721,RuvC,1,4,5,0
H723D,723,RuvC,7,4,5,0
H723L,723,RuvC,2,4,5,0
H723N,723,RuvC,8,4,5,0
H723P,723,RuvC,4,4,5,0
H723Q,723,RuvC,6,4,5,0
H723R,723,RuvC,8,4,5,0
H723Y,723,RuvC,0,4,5,0
H754D,754,RuvC,6,0,5,0
H754L,754,RuvC,8,0,5,0
H754N,754,RuvC,2,0,5,0
H754P,754,RuvC,5,0,5,0
H754Q,754,RuvC,3,0,5,0
H754R,754,RuvC,8,0,5,0
H754Y,754,RuvC,4,0,5,0
H799D,799,HNH,2,3,5,2
H799L,799,HNH,3,3,5,2
H799N,799,HNH,2,3,5,2
H799P,799,HNH,4,3,5,2
H799Q,799,HNH,1,3,5,2
H799R,799,HNH,6,3,5,2
H799Y,799,HNH,5,3,5,2
H840D,840,HNH,7,5,6,2
H840L,840,HNH,2,5,6,2
H840N,840,HNH,5,5,6,2
H840P,840,HNH,6,5,6,2
H840Q,840,HNH,4,5,6,2
H840R,840,HNH,6,5,6,2
H840Y,840,HNH,9,5,6,2
H930D,930,RuvC,6,3,6,0
H930L,930,RuvC,8,3,6,0
H930N,930,RuvC,1,3,6,0
H930P,930,RuvC,3,3,6,0
H930Q,930,RuvC,9,3,6,0
H930R,930,RuvC,5,3,6,0
H930Y,930,RuvC,3,3,6,0
H982D,982,RuvC,3,6,7,0
H982L,982,RuvC,3,6,7,0
H982N,982,RuvC,2,6,7,0
H982P,982,RuvC,1,6,7,0
H982Q,982,RuvC,8,6,7,0
H982R,982,RuvC,9,6,7,0
H982Y,982,RuvC,3,6,7,0
H983D,983,RuvC,6,5,7,0
H983L,983,RuvC,4,5,7,0
H983N,983,RuvC,3,5,7,0
H983P,983,RuvC,6,5,7,0
H983Q,983,RuvC,4,5,7,0
H983R,983,RuvC,8,5,7,0
H983Y,983,RuvC,6,5,7,0
H985D,985,RuvC,0,2,7,0
H985L,985,RuvC,5,2,7,0
H985N,985,RuvC,7,2,7,0
H985P,985,RuvC,2,2,7,0
H985Q,985,RuvC,5,2,7,0
H985R,985,RuvC,9,2,7,0
H985Y,985,RuvC,6,2,7,0
H99D,99,REC,9,5,0,1
H99L,99,REC,1,5,0,1
H99N,99,REC,3,5,0,1
H99P,99,REC,8,5,0,1
H99Q,99,REC,3,5,0,1
H99R,99,REC,6,5,0,1
H99Y,99,REC,8,5,0,1
I1022F,1022,RuvC,0,1,7,0
I1022L,1022,RuvC,6,1,7,0
I1022M,1022,RuvC,9,1,7,0
I1022N,1022,RuvC,3,1,7,0
I1022S,1022,RuvC,7,1,7,0
I1022T,1022,RuvC,2,1,7,0
I1022V,1022,RuvC,3,1,7,0
I1029F,1029,RuvC,8,2,7,0
I1029L,1029,RuvC,0,2,7,0
I1029M,1029,RuvC,7,2,7,0
I1029N,1029,RuvC,4,2,7,0
I1029S,1029,RuvC,9,2,7,0
I1029T,1029,RuvC,6,2,7,0
I1029V,1029,RuvC,1,2,7,0
I1042F,1042,RuvC,9,6,7,0
I1042L,1042,RuvC,9,6,7,0
I1042M,1042,RuvC,9,6,7,0
I1042N,1042,RuvC,6,6,7,0
I1042S,1042,RuvC,0,6,7,0
I1042T,1042,RuvC,5,6,7,0
I1042V,1042,RuvC,9,6,7,0
I1050F,1050,RuvC,7,5,7,0
I1050L,1050,RuvC,2,5,7,0
I1050M,1050,RuvC,6,5,7,0
I1050N,1050,RuvC,1,5,7,0
I1050S,1050,RuvC,7,5,7,0
I1050T,1050,RuvC,3,5,7,0
I1050V,1050,RuvC,1,5,7,0
I1057F,1057,RuvC,2,6,7,0
I1057L,1057,RuvC,6,6,7,0
I1057M,1057,RuvC,0,6,7,0
I1057N,1057,RuvC,5,6,7,0
I1057S,1057,RuvC,7,6,7,0
I1057T,1057,RuvC,9,6,7,0
I1057V,1057,RuvC,6,6,7,0
I1063F,1063,RuvC,6,3,7,0
I1063L,1063,RuvC,1,3,7,0
I1063M,1063,RuvC,3,3,7,0
I1063N,1063,RuvC,2,3,7,0
I1063S,1063,RuvC,2,3,7,0
I1063T,1063,RuvC,9,3,7,0
I1063V,1063,RuvC,1,3,7,0
I1072F,1072,RuvC,6,4,7,0
I1072L,1072,RuvC,7,4,7,0
I1072M,1072,RuvC,6,4,7,0
I1072N,1072,RuvC,4,4,7,0
I1072S,1072,RuvC,8,4,7,0
I1072T,1072,RuvC,4,4,7,0
I1072V,1072,RuvC,1,4,7,0
I1094F,1094,RuvC,6,1,7,0
I1094L,1094,RuvC,2,1,7,0
I1094M,1094,RuvC,0,1,7,0
I1094N,1094,RuvC,4,1,7,0
I1094S,1094,RuvC,1,1,7,0
I1094T,1094,RuvC,9,1,7,0
I1094V,1094,RuvC,9,1,7,0
I1110F,1110,PI,1,9,8,3
I1110L,1110,PI,8,9,8,3
I1110M,1110,PI,1,9,8,3
I1110N,1110,PI,9,9,8,3
I1110S,1110,PI,1,9,8,3
I1110T,1110,PI,0,9,8,3
I1110V,1110,PI,0,9,8,3
I1120F,1120,PI,4,7,8,3
I1120L,1120,PI,6,7,8,3
I1120M,1120,PI,3,7,8,3
I1120N,1120,PI,1,7,8,3
I1120S,1120,PI,7,7,8,3
I1120T,1120,PI,2,7,8,3
I1120V,1120,PI,8,7,8,3
I1166F,1166,PI,4,1,8,3
I1166L,1166,PI,5,1,8,3
I1166M,1166,PI,5,1,8,3
I1166N,1166,PI,6,1,8,3
I1166S,1166,PI,7,1,8,3
I1166T,1166,PI,3,1,8,3
I1166V,1166,PI,9,1,8,3
I1168F,1168,PI,0,5,8,3
I1168L,1168,PI,6,5,8,3
I1168M,1168,PI,4,5,8,3
I1168N,1168,PI,2,5,8,3
I1168S,1168,PI,4,5,8,3
I1168T,1168,PI,7,5,8,3
I1168V,1168,PI,2,5,8,3
I1179F,1179,PI,7,6,8,3
I1179L,1179,PI,5,6,8,3
I1179M,1179,PI,6,6,8,3
I1179N,1179,PI,8,6,8,3
I1179S,1179,PI,0,6,8,3
I1179T,1179,PI,3,6,8,3
I1179V,1179,PI,3,6,8,3
I118F,118,REC,3,3,0,1
I118L,118,REC,4,3,0,1
I118M,118,REC,5,3,0,1
I118N,118,REC,3,3,0,1
I118S,118,REC,4,3,0,1
I118T,118,REC,9,3,0,1
I118V,118,REC,5,3,0,1
I1195F,1195,PI,7,4,8,3
I1195L,1195,PI,4,4,8,3
I1195M,1195,PI,3,4,8,3
I1195N,1195,PI,2,4,8,3
I1195S,1195,PI,7,4,8,3
I1195T,1195,PI,9,4,8,3
I1195V,1195,PI,4,4,8,3
I1196F,1196,PI,7,4,8,3
I1196L,1196,PI,9,4,8,3
I1196M,1196,PI,1,4,8,3
I1196N,1196,PI,4,4,8,3
I1196S,1196,PI,8,4,8,3
I1196T,1196,PI,1,4,8,3
I1196V,1196,PI,0,4,8,3
I11F,11,RuvC,3,4,0,0
I11L,11,RuvC,0,4,0,0
I11M,11,RuvC,2,4,0,0
I11N,11,RuvC,4,4,0,0
I11S,11,RuvC,1,4,0,0
I11T,11,RuvC,6,4,0,0
I11V,11,RuvC,2,4,0,0
I122F,122,REC,6,3,0,1
I122L,122,REC,3,3,0,1
I122M,122,REC,1,3,0,1
I122N,122,REC,3,3,0,1
I122S,122,REC,4,3,0,1
I122T,122,REC,5,3,0,1
I122V,122,REC,9,3,0,1
I1269F,1269,PI,8,0,9,3
I1269L,1269,PI,8,0,9,3
I1269M,1269,PI,3,0,9,3
I1269N,1269,PI,5,0,9,3
I1269S,1269,PI,0,0,9,3
I1269T,1269,PI,3,0,9,3
I1269V,1269,PI,9,0,9,3
I1270F,1270,PI,3,5,9,3
I1270L,1270,PI,5,5,9,3
I1270M,1270,PI,7,5,9,3
I1270N,1270,PI,6,5,9,3
I1270S,1270,PI,8,5,9,3
I1270T,1270,PI,8,5,9,3
I1270V,1270,PI,9,5,9,3
I1273F,1273,PI,1,2,9,3
I1273L,1273,PI,9,2,9,3
I1273M,1273,PI,3,2,9,3
I1273N,1273,PI,4,2,9,3
I1273S,1273,PI,5,2,9,3
I1273T,1273,PI,9,2,9,3
I1273V,1273,PI,2,2,9,3
I1281F,1281,PI,4,8,9,3
I1281L,1281,PI,1,8,9,3
I1281M,1281,PI,5,8,9,3
I1281N,1281,PI,9,8,9,3
I1281S,1281,PI,8,8,9,3
I1281T,1281,PI,5,8,9,3
I1281V,1281,PI,4,8,9,3
I1302F,1302,PI,7,9,9,3
I1302L,1302,PI,5,9,9,3
I1302M,1302,PI,1,9,9,3
I1302N,1302,PI,5,9,9,3
I1302S,1302,PI,6,9,9,3
I1302T,1302,PI,8,9,9,3
I1302V,1302,PI,9,9,9,3
I1309F,1309,PI,8,3,9,3
I1309L,1309,PI,4,3,9,3
I1309M,1309,PI,9,3,9,3
I1309N,1309,PI,2,3,9,3
I1309S,1309,PI,0,3,9,3
I1309T,1309,PI,4,3,9,3
I1309V,1309,PI,7,3,9,3
I1310F,1310,PI,4,1,9,3
I1310L,1310,PI,3,1,9,3
I1310M,1310,PI,6,1,9,3
I1310N,1310,PI,5,1,9,3
I1310S,1310,PI,6,1,9,3
I1310T,1310,PI,4,1,9,3
I1310V,1310,PI,6,1,9,3
I1331F,1331,PI,2,1,9,3
I1331L,1331,PI,9,1,9,3
I1331M,1331,PI,8,1,9,3
I1331N,1331,PI,0,1,9,3
I1331S,1331,PI,4,1,9,3
I1331T,1331,PI,1,1,9,3
I1331V,1331,PI,2,1,9,3
I1348F,1348,PI,0,2,9,3
I1348L,1348,PI,3,2,9,3
I1348M,1348,PI,6,2,9,3
I1348N,1348,PI,1,2,9,3
I1348S,1348,PI,1,2,9,3
I1348T,1348,PI,8,2,9,3
I1348V,1348,PI,1,2,9,3
I1352F,1352,PI,0,2,9,3
I1352L,1352,PI,8,2,9,3
I1352M,1352,PI,7,2,9,3
I1352N,1352,PI,3,2,9,3
I1352S,1352,PI,1,2,9,3
I1352T,1352,PI,4,2,9,3
I1352V,1352,PI,6,2,9,3
I135F,135,REC,4,1,0,1
I135L,135,REC,5,1,0,1
I135M,135,REC,4,1,0,1
I135N,135,REC,9,1,0,1
I135S,135,REC,5,1,0,1
I135T,135,REC,3,1,0,1
I135V,135,REC,2,1,0,1
I1360F,1360,PI,8,0,9,3
I1360L,1360,PI,9,0,9,3
I1360M,1360,PI,2,0,9,3
I1360N,1360,PI,4,0,9,3
I1360S,1360,PI,6,0,9,3
I1360T,1360,PI,9,0,9,3
I1360V,1360,PI,0,0,9,3
I154F,154,REC,8,0,1,1
I154L,154,REC,8,0,1,1
I154M,154,REC,4,0,1,1
I154N,154,REC,6,0,1,1
I154S,154,REC,7,0,1,1
I154T,154,REC,4,0,1,1
I154V,154,REC,0,0,1,1
I162F,162,REC,0,4,1,1
I162L,162,REC,8,4,1,1
I162M,162,REC,1,4,1,1
I162N,162,REC,1,4,1,1
I162S,162,REC,8,4,1,1
I162T,162,REC,1,4,1,1
I162V,162,REC,0,4,1,1
I170F,170,REC,6,2,1,1
I170L,170,REC,9,2,1,1
I170M,170,REC,5,2,1,1
I170N,170,REC,8,2,1,1
I170S,170,REC,3,2,1,1
I170T,170,REC,4,2,1,1
I170V,170,REC,2,2,1,1
I186F,186,REC,0,8,1,1
I186L,186,REC,7,8,1,1
I186M,186,REC,2,8,1,1
I186N,186,REC,0,8,1,1
I186S,186,REC,5,8,1,1
I186T,186,REC,6,8,1,1
I186V,186,REC,0,8,1,1
I201F,201,REC,9,4,1,1
I201L,201,REC,1,4,1,1
I201M,201,REC,1,4,1,1
I201N,201,REC,1,4,1,1
I201S,201,REC,6,4,1,1
I201T,201,REC,3,4,1,1
I201V,201,REC,6,4,1,1
I211F,211,REC,4,4,1,1
I211L,211,REC,9,4,1,1
I211M,211,REC,3,4,1,1
I211N,211,REC,3,4,1,1
I211S,211,REC,8,4,1,1
I211T,211,REC,7,4,1,1
I211V,211,REC,8,4,1,1
I21F,21,RuvC,2,7,0,0
I21L,21,RuvC,9,7,0,0
I21M,21,RuvC,7,7,0,0
I21N,21,RuvC,7,7,0,0
I21S,21,RuvC,9,7,0,0
I21T,21,RuvC,9,7,0,0
I21V,21,RuvC,2,7,0,0
I226F,226,REC,4,3,1,1
I226L,226,REC,7,3,1,1
I226M,226,REC,9,3,1,1
I226N,226,REC,8,3,1,1
I226S,226,REC,7,3,1,1
I226T,226,REC,8,3,1,1
I226V,226,REC,9,3,1,1
I242F,242,REC,1,5,1,1
I242L,242,REC,7,5,1,1
I242M,242,REC,8,5,1,1
I242N,242,REC,4,5,1,1
I242S,242,REC,9,5,1,1
I242T,242,REC,5,5,1,1
I242V,242,REC,3,5,1,1
I282F,282,REC,9,4,2,1
I282L,282,REC,4,4,2,1
I282M,282,REC,6,4,2,1
I282N,282,REC,5,4,2,1
I282S,282,REC,9,4,2,1
I282T,282,REC,8,4,2,1
I282V,282,REC,5,4,2,1
I300F,300,REC,6,8,2,1
I300L,300,REC,1,8,2,1
I300M,300,REC,5,8,2,1
I300N,300,REC,8,8,2,1
I300S,300,REC,4,8,2,1
I300T,300,REC,8,8,2,1
I300V,300,REC,9,8,2,1
I305F,305,REC,6,6,2,1
I305L,305,REC,9,6,2,1
I305M,305,REC,7,6,2,1
I305N,305,REC,6,6,2,1
I305S,305,REC,7,6,2,1
I305T,305,REC,3,6,2,1
I305V,305,REC,1,6,2,1
I312F,312,REC,3,9,2,1
I312L,312,REC,4,9,2,1
I312M,312,REC,0,9,2,1
I312N,312,REC,8,9,2,1
I312S,312,REC,9,9,2,1
I312T,312,REC,1,9,2,1
I312V,312,REC,2,9,2,1
I322F,322,REC,2,8,2,1
I322L,322,REC,7,8,2,1
I322M,322,REC,0,8,2,1
I322N,322,REC,5,8,2,1
I322S,322,REC,6,8,2,1
I322T,322,REC,9,8,2,1
I322V,322,REC,2,8,2,1
I350F,350,REC,0,2,2,1
I350L,350,REC,9,2,2,1
I350M,350,REC,0,2,2,1
I350N,350,REC,3,2,2,1
I350S,350,REC,6,2,2,1
I350T,350,REC,2,2,2,1
I350V,350,REC,1,2,2,1
I363F,363,REC,5,8,2,1
I363L,363,REC,0,8,2,1
I363M,363,REC,1,8,2,1
I363N,363,REC,3,8,2,1
I363S,363,REC,2,8,2,1
I363T,363,REC,3,8,2,1
I363V,363,REC,1,8,2,1
I376F,376,REC,4,7,2,1
I376L,376,REC,1,7,2,1
I376M,376,REC,0,7,2,1
I376N,376,REC,6,7,2,1
I376S,376,REC,9,7,2,1
I376T,376,REC,7,7,2,1
I376V,376,REC,2,7,2,1
I379F,379,REC,6,5,2,1
I379L,379,REC,0,5,2,1
I379M,379,REC,0,5,2,1
I379N,379,REC,5,5,2,1
I379S,379,REC,0,5,2,1
I379T,379,REC,7,5,2,1
I379V,379,REC,8,5,2,1
I410F,410,REC,1,8,2,1
I410L,410,REC,0,8,2,1
I410M,410,REC,5,8,2,1
I410N,410,REC,8,8,2,1
I410S,410,REC,9,8,2,1
I410T,410,REC,7,8,2,1
I410V,410,REC,6,8,2,1
I414F,414,REC,9,6,3,1
I414L,414,REC,7,6,3,1
I414M,414,REC,7,6,3,1
I414N,414,REC,4,6,3,1
I414S,414,REC,0,6,3,1
I414T,414,REC,9,6,3,1
I414V,414,REC,8,6,3,1
I422F,422,REC,1,0,3,1
I422L,422,REC,9,0,3,1
I422M,422,REC,0,0,3,1
I422N,422,REC,4,0,3,1
I422S,422,REC,6,0,3,1
I422T,422,REC,7,0,3,1
I422V,422,REC,6,0,3,1
I43F,43,RuvC,8,5,0,0
I43L,43,RuvC,9,5,0,0
I43M,43,RuvC,6,5,0,0
I43N,43,RuvC,5,5,0,0
I43S,43,RuvC,2,5,0,0
I43T,43,RuvC,2,5,0,0
I43V,43,RuvC,6,5,0,0
I440F,440,REC,3,6,3,1
I440L,440,REC,2,6,3,1
I440M,440,REC,4,6,3,1
I440N,440,REC,1,6,3,1
I440S,440,REC,4,6,3,1
I440T,440,REC,2,6,3,1
I440V,440,REC,1,6,3,1
I443F,443,REC,8,7,3,1
I443L,443,REC,0,7,3,1
I443M,443,REC,7,7,3,1
I443N,443,REC,6,7,3,1
I443S,443,REC,0,7,3,1
I443T,443,REC,3,7,3,1
I443V,443,REC,3,7,3,1
I448F,448,REC,8,6,3,1
I448L,448,REC,7,6,3,1
I448M,448,REC,8,6,3,1
I448N,448,REC,9,6,3,1
I448S,448,REC,1,6,3,1
I448T,448,REC,5,6,3,1
I448V,448,REC,1,6,3,1
I473F,473,REC,8,0,3,1
I473L,473,REC,3,0,3,1
I473M,473,REC,6,0,3,1
I473N,473,REC,8,0,3,1
I473S,473,REC,9,0,3,1
I473T,473,REC,7,0,3,1
I473V,473,REC,5,0,3,1
I48F,48,RuvC,5,3,0,0
I48L,48,RuvC,0,3,0,0
I48M,48,RuvC,4,3,0,0
I48N,48,RuvC,5,3,0,0
I48S,48,RuvC,5,3,0,0
I48T,48,RuvC,0,3,0,0
I48V,48,RuvC,7,3,0,0
I492F,492,REC,9,2,3,1
I492L,492,REC,3,2,3,1
I492M,492,REC,8,2,3,1
I492N,492,REC,9,2,3,1
I492S,492,REC,7,2,3,1
I492T,492,REC,6,2,3,1
I492V,492,REC,8,2,3,1
I548F,548,REC,3,9,3,1
I548L,548,REC,5,9,3,1
I548M,548,REC,1,9,3,1
I548N,548,REC,0,9,3,1
I548S,548,REC,7,9,3,1
I548T,548,REC,8,9,3,1
I548V,548,REC,6,9,3,1
I572F,572,REC,8,5,4,1
I572L,572,REC,7,5,4,1
I572M,572,REC,4,5,4,1
I572N,572,REC,3,5,4,1
I572S,572,REC,4,5,4,1
I572T,572,REC,1,5,4,1
I572V,572,REC,9,5,4,1
I580F,580,REC,7,7,4,1
I580L,580,REC,6,7,4,1
I580M,580,REC,0,7,4,1
I580N,580,REC,9,7,4,1
I580S,580,REC,7,7,4,1
I580T,580,REC,8,7,4,1
I580V,580,REC,4,7,4,1
I600F,600,REC,6,2,4,1
I600L,600,REC,0,2,4,1
I600M,600,REC,2,2,4,1
I600N,600,REC,2,2,4,1
I600S,600,REC,2,2,4,1
I600T,600,REC,6,2,4,1
I600V,600,REC,0,2,4,1
I601F,601,REC,6,8,4,1
I601L,601,REC,6,8,4,1
I601M,601,REC,1,8,4,1
I601N,601,REC,7,8,4,1
I601S,601,REC,9,8,4,1
I601T,601,REC,6,8,4,1
I601V,601,REC,6,8,4,1
I615F,615,REC,7,3,4,1
I615L,615,REC,5,3,4,1
I615M,615,REC,4,3,4,1
I615N,615,REC,2,3,4,1
I615S,615,REC,2,3,4,1
I615T,615,REC,4,3,4,1
I615V,615,REC,7,3,4,1
I619F,619,REC,8,7,4,1
I619L,619,REC,0,7,4,1
I619M,619,REC,7,7,4,1
I619N,619,REC,6,7,4,1
I619S,619,REC,8,7,4,1
I619T,619,REC,1,7,4,1
I619V,619,REC,8,7,4,1
I632F,632,REC,7,7,4,1
I632L,632,REC,6,7,4,1
I632M,632,REC,5,7,4,1
I632N,632,REC,1,7,4,1
I632S,632,REC,2,7,4,1
I632T,632,REC,2,7,4,1
I632V,632,REC,2,7,4,1
I667F,667,REC,0,7,4,1
I667L,667,REC,3,7,4,1
I667M,667,REC,4,7,4,1
I667N,667,REC,5,7,4,1
I667S,667,REC,5,7,4,1
I667T,667,REC,7,7,4,1
I667V,667,REC,0,7,4,1
I670F,670,REC,2,9,4,1
I670L,670,REC,9,9,4,1
I670M,670,REC,6,9,4,1
I670N,670,REC,5,9,4,1
I670S,670,REC,8,9,4,1
I670T,670,REC,5,9,4,1
I670V,670,REC,9,9,4,1
I679F,679,REC,3,1,4,1
I679L,679,REC,1,1,4,1
I679M,679,REC,1,1,4,1
I679N,679,REC,6,1,4,1
I679S,679,REC,8,1,4,1
I679T,679,REC,2,1,4,1
I679V,679,REC,5,1,4,1
I697F,697,REC,5,9,5,1
I697L,697,REC,8,9,5,1
I697M,697,REC,4,9,5,1
I697N,697,REC,7,9,5,1
I697S,697,REC,1,9,5,1
I697T,697,REC,4,9,5,1
I697V,697,REC,8,9,5,1
I708F,708,REC,4,0,5,1
I708L,708,REC,2,0,5,1
I708M,708,REC,0,0,5,1
I708N,708,REC,9,0,5,1
I708S,708,REC,6,0,5,1
I708T,708,REC,9,0,5,1
I708V,708,REC,4,0,5,1
I724F,724,RuvC,2,6,5,0
I724L,724,RuvC,7,6,5,0
I724M,724,RuvC,9,6,5,0
I724N,724,RuvC,2,6,5,0
I724S,724,RuvC,5,6,5,0
I724T,724,RuvC,1,6,5,0
I724V,724,RuvC,8,6,5,0
I733F,733,RuvC,3,1,5,0
I733L,733,RuvC,0,1,5,0
I733M,733,RuvC,5,1,5,0
I733N,733,RuvC,7,1,5,0
I733S,733,RuvC,9,1,5,0
I733T,733,RuvC,4,1,5,0
I733V,733,RuvC,7,1,5,0
I737F,737,RuvC,9,1,5,0
I737L,737,RuvC,3,1,5,0
I737M,737,RuvC,9,1,5,0
I737N,737,RuvC,1,1,5,0
I737S,737,RuvC,8,1,5,0
I737T,737,RuvC,9,1,5,0
I737V,737,RuvC,0,1,5,0
I759F,759,RuvC,6,9,5,0
I759L,759,RuvC,6,9,5,0
I759M,759,RuvC,1,9,5,0
I759N,759,RuvC,3,9,5,0
I759S,759,RuvC,2,9,5,0
I759T,759,RuvC,4,9,5,0
I759V,759,RuvC,3,9,5,0
I761F,761,RuvC,8,0,5,0
I761L,761,RuvC,6,0,5,0
I761M,761,RuvC,0,0,5,0
I761N,761,RuvC,2,0,5,0
I761S,761,RuvC,5,0,5,0
I761T,761,RuvC,5,0,5,0
I761V,761,RuvC,9,0,5,0
I784F,784,HNH,1,8,5,2
I784L,784,HNH,7,8,5,2
I784M,784,HNH,5,8,5,2
I784N,784,HNH,9,8,5,2
I784S,784,HNH,9,8,5,2
I784T,784,HNH,6,8,5,2
I784V,784,HNH,3,8,5,2
I788F,788,HNH,3,3,5,2
I788L,788,HNH,5,3,5,2
I788M,788,HNH,3,3,5,2
I788N,788,HNH,1,3,5,2
I788S,788,HNH,6,3,5,2
I788T,788,HNH,5,3,5,2
I788V,788,HNH,4,3,5,2
I795F,795,HNH,9,5,5,2
I795L,795,HNH,3,5,5,2
I795M,795,HNH,1,5,5,2
I795N,795,HNH,9,5,5,2
I795S,795,HNH,2,5,5,2
I795T,795,HNH,8,5,5,2
I795V,795,HNH,1,5,5,2
I79F,79,REC,7,4,0,1
I79L,79,REC,7,4,0,1
I79M,79,REC,1,4,0,1
I79N,79,REC,3,4,0,1
I79S,79,REC,5,4,0,1
I79T,79,REC,2,4,0,1
I79V,79,REC,4,4,0,1
I7F,7,RuvC,4,3,0,0
I7L,7,RuvC,3,3,0,0
I7M,7,RuvC,9,3,0,0
I7N,7,RuvC,5,3,0,0
I7S,7,RuvC,1,3,0,0
I7T,7,RuvC,0,3,0,0
I7V,7,RuvC,7,3,0,0
I830F,830,HNH,1,5,6,2
I830L,830,HNH,5,5,6,2
I830M,830,HNH,2,5,6,2
I830N,830,HNH,1,5,6,2
I830S,830,HNH,8,5,6,2
I830T,830,HNH,8,5,6,2
I830V,830,HNH,0,5,6,2
I841F,841,HNH,0,4,6,2
I841L,841,HNH,1,4,6,2
I841M,841,HNH,5,4,6,2
I841N,841,HNH,6,4,6,2
I841S,841,HNH,9,4,6,2
I841T,841,HNH,0,4,6,2
I841V,841,HNH,5,4,6,2
I852F,852,HNH,4,8,6,2
I852L,852,HNH,1,8,6,2
I852M,852,HNH,8,8,6,2
I852N,852,HNH,0,8,6,2
I852S,852,HNH,5,8,6,2
I852T,852,HNH,6,8,6,2
I852V,852,HNH,1,8,6,2
I85F,85,REC,5,6,0,1
I85L,85,REC,6,6,0,1
I85M,85,REC,0,6,0,1
I85N,85,REC,9,6,0,1
I85S,85,REC,4,6,0,1
I85T,85,REC,8,6,0,1
I85V,85,REC,9,6,0,1
I892F,892,HNH,8,8,6,2
I892L,892,HNH,6,8,6,2
I892M,892,HNH,4,8,6,2
I892N,892,HNH,7,8,6,2
I892S,892,HNH,6,8,6,2
I892T,892,HNH,7,8,6,2
I892V,892,HNH,0,8,6,2
I917F,917,RuvC,5,7,6,0
I917L,917,RuvC,1,7,6,0
I917M,917,RuvC,6,7,6,0
I917N,917,RuvC,3,7,6,0
I917S,917,RuvC,8,7,6,0
I917T,917,RuvC,1,7,6,0
I917V,917,RuvC,8,7,6,0
I927F,927,RuvC,5,5,6,0
I927L,927,RuvC,3,5,6,0
I927M,927,RuvC,1,5,6,0
I927N,927,RuvC,7,5,6,0
I927S,927,RuvC,1,5,6,0
I927T,927,RuvC,1,5,6,0
I927V,927,RuvC,3,5,6,0
I934F,934,RuvC,6,1,6,0
I934L,934,RuvC,9,1,6,0
I934M,934,RuvC,4,1,6,0
I934N,934,RuvC,4,1,6,0
I934S,934,RuvC,5,1,6,0
I934T,934,RuvC,7,1,6,0
I934V,934,RuvC,6,1,6,0
I950F,950,RuvC,2,8,6,0
I950L,950,RuvC,2,8,6,0
I950M,950,RuvC,1,8,6,0
I950N,950,RuvC,4,8,6,0
I950S,950,RuvC,8,8,6,0
I950T,950,RuvC,3,8,6,0
I950V,950,RuvC,0,8,6,0
I956F,956,RuvC,4,9,6,0
I956L,956,RuvC,3,9,6,0
I956M,956,RuvC,2,9,6,0
I956N,956,RuvC,3,9,6,0
I956S,956,RuvC,1,9,6,0
I956T,956,RuvC,1,9,6,0
I956V,956,RuvC,3,9,6,0
I978F,978,RuvC,4,6,7,0
I978L,978,RuvC,0,6,7,0
I978M,978,RuvC,8,6,7,0
I978N,978,RuvC,6,6,7,0
I978S,978,RuvC,4,6,7,0
I978T,978,RuvC,8,6,7,0
I978V,978,RuvC,0,6,7,0
I998F,998,RuvC,9,5,7,0
I998L,998,RuvC,9,5,7,0
I998M,998,RuvC,3,5,7,0
I998N,998,RuvC,3,5,7,0
I998S,998,RuvC,4,5,7,0
I998T,998,RuvC,2,5,7,0
I998V,998,RuvC,1,5,7,0
K1000E,1000,RuvC,6,7,7,0
K1000I,1000,RuvC,5,7,7,0
K1000N,1000,RuvC,9,7,7,0
K1000Q,1000,RuvC,9,7,7,0
K1000R,1000,RuvC,6,7,7,0
K1000T,1000,RuvC,5,7,7,0
K1003E,1003,RuvC,8,3,7,0
K1003I,1003,RuvC,8,3,7,0
K1003N,1003,RuvC,1,3,7,0
K1003Q,1003,RuvC,2,3,7,0
K1003R,1003,RuvC,0,3,7,0
K1003T,1003,RuvC,2,3,7,0
K1014E,1014,RuvC,6,6,7,0
K1014M,1014,RuvC,2,6,7,0
K1014N,1014,RuvC,8,6,7,0
K1014Q,1014,RuvC,8,6,7,0
K1014R,1014,RuvC,1,6,7,0
K1014T,1014,RuvC,9,6,7,0
K1020E,1020,RuvC,5,2,7,0
K1020I,1020,RuvC,6,2,7,0
K1020N,1020,RuvC,7,2,7,0
K1020Q,1020,RuvC,4,2,7,0
K1020R,1020,RuvC,3,2,7,0
K1020T,1020,RuvC,2,2,7,0
K1024E,1024,RuvC,7,5,7,0
K1024M,1024,RuvC,4,5,7,0
K1024N,1024,RuvC,0,5,7,0
K1024Q,1024,RuvC,8,5,7,0
K1024R,1024,RuvC,1,5,7,0
K1024T,1024,RuvC,0,5,7,0
K1031E,1031,RuvC,1,0,7,0
K1031I,1031,RuvC,0,0,7,0
K1031N,1031,RuvC,1,0,7,0
K1031Q,1031,RuvC,0,0,7,0
K1031R,1031,RuvC,1,0,7,0
K1031T,1031,RuvC,5,0,7,0
K1035E,1035,RuvC,9,0,7,0
K1035M,1035,RuvC,7,0,7,0
K1035N,1035,RuvC,9,0,7,0
K1035Q,1035,RuvC,5,0,7,0
K1035R,1035,RuvC,4,0,7,0
K1035T,1035,RuvC,5,0,7,0
K1047E,1047,RuvC,8,6,7,0
K1047M,1047,RuvC,3,6,7,0
K1047N,1047,RuvC,2,6,7,0
K1047Q,1047,RuvC,0,6,7,0
K1047R,1047,RuvC,7,6,7,0
K1047T,1047,RuvC,3,6,7,0
K1059E,1059,RuvC,5,8,7,0
K1059M,1059,RuvC,5,8,7,0
K1059N,1059,RuvC,9,8,7,0
K1059Q,1059,RuvC,5,8,7,0
K1059R,1059,RuvC,4,8,7,0
K1059T,1059,RuvC,5,8,7,0
K1076E,1076,RuvC,8,2,7,0
K1076I,1076,RuvC,3,2,7,0
K1076N,1076,RuvC,0,2,7,0
K1076Q,1076,RuvC,0,2,7,0
K1076R,1076,RuvC,1,2,7,0
K1076T,1076,RuvC,6,2,7,0
K1085E,1085,RuvC,7,0,7,0
K1085M,1085,RuvC,6,0,7,0
K1085N,1085,RuvC,7,0,7,0
K1085Q,1085,RuvC,4,0,7,0
K1085R,1085,RuvC,5,0,7,0
K1085T,1085,RuvC,2,0,7,0
K1096E,1096,RuvC,6,0,7,0
K1096M,1096,RuvC,6,0,7,0
K1096N,1096,RuvC,1,0,7,0
K1096Q,1096,RuvC,8,0,7,0
K1096R,1096,RuvC,0,0,7,0
K1096T,1096,RuvC,6,0,7,0
K1097E,1097,RuvC,8,1,8,0
K1097I,1097,RuvC,6,1,8,0
K1097N,1097,RuvC,0,1,8,0
K1097Q,1097,RuvC,2,1,8,0
K1097R,1097,RuvC,2,1,8,0
K1097T,1097,RuvC,8,1,8,0
K1107E,1107,PI,4,6,8,3
K1107M,1107,PI,9,6,8,3
K1107N,1107,PI,1,6,8,3
K1107Q,1107,PI,5,6,8,3
K1107R,1107,PI,5,6,8,3
K1107T,1107,PI,4,6,8,3
K1113E,1113,PI,4,0,8,3
K1113I,1113,PI,4,0,8,3
K1113N,1113,PI,7,0,8,3
K1113Q,1113,PI,3,0,8,3
K1113R,1113,PI,6,0,8,3
K1113T,1113,PI,6,0,8,3
K1118E,1118,PI,9,7,8,3
K1118M,1118,PI,4,7,8,3
K1118N,1118,PI,8,7,8,3
K1118Q,1118,PI,8,7,8,3
K1118R,1118,PI,6,7,8,3
K1118T,1118,PI,7,7,8,3
K111E,111,REC,1,1,0,1
K111M,111,REC,8,1,0,1
K111N,111,REC,2,1,0,1
K111Q,111,REC,5,1,0,1
K111R,111,REC,5,1,0,1
K111T,111,REC,9,1,0,1
K1123E,1123,PI,8,7,8,3
K1123M,1123,PI,0,7,8,3
K1123N,1123,PI,6,7,8,3
K1123Q,1123,PI,8,7,8,3
K1123R,1123,PI,1,7,8,3
K1123T,1123,PI,6,7,8,3
K1124E,1124,PI,4,7,8,3
K1124I,1124,PI,1,7,8,3
K1124N,1124,PI,5,7,8,3
K1124Q,1124,PI,1,7,8,3
K1124R,1124,PI,1,7,8,3
K1124T,1124,PI,1,7,8,3
K1129E,1129,PI,9,9,8,3
K1129M,1129,PI,2,9,8,3
K1129N,1129,PI,5,9,8,3
K1129Q,1129,PI,2,9,8,3
K1129R,1129,PI,8,9,8,3
K1129T,1129,PI,4,9,8,3
K112E,112,REC,7,5,0,1
K112I,112,REC,9,5,0,1
K112N,112,REC,6,5,0,1
K112Q,112,REC,7,5,0,1
K112R,112,REC,3,5,0,1
K112T,112,REC,6,5,0,1
K1130E,1130,PI,7,3,8,3
K1130I,1130,PI,5,3,8,3
K1130N,1130,PI,3,3,8,3
K1130Q,1130,PI,3,3,8,3
K1130R,1130,PI,6,3,8,3
K1130T,1130,PI,8,3,8,3
K1148E,1148,PI,2,4,8,3
K1148M,1148,PI,2,4,8,3
K1148N,1148,PI,9,4,8,3
K1148Q,1148,PI,4,4,8,3
K1148R,1148,PI,9,4,8,3
K1148T,1148,PI,6,4,8,3
K1151E,1151,PI,9,3,8,3
K1151M,1151,PI,8,3,8,3
K1151N,1151,PI,1,3,8,3
K1151Q,1151,PI,8,3,8,3
K1151R,1151,PI,8,3,8,3
K1151T,1151,PI,5,3,8,3
K1153E,1153,PI,7,4,8,3
K1153I,1153,PI,1,4,8,3
K1153N,1153,PI,2,4,8,3
K1153Q,1153,PI,5,4,8,3
K1153R,1153,PI,0,4,8,3
K1153T,1153,PI,0,4,8,3
K1155E,1155,PI,5,8,8,3
K1155M,1155,PI,1,8,8,3
K1155N,1155,PI,9,8,8,3
K1155Q,1155,PI,3,8,8,3
K1155R,1155,PI,1,8,8,3
K1155T,1155,PI,4,8,8,3
K1156E,1156,PI,2,4,8,3
K1156I,1156,PI,0,4,8,3
K1156N,1156,PI,0,4,8,3
K1156Q,1156,PI,4,4,8,3
K1156R,1156,PI,7,4,8,3
K1156T,1156,PI,8,4,8,3
K1158E,1158,PI,4,7,8,3
K1158I,1158,PI,4,7,8,3
K1158N,1158,PI,1,7,8,3
K1158Q,1158,PI,9,7,8,3
K1158R,1158,PI,2,7,8,3
K1158T,1158,PI,6,7,8,3
K1161E,1161,PI,9,7,8,3
K1161M,1161,PI,9,7,8,3
K1161N,1161,PI,8,7,8,3
K1161Q,1161,PI,6,7,8,3
K1161R,1161,PI,3,7,8,3
K1161T,1161,PI,5,7,8,3
K1176E,1176,PI,2,3,8,3
K1176M,1176,PI,6,3,8,3
K1176N,1176,PI,1,3,8,3
K1176Q,1176,PI,9,3,8,3
K1176R,1176,PI,6,3,8,3
K1176T,1176,PI,5,3,8,3
K1185E,1185,PI,6,6,8,3
K1185I,1185,PI,1,6,8,3
K1185N,1185,PI,5,6,8,3
K1185Q,1185,PI,9,6,8,3
K1185R,1185,PI,0,6,8,3
K1185T,1185,PI,9,6,8,3
K1188E,1188,PI,8,9,8,3
K1188M,1188,PI,6,9,8,3
K1188N,1188,PI,4,9,8,3
K1188Q,1188,PI,2,9,8,3
K1188R,1188,PI,8,9,8,3
K1188T,1188,PI,7,9,8,3
K1191E,1191,PI,6,0,8,3
K1191M,1191,PI,9,0,8,3
K1191N,1191,PI,2,0,8,3
K1191Q,1191,PI,0,0,8,3
K1191R,1191,PI,2,0,8,3
K1191T,1191,PI,6,0,8,3
K1192E,1192,PI,5,5,8,3
K1192I,1192,PI,6,5,8,3
K1192N,1192,PI,0,5,8,3
K1192Q,1192,PI,6,5,8,3
K1192R,1192,PI,4,5,8,3
K1192T,1192,PI,7,5,8,3
K1197E,1197,PI,5,7,8,3
K1197M,1197,PI,1,7,8,3
K1197N,1197,PI,7,7,8,3
K1197Q,1197,PI,5,7,8,3
K1197R,1197,PI,1,7,8,3
K1197T,1197,PI,3,7,8,3
K1200E,1200,PI,3,0,8,3
K1200M,1200,PI,0,0,8,3
K1200N,1200,PI,3,0,8,3
K1200Q,1200,PI,5,0,8,3
K1200R,1200,PI,0,0,8,3
K1200T,1200,PI,2,0,8,3
K1211E,1211,PI,2,2,8,3
K1211M,1211,PI,9,2,8,3
K1211N,1211,PI,4,2,8,3
K1211Q,1211,PI,8,2,8,3
K1211R,1211,PI,1,2,8,3
K1211T,1211,PI,9,2,8,3
K1222E,1222,PI,8,0,8,3
K1222I,1222,PI,7,0,8,3
K1222N,1222,PI,8,0,8,3
K1222Q,1222,PI,1,0,8,3
K1222R,1222,PI,6,0,8,3
K1222T,1222,PI,8,0,8,3
K1231E,1231,PI,0,0,8,3
K1231M,1231,PI,7,0,8,3
K1231N,1231,PI,8,0,8,3
K1231Q,1231,PI,6,0,8,3
K1231R,1231,PI,5,0,8,3
K1231T,1231,PI,4,0,8,3
K1244E,1244,PI,5,7,9,3
K1244M,1244,PI,4,7,9,3
K1244N,1244,PI,8,7,9,3
K1244Q,1244,PI,7,7,9,3
K1244R,1244,PI,6,7,9,3
K1244T,1244,PI,0,7,9,3
K1246E,1246,PI,7,0,9,3
K1246I,1246,PI,8,0,9,3
K1246N,1246,PI,2,0,9,3
K1246Q,1246,PI,6,0,9,3
K1246R,1246,PI,9,0,9,3
K1246T,1246,PI,1,0,9,3
K1255E,1255,PI,6,4,9,3
K1255I,1255,PI,3,4,9,3
K1255N,1255,PI,3,4,9,3
K1255Q,1255,PI,8,4,9,3
K1255R,1255,PI,3,4,9,3
K1255T,1255,PI,0,4,9,3
K1263E,1263,PI,4,5,9,3
K1263M,1263,PI,5,5,9,3
K1263N,1263,PI,1,5,9,3
K1263Q,1263,PI,1,5,9,3
K1263R,1263,PI,2,5,9,3
K1263T,1263,PI,7,5,9,3
K1278E,1278,PI,4,1,9,3
K1278I,1278,PI,4,1,9,3
K1278N,1278,PI,4,1,9,3
K1278Q,1278,PI,3,1,9,3
K1278R,1278,PI,4,1,9,3
K1278T,1278,PI,1,1,9,3
K1289E,1289,PI,2,2,9,3
K1289M,1289,PI,6,2,9,3
K1289N,1289,PI,2,2,9,3
K1289Q,1289,PI,5,2,9,3
K1289R,1289,PI,5,2,9,3
K1289T,1289,PI,0,2,9,3
K1296E,1296,PI,3,3,9,3
K1296I,1296,PI,5,3,9,3
K1296N,1296,PI,3,3,9,3
K1296Q,1296,PI,8,3,9,3
K1296R,1296,PI,1,3,9,3
K1296T,1296,PI,3,3,9,3
K1300E,1300,PI,0,8,9,3
K1300M,1300,PI,6,8,9,3
K1300N,1300,PI,2,8,9,3
K1300Q,1300,PI,7,8,9,3
K1300R,1300,PI,6,8,9,3
K1300T,1300,PI,3,8,9,3
K131E,131,REC,8,6,0,1
K131M,131,REC,3,6,0,1
K131N,131,REC,9,6,0,1
K131Q,131,REC,8,6,0,1
K131R,131,REC,8,6,0,1
K131T,131,REC,0,6,0,1
K1325E,1325,PI,6,7,9,3
K1325M,1325,PI,0,7,9,3
K1325N,1325,PI,9,7,9,3
K1325Q,1325,PI,5,7,9,3
K1325R,1325,PI,8,7,9,3
K1325T,1325,PI,9,7,9,3
K1334E,1334,PI,3,6,9,3
K1334I,1334,PI,8,6,9,3
K1334N,1334,PI,8,6,9,3
K1334Q,1334,PI,1,6,9,3
K1334R,1334,PI,6,6,9,3
K1334T,1334,PI,6,6,9,3
K1340E,1340,PI,7,2,9,3
K1340M,1340,PI,2,2,9,3
K1340N,1340,PI,3,2,9,3
K1340Q,1340,PI,0,2,9,3
K1340R,1340,PI,0,2,9,3
K1340T,1340,PI,3,2,9,3
K140E,140,REC,9,6,1,1
K140M,140,REC,5,6,1,1
K140N,140,REC,8,6,1,1
K140Q,140,REC,8,6,1,1
K140R,140,REC,5,6,1,1
K140T,140,REC,6,6,1,1
K141E,141,REC,8,2,1,1
K141I,141,REC,0,2,1,1
K141N,141,REC,4,2,1,1
K141Q,141,REC,0,2,1,1
K141R,141,REC,2,2,1,1
K141T,141,REC,4,2,1,1
K148E,148,REC,1,7,1,1
K148I,148,REC,9,7,1,1
K148N,148,REC,5,7,1,1
K148Q,148,REC,3,7,1,1
K148R,148,REC,9,7,1,1
K148T,148,REC,9,7,1,1
K163E,163,REC,4,4,1,1
K163M,163,REC,8,4,1,1
K163N,163,REC,0,4,1,1
K163Q,163,REC,5,4,1,1
K163R,163,REC,0,4,1,1
K163T,163,REC,8,4,1,1
K183E,183,REC,6,6,1,1
K183M,183,REC,9,6,1,1
K183N,183,REC,5,6,1,1
K183Q,183,REC,6,6,1,1
K183R,183,REC,2,6,1,1
K183T,183,REC,5,6,1,1
K209E,209,REC,9,2,1,1
K209I,209,REC,5,2,1,1
K209N,209,REC,9,2,1,1
K209Q,209,REC,7,2,1,1
K209R,209,REC,0,2,1,1
K209T,209,REC,0,2,1,1
K218E,218,REC,1,8,1,1
K218M,218,REC,9,8,1,1
K218N,218,REC,5,8,1,1
K218Q,218,REC,3,8,1,1
K218R,218,REC,6,8,1,1
K218T,218,REC,5,8,1,1
K233E,233,REC,2,9,1,1
K233M,233,REC,4,9,1,1
K233N,233,REC,8,9,1,1
K233Q,233,REC,0,9,1,1
K233R,233,REC,2,9,1,1
K233T,233,REC,7,9,1,1
K234E,234,REC,6,2,1,1
K234I,234,REC,9,2,1,1
K234N,234,REC,9,2,1,1
K234Q,234,REC,1,2,1,1
K234R,234,REC,9,2,1,1
K234T,234,REC,2,2,1,1
K253E,253,REC,2,6,1,1
K253M,253,REC,1,6,1,1
K253N,253,REC,6,6,1,1
K253Q,253,REC,9,6,1,1
K253R,253,REC,1,6,1,1
K253T,253,REC,5,6,1,1
K263E,263,REC,0,5,1,1
K263I,263,REC,7,5,1,1
K263N,263,REC,5,5,1,1
K263Q,263,REC,9,5,1,1
K263R,263,REC,6,5,1,1
K263T,263,REC,1,5,1,1
K268E,268,REC,3,0,1,1
K268M,268,REC,6,0,1,1
K268N,268,REC,0,0,1,1
K268Q,268,REC,3,0,1,1
K268R,268,REC,9,0,1,1
K268T,268,REC,8,0,1,1
K26E,26,RuvC,9,8,0,0
K26I,26,RuvC,6,8,0,0
K26N,26,RuvC,4,8,0,0
K26Q,26,RuvC,6,8,0,0
K26R,26,RuvC,4,8,0,0
K26T,26,RuvC,8,8,0,0
K294E,294,REC,8,0,2,1
K294M,294,REC,8,0,2,1
K294N,294,REC,8,0,2,1
K294Q,294,REC,2,0,2,1
K294R,294,REC,6,0,2,1
K294T,294,REC,8,0,2,1
K30E,30,RuvC,7,7,0,0
K30M,30,RuvC,4,7,0,0
K30N,30,RuvC,0,7,0,0
K30Q,30,RuvC,1,7,0,0
K30R,30,RuvC,7,7,0,0
K30T,30,RuvC,8,7,0,0
K314E,314,REC,2,8,2,1
K314I,314,REC,1,8,2,1
K314N,314,REC,0,8,2,1
K314Q,314,REC,4,8,2,1
K314R,314,REC,2,8,2,1
K314T,314,REC,3,8,2,1
K31E,31,RuvC,9,5,0,0
K31M,31,RuvC,8,5,0,0
K31N,31,RuvC,5,5,0,0
K31Q,31,RuvC,2,5,0,0
K31R,31,RuvC,4,5,0,0
K31T,31,RuvC,7,5,0,0
K323E,323,REC,6,0,2,1
K323M,323,REC,4,0,2,1
K323N,323,REC,2,0,2,1
K323Q,323,REC,2,0,2,1
K323R,323,REC,8,0,2,1
K323T,323,REC,5,0,2,1
K336E,336,REC,5,1,2,1
K336M,336,REC,4,1,2,1
K336N,336,REC,4,1,2,1
K336Q,336,REC,2,1,2,1
K336R,336,REC,6,1,2,1
K336T,336,REC,6,1,2,1
K33E,33,RuvC,9,6,0,0
K33M,33,RuvC,5,6,0,0
K33N,33,RuvC,7,6,0,0
K33Q,33,RuvC,0,6,0,0
K33R,33,RuvC,7,6,0,0
K33T,33,RuvC,8,6,0,0
K346E,346,REC,4,5,2,1
K346M,346,REC,4,5,2,1
K346N,346,REC,1,5,2,1
K346Q,346,REC,9,5,2,1
K346R,346,REC,3,5,2,1
K346T,346,REC,4,5,2,1
K348E,348,REC,2,7,2,1
K348I,348,REC,6,7,2,1
K348N,348,REC,9,7,2,1
K348Q,348,REC,0,7,2,1
K348R,348,REC,9,7,2,1
K348T,348,REC,0,7,2,1
K356E,356,REC,0,0,2,1
K356M,356,REC,9,0,2,1
K356N,356,REC,1,0,2,1
K356Q,356,REC,2,0,2,1
K356R,356,REC,8,0,2,1
K356T,356,REC,9,0,2,1
K374E,374,REC,9,1,2,1
K374M,374,REC,9,1,2,1
K374N,374,REC,4,1,2,1
K374Q,374,REC,3,1,2,1
K374R,374,REC,6,1,2,1
K374T,374,REC,7,1,2,1
K377E,377,REC,7,3,2,1
K377I,377,REC,9,3,2,1
K377N,377,REC,7,3,2,1
K377Q,377,REC,6,3,2,1
K377R,377,REC,6,3,2,1
K377T,377,REC,1,3,2,1
K382E,382,REC,4,2,2,1
K382M,382,REC,8,2,2,1
K382N,382,REC,3,2,2,1
K382Q,382,REC,7,2,2,1
K382R,382,REC,7,2,2,1
K382T,382,REC,8,2,2,1
K392E,392,REC,6,5,2,1
K392I,392,REC,7,5,2,1
K392N,392,REC,6,5,2,1
K392Q,392,REC,7,5,2,1
K392R,392,REC,4,5,2,1
K392T,392,REC,5,5,2,1
K3E,3,RuvC,4,5,0,0
K3I,3,RuvC,1,5,0,0
K3N,3,RuvC,1,5,0,0
K3Q,3,RuvC,9,5,0,0
K3R,3,RuvC,3,5,0,0
K3T,3,RuvC,9,5,0,0
K401E,401,REC,4,5,2,1
K401M,401,REC,9,5,2,1
K401N,401,REC,1,5,2,1
K401Q,401,REC,2,5,2,1
K401R,401,REC,6,5,2,1
K401T,401,REC,7,5,2,1
K434E,434,REC,2,7,3,1
K434M,434,REC,3,7,3,1
K434N,434,REC,6,7,3,1
K434Q,434,REC,7,7,3,1
K434R,434,REC,9,7,3,1
K434T,434,REC,0,7,3,1
K439E,439,REC,9,4,3,1
K439M,439,REC,0,4,3,1
K439N,439,REC,5,4,3,1
K439Q,439,REC,9,4,3,1
K439R,439,REC,5,4,3,1
K439T,439,REC,6,4,3,1
K442E,442,REC,5,6,3,1
K442I,442,REC,0,6,3,1
K442N,442,REC,4,6,3,1
K442Q,442,REC,3,6,3,1
K442R,442,REC,3,6,3,1
K442T,442,REC,0,6,3,1
K44E,44,RuvC,3,8,0,0
K44M,44,RuvC,4,8,0,0
K44N,44,RuvC,9,8,0,0
K44Q,44,RuvC,3,8,0,0
K44R,44,RuvC,2,8,0,0
K44T,44,RuvC,5,8,0,0
K45E,45,RuvC,3,7,0,0
K45I,45,RuvC,3,7,0,0
K45N,45,RuvC,0,7,0,0
K45Q,45,RuvC,9,7,0,0
K45R,45,RuvC,7,7,0,0
K45T,45,RuvC,6,7,0,0
K468E,468,REC,4,6,3,1
K468I,468,REC,6,6,3,1
K468N,468,REC,4,6,3,1
K468Q,468,REC,2,6,3,1
K468R,468,REC,0,6,3,1
K468T,468,REC,9,6,3,1
K484E,484,REC,2,0,3,1
K484M,484,REC,6,0,3,1
K484N,484,REC,5,0,3,1
K484Q,484,REC,9,0,3,1
K484R,484,REC,3,0,3,1
K484T,484,REC,4,0,3,1
K4E,4,RuvC,7,2,0,0
K4I,4,RuvC,0,2,0,0
K4N,4,RuvC,6,2,0,0
K4Q,4,RuvC,5,2,0,0
K4R,4,RuvC,9,2,0,0
K4T,4,RuvC,8,2,0,0
K500E,500,REC,4,1,3,1
K500M,500,REC,7,1,3,1
K500N,500,REC,7,1,3,1
K500Q,500,REC,2,1,3,1
K500R,500,REC,1,1,3,1
K500T,500,REC,8,1,3,1
K506E,506,REC,2,7,3,1
K506I,506,REC,5,7,3,1
K506N,506,REC,9,7,3,1
K506Q,506,REC,8,7,3,1
K506R,506,REC,3,7,3,1
K506T,506,REC,2,7,3,1
K510E,510,REC,4,0,3,1
K510M,510,REC,0,0,3,1
K510N,510,REC,8,0,3,1
K510Q,510,REC,7,0,3,1
K510R,510,REC,8,0,3,1
K510T,510,REC,2,0,3,1
K526E,526,REC,8,6,3,1
K526M,526,REC,5,6,3,1
K526N,526,REC,9,6,3,1
K526Q,526,REC,3,6,3,1
K526R,526,REC,0,6,3,1
K526T,526,REC,6,6,3,1
K528E,528,REC,2,4,3,1
K528I,528,REC,8,4,3,1
K528N,528,REC,8,4,3,1
K528Q,528,REC,2,4,3,1
K528R,528,REC,0,4,3,1
K528T,528,REC,2,4,3,1
K536E,536,REC,6,9,3,1
K536M,536,REC,0,9,3,1
K536N,536,REC,8,9,3,1
K536Q,536,REC,9,9,3,1
K536R,536,REC,1,9,3,1
K536T,536,REC,5,9,3,1
K545E,545,REC,8,9,3,1
K545M,545,REC,0,9,3,1
K545N,545,REC,7,9,3,1
K545Q,545,REC,8,9,3,1
K545R,545,REC,3,9,3,1
K545T,545,REC,9,9,3,1
K546E,546,REC,3,3,3,1
K546I,546,REC,5,3,3,1
K546N,546,REC,2,3,3,1
K546Q,546,REC,8,3,3,1
K546R,546,REC,5,3,3,1
K546T,546,REC,0,3,3,1
K554E,554,REC,0,5,4,1
K554I,554,REC,1,5,4,1
K554N,554,REC,4,5,4,1
K554Q,554,REC,0,5,4,1
K554R,554,REC,3,5,4,1
K554T,554,REC,8,5,4,1
K558E,558,REC,3,6,4,1
K558M,558,REC,2,6,4,1
K558N,558,REC,6,6,4,1
K558Q,558,REC,9,6,4,1
K558R,558,REC,0,6,4,1
K558T,558,REC,0,6,4,1
K562E,562,REC,2,3,4,1
K562M,562,REC,9,3,4,1
K562N,562,REC,7,3,4,1
K562Q,562,REC,9,3,4,1
K562R,562,REC,0,3,4,1
K562T,562,REC,8,3,4,1
K565E,565,REC,4,7,4,1
K565I,565,REC,8,7,4,1
K565N,565,REC,7,7,4,1
K565Q,565,REC,3,7,4,1
K565R,565,REC,7,7,4,1
K565T,565,REC,8,7,4,1
K570E,570,REC,4,1,4,1
K570M,570,REC,2,1,4,1
K570N,570,REC,9,1,4,1
K570Q,570,REC,4,1,4,1
K570R,570,REC,2,1,4,1
K570T,570,REC,3,1,4,1
K571E,571,REC,3,4,4,1
K571I,571,REC,8,4,4,1
K571N,571,REC,3,4,4,1
K571Q,571,REC,3,4,4,1
K571R,571,REC,9,4,4,1
K571T,571,REC,4,4,4,1
K599E,599,REC,2,1,4,1
K599M,599,REC,7,1,4,1
K599N,599,REC,8,1,4,1
K599Q,599,REC,1,1,4,1
K599R,599,REC,1,1,4,1
K599T,599,REC,3,1,4,1
K602E,602,REC,7,4,4,1
K602M,602,REC,7,4,4,1
K602N,602,REC,7,4,4,1
K602Q,602,REC,2,4,4,1
K602R,602,REC,5,4,4,1
K602T,602,REC,9,4,4,1
K604E,604,REC,5,3,4,1
K604I,604,REC,2,3,4,1
K604N,604,REC,1,3,4,1
K604Q,604,REC,0,3,4,1
K604R,604,REC,3,3,4,1
K604T,604,REC,2,3,4,1
K637E,637,REC,4,8,4,1
K637M,637,REC,6,8,4,1
K637N,637,REC,2,8,4,1
K637Q,637,REC,3,8,4,1
K637R,637,REC,4,8,4,1
K637T,637,REC,3,8,4,1
K646E,646,REC,9,5,4,1
K646I,646,REC,3,5,4,1
K646N,646,REC,4,5,4,1
K646Q,646,REC,9,5,4,1
K646R,646,REC,8,5,4,1
K646T,646,REC,2,5,4,1
K649E,649,REC,0,8,4,1
K649I,649,REC,7,8,4,1
K649N,649,REC,8,8,4,1
K649Q,649,REC,8,8,4,1
K649R,649,REC,6,8,4,1
K649T,649,REC,8,8,4,1
K652E,652,REC,7,2,4,1
K652M,652,REC,5,2,4,1
K652N,652,REC,9,2,4,1
K652Q,652,REC,0,2,4,1
K652R,652,REC,8,2,4,1
K652T,652,REC,8,2,4,1
K65E,65,REC,5,9,0,1
K65I,65,REC,7,9,0,1
K65N,65,REC,7,9,0,1
K65Q,65,REC,9,9,0,1
K65R,65,REC,0,9,0,1
K65T,65,REC,8,9,0,1
K665E,665,REC,4,4,4,1
K665M,665,REC,3,4,4,1
K665N,665,REC,8,4,4,1
K665Q,665,REC,2,4,4,1
K665R,665,REC,2,4,4,1
K665T,665,REC,2,4,4,1
K673E,673,REC,3,4,4,1
K673I,673,REC,8,4,4,1
K673N,673,REC,2,4,4,1
K673Q,673,REC,3,4,4,1
K673R,673,REC,6,4,4,1
K673T,673,REC,1,4,4,1
K677E,677,REC,9,9,4,1
K677M,677,REC,0,9,4,1
K677N,677,REC,8,9,4,1
K677Q,677,REC,0,9,4,1
K677R,677,REC,4,9,4,1
K677T,677,REC,7,9,4,1
K684E,684,REC,4,5,4,1
K684I,684,REC,0,5,4,1
K684N,684,REC,3,5,4,1
K684Q,684,REC,9,5,4,1
K684R,684,REC,0,5,4,1
K684T,684,REC,0,5,4,1
K705E,705,REC,9,3,5,1
K705I,705,REC,8,3,5,1
K705N,705,REC,3,3,5,1
K705Q,705,REC,2,3,5,1
K705R,705,REC,1,3,5,1
K705T,705,REC,4,3,5,1
K710E,710,REC,8,0,5,1
K710M,710,REC,9,0,5,1
K710N,710,REC,0,0,5,1
K710Q,710,REC,6,0,5,1
K710R,710,REC,7,0,5,1
K710T,710,REC,5,0,5,1
K734E,734,RuvC,2,4,5,0
K734M,734,RuvC,3,4,5,0
K734N,734,RuvC,4,4,5,0
K734Q,734,RuvC,6,4,5,0
K734R,734,RuvC,7,4,5,0
K734T,734,RuvC,4,4,5,0
K735E,735,RuvC,8,2,5,0
K735I,735,RuvC,1,2,5,0
K735N,735,RuvC,5,2,5,0
K735Q,735,RuvC,0,2,5,0
K735R,735,RuvC,2,2,5,0
K735T,735,RuvC,6,2,5,0
K742E,742,RuvC,7,0,5,0
K742M,742,RuvC,0,0,5,0
K742N,742,RuvC,8,0,5,0
K742Q,742,RuvC,7,0,5,0
K742R,742,RuvC,9,0,5,0
K742T,742,RuvC,3,0,5,0
K749E,749,RuvC,0,1,5,0
K749I,749,RuvC,5,1,5,0
K749N,749,RuvC,9,1,5,0
K749Q,749,RuvC,3,1,5,0
K749R,749,RuvC,1,1,5,0
K749T,749,RuvC,4,1,5,0
K755E,755,RuvC,4,3,5,0
K755M,755,RuvC,1,3,5,0
K755N,755,RuvC,0,3,5,0
K755Q,755,RuvC,9,3,5,0
K755R,755,RuvC,1,3,5,0
K755T,755,RuvC,3,3,5,0
K76E,76,REC,6,3,0,1
K76M,76,REC,5,3,0,1
K76N,76,REC,0,3,0,1
K76Q,76,REC,7,3,0,1
K76R,76,REC,9,3,0,1
K76T,76,REC,4,3,0,1
K772E,772,RuvC,5,3,5,0
K772I,772,RuvC,2,3,5,0
K772N,772,RuvC,3,3,5,0
K772Q,772,RuvC,4,3,5,0
K772R,772,RuvC,4,3,5,0
K772T,772,RuvC,2,3,5,0
K775E,775,HNH,7,4,5,2
K775M,775,HNH,9,4,5,2
K775N,775,HNH,5,4,5,2
K775Q,775,HNH,5,4,5,2
K775R,775,HNH,3,4,5,2
K775T,775,HNH,8,4,5,2
K782E,782,HNH,5,3,5,2
K782I,782,HNH,9,3,5,2
K782N,782,HNH,2,3,5,2
K782Q,782,HNH,3,3,5,2
K782R,782,HNH,4,3,5,2
K782T,782,HNH,9,3,5,2
K789E,789,HNH,8,7,5,2
K789M,789,HNH,1,7,5,2
K789N,789,HNH,3,7,5,2
K789Q,789,HNH,1,7,5,2
K789R,789,HNH,2,7,5,2
K789T,789,HNH,9,7,5,2
K797E,797,HNH,9,2,5,2
K797I,797,HNH,6,2,5,2
K797N,797,HNH,5,2,5,2
K797Q,797,HNH,5,2,5,2
K797R,797,HNH,9,2,5,2
K797T,797,HNH,6,2,5,2
K810E,810,HNH,7,4,5,2
K810M,810,HNH,6,4,5,2
K810N,810,HNH,2,4,5,2
K810Q,810,HNH,7,4,5,2
K810R,810,HNH,9,4,5,2
K810T,810,HNH,1,4,5,2
K848E,848,HNH,1,3,6,2
K848I,848,HNH,1,3,6,2
K848N,848,HNH,7,3,6,2
K848Q,848,HNH,6,3,6,2
K848R,848,HNH,7,3,6,2
K848T,848,HNH,3,3,6,2
K855E,855,HNH,9,5,6,2
K855M,855,HNH,3,5,6,2
K855N,855,HNH,2,5,6,2
K855Q,855,HNH,9,5,6,2
K855R,855,HNH,9,5,6,2
K855T,855,HNH,5,5,6,2
K862E,862,HNH,9,1,6,2
K862I,862,HNH,2,1,6,2
K862N,862,HNH,6,1,6,2
K862Q,862,HNH,3,1,6,2
K862R,862,HNH,3,1,6,2
K862T,862,HNH,9,1,6,2
K866E,866,HNH,2,3,6,2
K866M,866,HNH,9,3,6,2
K866N,866,HNH,8,3,6,2
K866Q,866,HNH,9,3,6,2
K866R,866,HNH,6,3,6,2
K866T,866,HNH,9,3,6,2
K877E,877,HNH,5,0,6,2
K877M,877,HNH,8,0,6,2
K877N,877,HNH,8,0,6,2
K877Q,877,HNH,1,0,6,2
K877R,877,HNH,8,0,6,2
K877T,877,HNH,1,0,6,2
K878E,878,HNH,3,3,6,2
K878I,878,HNH,0,3,6,2
K878N,878,HNH,3,3,6,2
K878Q,878,HNH,2,3,6,2
K878R,878,HNH,5,3,6,2
K878T,878,HNH,8,3,6,2
K880E,880,HNH,6,7,6,2
K880M,880,HNH,9,7,6,2
K880N,880,HNH,2,7,6,2
K880Q,880,HNH,4,7,6,2
K880R,880,HNH,8,7,6,2
K880T,880,HNH,1,7,6,2
K890E,890,HNH,3,0,6,2
K890I,890,HNH,7,0,6,2
K890N,890,HNH,2,0,6,2
K890Q,890,HNH,8,0,6,2
K890R,890,HNH,3,0,6,2
K890T,890,HNH,9,0,6,2
K896E,896,HNH,9,2,6,2
K896M,896,HNH,7,2,6,2
K896N,896,HNH,1,2,6,2
K896Q,896,HNH,6,2,6,2
K896R,896,HNH,7,2,6,2
K896T,896,HNH,4,2,6,2
K902E,902,HNH,6,9,6,2
K902I,902,HNH,6,9,6,2
K902N,902,HNH,0,9,6,2
K902Q,902,HNH,6,9,6,2
K902R,902,HNH,9,9,6,2
K902T,902,HNH,7,9,6,2
K913E,913,RuvC,6,9,6,0
K913I,913,RuvC,4,9,6,0
K913N,913,RuvC,7,9,6,0
K913Q,913,RuvC,9,9,6,0
K913R,913,RuvC,7,9,6,0
K913T,913,RuvC,2,9,6,0
K918E,918,RuvC,4,0,6,0
K918M,918,RuvC,4,0,6,0
K918N,918,RuvC,1,0,6,0
K918Q,918,RuvC,5,0,6,0
K918R,918,RuvC,2,0,6,0
K918T,918,RuvC,4,0,6,0
K929E,929,RuvC,1,0,6,0
K929M,929,RuvC,5,0,6,0
K929N,929,RuvC,1,0,6,0
K929Q,929,RuvC,5,0,6,0
K929R,929,RuvC,8,0,6,0
K929T,929,RuvC,0,0,6,0
K92E,92,REC,5,3,0,1
K92M,92,REC,6,3,0,1
K92N,92,REC,5,3,0,1
K92Q,92,REC,4,3,0,1
K92R,92,REC,2,3,0,1
K92T,92,REC,0,3,0,1
K942E,942,RuvC,9,7,6,0
K942M,942,RuvC,4,7,6,0
K942N,942,RuvC,2,7,6,0
K942Q,942,RuvC,4,7,6,0
K942R,942,RuvC,7,7,6,0
K942T,942,RuvC,3,7,6,0
K948E,948,RuvC,4,1,6,0
K948I,948,RuvC,3,1,6,0
K948N,948,RuvC,9,1,6,0
K948Q,948,RuvC,7,1,6,0
K948R,948,RuvC,5,1,6,0
K948T,948,RuvC,2,1,6,0
K954E,954,RuvC,9,4,6,0
K954M,954,RuvC,2,4,6,0
K954N,954,RuvC,3,4,6,0
K954Q,954,RuvC,7,4,6,0
K954R,954,RuvC,3,4,6,0
K954T,954,RuvC,8,4,6,0
K959E,959,RuvC,2,7,6,0
K959M,959,RuvC,2,7,6,0
K959N,959,RuvC,9,7,6,0
K959Q,959,RuvC,9,7,6,0
K959R,959,RuvC,3,7,6,0
K959T,959,RuvC,0,7,6,0
K961E,961,RuvC,2,3,7,0
K961I,961,RuvC,5,3,7,0
K961N,961,RuvC,3,3,7,0
K961Q,961,RuvC,1,3,7,0
K961R,961,RuvC,9,3,7,0
K961T,961,RuvC,6,3,7,0
K968E,968,RuvC,3,3,7,0
K968I,968,RuvC,2,3,7,0
K968N,968,RuvC,7,3,7,0
K968Q,968,RuvC,5,3,7,0
K968R,968,RuvC,6,3,7,0
K968T,968,RuvC,1,3,7,0
K974E,974,RuvC,1,4,7,0
K974M,974,RuvC,9,4,7,0
K974N,974,RuvC,7,4,7,0
K974Q,974,RuvC,1,4,7,0
K974R,974,RuvC,6,4,7,0
K974T,974,RuvC,8,4,7,0
K999E,999,RuvC,3,3,7,0
K999M,999,RuvC,6,3,7,0
K999N,999,RuvC,7,3,7,0
K999Q,999,RuvC,5,3,7,0
K999R,999,RuvC,8,3,7,0
K999T,999,RuvC,4,3,7,0
L1004M,1004,RuvC,6,0,7,0
L1004P,1004,RuvC,8,0,7,0
L1004Q,1004,RuvC,1,0,7,0
L1004R,1004,RuvC,7,0,7,0
L1004V,1004,RuvC,6,0,7,0
L101M,101,REC,9,6,0,1
L101P,101,REC,7,6,0,1
L101Q,101,REC,1,6,0,1
L101R,101,REC,1,6,0,1
L101V,101,REC,6,6,0,1
L1052M,1052,RuvC,3,8,7,0
L1052P,1052,RuvC,7,8,7,0
L1052Q,1052,RuvC,7,8,7,0
L1052R,1052,RuvC,1,8,7,0
L1052V,1052,RuvC,1,8,7,0
L1062M,1062,RuvC,8,8,7,0
L1062P,1062,RuvC,0,8,7,0
L1062Q,1062,RuvC,3,8,7,0
L1062R,1062,RuvC,8,8,7,0
L1062V,1062,RuvC,4,8,7,0
L106M,106,REC,2,7,0,1
L106P,106,REC,7,7,0,1
L106Q,106,REC,2,7,0,1
L106R,106,REC,2,7,0,1
L106V,106,REC,1,7,0,1
L1087M,1087,RuvC,2,2,7,0
L1087P,1087,RuvC,4,2,7,0
L1087Q,1087,RuvC,5,2,7,0
L1087R,1087,RuvC,6,2,7,0
L1087V,1087,RuvC,0,2,7,0
L1111M,1111,PI,8,0,8,3
L1111P,1111,PI,9,0,8,3
L1111Q,1111,PI,8,0,8,3
L1111R,1111,PI,8,0,8,3
L1111V,1111,PI,9,0,8,3
L1119M,1119,PI,2,6,8,3
L1119P,1119,PI,2,6,8,3
L1119Q,1119,PI,5,6,8,3
L1119R,1119,PI,4,6,8,3
L1119V,1119,PI,5,6,8,3
L1144M,1144,PI,8,5,8,3
L1144P,1144,PI,3,5,8,3
L1144Q,1144,PI,1,5,8,3
L1144R,1144,PI,0,5,8,3
L1144V,1144,PI,3,5,8,3
L1157M,1157,PI,3,0,8,3
L1157P,1157,PI,0,0,8,3
L1157Q,1157,PI,9,0,8,3
L1157R,1157,PI,0,0,8,3
L1157V,1157,PI,7,0,8,3
L1163M,1163,PI,2,4,8,3
L1163P,1163,PI,8,4,8,3
L1163Q,1163,PI,4,4,8,3
L1163R,1163,PI,4,4,8,3
L1163V,1163,PI,5,4,8,3
L1164M,1164,PI,0,2,8,3
L1164P,1164,PI,4,2,8,3
L1164Q,1164,PI,5,2,8,3
L1164R,1164,PI,5,2,8,3
L1164V,1164,PI,9,2,8,3
L1182M,1182,PI,8,1,8,3
L1182P,1182,PI,8,1,8,3
L1182Q,1182,PI,2,1,8,3
L1182R,1182,PI,4,1,8,3
L1182V,1182,PI,7,1,8,3
L1194M,1194,PI,1,8,8,3
L1194P,1194,PI,4,8,8,3
L1194Q,1194,PI,2,8,8,3
L1194R,1194,PI,5,8,8,3
L1194V,1194,PI,5,8,8,3
L1198M,1198,PI,2,5,8,3
L1198P,1198,PI,0,5,8,3
L1198Q,1198,PI,0,5,8,3
L1198R,1198,PI,3,5,8,3
L1198V,1198,PI,9,5,8,3
L1203M,1203,PI,1,6,8,3
L1203P,1203,PI,7,6,8,3
L1203Q,1203,PI,3,6,8,3
L1203R,1203,PI,1,6,8,3
L1203V,1203,PI,5,6,8,3
L1206M,1206,PI,8,2,8,3
L1206P,1206,PI,5,2,8,3
L1206Q,1206,PI,0,2,8,3
L1206R,1206,PI,6,2,8,3
L1206V,1206,PI,4,2,8,3
L1214M,1214,PI,6,2,8,3
L1214P,1214,PI,3,2,8,3
L1214Q,1214,PI,3,2,8,3
L1214R,1214,PI,9,2,8,3
L1214V,1214,PI,3,2,8,3
L1220M,1220,PI,9,7,8,3
L1220P,1220,PI,6,7,8,3
L1220Q,1220,PI,6,7,8,3
L1220R,1220,PI,3,7,8,3
L1220V,1220,PI,7,7,8,3
L1226M,1226,PI,2,2,8,3
L1226P,1226,PI,7,2,8,3
L1226Q,1226,PI,3,2,8,3
L1226R,1226,PI,6,2,8,3
L1226V,1226,PI,1,2,8,3
L1228M,1228,PI,0,4,8,3
L1228P,1228,PI,1,4,8,3
L1228Q,1228,PI,1,4,8,3
L1228R,1228,PI,3,4,8,3
L1228V,1228,PI,7,4,8,3
L1236M,1236,PI,1,3,9,3
L1236P,1236,PI,4,3,9,3
L1236Q,1236,PI,3,3,9,3
L1236R,1236,PI,6,3,9,3
L1236V,1236,PI,5,3,9,3
L1238M,1238,PI,2,4,9,3
L1238P,1238,PI,3,4,9,3
L1238Q,1238,PI,6,4,9,3
L1238R,1238,PI,9,4,9,3
L1238V,1238,PI,2,4,9,3
L1245M,1245,PI,4,5,9,3
L1245P,1245,PI,2,5,9,3
L1245Q,1245,PI,4,5,9,3
L1245R,1245,PI,8,5,9,3
L1245V,1245,PI,7,5,9,3
L1257M,1257,PI,2,2,9,3
L1257P,1257,PI,7,2,9,3
L1257Q,1257,PI,6,2,9,3
L1257R,1257,PI,1,2,9,3
L1257V,1257,PI,1,2,9,3
L1266M,1266,PI,9,7,9,3
L1266P,1266,PI,3,7,9,3
L1266Q,1266,PI,8,7,9,3
L1266R,1266,PI,1,7,9,3
L1266V,1266,PI,6,7,9,3
L1282M,1282,PI,4,3,9,3
L1282P,1282,PI,1,3,9,3
L1282Q,1282,PI,2,3,9,3
L1282R,1282,PI,7,3,9,3
L1282V,1282,PI,4,3,9,3
L1287M,1287,PI,6,4,9,3
L1287P,1287,PI,4,4,9,3
L1287Q,1287,PI,1,4,9,3
L1287R,1287,PI,3,4,9,3
L1287V,1287,PI,2,4,9,3
L1291M,1291,PI,1,9,9,3
L1291P,1291,PI,9,9,9,3
L1291Q,1291,PI,5,9,9,3
L1291R,1291,PI,9,9,9,3
L1291V,1291,PI,1,9,9,3
L1312M,1312,PI,0,1,9,3
L1312P,1312,PI,9,1,9,3
L1312Q,1312,PI,1,1,9,3
L1312R,1312,PI,7,1,9,3
L1312V,1312,PI,5,1,9,3
L1315M,1315,PI,6,4,9,3
L1315P,1315,PI,1,4,9,3
L1315Q,1315,PI,4,4,9,3
L1315R,1315,PI,0,4,9,3
L1315V,1315,PI,5,4,9,3
L1318M,1318,PI,8,4,9,3
L1318P,1318,PI,9,4,9,3
L1318Q,1318,PI,5,4,9,3
L1318R,1318,PI,0,4,9,3
L1318V,1318,PI,0,4,9,3
L1343M,1343,PI,8,9,9,3
L1343P,1343,PI,0,9,9,3
L1343Q,1343,PI,7,9,9,3
L1343R,1343,PI,3,9,9,3
L1343V,1343,PI,0,9,9,3
L1347M,1347,PI,3,2,9,3
L1347P,1347,PI,5,2,9,3
L1347Q,1347,PI,2,2,9,3
L1347R,1347,PI,7,2,9,3
L1347V,1347,PI,1,2,9,3
L1355M,1355,PI,3,0,9,3
L1355P,1355,PI,1,0,9,3
L1355Q,1355,PI,5,0,9,3
L1355R,1355,PI,8,0,9,3
L1355V,1355,PI,5,0,9,3
L1362M,1362,PI,5,6,9,3
L1362P,1362,PI,4,6,9,3
L1362Q,1362,PI,9,6,9,3
L1362R,1362,PI,9,6,9,3
L1362V,1362,PI,8,6,9,3
L1365M,1365,PI,5,6,9,3
L1365P,1365,PI,2,6,9,3
L1365Q,1365,PI,0,6,9,3
L1365R,1365,PI,1,6,9,3
L1365V,1365,PI,3,6,9,3
L138M,138,REC,6,9,1,1
L138P,138,REC,6,9,1,1
L138Q,138,REC,2,9,1,1
L138R,138,REC,5,9,1,1
L138V,138,REC,7,9,1,1
L142M,142,REC,8,3,1,1
L142P,142,REC,7,3,1,1
L142Q,142,REC,4,3,1,1
L142R,142,REC,0,3,1,1
L142V,142,REC,6,3,1,1
L151M,151,REC,4,0,1,1
L151P,151,REC,1,0,1,1
L151Q,151,REC,8,0,1,1
L151R,151,REC,9,0,1,1
L151V,151,REC,3,0,1,1
L153M,153,REC,5,9,1,1
L153P,153,REC,6,9,1,1
L153Q,153,REC,5,9,1,1
L153R,153,REC,0,9,1,1
L153V,153,REC,2,9,1,1
L156M,156,REC,8,2,1,1
L156P,156,REC,3,2,1,1
L156Q,156,REC,2,2,1,1
L156R,156,REC,6,2,1,1
L156V,156,REC,7,2,1,1
L158M,158,REC,6,0,1,1
L158P,158,REC,1,0,1,1
L158Q,158,REC,5,0,1,1
L158R,158,REC,8,0,1,1
L158V,158,REC,1,0,1,1
L169M,169,REC,3,7,1,1
L169P,169,REC,5,7,1,1
L169Q,169,REC,4,7,1,1
L169R,169,REC,6,7,1,1
L169V,169,REC,4,7,1,1
L174M,174,REC,0,4,1,1
L174P,174,REC,4,4,1,1
L174Q,174,REC,7,4,1,1
L174R,174,REC,1,4,1,1
L174V,174,REC,4,4,1,1
L184M,184,REC,5,3,1,1
L184P,184,REC,9,3,1,1
L184Q,184,REC,6,3,1,1
L184R,184,REC,5,3,1,1
L184V,184,REC,2,3,1,1
L188M,188,REC,7,8,1,1
L188P,188,REC,1,8,1,1
L188Q,188,REC,5,8,1,1
L188R,188,REC,1,8,1,1
L188V,188,REC,6,8,1,1
L195M,195,REC,6,1,1,1
L195P,195,REC,6,1,1,1
L195Q,195,REC,0,1,1,1
L195R,195,REC,2,1,1,1
L195V,195,REC,5,1,1,1
L212M,212,REC,2,9,1,1
L212P,212,REC,1,9,1,1
L212Q,212,REC,6,9,1,1
L212R,212,REC,1,9,1,1
L212V,212,REC,7,9,1,1
L216M,216,REC,0,4,1,1
L216P,216,REC,9,4,1,1
L216Q,216,REC,9,4,1,1
L216R,216,REC,0,4,1,1
L216V,216,REC,2,4,1,1
L222M,222,REC,3,5,1,1
L222P,222,REC,7,5,1,1
L222Q,222,REC,4,5,1,1
L222R,222,REC,1,5,1,1
L222V,222,REC,8,5,1,1
L225M,225,REC,5,5,1,1
L225P,225,REC,4,5,1,1
L225Q,225,REC,3,5,1,1
L225R,225,REC,9,5,1,1
L225V,225,REC,1,5,1,1
L229M,229,REC,6,3,1,1
L229P,229,REC,5,3,1,1
L229Q,229,REC,0,3,1,1
L229R,229,REC,7,3,1,1
L229V,229,REC,2,3,1,1
L237M,237,REC,3,8,1,1
L237P,237,REC,2,8,1,1
L237Q,237,REC,8,8,1,1
L237R,237,REC,2,8,1,1
L237V,237,REC,5,8,1,1
L241M,241,REC,6,1,1,1
L241P,241,REC,9,1,1,1
L241Q,241,REC,0,1,1,1
L241R,241,REC,8,1,1,1
L241V,241,REC,3,1,1,1
L244M,244,REC,6,6,1,1
L244P,244,REC,1,6,1,1
L244Q,244,REC,6,6,1,1
L244R,244,REC,0,6,1,1
L244V,244,REC,2,6,1,1
L246M,246,REC,7,6,1,1
L246P,246,REC,6,6,1,1
L246Q,246,REC,2,6,1,1
L246R,246,REC,9,6,1,1
L246V,246,REC,3,6,1,1
L248M,248,REC,8,7,1,1
L248P,248,REC,0,7,1,1
L248Q,248,REC,2,7,1,1
L248R,248,REC,9,7,1,1
L248V,248,REC,4,7,1,1
L258M,258,REC,0,1,1,1
L258P,258,REC,9,1,1,1
L258Q,258,REC,5,1,1,1
L258R,258,REC,9,1,1,1
L258V,258,REC,5,1,1,1
L264M,264,REC,9,7,1,1
L264P,264,REC,6,7,1,1
L264Q,264,REC,1,7,1,1
L264R,264,REC,8,7,1,1
L264V,264,REC,3,7,1,1
L266M,266,REC,3,4,1,1
L266P,266,REC,6,4,1,1
L266Q,266,REC,9,4,1,1
L266R,266,REC,7,4,1,1
L266V,266,REC,8,4,1,1
L275M,275,REC,3,1,2,1
L275P,275,REC,9,1,2,1
L275Q,275,REC,7,1,2,1
L275R,275,REC,7,1,2,1
L275V,275,REC,4,1,2,1
L278M,278,REC,0,7,2,1
L278P,278,REC,4,7,2,1
L278Q,278,REC,5,7,2,1
L278R,278,REC,2,7,2,1
L278V,278,REC,2,7,2,1
L279M,279,REC,6,1,2,1
L279P,279,REC,7,1,2,1
L279Q,279,REC,5,1,2,1
L279R,279,REC,1,1,2,1
L279V,279,REC,0,1,2,1
L289M,289,REC,4,3,2,1
L289P,289,REC,7,3,2,1
L289Q,289,REC,4,3,2,1
L289R,289,REC,4,3,2,1
L289V,289,REC,9,3,2,1
L291M,291,REC,9,8,2,1
L291P,291,REC,3,8,2,1
L291Q,291,REC,6,8,2,1
L291R,291,REC,4,8,2,1
L291V,291,REC,1,8,2,1
L296M,296,REC,2,7,2,1
L296P,296,REC,1,7,2,1
L296Q,296,REC,6,7,2,1
L296R,296,REC,8,7,2,1
L296V,296,REC,8,7,2,1
L301M,301,REC,7,2,2,1
L301P,301,REC,7,2,2,1
L301Q,301,REC,2,2,2,1
L301R,301,REC,4,2,2,1
L301V,301,REC,0,2,2,1
L302M,302,REC,6,1,2,1
L302P,302,REC,5,1,2,1
L302Q,302,REC,1,1,2,1
L302R,302,REC,4,1,2,1
L302V,302,REC,9,1,2,1
L306M,306,REC,3,0,2,1
L306P,306,REC,4,0,2,1
L306Q,306,REC,6,0,2,1
L306R,306,REC,3,0,2,1
L306V,306,REC,8,0,2,1
L317M,317,REC,6,0,2,1
L317P,317,REC,7,0,2,1
L317Q,317,REC,6,0,2,1
L317R,317,REC,7,0,2,1
L317V,317,REC,3,0,2,1
L332M,332,REC,9,2,2,1
L332P,332,REC,8,2,2,1
L332Q,332,REC,2,2,2,1
L332R,332,REC,0,2,2,1
L332V,332,REC,9,2,2,1
L334M,334,REC,7,2,2,1
L334P,334,REC,2,2,2,1
L334Q,334,REC,8,2,2,1
L334R,334,REC,0,2,2,1
L334V,334,REC,5,2,2,1
L335M,335,REC,4,6,2,1
L335P,335,REC,5,6,2,1
L335Q,335,REC,0,6,2,1
L335R,335,REC,8,6,2,1
L335V,335,REC,0,6,2,1
L338M,338,REC,7,8,2,1
L338P,338,REC,9,8,2,1
L338Q,338,REC,6,8,2,1
L338R,338,REC,5,8,2,1
L338V,338,REC,5,8,2,1
L343M,343,REC,4,3,2,1
L343P,343,REC,1,3,2,1
L343Q,343,REC,7,3,2,1
L343R,343,REC,6,3,2,1
L343V,343,REC,7,3,2,1
L35M,35,RuvC,6,3,0,0
L35P,35,RuvC,6,3,0,0
L35Q,35,RuvC,8,3,0,0
L35R,35,RuvC,4,3,0,0
L35V,35,RuvC,4,3,0,0
L380M,380,REC,1,5,2,1
L380P,380,REC,6,5,2,1
L380Q,380,REC,2,5,2,1
L380R,380,REC,2,5,2,1
L380V,380,REC,1,5,2,1
L389M,389,REC,8,9,2,1
L389P,389,REC,4,9,2,1
L389Q,389,REC,0,9,2,1
L389R,389,REC,8,9,2,1
L389V,389,REC,3,9,2,1
L390M,390,REC,7,4,2,1
L390P,390,REC,2,4,2,1
L390Q,390,REC,4,4,2,1
L390R,390,REC,7,4,2,1
L390V,390,REC,6,4,2,1
L393M,393,REC,9,4,2,1
L393P,393,REC,6,4,2,1
L393Q,393,REC,1,4,2,1
L393R,393,REC,8,4,2,1
L393V,393,REC,9,4,2,1
L398M,398,REC,7,7,2,1
L398P,398,REC,9,7,2,1
L398Q,398,REC,7,7,2,1
L398R,398,REC,0,7,2,1
L398V,398,REC,2,7,2,1
L399M,399,REC,5,8,2,1
L399P,399,REC,9,8,2,1
L399Q,399,REC,5,8,2,1
L399R,399,REC,7,8,2,1
L399V,399,REC,7,8,2,1
L416M,416,REC,5,2,3,1
L416P,416,REC,3,2,3,1
L416Q,416,REC,1,2,3,1
L416R,416,REC,6,2,3,1
L416V,416,REC,6,2,3,1
L419M,419,REC,5,7,3,1
L419P,419,REC,4,7,3,1
L419Q,419,REC,4,7,3,1
L419R,419,REC,7,7,3,1
L419V,419,REC,3,7,3,1
L423M,423,REC,3,1,3,1
L423P,423,REC,8,1,3,1
L423Q,423,REC,5,1,3,1
L423R,423,REC,6,1,3,1
L423V,423,REC,3,1,3,1
L433M,433,REC,2,8,3,1
L433P,433,REC,0,8,3,1
L433Q,433,REC,6,8,3,1
L433R,433,REC,4,8,3,1
L433V,433,REC,9,8,3,1
L444M,444,REC,3,6,3,1
L444P,444,REC,7,6,3,1
L444Q,444,REC,9,6,3,1
L444R,444,REC,5,6,3,1
L444V,444,REC,5,6,3,1
L455M,455,REC,8,9,3,1
L455P,455,REC,2,9,3,1
L455Q,455,REC,9,9,3,1
L455R,455,REC,3,9,3,1
L455V,455,REC,1,9,3,1
L47M,47,RuvC,1,3,0,0
L47P,47,RuvC,2,3,0,0
L47Q,47,RuvC,1,3,0,0
L47R,47,RuvC,3,3,0,0
L47V,47,RuvC,8,3,0,0
L502M,502,REC,0,4,3,1
L502P,502,REC,7,4,3,1
L502Q,502,REC,2,4,3,1
L502R,502,REC,5,4,3,1
L502V,502,REC,0,4,3,1
L508M,508,REC,7,8,3,1
L508P,508,REC,7,8,3,1
L508Q,508,REC,5,8,3,1
L508R,508,REC,0,8,3,1
L508V,508,REC,6,8,3,1
L513M,513,REC,5,2,3,1
L513P,513,REC,2,2,3,1
L513Q,513,REC,8,2,3,1
L513R,513,REC,6,2,3,1
L513V,513,REC,0,2,3,1
L514M,514,REC,9,0,3,1
L514P,514,REC,1,0,3,1
L514Q,514,REC,3,0,3,1
L514R,514,REC,1,0,3,1
L514V,514,REC,8,0,3,1
L51M,51,RuvC,5,6,0,0
L51P,51,RuvC,6,6,0,0
L51Q,51,RuvC,0,6,0,0
L51R,51,RuvC,8,6,0,0
L51V,51,RuvC,1,6,0,0
L524M,524,REC,6,0,3,1
L524P,524,REC,6,0,3,1
L524Q,524,REC,5,0,3,1
L524R,524,REC,1,0,3,1
L524V,524,REC,1,0,3,1
L52M,52,RuvC,7,8,0,0
L52P,52,RuvC,9,8,0,0
L52Q,52,RuvC,6,8,0,0
L52R,52,RuvC,1,8,0,0
L52V,52,RuvC,4,8,0,0
L540M,540,REC,6,4,3,1
L540P,540,REC,2,4,3,1
L540Q,540,REC,7,4,3,1
L540R,540,REC,5,4,3,1
L540V,540,REC,5,4,3,1
L551M,551,REC,0,8,4,1
L551P,551,REC,6,8,4,1
L551Q,551,REC,4,8,4,1
L551R,551,REC,6,8,4,1
L551V,551,REC,7,8,4,1
L552M,552,REC,4,1,4,1
L552P,552,REC,0,1,4,1
L552Q,552,REC,6,1,4,1
L552R,552,REC,9,1,4,1
L552V,552,REC,4,1,4,1
L564M,564,REC,1,7,4,1
L564P,564,REC,5,7,4,1
L564Q,564,REC,7,7,4,1
L564R,564,REC,0,7,4,1
L564V,564,REC,7,7,4,1
L591M,591,REC,4,2,4,1
L591P,591,REC,3,2,4,1
L591Q,591,REC,9,2,4,1
L591R,591,REC,0,2,4,1
L591V,591,REC,5,2,4,1
L597M,597,REC,2,9,4,1
L597P,597,REC,3,9,4,1
L597Q,597,REC,8,9,4,1
L597R,597,REC,4,9,4,1
L597V,597,REC,2,9,4,1
L598M,598,REC,6,3,4,1
L598P,598,REC,2,3,4,1
L598Q,598,REC,0,3,4,1
L598R,598,REC,7,3,4,1
L598V,598,REC,0,3,4,1
L607M,607,REC,4,1,4,1
L607P,607,REC,5,1,4,1
L607Q,607,REC,4,1,4,1
L607R,607,REC,3,1,4,1
L607V,607,REC,6,1,4,1
L616M,616,REC,2,9,4,1
L616P,616,REC,9,9,4,1
L616Q,616,REC,7,9,4,1
L616R,616,REC,2,9,4,1
L616V,616,REC,3,9,4,1
L621M,621,REC,3,4,4,1
L621P,621,REC,9,4,4,1
L621Q,621,REC,6,4,4,1
L621R,621,REC,0,4,4,1
L621V,621,REC,8,4,4,1
L623M,623,REC,3,3,4,1
L623P,623,REC,5,3,4,1
L623Q,623,REC,1,3,4,1
L623R,623,REC,2,3,4,1
L623V,623,REC,1,3,4,1
L625M,625,REC,0,0,4,1
L625P,625,REC,7,0,4,1
L625Q,625,REC,2,0,4,1
L625R,625,REC,0,0,4,1
L625V,625,REC,3,0,4,1
L636M,636,REC,0,5,4,1
L636P,636,REC,6,5,4,1
L636Q,636,REC,8,5,4,1
L636R,636,REC,6,5,4,1
L636V,636,REC,4,5,4,1
L642M,642,REC,5,5,4,1
L642P,642,REC,7,5,4,1
L642Q,642,REC,3,5,4,1
L642R,642,REC,9,5,4,1
L642V,642,REC,3,5,4,1
L64M,64,REC,3,4,0,1
L64P,64,REC,4,4,0,1
L64Q,64,REC,6,4,0,1
L64R,64,REC,6,4,0,1
L64V,64,REC,8,4,0,1
L651M,651,REC,9,7,4,1
L651P,651,REC,8,7,4,1
L651Q,651,REC,4,7,4,1
L651R,651,REC,1,7,4,1
L651V,651,REC,3,7,4,1
L662M,662,REC,1,8,4,1
L662P,662,REC,5,8,4,1
L662Q,662,REC,1,8,4,1
L662R,662,REC,9,8,4,1
L662V,662,REC,0,8,4,1
L666M,666,REC,0,6,4,1
L666P,666,REC,4,6,4,1
L666Q,666,REC,5,6,4,1
L666R,666,REC,5,6,4,1
L666V,666,REC,1,6,4,1
L680M,680,REC,3,3,4,1
L680P,680,REC,8,3,4,1
L680Q,680,REC,4,3,4,1
L680R,680,REC,4,3,4,1
L680V,680,REC,7,3,4,1
L683M,683,REC,0,8,4,1
L683P,683,REC,6,8,4,1
L683Q,683,REC,4,8,4,1
L683R,683,REC,4,8,4,1
L683V,683,REC,0,8,4,1
L696M,696,REC,0,7,5,1
L696P,696,REC,2,7,5,1
L696Q,696,REC,6,7,5,1
L696R,696,REC,4,7,5,1
L696V,696,REC,6,7,5,1
L702M,702,REC,9,5,5,1
L702P,702,REC,5,5,5,1
L702Q,702,REC,5,5,5,1
L702R,702,REC,3,5,5,1
L702V,702,REC,2,5,5,1
L720M,720,RuvC,4,5,5,0
L720P,720,RuvC,8,5,5,0
L720Q,720,RuvC,7,5,5,0
L720R,720,RuvC,5,5,5,0
L720V,720,RuvC,0,5,5,0
L727M,727,RuvC,6,3,5,0
L727P,727,RuvC,2,3,5,0
L727Q,727,RuvC,4,3,5,0
L727R,727,RuvC,0,3,5,0
L727V,727,RuvC,0,3,5,0
L738M,738,RuvC,6,6,5,0
L738P,738,RuvC,3,6,5,0
L738Q,738,RuvC,7,6,5,0
L738R,738,RuvC,4,6,5,0
L738V,738,RuvC,5,6,5,0
L747M,747,RuvC,3,5,5,0
L747P,747,RuvC,2,5,5,0
L747Q,747,RuvC,2,5,5,0
L747R,747,RuvC,3,5,5,0
L747V,747,RuvC,8,5,5,0
L791M,791,HNH,9,3,5,2
L791P,791,HNH,7,3,5,2
L791Q,791,HNH,0,3,5,2
L791R,791,HNH,3,3,5,2
L791V,791,HNH,8,3,5,2
L796M,796,HNH,6,1,5,2
L796P,796,HNH,3,1,5,2
L796Q,796,HNH,2,1,5,2
L796R,796,HNH,7,1,5,2
L796V,796,HNH,4,1,5,2
L806M,806,HNH,5,8,5,2
L806P,806,HNH,4,8,5,2
L806Q,806,HNH,5,8,5,2
L806R,806,HNH,3,8,5,2
L806V,806,HNH,1,8,5,2
L811M,811,HNH,6,5,5,2
L811P,811,HNH,1,5,5,2
L811Q,811,HNH,9,5,5,2
L811R,811,HNH,8,5,5,2
L811V,811,HNH,6,5,5,2
L813M,813,HNH,1,1,5,2
L813P,813,HNH,6,1,5,2
L813Q,813,HNH,3,1,5,2
L813R,813,HNH,6,1,5,2
L813V,813,HNH,8,1,5,2
L816M,816,HNH,6,8,5,2
L816P,816,HNH,8,8,5,2
L816Q,816,HNH,1,8,5,2
L816R,816,HNH,4,8,5,2
L816V,816,HNH,4,8,5,2
L828M,828,HNH,7,8,6,2
L828P,828,HNH,3,8,6,2
L828Q,828,HNH,8,8,6,2
L828R,828,HNH,4,8,6,2
L828V,828,HNH,7,8,6,2
L82M,82,REC,4,0,0,1
L82P,82,REC,7,0,0,1
L82Q,82,REC,9,0,0,1
L82R,82,REC,9,0,0,1
L82V,82,REC,7,0,0,1
L833M,833,HNH,6,2,6,2
L833P,833,HNH,3,2,6,2
L833Q,833,HNH,5,2,6,2
L833R,833,HNH,1,2,6,2
L833V,833,HNH,9,2,6,2
L847M,847,HNH,4,2,6,2
L847P,847,HNH,4,2,6,2
L847Q,847,HNH,7,2,6,2
L847R,847,HNH,7,2,6,2
L847V,847,HNH,4,2,6,2
L857M,857,HNH,0,2,6,2
L857P,857,HNH,5,2,6,2
L857Q,857,HNH,2,2,6,2
L857R,857,HNH,7,2,6,2
L857V,857,HNH,4,2,6,2
L886M,886,HNH,3,1,6,2
L886P,886,HNH,0,1,6,2
L886Q,886,HNH,2,1,6,2
L886R,886,HNH,2,1,6,2
L886V,886,HNH,6,1,6,2
L887M,887,HNH,8,6,6,2
L887P,887,HNH,8,6,6,2
L887Q,887,HNH,8,6,6,2
L887R,887,HNH,9,6,6,2
L887V,887,HNH,2,6,6,2
L891M,891,HNH,3,1,6,2
L891P,891,HNH,7,1,6,2
L891Q,891,HNH,0,1,6,2
L891R,891,HNH,0,1,6,2
L891V,891,HNH,8,1,6,2
L900M,900,HNH,8,8,6,2
L900P,900,HNH,9,8,6,2
L900Q,900,HNH,5,8,6,2
L900R,900,HNH,5,8,6,2
L900V,900,HNH,7,8,6,2
L908M,908,HNH,9,6,6,2
L908P,908,HNH,6,6,6,2
L908Q,908,HNH,5,6,6,2
L908R,908,HNH,0,6,6,2
L908V,908,HNH,9,6,6,2
L911M,911,RuvC,9,8,6,0
L911P,911,RuvC,2,8,6,0
L911Q,911,RuvC,7,8,6,0
L911R,911,RuvC,2,8,6,0
L911V,911,RuvC,1,8,6,0
L921M,921,RuvC,0,7,6,0
L921P,921,RuvC,2,7,6,0
L921Q,921,RuvC,8,7,6,0
L921R,921,RuvC,8,7,6,0
L921V,921,RuvC,0,7,6,0
L935M,935,RuvC,5,2,6,0
L935P,935,RuvC,7,2,6,0
L935Q,935,RuvC,3,2,6,0
L935R,935,RuvC,1,2,6,0
L935V,935,RuvC,6,2,6,0
L949M,949,RuvC,4,6,6,0
L949P,949,RuvC,4,6,6,0
L949Q,949,RuvC,0,6,6,0
L949R,949,RuvC,3,6,6,0
L949V,949,RuvC,7,6,6,0
L958M,958,RuvC,1,0,6,0
L958P,958,RuvC,8,0,6,0
L958Q,958,RuvC,1,0,6,0
L958R,958,RuvC,6,0,6,0
L958V,958,RuvC,1,0,6,0
L962M,962,RuvC,6,4,7,0
L962P,962,RuvC,0,4,7,0
L962Q,962,RuvC,0,4,7,0
L962R,962,RuvC,7,4,7,0
L962V,962,RuvC,8,4,7,0
L989M,989,RuvC,0,2,7,0
L989P,989,RuvC,0,2,7,0
L989Q,989,RuvC,4,2,7,0
L989R,989,RuvC,9,2,7,0
L989V,989,RuvC,7,2,7,0
L997M,997,RuvC,0,2,7,0
L997P,997,RuvC,0,2,7,0
L997Q,997,RuvC,0,2,7,0
L997R,997,RuvC,0,2,7,0
L997V,997,RuvC,5,2,7,0
L9M,9,RuvC,8,7,0,0
L9P,9,RuvC,9,7,0,0
L9Q,9,RuvC,6,7,0,0
L9R,9,RuvC,8,7,0,0
L9V,9,RuvC,4,7,0,0
M1021I,1021,RuvC,8,0,7,0
M1021K,1021,RuvC,0,0,7,0
M1021L,1021,RuvC,2,0,7,0
M1021R,1021,RuvC,8,0,7,0
M1021T,1021,RuvC,1,0,7,0
M1021V,1021,RuvC,2,0,7,0
M1043I,1043,RuvC,9,6,7,0
M1043K,1043,RuvC,7,6,7,0
M1043L,1043,RuvC,7,6,7,0
M1043R,1043,RuvC,8,6,7,0
M1043T,1043,RuvC,0,6,7,0
M1043V,1043,RuvC,6,6,7,0
M1089I,1089,RuvC,9,4,7,0
M1089K,1089,RuvC,4,4,7,0
M1089L,1089,RuvC,8,4,7,0
M1089R,1089,RuvC,4,4,7,0
M1089T,1089,RuvC,8,4,7,0
M1089V,1089,RuvC,0,4,7,0
M1169I,1169,PI,2,7,8,3
M1169K,1169,PI,4,7,8,3
M1169L,1169,PI,5,7,8,3
M1169R,1169,PI,0,7,8,3
M1169T,1169,PI,7,7,8,3
M1169V,1169,PI,3,7,8,3
M1213I,1213,PI,4,4,8,3
M1213K,1213,PI,5,4,8,3
M1213L,1213,PI,4,4,8,3
M1213R,1213,PI,3,4,8,3
M1213T,1213,PI,0,4,8,3
M1213V,1213,PI,4,4,8,3
M161I,161,REC,2,4,1,1
M161K,161,REC,7,4,1,1
M161L,161,REC,9,4,1,1
M161R,161,REC,7,4,1,1
M161T,161,REC,1,4,1,1
M161V,161,REC,2,4,1,1
M1I,1,RuvC,3,5,0,0
M1K,1,RuvC,8,5,0,0
M1L,1,RuvC,9,5,0,0
M1R,1,RuvC,5,5,0,0
M1T,1,RuvC,1,5,0,0
M1V,1,RuvC,7,5,0,0
M321I,321,REC,7,0,2,1
M321K,321,REC,7,0,2,1
M321L,321,REC,7,0,2,1
M321R,321,REC,4,0,2,1
M321T,321,REC,8,0,2,1
M321V,321,REC,6,0,2,1
M383I,383,REC,0,2,2,1
M383K,383,REC,9,2,2,1
M383L,383,REC,6,2,2,1
M383R,383,REC,5,2,2,1
M383T,383,REC,0,2,2,1
M383V,383,REC,3,2,2,1
M465I,465,REC,9,2,3,1
M465K,465,REC,6,2,3,1
M465L,465,REC,3,2,3,1
M465R,465,REC,4,2,3,1
M465T,465,REC,4,2,3,1
M465V,465,REC,1,2,3,1
M495I,495,REC,5,2,3,1
M495K,495,REC,1,2,3,1
M495L,495,REC,9,2,3,1
M495R,495,REC,9,2,3,1
M495T,495,REC,7,2,3,1
M495V,495,REC,6,2,3,1
M534I,534,REC,1,0,3,1
M534K,534,REC,0,0,3,1
M534L,534,REC,0,0,3,1
M534R,534,REC,2,0,3,1
M534T,534,REC,5,0,3,1
M534V,534,REC,9,0,3,1
M631I,631,REC,2,5,4,1
M631K,631,REC,2,5,4,1
M631L,631,REC,0,5,4,1
M631R,631,REC,6,5,4,1
M631T,631,REC,8,5,4,1
M631V,631,REC,5,5,4,1
M648I,648,REC,4,2,4,1
M648K,648,REC,1,2,4,1
M648L,648,REC,5,2,4,1
M648R,648,REC,4,2,4,1
M648T,648,REC,1,2,4,1
M648V,648,REC,9,2,4,1
M694I,694,REC,4,0,5,1
M694K,694,REC,1,0,5,1
M694L,694,REC,3,0,5,1
M694R,694,REC,5,0,5,1
M694T,694,REC,2,0,5,1
M694V,694,REC,5,0,5,1
M751I,751,RuvC,5,2,5,0
M751K,751,RuvC,8,2,5,0
M751L,751,RuvC,7,2,5,0
M751R,751,RuvC,8,2,5,0
M751T,751,RuvC,3,2,5,0
M751V,751,RuvC,6,2,5,0
M763I,763,RuvC,5,2,5,0
M763K,763,RuvC,0,2,5,0
M763L,763,RuvC,9,2,5,0
M763R,763,RuvC,1,2,5,0
M763T,763,RuvC,4,2,5,0
M763V,763,RuvC,0,2,5,0
M781I,781,HNH,8,7,5,2
M781K,781,HNH,1,7,5,2
M781L,781,HNH,9,7,5,2
M781R,781,HNH,9,7,5,2
M781T,781,HNH,2,7,5,2
M781V,781,HNH,0,7,5,2
M822I,822,HNH,7,0,5,2
M822K,822,HNH,2,0,5,2
M822L,822,HNH,9,0,5,2
M822R,822,HNH,2,0,5,2
M822T,822,HNH,7,0,5,2
M822V,822,HNH,4,0,5,2
M879I,879,HNH,4,8,6,2
M879K,879,HNH,3,8,6,2
M879L,879,HNH,3,8,6,2
M879R,879,HNH,1,8,6,2
M879T,879,HNH,1,8,6,2
M879V,879,HNH,2,8,6,2
M90I,90,REC,8,4,0,1
M90K,90,REC,6,4,0,1
M90L,90,REC,5,4,0,1
M90R,90,REC,4,4,0,1
M90T,90,REC,0,4,0,1
M90V,90,REC,2,4,0,1
M939I,939,RuvC,6,8,6,0
M939K,939,RuvC,1,8,6,0
M939L,939,RuvC,8,8,6,0
M939R,939,RuvC,6,8,6,0
M939T,939,RuvC,6,8,6,0
M939V,939,RuvC,4,8,6,0
N1041D,1041,RuvC,9,3,7,0
N1041H,1041,RuvC,7,3,7,0
N1041I,1041,RuvC,7,3,7,0
N1041K,1041,RuvC,5,3,7,0
N1041S,1041,RuvC,7,3,7,0
N1041T,1041,RuvC,2,3,7,0
N1041Y,1041,RuvC,7,3,7,0
N1044D,1044,RuvC,4,9,7,0
N1044H,1044,RuvC,8,9,7,0
N1044I,1044,RuvC,1,9,7,0
N1044K,1044,RuvC,0,9,7,0
N1044S,1044,RuvC,0,9,7,0
N1044T,1044,RuvC,8,9,7,0
N1044Y,1044,RuvC,1,9,7,0
N1054D,1054,RuvC,4,8,7,0
N1054H,1054,RuvC,7,8,7,0
N1054I,1054,RuvC,8,8,7,0
N1054K,1054,RuvC,9,8,7,0
N1054S,1054,RuvC,8,8,7,0
N1054T,1054,RuvC,4,8,7,0
N1054Y,1054,RuvC,5,8,7,0
N1066D,1066,RuvC,4,5,7,0
N1066H,1066,RuvC,7,5,7,0
N1066I,1066,RuvC,8,5,7,0
N1066K,1066,RuvC,0,5,7,0
N1066S,1066,RuvC,3,5,7,0
N1066T,1066,RuvC,6,5,7,0
N1066Y,1066,RuvC,1,5,7,0
N1093D,1093,RuvC,8,3,7,0
N1093H,1093,RuvC,7,3,7,0
N1093I,1093,RuvC,4,3,7,0
N1093K,1093,RuvC,9,3,7,0
N1093S,1093,RuvC,2,3,7,0
N1093T,1093,RuvC,4,3,7,0
N1093Y,1093,RuvC,8,3,7,0
N1115D,1115,PI,9,1,8,3
N1115H,1115,PI,1,1,8,3
N1115I,1115,PI,4,1,8,3
N1115K,1115,PI,4,1,8,3
N1115S,1115,PI,4,1,8,3
N1115T,1115,PI,2,1,8,3
N1115Y,1115,PI,0,1,8,3
N1177D,1177,PI,8,9,8,3
N1177H,1177,PI,3,9,8,3
N1177I,1177,PI,5,9,8,3
N1177K,1177,PI,9,9,8,3
N1177S,1177,PI,1,9,8,3
N1177T,1177,PI,7,9,8,3
N1177Y,1177,PI,5,9,8,3
N1208D,1208,PI,4,1,8,3
N1208H,1208,PI,0,1,8,3
N1208I,1208,PI,4,1,8,3
N1208K,1208,PI,3,1,8,3
N1208S,1208,PI,9,1,8,3
N1208T,1208,PI,7,1,8,3
N1208Y,1208,PI,5,1,8,3
N121D,121,REC,5,7,0,1
N121H,121,REC,4,7,0,1
N121I,121,REC,9,7,0,1
N121K,121,REC,5,7,0,1
N121S,121,REC,2,7,0,1
N121T,121,REC,0,7,0,1
N121Y,121,REC,3,7,0,1
N1224D,1224,PI,0,6,8,3
N1224H,1224,PI,4,6,8,3
N1224I,1224,PI,7,6,8,3
N1224K,1224,PI,9,6,8,3
N1224S,1224,PI,5,6,8,3
N1224T,1224,PI,0,6,8,3
N1224Y,1224,PI,7,6,8,3
N1234D,1234,PI,2,9,9,3
N1234H,1234,PI,1,9,9,3
N1234I,1234,PI,6,9,9,3
N1234K,1234,PI,0,9,9,3
N1234S,1234,PI,5,9,9,3
N1234T,1234,PI,2,9,9,3
N1234Y,1234,PI,8,9,9,3
N1252D,1252,PI,8,3,9,3
N1252H,1252,PI,1,3,9,3
N1252I,1252,PI,0,3,9,3
N1252K,1252,PI,6,3,9,3
N1252S,1252,PI,9,3,9,3
N1252T,1252,PI,1,3,9,3
N1252Y,1252,PI,7,3,9,3
N1286D,1286,PI,1,9,9,3
N1286H,1286,PI,2,9,9,3
N1286I,1286,PI,4,9,9,3
N1286K,1286,PI,2,9,9,3
N1286S,1286,PI,4,9,9,3
N1286T,1286,PI,3,9,9,3
N1286Y,1286,PI,2,9,9,3
N1295D,1295,PI,8,2,9,3
N1295H,1295,PI,5,2,9,3
N1295I,1295,PI,9,2,9,3
N1295K,1295,PI,7,2,9,3
N1295S,1295,PI,8,2,9,3
N1295T,1295,PI,2,2,9,3
N1295Y,1295,PI,6,2,9,3
N1308D,1308,PI,3,9,9,3
N1308H,1308,PI,3,9,9,3
N1308I,1308,PI,8,9,9,3
N1308K,1308,PI,9,9,9,3
N1308S,1308,PI,4,9,9,3
N1308T,1308,PI,5,9,9,3
N1308Y,1308,PI,5,9,9,3
N1317D,1317,PI,2,3,9,3
N1317H,1317,PI,1,3,9,3
N1317I,1317,PI,8,3,9,3
N1317K,1317,PI,6,3,9,3
N1317S,1317,PI,4,3,9,3
N1317T,1317,PI,7,3,9,3
N1317Y,1317,PI,8,3,9,3
N14D,14,RuvC,4,6,0,0
N14H,14,RuvC,9,6,0,0
N14I,14,RuvC,5,6,0,0
N14K,14,RuvC,2,6,0,0
N14S,14,RuvC,5,6,0,0
N14T,14,RuvC,8,6,0,0
N14Y,14,RuvC,6,6,0,0
N175D,175,REC,5,9,1,1
N175H,175,REC,7,9,1,1
N175I,175,REC,6,9,1,1
N175K,175,REC,9,9,1,1
N175S,175,REC,2,9,1,1
N175T,175,REC,5,9,1,1
N175Y,175,REC,2,9,1,1
N178D,178,REC,4,4,1,1
N178H,178,REC,0,4,1,1
N178I,178,REC,9,4,1,1
N178K,178,REC,5,4,1,1
N178S,178,REC,9,4,1,1
N178T,178,REC,2,4,1,1
N178Y,178,REC,7,4,1,1
N193D,193,REC,9,8,1,1
N193H,193,REC,2,8,1,1
N193I,193,REC,0,8,1,1
N193K,193,REC,8,8,1,1
N193S,193,REC,8,8,1,1
N193T,193,REC,8,8,1,1
N193Y,193,REC,9,8,1,1
N199D,199,REC,6,8,1,1
N199H,199,REC,0,8,1,1
N199I,199,REC,4,8,1,1
N199K,199,REC,8,8,1,1
N199S,199,REC,3,8,1,1
N199T,199,REC,1,8,1,1
N199Y,199,REC,5,8,1,1
N202D,202,REC,2,6,1,1
N202H,202,REC,1,6,1,1
N202I,202,REC,4,6,1,1
N202K,202,REC,0,6,1,1
N202S,202,REC,1,6,1,1
N202T,202,REC,5,6,1,1
N202Y,202,REC,3,6,1,1
N224D,224,REC,1,6,1,1
N224H,224,REC,0,6,1,1
N224I,224,REC,7,6,1,1
N224K,224,REC,5,6,1,1
N224S,224,REC,9,6,1,1
N224T,224,REC,8,6,1,1
N224Y,224,REC,9,6,1,1
N235D,235,REC,2,3,1,1
N235H,235,REC,0,3,1,1
N235I,235,REC,6,3,1,1
N235K,235,REC,9,3,1,1
N235S,235,REC,6,3,1,1
N235T,235,REC,3,3,1,1
N235Y,235,REC,5,3,1,1
N240D,240,REC,3,8,1,1
N240H,240,REC,3,8,1,1
N240I,240,REC,6,8,1,1
N240K,240,REC,2,8,1,1
N240S,240,REC,7,8,1,1
N240T,240,REC,7,8,1,1
N240Y,240,REC,7,8,1,1
N251D,251,REC,2,5,1,1
N251H,251,REC,7,5,1,1
N251I,251,REC,1,5,1,1
N251K,251,REC,8,5,1,1
N251S,251,REC,3,5,1,1
N251T,251,REC,0,5,1,1
N251Y,251,REC,0,5,1,1
N255D,255,REC,4,3,1,1
N255H,255,REC,4,3,1,1
N255I,255,REC,9,3,1,1
N255K,255,REC,0,3,1,1
N255S,255,REC,9,3,1,1
N255T,255,REC,8,3,1,1
N255Y,255,REC,5,3,1,1
N277D,277,REC,0,9,2,1
N277H,277,REC,3,9,2,1
N277I,277,REC,6,9,2,1
N277K,277,REC,6,9,2,1
N277S,277,REC,1,9,2,1
N277T,277,REC,8,9,2,1
N277Y,277,REC,6,9,2,1
N295D,295,REC,8,2,2,1
N295H,295,REC,8,2,2,1
N295I,295,REC,1,2,2,1
N295K,295,REC,2,2,2,1
N295S,295,REC,6,2,2,1
N295T,295,REC,5,2,2,1
N295Y,295,REC,5,2,2,1
N309D,309,REC,1,5,2,1
N309H,309,REC,4,5,2,1
N309I,309,REC,2,5,2,1
N309K,309,REC,6,5,2,1
N309S,309,REC,8,5,2,1
N309T,309,REC,4,5,2,1
N309Y,309,REC,1,5,2,1
N357D,357,REC,2,3,2,1
N357H,357,REC,1,3,2,1
N357I,357,REC,2,3,2,1
N357K,357,REC,5,3,2,1
N357S,357,REC,4,3,2,1
N357T,357,REC,0,3,2,1
N357Y,357,REC,4,3,2,1
N37D,37,RuvC,2,3,0,0
N37H,37,RuvC,0,3,0,0
N37I,37,RuvC,6,3,0,0
N37K,37,RuvC,8,3,0,0
N37S,37,RuvC,5,3,0,0
N37T,37,RuvC,9,3,0,0
N37Y,37,RuvC,0,3,0,0
N394D,394,REC,3,4,2,1
N394H,394,REC,0,4,2,1
N394I,394,REC,7,4,2,1
N394K,394,REC,7,4,2,1
N394S,394,REC,3,4,2,1
N394T,394,REC,0,4,2,1
N394Y,394,REC,9,4,2,1
N407D,407,REC,8,0,2,1
N407H,407,REC,9,0,2,1
N407I,407,REC,3,0,2,1
N407K,407,REC,7,0,2,1
N407S,407,REC,6,0,2,1
N407T,407,REC,6,0,2,1
N407Y,407,REC,2,0,2,1
N436D,436,REC,6,5,3,1
N436H,436,REC,2,5,3,1
N436I,436,REC,9,5,3,1
N436K,436,REC,0,5,3,1
N436S,436,REC,8,5,3,1
N436T,436,REC,9,5,3,1
N436Y,436,REC,4,5,3,1
N459D,459,REC,9,4,3,1
N459H,459,REC,8,4,3,1
N459I,459,REC,8,4,3,1
N459K,459,REC,3,4,3,1
N459S,459,REC,8,4,3,1
N459T,459,REC,6,4,3,1
N459Y,459,REC,5,4,3,1
N46D,46,RuvC,8,0,0,0
N46H,46,RuvC,0,0,0,0
N46I,46,RuvC,9,0,0,0
N46K,46,RuvC,2,0,0,0
N46S,46,RuvC,9,0,0,0
N46T,46,RuvC,5,0,0,0
N46Y,46,RuvC,5,0,0,0
N477D,477,REC,1,0,3,1
N477H,477,REC,6,0,3,1
N477I,477,REC,5,0,3,1
N477K,477,REC,5,0,3,1
N477S,477,REC,3,0,3,1
N477T,477,REC,4,0,3,1
N477Y,477,REC,7,0,3,1
N497D,497,REC,9,5,3,1
N497H,497,REC,0,5,3,1
N497I,497,REC,3,5,3,1
N497K,497,REC,9,5,3,1
N497S,497,REC,8,5,3,1
N497T,497,REC,2,5,3,1
N497Y,497,REC,8,5,3,1
N501D,501,REC,0,0,3,1
N501H,501,REC,6,0,3,1
N501I,501,REC,5,0,3,1
N501K,501,REC,0,0,3,1
N501S,501,REC,1,0,3,1
N501T,501,REC,9,0,3,1
N501Y,501,REC,0,0,3,1
N504D,504,REC,3,0,3,1
N504H,504,REC,6,0,3,1
N504I,504,REC,6,0,3,1
N504K,504,REC,0,0,3,1
N504S,504,REC,5,0,3,1
N504T,504,REC,2,0,3,1
N504Y,504,REC,4,0,3,1
N522D,522,REC,6,6,3,1
N522H,522,REC,2,6,3,1
N522I,522,REC,3,6,3,1
N522K,522,REC,4,6,3,1
N522S,522,REC,1,6,3,1
N522T,522,REC,1,6,3,1
N522Y,522,REC,9,6,3,1
N556D,556,REC,4,1,4,1
N556H,556,REC,8,1,4,1
N556I,556,REC,0,1,4,1
N556K,556,REC,3,1,4,1
N556S,556,REC,2,1,4,1
N556T,556,REC,4,1,4,1
N556Y,556,REC,1,1,4,1
N588D,588,REC,6,3,4,1
N588H,588,REC,1,3,4,1
N588I,588,REC,7,3,4,1
N588K,588,REC,2,3,4,1
N588S,588,REC,4,3,4,1
N588T,588,REC,6,3,4,1
N588Y,588,REC,3,3,4,1
N609D,609,REC,2,0,4,1
N609H,609,REC,9,0,4,1
N609I,609,REC,1,0,4,1
N609K,609,REC,5,0,4,1
N609S,609,REC,3,0,4,1
N609T,609,REC,8,0,4,1
N609Y,609,REC,7,0,4,1
N612D,612,REC,3,6,4,1
N612H,612,REC,4,6,4,1
N612I,612,REC,9,6,4,1
N612K,612,REC,0,6,4,1
N612S,612,REC,3,6,4,1
N612T,612,REC,0,6,4,1
N612Y,612,REC,9,6,4,1
N668D,668,REC,4,5,4,1
N668H,668,REC,8,5,4,1
N668I,668,REC,5,5,4,1
N668K,668,REC,1,5,4,1
N668S,668,REC,3,5,4,1
N668T,668,REC,1,5,4,1
N668Y,668,REC,2,5,4,1
N690D,690,REC,8,1,5,1
N690H,690,REC,9,1,5,1
N690I,690,REC,1,1,5,1
N690K,690,REC,9,1,5,1
N690S,690,REC,7,1,5,1
N690T,690,REC,2,1,5,1
N690Y,690,REC,1,1,5,1
N692D,692,REC,6,9,5,1
N692H,692,REC,5,9,5,1
N692I,692,REC,4,9,5,1
N692K,692,REC,7,9,5,1
N692S,692,REC,9,9,5,1
N692T,692,REC,8,9,5,1
N692Y,692,REC,2,9,5,1
N726D,726,RuvC,5,5,5,0
N726H,726,RuvC,6,5,5,0
N726I,726,RuvC,0,5,5,0
N726K,726,RuvC,9,5,5,0
N726S,726,RuvC,3,5,5,0
N726T,726,RuvC,3,5,5,0
N726Y,726,RuvC,0,5,5,0
N758D,758,RuvC,5,1,5,0
N758H,758,RuvC,2,1,5,0
N758I,758,RuvC,9,1,5,0
N758K,758,RuvC,4,1,5,0
N758S,758,RuvC,9,1,5,0
N758T,758,RuvC,1,1,5,0
N758Y,758,RuvC,4,1,5,0
N767D,767,RuvC,0,4,5,0
N767H,767,RuvC,0,4,5,0
N767I,767,RuvC,5,4,5,0
N767K,767,RuvC,8,4,5,0
N767S,767,RuvC,2,4,5,0
N767T,767,RuvC,1,4,5,0
N767Y,767,RuvC,9,4,5,0
N776D,776,HNH,4,7,5,2
N776H,776,HNH,5,7,5,2
N776I,776,HNH,6,7,5,2
N776K,776,HNH,7,7,5,2
N776S,776,HNH,3,7,5,2
N776T,776,HNH,1,7,5,2
N776Y,776,HNH,3,7,5,2
N77D,77,REC,7,6,0,1
N77H,77,REC,7,6,0,1
N77I,77,REC,0,6,0,1
N77K,77,REC,6,6,0,1
N77S,77,REC,7,6,0,1
N77T,77,REC,9,6,0,1
N77Y,77,REC,2,6,0,1
N803D,803,HNH,6,1,5,2
N803H,803,HNH,7,1,5,2
N803I,803,HNH,3,1,5,2
N803K,803,HNH,4,1,5,2
N803S,803,HNH,5,1,5,2
N803T,803,HNH,6,1,5,2
N803Y,803,HNH,1,1,5,2
N808D,808,HNH,5,5,5,2
N808H,808,HNH,1,5,5,2
N808I,808,HNH,3,5,5,2
N808K,808,HNH,8,5,5,2
N808S,808,HNH,1,5,5,2
N808T,808,HNH,9,5,5,2
N808Y,808,HNH,2,5,5,2
N818D,818,HNH,8,3,5,2
N818H,818,HNH,8,3,5,2
N818I,818,HNH,5,3,5,2
N818K,818,HNH,8,3,5,2
N818S,818,HNH,8,3,5,2
N818T,818,HNH,7,3,5,2
N818Y,818,HNH,5,3,5,2
N831D,831,HNH,3,6,6,2
N831H,831,HNH,9,6,6,2
N831I,831,HNH,7,6,6,2
N831K,831,HNH,1,6,6,2
N831S,831,HNH,2,6,6,2
N831T,831,HNH,4,6,6,2
N831Y,831,HNH,9,6,6,2
N854D,854,HNH,1,6,6,2
N854H,854,HNH,4,6,6,2
N854I,854,HNH,4,6,6,2
N854K,854,HNH,0,6,6,2
N854S,854,HNH,5,6,6,2
N854T,854,HNH,2,6,6,2
N854Y,854,HNH,7,6,6,2
N863D,863,HNH,9,4,6,2
N863H,863,HNH,0,4,6,2
N863I,863,HNH,1,4,6,2
N863K,863,HNH,4,4,6,2
N863S,863,HNH,9,4,6,2
N863T,863,HNH,8,4,6,2
N863Y,863,HNH,8,4,6,2
N869D,869,HNH,7,6,6,2
N869H,869,HNH,1,6,6,2
N869I,869,HNH,3,6,6,2
N869K,869,HNH,7,6,6,2
N869S,869,HNH,6,6,6,2
N869T,869,HNH,7,6,6,2
N869Y,869,HNH,2,6,6,2
N881D,881,HNH,6,3,6,2
N881H,881,HNH,9,3,6,2
N881I,881,HNH,9,3,6,2
N881K,881,HNH,2,3,6,2
N881S,881,HNH,6,3,6,2
N881T,881,HNH,7,3,6,2
N881Y,881,HNH,5,3,6,2
N888D,888,HNH,2,7,6,2
N888H,888,HNH,2,7,6,2
N888I,888,HNH,4,7,6,2
N888K,888,HNH,2,7,6,2
N888S,888,HNH,7,7,6,2
N888T,888,HNH,6,7,6,2
N888Y,888,HNH,7,7,6,2
N88D,88,REC,4,1,0,1
N88H,88,REC,9,1,0,1
N88I,88,REC,2,1,0,1
N88K,88,REC,4,1,0,1
N88S,88,REC,6,1,0,1
N88T,88,REC,5,1,0,1
N88Y,88,REC,9,1,0,1
N899D,899,HNH,9,6,6,2
N899H,899,HNH,8,6,6,2
N899I,899,HNH,3,6,6,2
N899K,899,HNH,9,6,6,2
N899S,899,HNH,4,6,6,2
N899T,899,HNH,9,6,6,2
N899Y,899,HNH,3,6,6,2
N940D,940,RuvC,6,7,6,0
N940H,940,RuvC,0,7,6,0
N940I,940,RuvC,2,7,6,0
N940K,940,RuvC,5,7,6,0
N940S,940,RuvC,5,7,6,0
N940T,940,RuvC,2,7,6,0
N940Y,940,RuvC,0,7,6,0
N946D,946,RuvC,1,8,6,0
N946H,946,RuvC,6,8,6,0
N946I,946,RuvC,3,8,6,0
N946K,946,RuvC,0,8,6,0
N946S,946,RuvC,9,8,6,0
N946T,946,RuvC,4,8,6,0
N946Y,946,RuvC,2,8,6,0
N979D,979,RuvC,6,6,7,0
N979H,979,RuvC,7,6,7,0
N979I,979,RuvC,2,6,7,0
N979K,979,RuvC,8,6,7,0
N979S,979,RuvC,6,6,7,0
N979T,979,RuvC,0,6,7,0
N979Y,979,RuvC,5,6,7,0
N980D,980,RuvC,7,6,7,0
N980H,980,RuvC,1,6,7,0
N980I,980,RuvC,6,6,7,0
N980K,980,RuvC,7,6,7,0
N980S,980,RuvC,7,6,7,0
N980T,980,RuvC,5,6,7,0
N980Y,980,RuvC,3,6,7,0
N990D,990,RuvC,6,3,7,0
N990H,990,RuvC,7,3,7,0
N990I,990,RuvC,6,3,7,0
N990K,990,RuvC,4,3,7,0
N990S,990,RuvC,5,3,7,0
N990T,990,RuvC,9,3,7,0
N990Y,990,RuvC,4,3,7,0
P1002A,1002,RuvC,1,1,7,0
P1002H,1002,RuvC,5,1,7,0
P1002L,1002,RuvC,0,1,7,0
P1002R,1002,RuvC,0,1,7,0
P1002S,1002,RuvC,3,1,7,0
P1002T,1002,RuvC,1,1,7,0
P1061A,1061,RuvC,0,0,7,0
P1061L,1061,RuvC,5,0,7,0
P1061Q,1061,RuvC,8,0,7,0
P1061R,1061,RuvC,9,0,7,0
P1061S,1061,RuvC,2,0,7,0
P1061T,1061,RuvC,4,0,7,0
P1090A,1090,RuvC,1,5,7,0
P1090H,1090,RuvC,9,5,7,0
P1090L,1090,RuvC,7,5,7,0
P1090R,1090,RuvC,6,5,7,0
P1090S,1090,RuvC,2,5,7,0
P1090T,1090,RuvC,4,5,7,0
P1112A,1112,PI,0,3,8,3
P1112H,1112,PI,0,3,8,3
P1112L,1112,PI,6,3,8,3
P1112R,1112,PI,5,3,8,3
P1112S,1112,PI,8,3,8,3
P1112T,1112,PI,5,3,8,3
P1128A,1128,PI,5,5,8,3
P1128H,1128,PI,2,5,8,3
P1128L,1128,PI,1,5,8,3
P1128R,1128,PI,5,5,8,3
P1128S,1128,PI,5,5,8,3
P1128T,1128,PI,6,5,8,3
P1137A,1137,PI,5,2,8,3
P1137L,1137,PI,3,2,8,3
P1137Q,1137,PI,9,2,8,3
P1137R,1137,PI,3,2,8,3
P1137S,1137,PI,2,2,8,3
P1137T,1137,PI,5,2,8,3
P1178A,1178,PI,4,5,8,3
P1178H,1178,PI,9,5,8,3
P1178L,1178,PI,6,5,8,3
P1178R,1178,PI,1,5,8,3
P1178S,1178,PI,0,5,8,3
P1178T,1178,PI,7,5,8,3
P117A,117,REC,8,3,0,1
P117H,117,REC,6,3,0,1
P117L,117,REC,9,3,0,1
P117R,117,REC,2,3,0,1
P117S,117,REC,4,3,0,1
P117T,117,REC,1,3,0,1
P1199A,1199,PI,3,0,8,3
P1199L,1199,PI,5,0,8,3
P1199Q,1199,PI,1,0,8,3
P1199R,1199,PI,9,0,8,3
P1199S,1199,PI,5,0,8,3
P1199T,1199,PI,5,0,8,3
P1229A,1229,PI,6,8,8,3
P1229H,1229,PI,7,8,8,3
P1229L,1229,PI,8,8,8,3
P1229R,1229,PI,2,8,8,3
P1229S,1229,PI,0,8,8,3
P1229T,1229,PI,0,8,8,3
P1249A,1249,PI,7,2,9,3
P1249H,1249,PI,8,2,9,3
P1249L,1249,PI,8,2,9,3
P1249R,1249,PI,8,2,9,3
P1249S,1249,PI,5,2,9,3
P1249T,1249,PI,4,2,9,3
P1301A,1301,PI,1,7,9,3
P1301L,1301,PI,5,7,9,3
P1301Q,1301,PI,5,7,9,3
P1301R,1301,PI,2,7,9,3
P1301S,1301,PI,4,7,9,3
P1301T,1301,PI,3,7,9,3
P1321A,1321,PI,7,9,9,3
P1321L,1321,PI,0,9,9,3
P1321Q,1321,PI,6,9,9,3
P1321R,1321,PI,2,9,9,3
P1321S,1321,PI,9,9,9,3
P1321T,1321,PI,2,9,9,3
P133A,133,REC,3,7,0,1
P133H,133,REC,1,7,0,1
P133L,133,REC,2,7,0,1
P133R,133,REC,6,7,0,1
P133S,133,REC,9,7,0,1
P133T,133,REC,7,7,0,1
P176A,176,REC,9,6,1,1
P176L,176,REC,7,6,1,1
P176Q,176,REC,4,6,1,1
P176R,176,REC,1,6,1,1
P176S,176,REC,0,6,1,1
P176T,176,REC,2,6,1,1
P200A,200,REC,3,2,1,1
P200H,200,REC,3,2,1,1
P200L,200,REC,5,2,1,1
P200R,200,REC,3,2,1,1
P200S,200,REC,7,2,1,1
P200T,200,REC,0,2,1,1
P230A,230,REC,1,7,1,1
P230L,230,REC,1,7,1,1
P230Q,230,REC,2,7,1,1
P230R,230,REC,0,7,1,1
P230S,230,REC,1,7,1,1
P230T,230,REC,7,7,1,1
P250A,250,REC,1,1,1,1
P250H,250,REC,7,1,1,1
P250L,250,REC,2,1,1,1
P250R,250,REC,2,1,1,1
P250S,250,REC,5,1,1,1
P250T,250,REC,5,1,1,1
P28A,28,RuvC,7,9,0,0
P28L,28,RuvC,0,9,0,0
P28Q,28,RuvC,8,9,0,0
P28R,28,RuvC,5,9,0,0
P28S,28,RuvC,8,9,0,0
P28T,28,RuvC,8,9,0,0
P316A,316,REC,8,7,2,1
P316H,316,REC,4,7,2,1
P316L,316,REC,4,7,2,1
P316R,316,REC,0,7,2,1
P316S,316,REC,7,7,2,1
P316T,316,REC,1,7,2,1
P344A,344,REC,3,3,2,1
P344H,344,REC,1,3,2,1
P344L,344,REC,0,3,2,1
P344R,344,REC,9,3,2,1
P344S,344,REC,8,3,2,1
P344T,344,REC,8,3,2,1
P378A,378,REC,4,4,2,1
P378H,378,REC,0,4,2,1
P378L,378,REC,3,4,2,1
P378R,378,REC,1,4,2,1
P378S,378,REC,4,4,2,1
P378T,378,REC,5,4,2,1
P411A,411,REC,9,3,2,1
P411H,411,REC,9,3,2,1
P411L,411,REC,4,3,2,1
P411R,411,REC,6,3,2,1
P411S,411,REC,3,3,2,1
P411T,411,REC,3,3,2,1
P431A,431,REC,6,1,3,1
P431L,431,REC,5,1,3,1
P431Q,431,REC,9,1,3,1
P431R,431,REC,8,1,3,1
P431S,431,REC,0,1,3,1
P431T,431,REC,4,1,3,1
P449A,449,REC,0,7,3,1
P449H,449,REC,0,7,3,1
P449L,449,REC,7,7,3,1
P449R,449,REC,2,7,3,1
P449S,449,REC,0,7,3,1
P449T,449,REC,9,7,3,1
P454A,454,REC,3,8,3,1
P454H,454,REC,1,8,3,1
P454L,454,REC,6,8,3,1
P454R,454,REC,7,8,3,1
P454S,454,REC,7,8,3,1
P454T,454,REC,9,8,3,1
P475A,475,REC,1,7,3,1
P475H,475,REC,4,7,3,1
P475L,475,REC,0,7,3,1
P475R,475,REC,8,7,3,1
P475S,475,REC,2,7,3,1
P475T,475,REC,9,7,3,1
P503A,503,REC,8,4,3,1
P503L,503,REC,2,4,3,1
P503Q,503,REC,2,4,3,1
P503R,503,REC,5,4,3,1
P503S,503,REC,0,4,3,1
P503T,503,REC,7,4,3,1
P509A,509,REC,7,3,3,1
P509H,509,REC,1,3,3,1
P509L,509,REC,9,3,3,1
P509R,509,REC,7,3,3,1
P509S,509,REC,2,3,3,1
P509T,509,REC,6,3,3,1
P537A,537,REC,0,8,3,1
P537H,537,REC,8,8,3,1
P537L,537,REC,2,8,3,1
P537R,537,REC,1,8,3,1
P537S,537,REC,0,8,3,1
P537T,537,REC,6,8,3,1
P731A,731,RuvC,0,2,5,0
P731H,731,RuvC,0,2,5,0
P731L,731,RuvC,8,2,5,0
P731R,731,RuvC,7,2,5,0
P731S,731,RuvC,0,2,5,0
P731T,731,RuvC,8,2,5,0
P756A,756,RuvC,7,7,5,0
P756L,756,RuvC,7,7,5,0
P756Q,756,RuvC,8,7,5,0
P756R,756,RuvC,8,7,5,0
P756S,756,RuvC,0,7,5,0
P756T,756,RuvC,8,7,5,0
P800A,800,HNH,3,1,5,2
P800H,800,HNH,0,1,5,2
P800L,800,HNH,2,1,5,2
P800R,800,HNH,9,1,5,2
P800S,800,HNH,3,1,5,2
P800T,800,HNH,5,1,5,2
P843A,843,HNH,4,5,6,2
P843L,843,HNH,8,5,6,2
P843Q,843,HNH,0,5,6,2
P843R,843,HNH,6,5,6,2
P843S,843,HNH,3,5,6,2
P843T,843,HNH,9,5,6,2
P871A,871,HNH,1,9,6,2
P871H,871,HNH,1,9,6,2
P871L,871,HNH,8,9,6,2
P871R,871,HNH,3,9,6,2
P871S,871,HNH,9,9,6,2
P871T,871,HNH,1,9,6,2
Q1027E,1027,RuvC,7,1,7,0
Q1027H,1027,RuvC,3,1,7,0
Q1027K,1027,RuvC,3,1,7,0
Q1027L,1027,RuvC,9,1,7,0
Q1027P,1027,RuvC,6,1,7,0
Q1027R,1027,RuvC,3,1,7,0
Q1091E,1091,RuvC,4,9,7,0
Q1091H,1091,RuvC,6,9,7,0
Q1091K,1091,RuvC,3,9,7,0
Q1091L,1091,RuvC,9,9,7,0
Q1091P,1091,RuvC,9,9,7,0
Q1091R,1091,RuvC,0,9,7,0
Q1101E,1101,PI,2,7,8,3
Q1101H,1101,PI,0,7,8,3
Q1101K,1101,PI,7,7,8,3
Q1101L,1101,PI,1,7,8,3
Q1101P,1101,PI,5,7,8,3
Q1101R,1101,PI,9,7,8,3
Q1221E,1221,PI,5,3,8,3
Q1221H,1221,PI,4,3,8,3
Q1221K,1221,PI,9,3,8,3
Q1221L,1221,PI,5,3,8,3
Q1221P,1221,PI,7,3,8,3
Q1221R,1221,PI,5,3,8,3
Q1254E,1254,PI,9,1,9,3
Q1254H,1254,PI,1,1,9,3
Q1254K,1254,PI,8,1,9,3
Q1254L,1254,PI,3,1,9,3
Q1254P,1254,PI,3,1,9,3
Q1254R,1254,PI,6,1,9,3
Q1256E,1256,PI,1,1,9,3
Q1256H,1256,PI,9,1,9,3
Q1256K,1256,PI,8,1,9,3
Q1256L,1256,PI,7,1,9,3
Q1256P,1256,PI,5,1,9,3
Q1256R,1256,PI,2,1,9,3
Q1261E,1261,PI,5,4,9,3
Q1261H,1261,PI,4,4,9,3
Q1261K,1261,PI,4,4,9,3
Q1261L,1261,PI,8,4,9,3
Q1261P,1261,PI,9,4,9,3
Q1261R,1261,PI,1,4,9,3
Q1272E,1272,PI,4,1,9,3
Q1272H,1272,PI,3,1,9,3
Q1272K,1272,PI,2,1,9,3
Q1272L,1272,PI,7,1,9,3
Q1272P,1272,PI,7,1,9,3
Q1272R,1272,PI,5,1,9,3
Q1305E,1305,PI,6,6,9,3
Q1305H,1305,PI,9,6,9,3
Q1305K,1305,PI,7,6,9,3
Q1305L,1305,PI,5,6,9,3
Q1305P,1305,PI,1,6,9,3
Q1305R,1305,PI,5,6,9,3
Q1350E,1350,PI,1,9,9,3
Q1350H,1350,PI,4,9,9,3
Q1350K,1350,PI,1,9,9,3
Q1350L,1350,PI,9,9,9,3
Q1350P,1350,PI,1,9,9,3
Q1350R,1350,PI,9,9,9,3
Q1364E,1364,PI,4,7,9,3
Q1364H,1364,PI,8,7,9,3
Q1364K,1364,PI,1,7,9,3
Q1364L,1364,PI,8,7,9,3
Q1364P,1364,PI,1,7,9,3
Q1364R,1364,PI,8,7,9,3
Q187E,187,REC,0,2,1,1
Q187H,187,REC,9,2,1,1
Q187K,187,REC,0,2,1,1
Q187L,187,REC,8,2,1,1
Q187P,187,REC,0,2,1,1
Q187R,187,REC,0,2,1,1
Q190E,190,REC,8,6,1,1
Q190H,190,REC,1,6,1,1
Q190K,190,REC,0,6,1,1
Q190L,190,REC,3,6,1,1
Q190P,190,REC,3,6,1,1
Q190R,190,REC,4,6,1,1
Q194E,194,REC,2,2,1,1
Q194H,194,REC,8,2,1,1
Q194K,194,REC,8,2,1,1
Q194L,194,REC,1,2,1,1
Q194P,194,REC,0,2,1,1
Q194R,194,REC,3,2,1,1
Q228E,228,REC,6,2,1,1
Q228H,228,REC,5,2,1,1
Q228K,228,REC,5,2,1,1
Q228L,228,REC,8,2,1,1
Q228P,228,REC,2,2,1,1
Q228R,228,REC,8,2,1,1
Q265E,265,REC,8,6,1,1
Q265H,265,REC,3,6,1,1
Q265K,265,REC,1,6,1,1
Q265L,265,REC,7,6,1,1
Q265P,265,REC,9,6,1,1
Q265R,265,REC,4,6,1,1
Q281E,281,REC,8,0,2,1
Q281H,281,REC,7,0,2,1
Q281K,281,REC,2,0,2,1
Q281L,281,REC,0,0,2,1
Q281P,281,REC,6,0,2,1
Q281R,281,REC,9,0,2,1
Q285E,285,REC,6,7,2,1
Q285H,285,REC,9,7,2,1
Q285K,285,REC,2,7,2,1
Q285L,285,REC,4,7,2,1
Q285P,285,REC,3,7,2,1
Q285R,285,REC,4,7,2,1
Q330E,330,REC,3,8,2,1
Q330H,330,REC,5,8,2,1
Q330K,330,REC,7,8,2,1
Q330L,330,REC,3,8,2,1
Q330P,330,REC,4,8,2,1
Q330R,330,REC,2,8,2,1
Q341E,341,REC,4,4,2,1
Q341H,341,REC,9,4,2,1
Q341K,341,REC,7,4,2,1
Q341L,341,REC,4,4,2,1
Q341P,341,REC,2,4,2,1
Q341R,341,REC,4,4,2,1
Q342E,342,REC,9,5,2,1
Q342H,342,REC,5,5,2,1
Q342K,342,REC,4,5,2,1
Q342L,342,REC,1,5,2,1
Q342P,342,REC,5,5,2,1
Q342R,342,REC,3,5,2,1
Q354E,354,REC,8,7,2,1
Q354H,354,REC,2,7,2,1
Q354K,354,REC,5,7,2,1
Q354L,354,REC,0,7,2,1
Q354P,354,REC,3,7,2,1
Q354R,354,REC,2,7,2,1
Q369E,369,REC,8,4,2,1
Q369H,369,REC,0,4,2,1
Q369K,369,REC,5,4,2,1
Q369L,369,REC,2,4,2,1
Q369P,369,REC,9,4,2,1
Q369R,369,REC,2,4,2,1
Q402E,402,REC,9,1,2,1
Q402H,402,REC,8,1,2,1
Q402K,402,REC,9,1,2,1
Q402L,402,REC,2,1,2,1
Q402P,402,REC,0,1,2,1
Q402R,402,REC,8,1,2,1
Q413E,413,REC,1,9,3,1
Q413H,413,REC,4,9,3,1
Q413K,413,REC,9,9,3,1
Q413L,413,REC,4,9,3,1
Q413P,413,REC,5,9,3,1
Q413R,413,REC,0,9,3,1
Q426E,426,REC,6,9,3,1
Q426H,426,REC,9,9,3,1
Q426K,426,REC,5,9,3,1
Q426L,426,REC,6,9,3,1
Q426P,426,REC,8,9,3,1
Q426R,426,REC,0,9,3,1
Q489E,489,REC,9,9,3,1
Q489H,489,REC,0,9,3,1
Q489K,489,REC,1,9,3,1
Q489L,489,REC,1,9,3,1
Q489P,489,REC,6,9,3,1
Q489R,489,REC,5,9,3,1
Q544E,544,REC,2,5,3,1
Q544H,544,REC,1,5,3,1
Q544K,544,REC,0,5,3,1
Q544L,544,REC,2,5,3,1
Q544P,544,REC,6,5,3,1
Q544R,544,REC,1,5,3,1
Q563E,563,REC,2,0,4,1
Q563H,563,REC,0,0,4,1
Q563K,563,REC,6,0,4,1
Q563L,563,REC,3,0,4,1
Q563P,563,REC,2,0,4,1
Q563R,563,REC,6,0,4,1
Q650E,650,REC,2,6,4,1
Q650H,650,REC,7,6,4,1
Q650K,650,REC,8,6,4,1
Q650L,650,REC,9,6,4,1
Q650P,650,REC,5,6,4,1
Q650R,650,REC,8,6,4,1
Q674E,674,REC,1,5,4,1
Q674H,674,REC,8,5,4,1
Q674K,674,REC,5,5,4,1
Q674L,674,REC,6,5,4,1
Q674P,674,REC,2,5,4,1
Q674R,674,REC,5,5,4,1
Q695E,695,REC,4,6,5,1
Q695H,695,REC,1,6,5,1
Q695K,695,REC,8,6,5,1
Q695L,695,REC,6,6,5,1
Q695P,695,REC,4,6,5,1
Q695R,695,REC,2,6,5,1
Q709E,709,REC,2,9,5,1
Q709H,709,REC,1,9,5,1
Q709K,709,REC,8,9,5,1
Q709L,709,REC,9,9,5,1
Q709P,709,REC,9,9,5,1
Q709R,709,REC,8,9,5,1
Q712E,712,REC,1,0,5,1
Q712H,712,REC,2,0,5,1
Q712K,712,REC,9,0,5,1
Q712L,712,REC,0,0,5,1
Q712P,712,REC,5,0,5,1
Q712R,712,REC,9,0,5,1
Q716E,716,REC,9,8,5,1
Q716H,716,REC,5,8,5,1
Q716K,716,REC,6,8,5,1
Q716L,716,REC,1,8,5,1
Q716P,716,REC,6,8,5,1
Q716R,716,REC,8,8,5,1
Q739E,739,RuvC,5,1,5,0
Q739H,739,RuvC,8,1,5,0
Q739K,739,RuvC,0,1,5,0
Q739L,739,RuvC,3,1,5,0
Q739P,739,RuvC,8,1,5,0
Q739R,739,RuvC,4,1,5,0
Q768E,768,RuvC,3,9,5,0
Q768H,768,RuvC,2,9,5,0
Q768K,768,RuvC,6,9,5,0
Q768L,768,RuvC,0,9,5,0
Q768P,768,RuvC,1,9,5,0
Q768R,768,RuvC,2,9,5,0
Q771E,771,RuvC,2,6,5,0
Q771H,771,RuvC,9,6,5,0
Q771K,771,RuvC,3,6,5,0
Q771L,771,RuvC,0,6,5,0
Q771P,771,RuvC,3,6,5,0
Q771R,771,RuvC,8,6,5,0
Q774E,774,RuvC,2,4,5,0
Q774H,774,RuvC,5,4,5,0
Q774K,774,RuvC,8,4,5,0
Q774L,774,RuvC,9,4,5,0
Q774P,774,RuvC,8,4,5,0
Q774R,774,RuvC,8,4,5,0
Q794E,794,HNH,9,7,5,2
Q794H,794,HNH,8,7,5,2
Q794K,794,HNH,7,7,5,2
Q794L,794,HNH,1,7,5,2
Q794P,794,HNH,9,7,5,2
Q794R,794,HNH,1,7,5,2
Q805E,805,HNH,5,7,5,2
Q805H,805,HNH,7,7,5,2
Q805K,805,HNH,1,7,5,2
Q805L,805,HNH,0,7,5,2
Q805P,805,HNH,7,7,5,2
Q805R,805,HNH,3,7,5,2
Q807E,807,HNH,3,3,5,2
Q807H,807,HNH,7,3,5,2
Q807K,807,HNH,0,3,5,2
Q807L,807,HNH,1,3,5,2
Q807P,807,HNH,5,3,5,2
Q807R,807,HNH,1,3,5,2
Q817E,817,HNH,5,8,5,2
Q817H,817,HNH,4,8,5,2
Q817K,817,HNH,5,8,5,2
Q817L,817,HNH,9,8,5,2
Q817P,817,HNH,1,8,5,2
Q817R,817,HNH,2,8,5,2
Q826E,826,HNH,1,4,6,2
Q826H,826,HNH,1,4,6,2
Q826K,826,HNH,1,4,6,2
Q826L,826,HNH,7,4,6,2
Q826P,826,HNH,9,4,6,2
Q826R,826,HNH,1,4,6,2
Q83E,83,REC,9,4,0,1
Q83H,83,REC,5,4,0,1
Q83K,83,REC,1,4,0,1
Q83L,83,REC,3,4,0,1
Q83P,83,REC,8,4,0,1
Q83R,83,REC,1,4,0,1
Q844E,844,HNH,6,5,6,2
Q844H,844,HNH,8,5,6,2
Q844K,844,HNH,6,5,6,2
Q844L,844,HNH,2,5,6,2
Q844P,844,HNH,5,5,6,2
Q844R,844,HNH,4,5,6,2
Q885E,885,HNH,9,7,6,2
Q885H,885,HNH,9,7,6,2
Q885K,885,HNH,4,7,6,2
Q885L,885,HNH,6,7,6,2
Q885P,885,HNH,0,7,6,2
Q885R,885,HNH,7,7,6,2
Q894E,894,HNH,5,6,6,2
Q894H,894,HNH,8,6,6,2
Q894K,894,HNH,1,6,6,2
Q894L,894,HNH,9,6,6,2
Q894P,894,HNH,1,6,6,2
Q894R,894,HNH,1,6,6,2
Q920E,920,RuvC,6,3,6,0
Q920H,920,RuvC,7,3,6,0
Q920K,920,RuvC,3,3,6,0
Q920L,920,RuvC,8,3,6,0
Q920P,920,RuvC,2,3,6,0
Q920R,920,RuvC,6,3,6,0
Q926E,926,RuvC,3,3,6,0
Q926H,926,RuvC,4,3,6,0
Q926K,926,RuvC,6,3,6,0
Q926L,926,RuvC,6,3,6,0
Q926P,926,RuvC,8,3,6,0
Q926R,926,RuvC,6,3,6,0
Q933E,933,RuvC,4,2,6,0
Q933H,933,RuvC,3,2,6,0
Q933K,933,RuvC,4,2,6,0
Q933L,933,RuvC,8,2,6,0
Q933P,933,RuvC,9,2,6,0
Q933R,933,RuvC,0,2,6,0
Q971E,971,RuvC,1,5,7,0
Q971H,971,RuvC,7,5,7,0
Q971K,971,RuvC,9,5,7,0
Q971L,971,RuvC,8,5,7,0
Q971P,971,RuvC,6,5,7,0
Q971R,971,RuvC,4,5,7,0
R100G,100,REC,7,1,0,1
R100I,100,REC,5,1,0,1
R100K,100,REC,5,1,0,1
R100S,100,REC,4,1,0,1
R100T,100,REC,1,1,0,1
R1019G,1019,RuvC,7,9,7,0
R1019K,1019,RuvC,1,9,7,0
R1019M,1019,RuvC,3,9,7,0
R1019S,1019,RuvC,7,9,7,0
R1019T,1019,RuvC,5,9,7,0
R1019W,1019,RuvC,5,9,7,0
R1058G,1058,RuvC,0,6,7,0
R1058L,1058,RuvC,4,6,7,0
R1058P,1058,RuvC,2,6,7,0
R1058Q,1058,RuvC,0,6,7,0
R1060G,1060,RuvC,0,6,7,0
R1060L,1060,RuvC,0,6,7,0
R1060P,1060,RuvC,4,6,7,0
R1060Q,1060,RuvC,7,6,7,0
R1060W,1060,RuvC,2,6,7,0
R1078G,1078,RuvC,0,6,7,0
R1078I,1078,RuvC,2,6,7,0
R1078K,1078,RuvC,4,6,7,0
R1078S,1078,RuvC,4,6,7,0
R1078T,1078,RuvC,5,6,7,0
R1084G,1084,RuvC,5,2,7,0
R1084K,1084,RuvC,0,2,7,0
R1084M,1084,RuvC,2,2,7,0
R1084S,1084,RuvC,7,2,7,0
R1084T,1084,RuvC,7,2,7,0
R1084W,1084,RuvC,6,2,7,0
R1114C,1114,PI,3,2,8,3
R1114G,1114,PI,4,2,8,3
R1114H,1114,PI,4,2,8,3
R1114L,1114,PI,8,2,8,3
R1114P,1114,PI,0,2,8,3
R1114S,1114,PI,9,2,8,3
R1122G,1122,PI,4,5,8,3
R1122L,1122,PI,8,5,8,3
R1122P,1122,PI,6,5,8,3
R1122Q,1122,PI,9,5,8,3
R115G,115,REC,9,8,0,1
R115K,115,REC,1,8,0,1
R115M,115,REC,1,8,0,1
R115S,115,REC,0,8,0,1
R115T,115,REC,5,8,0,1
R115W,115,REC,4,8,0,1
R1171G,1171,PI,3,8,8,3
R1171I,1171,PI,3,8,8,3
R1171K,1171,PI,8,8,8,3
R1171S,1171,PI,3,8,8,3
R1171T,1171,PI,6,8,8,3
R1210G,1210,PI,5,5,8,3
R1210I,1210,PI,0,5,8,3
R1210K,1210,PI,1,5,8,3
R1210S,1210,PI,8,5,8,3
R1210T,1210,PI,4,5,8,3
R1212G,1212,PI,7,8,8,3
R1212K,1212,PI,4,8,8,3
R1212M,1212,PI,3,8,8,3
R1212S,1212,PI,4,8,8,3
R1212T,1212,PI,1,8,8,3
R1212W,1212,PI,4,8,8,3
R1279G,1279,PI,7,7,9,3
R1279I,1279,PI,1,7,9,3
R1279K,1279,PI,7,7,9,3
R1279S,1279,PI,2,7,9,3
R1279T,1279,PI,5,7,9,3
R1298G,1298,PI,7,6,9,3
R1298L,1298,PI,4,6,9,3
R1298P,1298,PI,1,6,9,3
R1298Q,1298,PI,2,6,9,3
R1298W,1298,PI,8,6,9,3
R1303G,1303,PI,7,0,9,3
R1303I,1303,PI,2,0,9,3
R1303K,1303,PI,6,0,9,3
R1303S,1303,PI,8,0,9,3
R1303T,1303,PI,2,0,9,3
R1333C,1333,PI,3,4,9,3
R1333G,1333,PI,3,4,9,3
R1333H,1333,PI,4,4,9,3
R1333L,1333,PI,5,4,9,3
R1333P,1333,PI,8,4,9,3
R1333S,1333,PI,8,4,9,3
R1335G,1335,PI,4,5,9,3
R1335L,1335,PI,3,5,9,3
R1335P,1335,PI,6,5,9,3
R1335Q,1335,PI,3,5,9,3
R1359G,1359,PI,2,8,9,3
R1359I,1359,PI,5,8,9,3
R1359K,1359,PI,4,8,9,3
R1359S,1359,PI,6,8,9,3
R1359T,1359,PI,8,8,9,3
R139G,139,REC,7,3,1,1
R139L,139,REC,9,3,1,1
R139P,139,REC,5,3,1,1
R139Q,139,REC,2,3,1,1
R139W,139,REC,3,3,1,1
R152G,152,REC,2,0,1,1
R152I,152,REC,8,0,1,1
R152K,152,REC,6,0,1,1
R152S,152,REC,5,0,1,1
R152T,152,REC,6,0,1,1
R165G,165,REC,3,5,1,1
R165K,165,REC,4,5,1,1
R165M,165,REC,1,5,1,1
R165S,165,REC,5,5,1,1
R165T,165,REC,1,5,1,1
R165W,165,REC,5,5,1,1
R215C,215,REC,9,6,1,1
R215G,215,REC,4,6,1,1
R215H,215,REC,6,6,1,1
R215L,215,REC,6,6,1,1
R215P,215,REC,5,6,1,1
R215S,215,REC,3,6,1,1
R220G,220,REC,0,5,1,1
R220L,220,REC,9,5,1,1
R220P,220,REC,4,5,1,1
R220Q,220,REC,4,5,1,1
R220W,220,REC,6,5,1,1
R221G,221,REC,9,5,1,1
R221I,221,REC,7,5,1,1
R221K,221,REC,9,5,1,1
R221S,221,REC,5,5,1,1
R221T,221,REC,0,5,1,1
R307G,307,REC,0,0,2,1
R307I,307,REC,7,0,2,1
R307K,307,REC,0,0,2,1
R307S,307,REC,6,0,2,1
R307T,307,REC,2,0,2,1
R324G,324,REC,8,1,2,1
R324L,324,REC,8,1,2,1
R324P,324,REC,7,1,2,1
R324Q,324,REC,2,1,2,1
R324W,324,REC,7,1,2,1
R340G,340,REC,6,1,2,1
R340L,340,REC,5,1,2,1
R340P,340,REC,9,1,2,1
R340Q,340,REC,0,1,2,1
R340W,340,REC,6,1,2,1
R395G,395,REC,2,0,2,1
R395K,395,REC,8,0,2,1
R395M,395,REC,0,0,2,1
R395S,395,REC,1,0,2,1
R395T,395,REC,8,0,2,1
R395W,395,REC,0,0,2,1
R400G,400,REC,0,5,2,1
R400K,400,REC,3,5,2,1
R400M,400,REC,4,5,2,1
R400S,400,REC,4,5,2,1
R400T,400,REC,1,5,2,1
R400W,400,REC,8,5,2,1
R403C,403,REC,0,0,2,1
R403G,403,REC,8,0,2,1
R403H,403,REC,1,0,2,1
R403L,403,REC,7,0,2,1
R403P,403,REC,2,0,2,1
R403S,403,REC,2,0,2,1
R40C,40,RuvC,3,2,0,0
R40G,40,RuvC,2,2,0,0
R40H,40,RuvC,5,2,0,0
R40L,40,RuvC,5,2,0,0
R40P,40,RuvC,5,2,0,0
R40S,40,RuvC,0,2,0,0
R424G,424,REC,8,8,3,1
R424K,424,REC,4,8,3,1
R424M,424,REC,9,8,3,1
R424S,424,REC,6,8,3,1
R424T,424,REC,9,8,3,1
R424W,424,REC,1,8,3,1
R425C,425,REC,1,8,3,1
R425G,425,REC,5,8,3,1
R425H,425,REC,4,8,3,1
R425L,425,REC,0,8,3,1
R425P,425,REC,1,8,3,1
R425S,425,REC,8,8,3,1
R437G,437,REC,2,8,3,1
R437K,437,REC,5,8,3,1
R437M,437,REC,6,8,3,1
R437S,437,REC,7,8,3,1
R437T,437,REC,5,8,3,1
R437W,437,REC,3,8,3,1
R447C,447,REC,7,1,3,1
R447G,447,REC,2,1,3,1
R447H,447,REC,5,1,3,1
R447L,447,REC,0,1,3,1
R447P,447,REC,4,1,3,1
R447S,447,REC,4,1,3,1
R457G,457,REC,3,2,3,1
R457I,457,REC,0,2,3,1
R457K,457,REC,4,2,3,1
R457S,457,REC,6,2,3,1
R457T,457,REC,3,2,3,1
R461G,461,REC,1,4,3,1
R461K,461,REC,7,4,3,1
R461M,461,REC,7,4,3,1
R461S,461,REC,2,4,3,1
R461T,461,REC,5,4,3,1
R461W,461,REC,0,4,3,1
R467G,467,REC,2,9,3,1
R467I,467,REC,7,9,3,1
R467K,467,REC,1,9,3,1
R467S,467,REC,9,9,3,1
R467T,467,REC,8,9,3,1
R494G,494,REC,3,2,3,1
R494K,494,REC,6,2,3,1
R494M,494,REC,1,2,3,1
R494S,494,REC,3,2,3,1
R494T,494,REC,4,2,3,1
R494W,494,REC,8,2,3,1
R535C,535,REC,8,0,3,1
R535G,535,REC,3,0,3,1
R535H,535,REC,5,0,3,1
R535L,535,REC,8,0,3,1
R535P,535,REC,3,0,3,1
R535S,535,REC,6,0,3,1
R557G,557,REC,9,4,4,1
R557L,557,REC,6,4,4,1
R557P,557,REC,6,4,4,1
R557Q,557,REC,9,4,4,1
R557W,557,REC,0,4,4,1
R586G,586,REC,0,5,4,1
R586L,586,REC,6,5,4,1
R586P,586,REC,2,5,4,1
R586Q,586,REC,9,5,4,1
R586W,586,REC,8,5,4,1
R629G,629,REC,5,3,4,1
R629K,629,REC,3,3,4,1
R629M,629,REC,1,3,4,1
R629S,629,REC,2,3,4,1
R629T,629,REC,5,3,4,1
R629W,629,REC,0,3,4,1
R635C,635,REC,1,8,4,1
R635G,635,REC,1,8,4,1
R635H,635,REC,9,8,4,1
R635L,635,REC,1,8,4,1
R635P,635,REC,0,8,4,1
R635S,635,REC,6,8,4,1
R63G,63,REC,2,9,0,1
R63L,63,REC,1,9,0,1
R63P,63,REC,9,9,0,1
R63Q,63,REC,4,9,0,1
R63W,63,REC,2,9,0,1
R653G,653,REC,5,1,4,1
R653L,653,REC,8,1,4,1
R653P,653,REC,7,1,4,1
R653Q,653,REC,6,1,4,1
R654G,654,REC,7,6,4,1
R654L,654,REC,1,6,4,1
R654P,654,REC,6,6,4,1
R654Q,654,REC,8,6,4,1
R654W,654,REC,7,6,4,1
R655G,655,REC,2,8,4,1
R655I,655,REC,5,8,4,1
R655K,655,REC,5,8,4,1
R655S,655,REC,2,8,4,1
R655T,655,REC,8,8,4,1
R661G,661,REC,4,8,4,1
R661L,661,REC,6,8,4,1
R661P,661,REC,5,8,4,1
R661Q,661,REC,9,8,4,1
R664G,664,REC,9,2,4,1
R664L,664,REC,2,2,4,1
R664P,664,REC,0,2,4,1
R664Q,664,REC,0,2,4,1
R664W,664,REC,7,2,4,1
R66G,66,REC,4,9,0,1
R66I,66,REC,7,9,0,1
R66K,66,REC,5,9,0,1
R66S,66,REC,9,9,0,1
R66T,66,REC,1,9,0,1
R671G,671,REC,9,1,4,1
R671I,671,REC,5,1,4,1
R671K,671,REC,1,1,4,1
R671S,671,REC,1,1,4,1
R671T,671,REC,6,1,4,1
R691G,691,REC,7,6,5,1
R691K,691,REC,6,6,5,1
R691M,691,REC,0,6,5,1
R691S,691,REC,4,6,5,1
R691T,691,REC,4,6,5,1
R691W,691,REC,6,6,5,1
R69G,69,REC,1,6,0,1
R69L,69,REC,0,6,0,1
R69P,69,REC,0,6,0,1
R69Q,69,REC,1,6,0,1
R69W,69,REC,3,6,0,1
R70G,70,REC,7,9,0,1
R70I,70,REC,7,9,0,1
R70K,70,REC,3,9,0,1
R70S,70,REC,0,9,0,1
R70T,70,REC,7,9,0,1
R71G,71,REC,2,6,0,1
R71K,71,REC,7,6,0,1
R71M,71,REC,1,6,0,1
R71S,71,REC,7,6,0,1
R71T,71,REC,5,6,0,1
R71W,71,REC,3,6,0,1
R74C,74,REC,4,2,0,1
R74G,74,REC,1,2,0,1
R74H,74,REC,9,2,0,1
R74L,74,REC,8,2,0,1
R74P,74,REC,7,2,0,1
R74S,74,REC,3,2,0,1
R753C,753,RuvC,6,1,5,0
R753G,753,RuvC,4,1,5,0
R753H,753,RuvC,4,1,5,0
R753L,753,RuvC,6,1,5,0
R753P,753,RuvC,2,1,5,0
R753S,753,RuvC,2,1,5,0
R75G,75,REC,4,0,0,1
R75L,75,REC,2,0,0,1
R75P,75,REC,2,0,0,1
R75Q,75,REC,0,0,0,1
R765G,765,RuvC,9,0,5,0
R765L,765,RuvC,7,0,5,0
R765P,765,RuvC,2,0,5,0
R765Q,765,RuvC,6,0,5,0
R778G,778,HNH,6,1,5,2
R778K,778,HNH,5,1,5,2
R778M,778,HNH,7,1,5,2
R778S,778,HNH,3,1,5,2
R778T,778,HNH,7,1,5,2
R778W,778,HNH,4,1,5,2
R780C,780,HNH,9,3,5,2
R780G,780,HNH,8,3,5,2
R780H,780,HNH,5,3,5,2
R780L,780,HNH,1,3,5,2
R780P,780,HNH,9,3,5,2
R780S,780,HNH,0,3,5,2
R783C,783,HNH,4,3,5,2
R783G,783,HNH,2,3,5,2
R783H,783,HNH,5,3,5,2
R783L,783,HNH,4,3,5,2
R783P,783,HNH,9,3,5,2
R783S,783,HNH,4,3,5,2
R78G,78,REC,7,7,0,1
R78L,78,REC,3,7,0,1
R78P,78,REC,8,7,0,1
R78Q,78,REC,2,7,0,1
R78W,78,REC,5,7,0,1
R820G,820,HNH,6,4,5,2
R820K,820,HNH,8,4,5,2
R820M,820,HNH,7,4,5,2
R820S,820,HNH,0,4,5,2
R820T,820,HNH,6,4,5,2
R820W,820,HNH,1,4,5,2
R832C,832,HNH,7,7,6,2
R832G,832,HNH,4,7,6,2
R832H,832,HNH,7,7,6,2
R832L,832,HNH,3,7,6,2
R832P,832,HNH,5,7,6,2
R832S,832,HNH,0,7,6,2
R859C,859,HNH,0,2,6,2
R859G,859,HNH,4,2,6,2
R859H,859,HNH,9,2,6,2
R859L,859,HNH,1,2,6,2
R859P,859,HNH,9,2,6,2
R859S,859,HNH,5,2,6,2
R864G,864,HNH,2,2,6,2
R864L,864,HNH,3,2,6,2
R864P,864,HNH,6,2,6,2
R864Q,864,HNH,3,2,6,2
R884G,884,HNH,9,5,6,2
R884L,884,HNH,5,5,6,2
R884P,884,HNH,0,5,6,2
R884Q,884,HNH,6,5,6,2
R884W,884,HNH,4,5,6,2
R895G,895,HNH,7,2,6,2
R895L,895,HNH,6,2,6,2
R895P,895,HNH,2,2,6,2
R895Q,895,HNH,5,2,6,2
R905G,905,HNH,0,9,6,2
R905L,905,HNH,3,9,6,2
R905P,905,HNH,4,9,6,2
R905Q,905,HNH,7,9,6,2
R905W,905,HNH,6,9,6,2
R919G,919,RuvC,3,9,6,0
R919L,919,RuvC,9,9,6,0
R919P,919,RuvC,5,9,6,0
R919Q,919,RuvC,2,9,6,0
R925G,925,RuvC,0,8,6,0
R925L,925,RuvC,4,8,6,0
R925P,925,RuvC,8,8,6,0
R925Q,925,RuvC,9,8,6,0
R925W,925,RuvC,8,8,6,0
R938C,938,RuvC,4,9,6,0
R938G,938,RuvC,5,9,6,0
R938H,938,RuvC,9,9,6,0
R938L,938,RuvC,1,9,6,0
R938P,938,RuvC,4,9,6,0
R938S,938,RuvC,0,9,6,0
R951G,951,RuvC,4,9,6,0
R951L,951,RuvC,0,9,6,0
R951P,951,RuvC,2,9,6,0
R951Q,951,RuvC,4,9,6,0
R951W,951,RuvC,7,9,6,0
R967G,967,RuvC,3,1,7,0
R967L,967,RuvC,9,1,7,0
R967P,967,RuvC,3,1,7,0
R967Q,967,RuvC,8,1,7,0
R967W,967,RuvC,5,1,7,0
R976G,976,RuvC,1,8,7,0
R976I,976,RuvC,6,8,7,0
R976K,976,RuvC,0,8,7,0
R976S,976,RuvC,5,8,7,0
R976T,976,RuvC,1,8,7,0
S1006C,1006,RuvC,1,9,7,0
S1006G,1006,RuvC,7,9,7,0
S1006I,1006,RuvC,1,9,7,0
S1006N,1006,RuvC,9,9,7,0
S1006R,1006,RuvC,2,9,7,0
S1006T,1006,RuvC,0,9,7,0
S1025A,1025,RuvC,3,4,7,0
S1025C,1025,RuvC,8,4,7,0
S1025F,1025,RuvC,5,4,7,0
S1025P,1025,RuvC,6,4,7,0
S1025T,1025,RuvC,4,4,7,0
S1025Y,1025,RuvC,6,4,7,0
S1040C,1040,RuvC,6,8,7,0
S1040G,1040,RuvC,4,8,7,0
S1040I,1040,RuvC,9,8,7,0
S1040N,1040,RuvC,2,8,7,0
S1040R,1040,RuvC,8,8,7,0
S1040T,1040,RuvC,2,8,7,0
S104A,104,REC,0,3,0,1
S104C,104,REC,0,3,0,1
S104F,104,REC,5,3,0,1
S104P,104,REC,4,3,0,1
S104T,104,REC,1,3,0,1
S104Y,104,REC,7,3,0,1
S1088C,1088,RuvC,1,9,7,0
S1088G,1088,RuvC,0,9,7,0
S1088I,1088,RuvC,4,9,7,0
S1088N,1088,RuvC,8,9,7,0
S1088R,1088,RuvC,1,9,7,0
S1088T,1088,RuvC,4,9,7,0
S1106C,1106,PI,1,1,8,3
S1106G,1106,PI,4,1,8,3
S1106I,1106,PI,2,1,8,3
S1106N,1106,PI,6,1,8,3
S1106R,1106,PI,2,1,8,3
S1106T,1106,PI,0,1,8,3
S1109A,1109,PI,9,3,8,3
S1109L,1109,PI,7,3,8,3
S1109P,1109,PI,4,3,8,3
S1109T,1109,PI,0,3,8,3
S1116A,1116,PI,0,9,8,3
S1116C,1116,PI,9,9,8,3
S1116F,1116,PI,8,9,8,3
S1116P,1116,PI,5,9,8,3
S1116T,1116,PI,5,9,8,3
S1116Y,1116,PI,3,9,8,3
S1136A,1136,PI,2,6,8,3
S1136C,1136,PI,0,6,8,3
S1136F,1136,PI,4,6,8,3
S1136P,1136,PI,3,6,8,3
S1136T,1136,PI,1,6,8,3
S1136Y,1136,PI,9,6,8,3
S1142A,1142,PI,6,2,8,3
S1142C,1142,PI,8,2,8,3
S1142F,1142,PI,0,2,8,3
S1142P,1142,PI,7,2,8,3
S1142T,1142,PI,4,2,8,3
S1142Y,1142,PI,3,2,8,3
S1154C,1154,PI,1,4,8,3
S1154G,1154,PI,2,4,8,3
S1154I,1154,PI,9,4,8,3
S1154N,1154,PI,6,4,8,3
S1154R,1154,PI,9,4,8,3
S1154T,1154,PI,6,4,8,3
S1159A,1159,PI,5,0,8,3
S1159C,1159,PI,6,0,8,3
S1159F,1159,PI,8,0,8,3
S1159P,1159,PI,5,0,8,3
S1159T,1159,PI,4,0,8,3
S1159Y,1159,PI,6,0,8,3
S1172C,1172,PI,1,8,8,3
S1172G,1172,PI,8,8,8,3
S1172I,1172,PI,0,8,8,3
S1172N,1172,PI,1,8,8,3
S1172R,1172,PI,7,8,8,3
S1172T,1172,PI,0,8,8,3
S1173A,1173,PI,1,1,8,3
S1173C,1173,PI,2,1,8,3
S1173F,1173,PI,5,1,8,3
S1173P,1173,PI,3,1,8,3
S1173T,1173,PI,8,1,8,3
S1173Y,1173,PI,8,1,8,3
S1202A,1202,PI,4,2,8,3
S1202L,1202,PI,8,2,8,3
S1202P,1202,PI,5,2,8,3
S1202T,1202,PI,6,2,8,3
S1216C,1216,PI,4,3,8,3
S1216G,1216,PI,0,3,8,3
S1216I,1216,PI,3,3,8,3
S1216N,1216,PI,1,3,8,3
S1216R,1216,PI,7,3,8,3
S1216T,1216,PI,5,3,8,3
S1230A,1230,PI,1,4,8,3
S1230C,1230,PI,0,4,8,3
S1230F,1230,PI,5,4,8,3
S1230P,1230,PI,0,4,8,3
S1230T,1230,PI,5,4,8,3
S1230Y,1230,PI,2,4,8,3
S1240A,1240,PI,8,8,9,3
S1240C,1240,PI,1,8,9,3
S1240F,1240,PI,3,8,9,3
S1240P,1240,PI,0,8,9,3
S1240T,1240,PI,7,8,9,3
S1240Y,1240,PI,8,8,9,3
S1248C,1248,PI,0,6,9,3
S1248G,1248,PI,3,6,9,3
S1248I,1248,PI,7,6,9,3
S1248N,1248,PI,8,6,9,3
S1248R,1248,PI,5,6,9,3
S1248T,1248,PI,9,6,9,3
S1274C,1274,PI,6,3,9,3
S1274G,1274,PI,3,3,9,3
S1274I,1274,PI,9,3,9,3
S1274N,1274,PI,0,3,9,3
S1274R,1274,PI,3,3,9,3
S1274T,1274,PI,7,3,9,3
S1277A,1277,PI,6,9,9,3
S1277C,1277,PI,7,9,9,3
S1277F,1277,PI,7,9,9,3
S1277P,1277,PI,4,9,9,3
S1277T,1277,PI,3,9,9,3
S1277Y,1277,PI,2,9,9,3
S1292A,1292,PI,3,6,9,3
S1292C,1292,PI,5,6,9,3
S1292F,1292,PI,9,6,9,3
S1292P,1292,PI,1,6,9,3
S1292T,1292,PI,7,6,9,3
S1292Y,1292,PI,4,6,9,3
S1338A,1338,PI,2,2,9,3
S1338C,1338,PI,3,2,9,3
S1338F,1338,PI,0,2,9,3
S1338P,1338,PI,2,2,9,3
S1338T,1338,PI,2,2,9,3
S1338Y,1338,PI,5,2,9,3
S1351C,1351,PI,8,6,9,3
S1351G,1351,PI,3,6,9,3
S1351I,1351,PI,8,6,9,3
S1351N,1351,PI,6,6,9,3
S1351R,1351,PI,4,6,9,3
S1351T,1351,PI,1,6,9,3
S1363C,1363,PI,8,6,9,3
S1363G,1363,PI,6,6,9,3
S1363I,1363,PI,8,6,9,3
S1363N,1363,PI,1,6,9,3
S1363R,1363,PI,1,6,9,3
S1363T,1363,PI,7,6,9,3
S145A,145,REC,5,6,1,1
S145C,145,REC,6,6,1,1
S145F,145,REC,6,6,1,1
S145P,145,REC,7,6,1,1
S145T,145,REC,0,6,1,1
S145Y,145,REC,3,6,1,1
S15A,15,RuvC,1,9,0,0
S15L,15,RuvC,3,9,0,0
S15P,15,RuvC,5,9,0,0
S15T,15,RuvC,8,9,0,0
S179C,179,REC,3,8,1,1
S179G,179,REC,9,8,1,1
S179I,179,REC,2,8,1,1
S179N,179,REC,5,8,1,1
S179R,179,REC,3,8,1,1
S179T,179,REC,8,8,1,1
S204A,204,REC,8,2,1,1
S204L,204,REC,9,2,1,1
S204P,204,REC,7,2,1,1
S204T,204,REC,2,2,1,1
S213C,213,REC,9,2,1,1
S213G,213,REC,4,2,1,1
S213I,213,REC,9,2,1,1
S213N,213,REC,7,2,1,1
S213R,213,REC,3,2,1,1
S213T,213,REC,9,2,1,1
S217A,217,REC,0,5,1,1
S217C,217,REC,1,5,1,1
S217F,217,REC,8,5,1,1
S217P,217,REC,7,5,1,1
S217T,217,REC,6,5,1,1
S217Y,217,REC,2,5,1,1
S219C,219,REC,5,7,1,1
S219G,219,REC,3,7,1,1
S219I,219,REC,2,7,1,1
S219N,219,REC,3,7,1,1
S219R,219,REC,0,7,1,1
S219T,219,REC,0,7,1,1
S245A,245,REC,3,6,1,1
S245C,245,REC,6,6,1,1
S245F,245,REC,5,6,1,1
S245P,245,REC,2,6,1,1
S245T,245,REC,0,6,1,1
S245Y,245,REC,9,6,1,1
S254A,254,REC,0,4,1,1
S254C,254,REC,0,4,1,1
S254F,254,REC,3,4,1,1
S254P,254,REC,9,4,1,1
S254T,254,REC,3,4,1,1
S254Y,254,REC,3,4,1,1
S267A,267,REC,9,4,1,1
S267C,267,REC,2,4,1,1
S267F,267,REC,5,4,1,1
S267P,267,REC,4,4,1,1
S267T,267,REC,5,4,1,1
S267Y,267,REC,0,4,1,1
S297A,297,REC,7,2,2,1
S297C,297,REC,8,2,2,1
S297F,297,REC,0,2,2,1
S297P,297,REC,3,2,2,1
S297T,297,REC,6,2,2,1
S297Y,297,REC,8,2,2,1
S29C,29,RuvC,0,0,0,0
S29G,29,RuvC,5,0,0,0
S29I,29,RuvC,3,0,0,0
S29N,29,RuvC,6,0,0,0
S29R,29,RuvC,9,0,0,0
S29T,29,RuvC,6,0,0,0
S303C,303,REC,0,6,2,1
S303G,303,REC,7,6,2,1
S303I,303,REC,8,6,2,1
S303N,303,REC,8,6,2,1
S303R,303,REC,8,6,2,1
S303T,303,REC,9,6,2,1
S318C,318,REC,3,3,2,1
S318G,318,REC,4,3,2,1
S318I,318,REC,6,3,2,1
S318N,318,REC,0,3,2,1
S318R,318,REC,3,3,2,1
S318T,318,REC,7,3,2,1
S320C,320,REC,4,8,2,1
S320G,320,REC,7,8,2,1
S320I,320,REC,8,8,2,1
S320N,320,REC,6,8,2,1
S320R,320,REC,3,8,2,1
S320T,320,REC,0,8,2,1
S355C,355,REC,5,4,2,1
S355G,355,REC,1,4,2,1
S355I,355,REC,7,4,2,1
S355N,355,REC,5,4,2,1
S355R,355,REC,1,4,2,1
S355T,355,REC,7,4,2,1
S368A,368,REC,7,5,2,1
S368C,368,REC,4,5,2,1
S368F,368,REC,7,5,2,1
S368P,368,REC,5,5,2,1
S368T,368,REC,0,5,2,1
S368Y,368,REC,9,5,2,1
S409C,409,REC,8,2,2,1
S409G,409,REC,4,2,2,1
S409I,409,REC,5,2,2,1
S409N,409,REC,4,2,2,1
S409R,409,REC,7,2,2,1
S409T,409,REC,9,2,2,1
S42C,42,RuvC,3,5,0,0
S42G,42,RuvC,3,5,0,0
S42I,42,RuvC,6,5,0,0
S42N,42,RuvC,3,5,0,0
S42R,42,RuvC,7,5,0,0
S42T,42,RuvC,1,5,0,0
S460C,460,REC,2,6,3,1
S460G,460,REC,1,6,3,1
S460I,460,REC,5,6,3,1
S460N,460,REC,5,6,3,1
S460R,460,REC,7,6,3,1
S460T,460,REC,8,6,3,1
S469A,469,REC,2,0,3,1
S469L,469,REC,3,0,3,1
S469P,469,REC,8,0,3,1
S469T,469,REC,3,0,3,1
S487A,487,REC,5,1,3,1
S487C,487,REC,5,1,3,1
S487F,487,REC,9,1,3,1
S487P,487,REC,6,1,3,1
S487T,487,REC,6,1,3,1
S487Y,487,REC,5,1,3,1
S490A,490,REC,3,7,3,1
S490C,490,REC,2,7,3,1
S490F,490,REC,7,7,3,1
S490P,490,REC,9,7,3,1
S490T,490,REC,5,7,3,1
S490Y,490,REC,5,7,3,1
S512A,512,REC,1,5,3,1
S512C,512,REC,7,5,3,1
S512F,512,REC,7,5,3,1
S512P,512,REC,1,5,3,1
S512T,512,REC,0,5,3,1
S512Y,512,REC,9,5,3,1
S541C,541,REC,7,2,3,1
S541G,541,REC,9,2,3,1
S541I,541,REC,4,2,3,1
S541N,541,REC,3,2,3,1
S541R,541,REC,9,2,3,1
S541T,541,REC,7,2,3,1
S55A,55,RuvC,5,5,0,0
S55L,55,RuvC,6,5,0,0
S55P,55,RuvC,2,5,0,0
S55T,55,RuvC,6,5,0,0
S577A,577,REC,2,4,4,1
S577C,577,REC,7,4,4,1
S577F,577,REC,2,4,4,1
S577P,577,REC,5,4,4,1
S577T,577,REC,7,4,4,1
S577Y,577,REC,8,4,4,1
S581C,581,REC,1,0,4,1
S581G,581,REC,6,0,4,1
S581I,581,REC,5,0,4,1
S581N,581,REC,2,0,4,1
S581R,581,REC,6,0,4,1
S581T,581,REC,1,0,4,1
S590C,590,REC,7,3,4,1
S590G,590,REC,7,3,4,1
S590I,590,REC,1,3,4,1
S590N,590,REC,7,3,4,1
S590R,590,REC,6,3,4,1
S590T,590,REC,1,3,4,1
S663A,663,REC,6,8,4,1
S663C,663,REC,7,8,4,1
S663F,663,REC,6,8,4,1
S663P,663,REC,7,8,4,1
S663T,663,REC,8,8,4,1
S663Y,663,REC,3,8,4,1
S675C,675,REC,3,2,4,1
S675G,675,REC,6,2,4,1
S675I,675,REC,7,2,4,1
S675N,675,REC,9,2,4,1
S675R,675,REC,9,2,4,1
S675T,675,REC,8,2,4,1
S685A,685,REC,2,2,4,1
S685C,685,REC,5,2,4,1
S685F,685,REC,3,2,4,1
S685P,685,REC,0,2,4,1
S685T,685,REC,1,2,4,1
S685Y,685,REC,7,2,4,1
S6A,6,RuvC,8,9,0,0
S6L,6,RuvC,9,9,0,0
S6P,6,RuvC,2,9,0,0
S6T,6,RuvC,7,9,0,0
S701C,701,REC,1,2,5,1
S701G,701,REC,1,2,5,1
S701I,701,REC,1,2,5,1
S701N,701,REC,8,2,5,1
S701R,701,REC,0,2,5,1
S701T,701,REC,6,2,5,1
S714A,714,REC,7,0,5,1
S714C,714,REC,9,0,5,1
S714F,714,REC,4,0,5,1
S714P,714,REC,9,0,5,1
S714T,714,REC,2,0,5,1
S714Y,714,REC,7,0,5,1
S719A,719,RuvC,2,3,5,0
S719C,719,RuvC,7,3,5,0
S719F,719,RuvC,1,3,5,0
S719P,719,RuvC,8,3,5,0
S719T,719,RuvC,1,3,5,0
S719Y,719,RuvC,4,3,5,0
S730A,730,RuvC,5,5,5,0
S730C,730,RuvC,5,5,5,0
S730F,730,RuvC,6,5,5,0
S730P,730,RuvC,9,5,5,0
S730T,730,RuvC,7,5,5,0
S730Y,730,RuvC,3,5,5,0
S777A,777,HNH,0,6,5,2
S777L,777,HNH,7,6,5,2
S777P,777,HNH,3,6,5,2
S777T,777,HNH,4,6,5,2
S793C,793,HNH,2,6,5,2
S793G,793,HNH,4,6,5,2
S793I,793,HNH,2,6,5,2
S793N,793,HNH,5,6,5,2
S793R,793,HNH,1,6,5,2
S793T,793,HNH,3,6,5,2
S834A,834,HNH,1,5,6,2
S834C,834,HNH,7,5,6,2
S834F,834,HNH,5,5,6,2
S834P,834,HNH,7,5,6,2
S834T,834,HNH,0,5,6,2
S834Y,834,HNH,5,5,6,2
S845A,845,HNH,6,7,6,2
S845L,845,HNH,0,7,6,2
S845P,845,HNH,5,7,6,2
S845T,845,HNH,5,7,6,2
S851C,851,HNH,5,0,6,2
S851G,851,HNH,2,0,6,2
S851I,851,HNH,7,0,6,2
S851N,851,HNH,1,0,6,2
S851R,851,HNH,5,0,6,2
S851T,851,HNH,1,0,6,2
S860A,860,HNH,7,7,6,2
S860C,860,HNH,0,7,6,2
S860F,860,HNH,4,7,6,2
S860P,860,HNH,5,7,6,2
S860T,860,HNH,8,7,6,2
S860Y,860,HNH,5,7,6,2
S867C,867,HNH,7,7,6,2
S867G,867,HNH,7,7,6,2
S867I,867,HNH,6,7,6,2
S867N,867,HNH,8,7,6,2
S867R,867,HNH,2,7,6,2
S867T,867,HNH,7,7,6,2
S872A,872,HNH,5,2,6,2
S872L,872,HNH,4,2,6,2
S872P,872,HNH,8,2,6,2
S872T,872,HNH,9,2,6,2
S87C,87,REC,9,1,0,1
S87G,87,REC,9,1,0,1
S87I,87,REC,2,1,0,1
S87N,87,REC,8,1,0,1
S87R,87,REC,3,1,0,1
S87T,87,REC,0,1,0,1
S909C,909,RuvC,7,8,6,0
S909G,909,RuvC,3,8,6,0
S909I,909,RuvC,6,8,6,0
S909N,909,RuvC,2,8,6,0
S909R,909,RuvC,7,8,6,0
S909T,909,RuvC,9,8,6,0
S937C,937,RuvC,0,4,6,0
S937G,937,RuvC,9,4,6,0
S937I,937,RuvC,0,4,6,0
S937N,937,RuvC,3,4,6,0
S937R,937,RuvC,4,4,6,0
S937T,937,RuvC,6,4,6,0
S960A,960,RuvC,6,1,7,0
S960L,960,RuvC,5,1,7,0
S960P,960,RuvC,9,1,7,0
S960T,960,RuvC,2,1,7,0
S964C,964,RuvC,0,1,7,0
S964G,964,RuvC,6,1,7,0
S964I,964,RuvC,0,1,7,0
S964N,964,RuvC,6,1,7,0
S964R,964,RuvC,7,1,7,0
S964T,964,RuvC,7,1,7,0
S96C,96,REC,5,8,0,1
S96G,96,REC,9,8,0,1
S96I,96,REC,6,8,0,1
S96N,96,REC,8,8,0,1
S96R,96,REC,7,8,0,1
S96T,96,REC,5,8,0,1
T1033A,1033,RuvC,8,5,7,0
T1033I,1033,RuvC,6,5,7,0
T1033N,1033,RuvC,3,5,7,0
T1033P,1033,RuvC,5,5,7,0
T1033S,1033,RuvC,5,5,7,0
T1048A,1048,RuvC,7,9,7,0
T1048I,1048,RuvC,8,9,7,0
T1048N,1048,RuvC,7,9,7,0
T1048P,1048,RuvC,4,9,7,0
T1048S,1048,RuvC,1,9,7,0
T1051A,1051,RuvC,9,3,7,0
T1051I,1051,RuvC,3,3,7,0
T1051N,1051,RuvC,4,3,7,0
T1051P,1051,RuvC,6,3,7,0
T1051S,1051,RuvC,8,3,7,0
T1065A,1065,RuvC,8,0,7,0
T1065I,1065,RuvC,2,0,7,0
T1065N,1065,RuvC,6,0,7,0
T1065P,1065,RuvC,3,0,7,0
T1065S,1065,RuvC,7,0,7,0
T1069A,1069,RuvC,6,2,7,0
T1069I,1069,RuvC,1,2,7,0
T1069N,1069,RuvC,2,2,7,0
T1069P,1069,RuvC,6,2,7,0
T1069S,1069,RuvC,2,2,7,0
T1082A,1082,RuvC,6,2,7,0
T1082I,1082,RuvC,0,2,7,0
T1082N,1082,RuvC,0,2,7,0
T1082P,1082,RuvC,3,2,7,0
T1082S,1082,RuvC,7,2,7,0
T1098A,1098,RuvC,4,5,8,0
T1098I,1098,RuvC,5,5,8,0
T1098K,1098,RuvC,6,5,8,0
T1098P,1098,RuvC,0,5,8,0
T1098R,1098,RuvC,7,5,8,0
T1098S,1098,RuvC,7,5,8,0
T1102A,1102,PI,2,1,8,3
T1102I,1102,PI,7,1,8,3
T1102N,1102,PI,0,1,8,3
T1102P,1102,PI,8,1,8,3
T1102S,1102,PI,3,1,8,3
T1138A,1138,PI,9,1,8,3
T1138I,1138,PI,5,1,8,3
T1138K,1138,PI,4,1,8,3
T1138P,1138,PI,8,1,8,3
T1138R,1138,PI,4,1,8,3
T1138S,1138,PI,2,1,8,3
T1167A,1167,PI,6,6,8,3
T1167I,1167,PI,1,6,8,3
T1167N,1167,PI,4,6,8,3
T1167P,1167,PI,6,6,8,3
T1167S,1167,PI,2,6,8,3
T1314A,1314,PI,9,2,9,3
T1314I,1314,PI,1,2,9,3
T1314N,1314,PI,3,2,9,3
T1314P,1314,PI,9,2,9,3
T1314S,1314,PI,4,2,9,3
T1316A,1316,PI,7,1,9,3
T1316I,1316,PI,2,1,9,3
T1316N,1316,PI,6,1,9,3
T1316P,1316,PI,4,1,9,3
T1316S,1316,PI,2,1,9,3
T1329A,1329,PI,0,1,9,3
T1329I,1329,PI,7,1,9,3
T1329N,1329,PI,5,1,9,3
T1329P,1329,PI,8,1,9,3
T1329S,1329,PI,7,1,9,3
T1330A,1330,PI,8,8,9,3
T1330I,1330,PI,7,8,9,3
T1330N,1330,PI,1,8,9,3
T1330P,1330,PI,9,8,9,3
T1330S,1330,PI,7,8,9,3
T1337A,1337,PI,3,3,9,3
T1337I,1337,PI,0,3,9,3
T1337K,1337,PI,3,3,9,3
T1337P,1337,PI,0,3,9,3
T1337R,1337,PI,3,3,9,3
T1337S,1337,PI,5,3,9,3
T1339A,1339,PI,4,3,9,3
T1339I,1339,PI,2,3,9,3
T1339N,1339,PI,2,3,9,3
T1339P,1339,PI,2,3,9,3
T1339S,1339,PI,2,3,9,3
T1346A,1346,PI,4,1,9,3
T1346I,1346,PI,6,1,9,3
T1346N,1346,PI,1,1,9,3
T1346P,1346,PI,9,1,9,3
T1346S,1346,PI,7,1,9,3
T134A,134,REC,5,8,0,1
T134I,134,REC,7,8,0,1
T134N,134,REC,2,8,0,1
T134P,134,REC,6,8,0,1
T134S,134,REC,2,8,0,1
T1353A,1353,PI,8,7,9,3
T1353I,1353,PI,0,7,9,3
T1353N,1353,PI,5,7,9,3
T1353P,1353,PI,3,7,9,3
T1353S,1353,PI,2,7,9,3
T1358A,1358,PI,6,3,9,3
T1358I,1358,PI,2,3,9,3
T1358N,1358,PI,6,3,9,3
T1358P,1358,PI,9,3,9,3
T1358S,1358,PI,6,3,9,3
T13A,13,RuvC,0,2,0,0
T13I,13,RuvC,1,2,0,0
T13N,13,RuvC,2,2,0,0
T13P,13,RuvC,3,2,0,0
T13S,13,RuvC,0,2,0,0
T146A,146,REC,4,8,1,1
T146I,146,REC,5,8,1,1
T146N,146,REC,9,8,1,1
T146P,146,REC,3,8,1,1
T146S,146,REC,1,8,1,1
T191A,191,REC,1,3,1,1
T191I,191,REC,5,3,1,1
T191K,191,REC,8,3,1,1
T191P,191,REC,7,3,1,1
T191R,191,REC,1,3,1,1
T191S,191,REC,5,3,1,1
T22A,22,RuvC,0,3,0,0
T22I,22,RuvC,3,3,0,0
T22K,22,RuvC,7,3,0,0
T22P,22,RuvC,4,3,0,0
T22R,22,RuvC,5,3,0,0
T22S,22,RuvC,0,3,0,0
T249A,249,REC,7,4,1,1
T249I,249,REC,6,4,1,1
T249K,249,REC,4,4,1,1
T249P,249,REC,2,4,1,1
T249R,249,REC,8,4,1,1
T249S,249,REC,6,4,1,1
T270A,270,REC,1,7,1,1
T270I,270,REC,3,7,1,1
T270N,270,REC,2,7,1,1
T270P,270,REC,9,7,1,1
T270S,270,REC,9,7,1,1
T310A,310,REC,0,7,2,1
T310I,310,REC,7,7,2,1
T310N,310,REC,5,7,2,1
T310P,310,REC,1,7,2,1
T310S,310,REC,9,7,2,1
T313A,313,REC,4,9,2,1
T313I,313,REC,9,9,2,1
T313K,313,REC,6,9,2,1
T313P,313,REC,7,9,2,1
T313R,313,REC,8,9,2,1
T313S,313,REC,6,9,2,1
T333A,333,REC,6,4,2,1
T333I,333,REC,8,4,2,1
T333N,333,REC,6,4,2,1
T333P,333,REC,3,4,2,1
T333S,333,REC,8,4,2,1
T386A,386,REC,9,2,2,1
T386I,386,REC,7,2,2,1
T386N,386,REC,1,2,2,1
T386P,386,REC,2,2,2,1
T386S,386,REC,3,2,2,1
T38A,38,RuvC,6,4,0,0
T38I,38,RuvC,3,4,0,0
T38N,38,RuvC,0,4,0,0
T38P,38,RuvC,9,4,0,0
T38S,38,RuvC,6,4,0,0
T404A,404,REC,0,4,2,1
T404I,404,REC,4,4,2,1
T404K,404,REC,4,4,2,1
T404P,404,REC,5,4,2,1
T404R,404,REC,6,4,2,1
T404S,404,REC,0,4,2,1
T445A,445,REC,9,7,3,1
T445I,445,REC,6,7,3,1
T445N,445,REC,4,7,3,1
T445P,445,REC,0,7,3,1
T445S,445,REC,8,7,3,1
T466A,466,REC,2,0,3,1
T466I,466,REC,4,0,3,1
T466K,466,REC,5,0,3,1
T466P,466,REC,2,0,3,1
T466R,466,REC,9,0,3,1
T466S,466,REC,2,0,3,1
T472A,472,REC,4,2,3,1
T472I,472,REC,3,2,3,1
T472K,472,REC,9,2,3,1
T472P,472,REC,3,2,3,1
T472R,472,REC,9,2,3,1
T472S,472,REC,8,2,3,1
T474A,474,REC,6,2,3,1
T474I,474,REC,7,2,3,1
T474N,474,REC,2,2,3,1
T474P,474,REC,6,2,3,1
T474S,474,REC,2,2,3,1
T496A,496,REC,5,5,3,1
T496I,496,REC,0,5,3,1
T496K,496,REC,3,5,3,1
T496P,496,REC,1,5,3,1
T496R,496,REC,9,5,3,1
T496S,496,REC,4,5,3,1
T519A,519,REC,7,4,3,1
T519I,519,REC,8,4,3,1
T519N,519,REC,2,4,3,1
T519P,519,REC,8,4,3,1
T519S,519,REC,2,4,3,1
T525A,525,REC,9,8,3,1
T525I,525,REC,6,8,3,1
T525K,525,REC,8,8,3,1
T525P,525,REC,8,8,3,1
T525R,525,REC,2,8,3,1
T525S,525,REC,0,8,3,1
T531A,531,REC,4,5,3,1
T531I,531,REC,7,5,3,1
T531N,531,REC,3,5,3,1
T531P,531,REC,4,5,3,1
T531S,531,REC,4,5,3,1
T555A,555,REC,1,5,4,1
T555I,555,REC,5,5,4,1
T555N,555,REC,8,5,4,1
T555P,555,REC,5,5,4,1
T555S,555,REC,3,5,4,1
T560A,560,REC,9,8,4,1
T560I,560,REC,7,8,4,1
T560K,560,REC,2,8,4,1
T560P,560,REC,3,8,4,1
T560R,560,REC,4,8,4,1
T560S,560,REC,7,8,4,1
T58A,58,RuvC,2,6,0,0
T58I,58,RuvC,7,6,0,0
T58K,58,RuvC,8,6,0,0
T58P,58,RuvC,2,6,0,0
T58R,58,RuvC,1,6,0,0
T58S,58,RuvC,9,6,0,0
T593A,593,REC,0,9,4,1
T593I,593,REC,2,9,4,1
T593N,593,REC,3,9,4,1
T593P,593,REC,8,9,4,1
T593S,593,REC,4,9,4,1
T622A,622,REC,6,7,4,1
T622I,622,REC,8,7,4,1
T622N,622,REC,4,7,4,1
T622P,622,REC,6,7,4,1
T622S,622,REC,5,7,4,1
T624A,624,REC,4,7,4,1
T624I,624,REC,9,7,4,1
T624K,624,REC,5,7,4,1
T624P,624,REC,4,7,4,1
T624R,624,REC,0,7,4,1
T624S,624,REC,9,7,4,1
T62A,62,REC,2,0,0,1
T62I,62,REC,6,0,0,1
T62N,62,REC,7,0,0,1
T62P,62,REC,7,0,0,1
T62S,62,REC,3,0,0,1
T638A,638,REC,7,0,4,1
T638I,638,REC,6,0,4,1
T638N,638,REC,2,0,4,1
T638P,638,REC,3,0,4,1
T638S,638,REC,3,0,4,1
T657A,657,REC,3,0,4,1
T657I,657,REC,8,0,4,1
T657N,657,REC,8,0,4,1
T657P,657,REC,3,0,4,1
T657S,657,REC,2,0,4,1
T678A,678,REC,1,8,4,1
T678I,678,REC,1,8,4,1
T678N,678,REC,0,8,4,1
T678P,678,REC,4,8,4,1
T678S,678,REC,1,8,4,1
T67A,67,REC,5,8,0,1
T67I,67,REC,4,8,0,1
T67K,67,REC,0,8,0,1
T67P,67,REC,7,8,0,1
T67R,67,REC,9,8,0,1
T67S,67,REC,5,8,0,1
T703A,703,REC,4,3,5,1
T703I,703,REC,8,3,5,1
T703N,703,REC,1,3,5,1
T703P,703,REC,2,3,5,1
T703S,703,REC,6,3,5,1
T73A,73,REC,5,0,0,1
T73I,73,REC,7,0,0,1
T73N,73,REC,5,0,0,1
T73P,73,REC,7,0,0,1
T73S,73,REC,7,0,0,1
T740A,740,RuvC,0,0,5,0
T740I,740,RuvC,2,0,5,0
T740N,740,RuvC,7,0,5,0
T740P,740,RuvC,0,0,5,0
T740S,740,RuvC,5,0,5,0
T769A,769,RuvC,5,4,5,0
T769I,769,RuvC,3,4,5,0
T769N,769,RuvC,8,4,5,0
T769P,769,RuvC,0,4,5,0
T769S,769,RuvC,6,4,5,0
T770A,770,RuvC,6,9,5,0
T770I,770,RuvC,3,9,5,0
T770K,770,RuvC,8,9,5,0
T770P,770,RuvC,8,9,5,0
T770R,770,RuvC,0,9,5,0
T770S,770,RuvC,4,9,5,0
T804A,804,HNH,9,9,5,2
T804I,804,HNH,5,9,5,2
T804N,804,HNH,0,9,5,2
T804P,804,HNH,7,9,5,2
T804S,804,HNH,6,9,5,2
T858A,858,HNH,3,5,6,2
T858I,858,HNH,0,5,6,2
T858N,858,HNH,2,5,6,2
T858P,858,HNH,3,5,6,2
T858S,858,HNH,3,5,6,2
T893A,893,HNH,1,4,6,2
T893I,893,HNH,5,4,6,2
T893N,893,HNH,0,4,6,2
T893P,893,HNH,6,4,6,2
T893S,893,HNH,4,4,6,2
T901A,901,HNH,7,8,6,2
T901I,901,HNH,7,8,6,2
T901K,901,HNH,5,8,6,2
T901P,901,HNH,1,8,6,2
T901R,901,HNH,2,8,6,2
T901S,901,HNH,7,8,6,2
T924A,924,RuvC,5,4,6,0
T924I,924,RuvC,0,4,6,0
T924N,924,RuvC,0,4,6,0
T924P,924,RuvC,3,4,6,0
T924S,924,RuvC,9,4,6,0
T928A,928,RuvC,4,5,6,0
T928I,928,RuvC,1,5,6,0
T928K,928,RuvC,9,5,6,0
T928P,928,RuvC,6,5,6,0
T928R,928,RuvC,4,5,6,0
T928S,928,RuvC,0,5,6,0
T941A,941,RuvC,8,1,6,0
T941I,941,RuvC,3,1,6,0
T941K,941,RuvC,8,1,6,0
T941P,941,RuvC,2,1,6,0
T941R,941,RuvC,4,1,6,0
T941S,941,RuvC,7,1,6,0
T957A,957,RuvC,9,4,6,0
T957I,957,RuvC,0,4,6,0
T957N,957,RuvC,4,4,6,0
T957P,957,RuvC,1,4,6,0
T957S,957,RuvC,7,4,6,0
T995A,995,RuvC,8,4,7,0
T995I,995,RuvC,7,4,7,0
T995N,995,RuvC,7,4,7,0
T995P,995,RuvC,7,4,7,0
T995S,995,RuvC,8,4,7,0
V1009A,1009,RuvC,6,9,7,0
V1009E,1009,RuvC,9,9,7,0
V1009G,1009,RuvC,4,9,7,0
V1009L,1009,RuvC,0,9,7,0
V1009M,1009,RuvC,7,9,7,0
V1015A,1015,RuvC,3,1,7,0
V1015E,1015,RuvC,7,1,7,0
V1015G,1015,RuvC,6,1,7,0
V1015L,1015,RuvC,0,1,7,0
V1015M,1015,RuvC,8,1,7,0
V1018A,1018,RuvC,9,4,7,0
V1018D,1018,RuvC,8,4,7,0
V1018F,1018,RuvC,6,4,7,0
V1018G,1018,RuvC,5,4,7,0
V1018I,1018,RuvC,5,4,7,0
V1018L,1018,RuvC,4,4,7,0
V1073A,1073,RuvC,8,8,7,0
V1073E,1073,RuvC,9,8,7,0
V1073G,1073,RuvC,3,8,7,0
V1073L,1073,RuvC,0,8,7,0
V1073M,1073,RuvC,3,8,7,0
V107A,107,REC,1,1,0,1
V107D,107,REC,4,1,0,1
V107F,107,REC,8,1,0,1
V107G,107,REC,2,1,0,1
V107I,107,REC,8,1,0,1
V107L,107,REC,1,1,0,1
V1083A,1083,RuvC,1,3,7,0
V1083E,1083,RuvC,2,3,7,0
V1083G,1083,RuvC,3,3,7,0
V1083L,1083,RuvC,0,3,7,0
V1083M,1083,RuvC,7,3,7,0
V1086A,1086,RuvC,9,3,7,0
V1086D,1086,RuvC,0,3,7,0
V1086F,1086,RuvC,0,3,7,0
V1086G,1086,RuvC,7,3,7,0
V1086I,1086,RuvC,4,3,7,0
V1086L,1086,RuvC,8,3,7,0
V1092A,1092,RuvC,2,2,7,0
V1092E,1092,RuvC,3,2,7,0
V1092G,1092,RuvC,9,2,7,0
V1092L,1092,RuvC,3,2,7,0
V1092M,1092,RuvC,5,2,7,0
V1095A,1095,RuvC,6,2,7,0
V1095D,1095,RuvC,8,2,7,0
V1095F,1095,RuvC,8,2,7,0
V1095G,1095,RuvC,9,2,7,0
V1095I,1095,RuvC,8,2,7,0
V1095L,1095,RuvC,8,2,7,0
V1100A,1100,PI,2,1,8,3
V1100E,1100,PI,3,1,8,3
V1100G,1100,PI,4,1,8,3
V1100L,1100,PI,3,1,8,3
V1100M,1100,PI,0,1,8,3
V1139A,1139,PI,2,0,8,3
V1139E,1139,PI,4,0,8,3
V1139G,1139,PI,2,0,8,3
V1139L,1139,PI,5,0,8,3
V1139M,1139,PI,0,0,8,3
V1143A,1143,PI,9,7,8,3
V1143D,1143,PI,5,7,8,3
V1143F,1143,PI,8,7,8,3
V1143G,1143,PI,5,7,8,3
V1143I,1143,PI,5,7,8,3
V1143L,1143,PI,8,7,8,3
V1145A,1145,PI,3,8,8,3
V1145E,1145,PI,7,8,8,3
V1145G,1145,PI,0,8,8,3
V1145L,1145,PI,5,8,8,3
V1145M,1145,PI,5,8,8,3
V1146A,1146,PI,1,9,8,3
V1146D,1146,PI,9,9,8,3
V1146F,1146,PI,7,9,8,3
V1146G,1146,PI,4,9,8,3
V1146I,1146,PI,8,9,8,3
V1146L,1146,PI,7,9,8,3
V1149A,1149,PI,1,7,8,3
V1149E,1149,PI,3,7,8,3
V1149G,1149,PI,3,7,8,3
V1149L,1149,PI,4,7,8,3
V1149M,1149,PI,5,7,8,3
V1160A,1160,PI,1,3,8,3
V1160D,1160,PI,4,3,8,3
V1160F,1160,PI,9,3,8,3
V1160G,1160,PI,7,3,8,3
V1160I,1160,PI,4,3,8,3
V1160L,1160,PI,5,3,8,3
V1190A,1190,PI,8,7,8,3
V1190E,1190,PI,7,7,8,3
V1190G,1190,PI,1,7,8,3
V1190L,1190,PI,2,7,8,3
V1190M,1190,PI,8,7,8,3
V1233A,1233,PI,5,9,8,3
V1233E,1233,PI,4,9,8,3
V1233G,1233,PI,3,9,8,3
V1233L,1233,PI,3,9,8,3
V1233M,1233,PI,6,9,8,3
V123A,123,REC,7,9,0,1
V123E,123,REC,6,9,0,1
V123G,123,REC,9,9,0,1
V123L,123,REC,0,9,0,1
V123M,123,REC,1,9,0,1
V1259A,1259,PI,0,3,9,3
V1259E,1259,PI,2,3,9,3
V1259G,1259,PI,7,3,9,3
V1259L,1259,PI,2,3,9,3
V1259M,1259,PI,1,3,9,3
V126A,126,REC,1,9,0,1
V126D,126,REC,1,9,0,1
V126F,126,REC,3,9,0,1
V126G,126,REC,9,9,0,1
V126I,126,REC,0,9,0,1
V126L,126,REC,1,9,0,1
V1280A,1280,PI,2,0,9,3
V1280E,1280,PI,7,0,9,3
V1280G,1280,PI,4,0,9,3
V1280L,1280,PI,3,0,9,3
V1280M,1280,PI,4,0,9,3
V1290A,1290,PI,5,8,9,3
V1290D,1290,PI,6,8,9,3
V1290F,1290,PI,5,8,9,3
V1290G,1290,PI,1,8,9,3
V1290I,1290,PI,1,8,9,3
V1290L,1290,PI,9,8,9,3
V1342A,1342,PI,6,1,9,3
V1342E,1342,PI,2,1,9,3
V1342G,1342,PI,0,1,9,3
V1342L,1342,PI,2,1,9,3
V1342M,1342,PI,5,1,9,3
V143A,143,REC,1,6,1,1
V143E,143,REC,5,6,1,1
V143G,143,REC,5,6,1,1
V143L,143,REC,7,6,1,1
V143M,143,REC,3,6,1,1
V16A,16,RuvC,1,8,0,0
V16E,16,RuvC,1,8,0,0
V16G,16,RuvC,6,8,0,0
V16L,16,RuvC,6,8,0,0
V16M,16,RuvC,2,8,0,0
V181A,181,REC,0,4,1,1
V181E,181,REC,2,4,1,1
V181G,181,REC,7,4,1,1
V181L,181,REC,8,4,1,1
V181M,181,REC,6,4,1,1
V189A,189,REC,1,4,1,1
V189D,189,REC,6,4,1,1
V189F,189,REC,9,4,1,1
V189G,189,REC,8,4,1,1
V189I,189,REC,7,4,1,1
V189L,189,REC,9,4,1,1
V206A,206,REC,2,4,1,1
V206E,206,REC,8,4,1,1
V206G,206,REC,4,4,1,1
V206L,206,REC,3,4,1,1
V206M,206,REC,6,4,1,1
V20A,20,RuvC,3,9,0,0
V20D,20,RuvC,9,9,0,0
V20F,20,RuvC,6,9,0,0
V20G,20,RuvC,3,9,0,0
V20I,20,RuvC,8,9,0,0
V20L,20,RuvC,3,9,0,0
V27A,27,RuvC,3,2,0,0
V27D,27,RuvC,5,2,0,0
V27F,27,RuvC,4,2,0,0
V27G,27,RuvC,1,2,0,0
V27I,27,RuvC,4,2,0,0
V27L,27,RuvC,8,2,0,0
V308A,308,REC,7,9,2,1
V308E,308,REC,9,9,2,1
V308G,308,REC,1,9,2,1
V308L,308,REC,9,9,2,1
V308M,308,REC,6,9,2,1
V339A,339,REC,5,3,2,1
V339E,339,REC,2,3,2,1
V339G,339,REC,8,3,2,1
V339L,339,REC,9,3,2,1
V339M,339,REC,3,3,2,1
V34A,34,RuvC,5,7,0,0
V34E,34,RuvC,9,7,0,0
V34G,34,RuvC,6,7,0,0
V34L,34,RuvC,4,7,0,0
V34M,34,RuvC,3,7,0,0
V391A,391,REC,0,2,2,1
V391E,391,REC,7,2,2,1
V391G,391,REC,2,2,2,1
V391L,391,REC,4,2,2,1
V391M,391,REC,4,2,2,1
V452A,452,REC,4,9,3,1
V452E,452,REC,2,9,3,1
V452G,452,REC,7,9,3,1
V452L,452,REC,0,9,3,1
V452M,452,REC,6,9,3,1
V481A,481,REC,1,7,3,1
V481E,481,REC,2,7,3,1
V481G,481,REC,0,7,3,1
V481L,481,REC,3,7,3,1
V481M,481,REC,6,7,3,1
V482A,482,REC,0,7,3,1
V482D,482,REC,1,7,3,1
V482F,482,REC,6,7,3,1
V482G,482,REC,8,7,3,1
V482I,482,REC,1,7,3,1
V482L,482,REC,7,7,3,1
V507A,507,REC,5,2,3,1
V507E,507,REC,3,2,3,1
V507G,507,REC,6,2,3,1
V507L,507,REC,0,2,3,1
V507M,507,REC,5,2,3,1
V520A,520,REC,9,0,3,1
V520D,520,REC,3,0,3,1
V520F,520,REC,6,0,3,1
V520G,520,REC,7,0,3,1
V520I,520,REC,3,0,3,1
V520L,520,REC,3,0,3,1
V527A,527,REC,4,6,3,1
V527E,527,REC,5,6,3,1
V527G,527,REC,1,6,3,1
V527L,527,REC,0,6,3,1
V527M,527,REC,3,6,3,1
V530A,530,REC,2,7,3,1
V530D,530,REC,1,7,3,1
V530F,530,REC,3,7,3,1
V530G,530,REC,0,7,3,1
V530I,530,REC,0,7,3,1
V530L,530,REC,3,7,3,1
V549A,549,REC,0,8,4,1
V549E,549,REC,6,8,4,1
V549G,549,REC,1,8,4,1
V549L,549,REC,6,8,4,1
V549M,549,REC,8,8,4,1
V559A,559,REC,6,7,4,1
V559E,559,REC,2,7,4,1
V559G,559,REC,3,7,4,1
V559L,559,REC,2,7,4,1
V559M,559,REC,9,7,4,1
V561A,561,REC,7,4,4,1
V561D,561,REC,1,4,4,1
V561F,561,REC,6,4,4,1
V561G,561,REC,5,4,4,1
V561I,561,REC,4,4,4,1
V561L,561,REC,8,4,4,1
V578A,578,REC,0,4,4,1
V578E,578,REC,0,4,4,1
V578G,578,REC,3,4,4,1
V578L,578,REC,0,4,4,1
V578M,578,REC,1,4,4,1
V583A,583,REC,2,7,4,1
V583D,583,REC,1,7,4,1
V583F,583,REC,0,7,4,1
V583G,583,REC,2,7,4,1
V583I,583,REC,3,7,4,1
V583L,583,REC,5,7,4,1
V620A,620,REC,8,6,4,1
V620E,620,REC,1,6,4,1
V620G,620,REC,6,6,4,1
V620L,620,REC,5,6,4,1
V620M,620,REC,2,6,4,1
V647A,647,REC,9,2,4,1
V647E,647,REC,6,2,4,1
V647G,647,REC,0,2,4,1
V647L,647,REC,0,2,4,1
V647M,647,REC,7,2,4,1
V713A,713,REC,2,9,5,1
V713E,713,REC,9,9,5,1
V713G,713,REC,5,9,5,1
V713L,713,REC,0,9,5,1
V713M,713,REC,8,9,5,1
V741A,741,RuvC,9,6,5,0
V741E,741,RuvC,3,6,5,0
V741G,741,RuvC,1,6,5,0
V741L,741,RuvC,0,6,5,0
V741M,741,RuvC,0,6,5,0
V743A,743,RuvC,2,4,5,0
V743E,743,RuvC,7,4,5,0
V743G,743,RuvC,1,4,5,0
V743L,743,RuvC,8,4,5,0
V743M,743,RuvC,7,4,5,0
V744A,744,RuvC,0,6,5,0
V744D,744,RuvC,5,6,5,0
V744F,744,RuvC,2,6,5,0
V744G,744,RuvC,9,6,5,0
V744I,744,RuvC,9,6,5,0
V744L,744,RuvC,7,6,5,0
V748A,748,RuvC,1,6,5,0
V748E,748,RuvC,1,6,5,0
V748G,748,RuvC,2,6,5,0
V748L,748,RuvC,0,6,5,0
V748M,748,RuvC,6,6,5,0
V750A,750,RuvC,2,4,5,0
V750D,750,RuvC,9,4,5,0
V750F,750,RuvC,4,4,5,0
V750G,750,RuvC,7,4,5,0
V750I,750,RuvC,8,4,5,0
V750L,750,RuvC,9,4,5,0
V760A,760,RuvC,7,9,5,0
V760E,760,RuvC,9,9,5,0
V760G,760,RuvC,8,9,5,0
V760L,760,RuvC,4,9,5,0
V760M,760,RuvC,7,9,5,0
V801A,801,HNH,7,5,5,2
V801E,801,HNH,3,5,5,2
V801G,801,HNH,0,5,5,2
V801L,801,HNH,7,5,5,2
V801M,801,HNH,5,5,5,2
V824A,824,HNH,4,0,6,2
V824E,824,HNH,7,0,6,2
V824G,824,HNH,4,0,6,2
V824L,824,HNH,6,0,6,2
V824M,824,HNH,4,0,6,2
V838A,838,HNH,8,4,6,2
V838E,838,HNH,6,4,6,2
V838G,838,HNH,0,4,6,2
V838L,838,HNH,4,4,6,2
V838M,838,HNH,6,4,6,2
V842A,842,HNH,1,8,6,2
V842D,842,HNH,8,8,6,2
V842F,842,HNH,2,8,6,2
V842G,842,HNH,3,8,6,2
V842I,842,HNH,6,8,6,2
V842L,842,HNH,9,8,6,2
V856A,856,HNH,8,8,6,2
V856E,856,HNH,0,8,6,2
V856G,856,HNH,3,8,6,2
V856L,856,HNH,2,8,6,2
V856M,856,HNH,5,8,6,2
V870A,870,HNH,1,8,6,2
V870D,870,HNH,9,8,6,2
V870F,870,HNH,0,8,6,2
V870G,870,HNH,5,8,6,2
V870I,870,HNH,0,8,6,2
V870L,870,HNH,7,8,6,2
V875A,875,HNH,8,1,6,2
V875E,875,HNH,1,1,6,2
V875G,875,HNH,5,1,6,2
V875L,875,HNH,5,1,6,2
V875M,875,HNH,2,1,6,2
V876A,876,HNH,2,9,6,2
V876D,876,HNH,1,9,6,2
V876F,876,HNH,9,9,6,2
V876G,876,HNH,1,9,6,2
V876I,876,HNH,2,9,6,2
V876L,876,HNH,6,9,6,2
V922A,922,RuvC,4,0,6,0
V922E,922,RuvC,0,0,6,0
V922G,922,RuvC,0,0,6,0
V922L,922,RuvC,8,0,6,0
V922M,922,RuvC,4,0,6,0
V931A,931,RuvC,1,9,6,0
V931D,931,RuvC,9,9,6,0
V931F,931,RuvC,2,9,6,0
V931G,931,RuvC,9,9,6,0
V931I,931,RuvC,7,9,6,0
V931L,931,RuvC,4,9,6,0
V93A,93,REC,6,2,0,1
V93E,93,REC,9,2,0,1
V93G,93,REC,7,2,0,1
V93L,93,REC,9,2,0,1
V93M,93,REC,8,2,0,1
V953A,953,RuvC,7,2,6,0
V953E,953,RuvC,5,2,6,0
V953G,953,RuvC,3,2,6,0
V953L,953,RuvC,3,2,6,0
V953M,953,RuvC,7,2,6,0
V955A,955,RuvC,0,2,6,0
V955D,955,RuvC,0,2,6,0
V955F,955,RuvC,7,2,6,0
V955G,955,RuvC,4,2,6,0
V955I,955,RuvC,9,2,6,0
V955L,955,RuvC,6,2,6,0
V963A,963,RuvC,4,2,7,0
V963E,963,RuvC,3,2,7,0
V963G,963,RuvC,7,2,7,0
V963L,963,RuvC,3,2,7,0
V963M,963,RuvC,5,2,7,0
V975A,975,RuvC,5,3,7,0
V975D,975,RuvC,2,3,7,0
V975F,975,RuvC,3,3,7,0
V975G,975,RuvC,1,3,7,0
V975I,975,RuvC,2,3,7,0
V975L,975,RuvC,8,3,7,0
V992A,992,RuvC,7,7,7,0
V992E,992,RuvC,3,7,7,0
V992G,992,RuvC,2,7,7,0
V992L,992,RuvC,5,7,7,0
V992M,992,RuvC,4,7,7,0
V993A,993,RuvC,7,8,7,0
V993D,993,RuvC,3,8,7,0
V993F,993,RuvC,6,8,7,0
V993G,993,RuvC,1,8,7,0
V993I,993,RuvC,7,8,7,0
V993L,993,RuvC,9,8,7,0
W1074C,1074,RuvC,8,2,7,0
W1074G,1074,RuvC,6,2,7,0
W1074L,1074,RuvC,7,2,7,0
W1074R,1074,RuvC,8,2,7,0
W1074S,1074,RuvC,9,2,7,0
W1126C,1126,PI,1,4,8,3
W1126G,1126,PI,2,4,8,3
W1126L,1126,PI,2,4,8,3
W1126R,1126,PI,4,4,8,3
W1126S,1126,PI,8,4,8,3
W18C,18,RuvC,9,8,0,0
W18G,18,RuvC,6,8,0,0
W18L,18,RuvC,9,8,0,0
W18R,18,RuvC,2,8,0,0
W18S,18,RuvC,7,8,0,0
W464C,464,REC,3,0,3,1
W464G,464,REC,7,0,3,1
W464L,464,REC,6,0,3,1
W464R,464,REC,6,0,3,1
W464S,464,REC,8,0,3,1
W476C,476,REC,4,9,3,1
W476G,476,REC,9,9,3,1
W476L,476,REC,4,9,3,1
W476R,476,REC,7,9,3,1
W476S,476,REC,4,9,3,1
W659C,659,REC,3,2,4,1
W659G,659,REC,2,2,4,1
W659L,659,REC,0,2,4,1
W659R,659,REC,3,2,4,1
W659S,659,REC,6,2,4,1
W883C,883,HNH,9,5,6,2
W883G,883,HNH,7,5,6,2
W883L,883,HNH,8,5,6,2
W883R,883,HNH,0,5,6,2
W883S,883,HNH,0,5,6,2
Y1001C,1001,RuvC,6,1,7,0
Y1001D,1001,RuvC,1,1,7,0
Y1001F,1001,RuvC,9,1,7,0
Y1001H,1001,RuvC,1,1,7,0
Y1001N,1001,RuvC,7,1,7,0
Y1001S,1001,RuvC,9,1,7,0
Y1010C,1010,RuvC,5,0,7,0
Y1010D,1010,RuvC,1,0,7,0
Y1010F,1010,RuvC,6,0,7,0
Y1010H,1010,RuvC,6,0,7,0
Y1010N,1010,RuvC,3,0,7,0
Y1010S,1010,RuvC,5,0,7,0
Y1013C,1013,RuvC,0,6,7,0
Y1013D,1013,RuvC,6,6,7,0
Y1013F,1013,RuvC,0,6,7,0
Y1013H,1013,RuvC,6,6,7,0
Y1013N,1013,RuvC,3,6,7,0
Y1013S,1013,RuvC,3,6,7,0
Y1016C,1016,RuvC,1,5,7,0
Y1016D,1016,RuvC,5,5,7,0
Y1016F,1016,RuvC,7,5,7,0
Y1016H,1016,RuvC,5,5,7,0
Y1016N,1016,RuvC,7,5,7,0
Y1016S,1016,RuvC,1,5,7,0
Y1036C,1036,RuvC,7,3,7,0
Y1036D,1036,RuvC,8,3,7,0
Y1036F,1036,RuvC,8,3,7,0
Y1036H,1036,RuvC,3,3,7,0
Y1036N,1036,RuvC,1,3,7,0
Y1036S,1036,RuvC,1,3,7,0
Y1039C,1039,RuvC,1,3,7,0
Y1039D,1039,RuvC,1,3,7,0
Y1039F,1039,RuvC,9,3,7,0
Y1039H,1039,RuvC,8,3,7,0
Y1039N,1039,RuvC,6,3,7,0
Y1039S,1039,RuvC,3,3,7,0
Y1131C,1131,PI,5,9,8,3
Y1131D,1131,PI,1,9,8,3
Y1131F,1131,PI,5,9,8,3
Y1131H,1131,PI,4,9,8,3
Y1131N,1131,PI,2,9,8,3
Y1131S,1131,PI,6,9,8,3
Y1141C,1141,PI,6,0,8,3
Y1141D,1141,PI,9,0,8,3
Y1141F,1141,PI,3,0,8,3
Y1141H,1141,PI,3,0,8,3
Y1141N,1141,PI,5,0,8,3
Y1141S,1141,PI,1,0,8,3
Y1187C,1187,PI,5,2,8,3
Y1187D,1187,PI,8,2,8,3
Y1187F,1187,PI,6,2,8,3
Y1187H,1187,PI,7,2,8,3
Y1187N,1187,PI,8,2,8,3
Y1187S,1187,PI,0,2,8,3
Y1201C,1201,PI,2,8,8,3
Y1201D,1201,PI,3,8,8,3
Y1201F,1201,PI,6,8,8,3
Y1201H,1201,PI,3,8,8,3
Y1201N,1201,PI,4,8,8,3
Y1201S,1201,PI,9,8,8,3
Y1232C,1232,PI,6,9,8,3
Y1232D,1232,PI,0,9,8,3
Y1232F,1232,PI,0,9,8,3
Y1232H,1232,PI,9,9,8,3
Y1232N,1232,PI,9,9,8,3
Y1232S,1232,PI,9,9,8,3
Y1237C,1237,PI,1,8,9,3
Y1237D,1237,PI,5,8,9,3
Y1237F,1237,PI,2,8,9,3
Y1237H,1237,PI,6,8,9,3
Y1237N,1237,PI,7,8,9,3
Y1237S,1237,PI,0,8,9,3
Y1242C,1242,PI,0,4,9,3
Y1242D,1242,PI,2,4,9,3
Y1242F,1242,PI,5,4,9,3
Y1242H,1242,PI,1,4,9,3
Y1242N,1242,PI,2,4,9,3
Y1242S,1242,PI,0,4,9,3
Y1265C,1265,PI,3,2,9,3
Y1265D,1265,PI,5,2,9,3
Y1265F,1265,PI,5,2,9,3
Y1265H,1265,PI,9,2,9,3
Y1265N,1265,PI,6,2,9,3
Y1265S,1265,PI,5,2,9,3
Y128C,128,REC,1,3,0,1
Y128D,128,REC,7,3,0,1
Y128F,128,REC,6,3,0,1
Y128H,128,REC,8,3,0,1
Y128N,128,REC,6,3,0,1
Y128S,128,REC,1,3,0,1
Y1294C,1294,PI,5,9,9,3
Y1294D,1294,PI,9,9,9,3
Y1294F,1294,PI,7,9,9,3
Y1294H,1294,PI,4,9,9,3
Y1294N,1294,PI,3,9,9,3
Y1294S,1294,PI,6,9,9,3
Y1326C,1326,PI,8,3,9,3
Y1326D,1326,PI,5,3,9,3
Y1326F,1326,PI,4,3,9,3
Y1326H,1326,PI,7,3,9,3
Y1326N,1326,PI,1,3,9,3
Y1326S,1326,PI,4,3,9,3
Y132C,132,REC,2,1,0,1
Y132D,132,REC,0,1,0,1
Y132F,132,REC,9,1,0,1
Y132H,132,REC,5,1,0,1
Y132N,132,REC,7,1,0,1
Y132S,132,REC,3,1,0,1
Y1336C,1336,PI,6,9,9,3
Y1336D,1336,PI,6,9,9,3
Y1336F,1336,PI,7,9,9,3
Y1336H,1336,PI,5,9,9,3
Y1336N,1336,PI,8,9,9,3
Y1336S,1336,PI,4,9,9,3
Y1356C,1356,PI,8,9,9,3
Y1356D,1356,PI,1,9,9,3
Y1356F,1356,PI,0,9,9,3
Y1356H,1356,PI,8,9,9,3
Y1356N,1356,PI,4,9,9,3
Y1356S,1356,PI,4,9,9,3
Y136C,136,REC,2,5,0,1
Y136D,136,REC,3,5,0,1
Y136F,136,REC,1,5,0,1
Y136H,136,REC,8,5,0,1
Y136N,136,REC,4,5,0,1
Y136S,136,REC,0,5,0,1
Y155C,155,REC,7,6,1,1
Y155D,155,REC,5,6,1,1
Y155F,155,REC,8,6,1,1
Y155H,155,REC,4,6,1,1
Y155N,155,REC,3,6,1,1
Y155S,155,REC,0,6,1,1
Y192C,192,REC,7,8,1,1
Y192D,192,REC,0,8,1,1
Y192F,192,REC,0,8,1,1
Y192H,192,REC,7,8,1,1
Y192N,192,REC,6,8,1,1
Y192S,192,REC,2,8,1,1
Y25C,25,RuvC,8,1,0,0
Y25D,25,RuvC,1,1,0,0
Y25F,25,RuvC,4,1,0,0
Y25H,25,RuvC,4,1,0,0
Y25N,25,RuvC,5,1,0,0
Y25S,25,RuvC,0,1,0,0
Y271C,271,REC,2,2,1,1
Y271D,271,REC,2,2,1,1
Y271F,271,REC,6,2,1,1
Y271H,271,REC,0,2,1,1
Y271N,271,REC,7,2,1,1
Y271S,271,REC,4,2,1,1
Y286C,286,REC,9,7,2,1
Y286D,286,REC,8,7,2,1
Y286F,286,REC,1,7,2,1
Y286H,286,REC,2,7,2,1
Y286N,286,REC,2,7,2,1
Y286S,286,REC,4,7,2,1
Y325C,325,REC,9,5,2,1
Y325D,325,REC,6,5,2,1
Y325F,325,REC,9,5,2,1
Y325H,325,REC,6,5,2,1
Y325N,325,REC,1,5,2,1
Y325S,325,REC,0,5,2,1
Y347C,347,REC,5,7,2,1
Y347D,347,REC,6,7,2,1
Y347F,347,REC,7,7,2,1
Y347H,347,REC,2,7,2,1
Y347N,347,REC,8,7,2,1
Y347S,347,REC,7,7,2,1
Y359C,359,REC,7,3,2,1
Y359D,359,REC,8,3,2,1
Y359F,359,REC,1,3,2,1
Y359H,359,REC,2,3,2,1
Y359N,359,REC,2,3,2,1
Y359S,359,REC,1,3,2,1
Y362C,362,REC,6,6,2,1
Y362D,362,REC,9,6,2,1
Y362F,362,REC,7,6,2,1
Y362H,362,REC,5,6,2,1
Y362N,362,REC,0,6,2,1
Y362S,362,REC,1,6,2,1
Y373C,373,REC,8,8,2,1
Y373D,373,REC,6,8,2,1
Y373F,373,REC,2,8,2,1
Y373H,373,REC,1,8,2,1
Y373N,373,REC,1,8,2,1
Y373S,373,REC,5,8,2,1
Y430C,430,REC,3,7,3,1
Y430D,430,REC,4,7,3,1
Y430F,430,REC,3,7,3,1
Y430H,430,REC,2,7,3,1
Y430N,430,REC,4,7,3,1
Y430S,430,REC,5,7,3,1
Y450C,450,REC,6,9,3,1
Y450D,450,REC,4,9,3,1
Y450F,450,REC,2,9,3,1
Y450H,450,REC,2,9,3,1
Y450N,450,REC,1,9,3,1
Y450S,450,REC,6,9,3,1
Y451C,451,REC,8,5,3,1
Y451D,451,REC,5,5,3,1
Y451F,451,REC,3,5,3,1
Y451H,451,REC,2,5,3,1
Y451N,451,REC,5,5,3,1
Y451S,451,REC,3,5,3,1
Y515C,515,REC,5,8,3,1
Y515D,515,REC,5,8,3,1
Y515F,515,REC,0,8,3,1
Y515H,515,REC,3,8,3,1
Y515N,515,REC,9,8,3,1
Y515S,515,REC,7,8,3,1
Y517C,517,REC,7,6,3,1
Y517D,517,REC,5,6,3,1
Y517F,517,REC,8,6,3,1
Y517H,517,REC,9,6,3,1
Y517N,517,REC,4,6,3,1
Y517S,517,REC,7,6,3,1
Y521C,521,REC,8,7,3,1
Y521D,521,REC,0,7,3,1
Y521F,521,REC,4,7,3,1
Y521H,521,REC,2,7,3,1
Y521N,521,REC,8,7,3,1
Y521S,521,REC,1,7,3,1
Y529C,529,REC,2,9,3,1
Y529D,529,REC,3,9,3,1
Y529F,529,REC,1,9,3,1
Y529H,529,REC,8,9,3,1
Y529N,529,REC,0,9,3,1
Y529S,529,REC,0,9,3,1
Y568C,568,REC,1,2,4,1
Y568D,568,REC,0,2,4,1
Y568F,568,REC,1,2,4,1
Y568H,568,REC,6,2,4,1
Y568N,568,REC,9,2,4,1
Y568S,568,REC,9,2,4,1
Y594C,594,REC,6,5,4,1
Y594D,594,REC,6,5,4,1
Y594F,594,REC,7,5,4,1
Y594H,594,REC,0,5,4,1
Y594N,594,REC,0,5,4,1
Y594S,594,REC,3,5,4,1
Y5C,5,RuvC,1,4,0,0
Y5D,5,RuvC,2,4,0,0
Y5F,5,RuvC,5,4,0,0
Y5H,5,RuvC,5,4,0,0
Y5N,5,RuvC,9,4,0,0
Y5S,5,RuvC,1,4,0,0
Y639C,639,REC,1,6,4,1
Y639D,639,REC,3,6,4,1
Y639F,639,REC,4,6,4,1
Y639H,639,REC,1,6,4,1
Y639N,639,REC,2,6,4,1
Y639S,639,REC,4,6,4,1
Y656C,656,REC,1,2,4,1
Y656D,656,REC,4,2,4,1
Y656F,656,REC,9,2,4,1
Y656H,656,REC,9,2,4,1
Y656N,656,REC,6,2,4,1
Y656S,656,REC,0,2,4,1
Y72C,72,REC,2,9,0,1
Y72D,72,REC,1,9,0,1
Y72F,72,REC,1,9,0,1
Y72H,72,REC,6,9,0,1
Y72N,72,REC,0,9,0,1
Y72S,72,REC,6,9,0,1
Y812C,812,HNH,2,8,5,2
Y812D,812,HNH,2,8,5,2
Y812F,812,HNH,7,8,5,2
Y812H,812,HNH,0,8,5,2
Y812N,812,HNH,1,8,5,2
Y812S,812,HNH,4,8,5,2
Y814C,814,HNH,3,6,5,2
Y814D,814,HNH,1,6,5,2
Y814F,814,HNH,2,6,5,2
Y814H,814,HNH,4,6,5,2
Y814N,814,HNH,7,6,5,2
Y814S,814,HNH,4,6,5,2
Y815C,815,HNH,5,5,5,2
Y815D,815,HNH,5,5,5,2
Y815F,815,HNH,7,5,5,2
Y815H,815,HNH,6,5,5,2
Y815N,815,HNH,3,5,5,2
Y815S,815,HNH,4,5,5,2
Y81C,81,REC,9,7,0,1
Y81D,81,REC,9,7,0,1
Y81F,81,REC,7,7,0,1
Y81H,81,REC,5,7,0,1
Y81N,81,REC,5,7,0,1
Y81S,81,REC,8,7,0,1
Y823C,823,HNH,9,8,6,2
Y823D,823,HNH,4,8,6,2
Y823F,823,HNH,6,8,6,2
Y823H,823,HNH,9,8,6,2
Y823N,823,HNH,1,8,6,2
Y823S,823,HNH,6,8,6,2
Y836C,836,HNH,7,4,6,2
Y836D,836,HNH,1,4,6,2
Y836F,836,HNH,2,4,6,2
Y836H,836,HNH,3,4,6,2
Y836N,836,HNH,6,4,6,2
Y836S,836,HNH,1,4,6,2
Y882C,882,HNH,6,4,6,2
Y882D,882,HNH,3,4,6,2
Y882F,882,HNH,7,4,6,2
Y882H,882,HNH,1,4,6,2
Y882N,882,HNH,7,4,6,2
Y882S,882,HNH,8,4,6,2
Y943C,943,RuvC,2,7,6,0
Y943D,943,RuvC,5,7,6,0
Y943F,943,RuvC,9,7,6,0
Y943H,943,RuvC,4,7,6,0
Y943N,943,RuvC,5,7,6,0
Y943S,943,RuvC,8,7,6,0
Y973C,973,RuvC,8,9,7,0
Y973D,973,RuvC,4,9,7,0
Y973F,973,RuvC,0,9,7,0
Y973H,973,RuvC,8,9,7,0
Y973N,973,RuvC,3,9,7,0
Y973S,973,RuvC,4,9,7,0
Y981C,981,RuvC,4,5,7,0
Y981D,981,RuvC,3,5,7,0
Y981F,981,RuvC,1,5,7,0
Y981H,981,RuvC,3,5,7,0
Y981N,981,RuvC,7,5,7,0
Y981S,981,RuvC,7,5,7,0
Y988C,988,RuvC,9,0,7,0
Y988D,988,RuvC,1,0,7,0
Y988F,988,RuvC,4,0,7,0
Y988H,988,RuvC,3,0,7,0
Y988N,988,RuvC,7,0,7,0
Y988S,988,RuvC,2,0,7,0
