posgroup__blosum,posgroup__local_mean,posgroup__M1_sub,posgroup__M2_sub_ctx,posgroup__E_twostage
-2.0,-0.1696883665415667,-0.30665569675924126,-0.2857312372888664,-0.31725278144134594
0.0,-0.1696883665415667,-0.22978235622486176,-0.13656722104250585,-0.21720305960769307
-1.0,-0.1696883665415667,-0.22894707203660702,-0.18853072205149798,-0.2319382299468596
1.0,-0.1696883665415667,-0.19091302442941974,-0.13656722104250585,-0.20221816664663192
0.0,-0.1696883665415667,-0.16253182507928782,-0.10154819095326548,-0.14693961336140526
0.0,-0.1696883665415667,-0.11432784878494652,-0.10966989935574901,-0.12356373143723086
-2.0,-0.2244561399020923,-0.27346498517453494,-0.3166835992159483,-0.28237211673504237
0.0,-0.2244561399020923,-0.2266887340453914,-0.23069420146401204,-0.18516006090090056
-1.0,-0.2244561399020923,-0.25218756255086905,-0.3030946879234086,-0.25341734814772154
1.0,-0.2244561399020923,-0.16267719731085734,-0.23069420146401204,-0.14943400374381738
0.0,-0.2244561399020923,-0.15857128741318136,-0.23069420146401204,-0.12223556457643614
0.0,-0.2244561399020923,-0.11109259656027771,-0.23461439603514453,-0.0924598365620629
-2.0,-0.2668544149165145,-0.2835447089172085,-0.3625603057462837,-0.2968428591355193
0.0,-0.2668544149165145,-0.22381028764923588,-0.17919548246150524,-0.20293639771922273
-1.0,-0.2668544149165145,-0.25685439559173834,-0.32462579511651457,-0.2596602368444821
1.0,-0.2668544149165145,-0.2112703732866514,-0.17919548246150524,-0.1982801294742913
0.0,-0.2668544149165145,-0.1672586295378506,-0.1769826154933663,-0.17778856684696032
0.0,-0.2668544149165145,-0.12028748629267622,-0.17637806508748116,-0.10767655459227957
-1.0,-0.3777140217572934,-0.36905366511042925,-0.31368746334483844,-0.364217552956937
0.0,-0.3777140217572934,-0.2266887340453914,-0.23791570514125443,-0.18516006090090056
-1.0,-0.3777140217572934,-0.25218756255086905,-0.30684664427174035,-0.25341734814772154
1.0,-0.3777140217572934,-0.16267719731085734,-0.23791570514125443,-0.14943400374381738
0.0,-0.3777140217572934,-0.15857128741318136,-0.23791570514125443,-0.12223556457643614
0.0,-0.3777140217572934,-0.11109259656027771,-0.19737516942134922,-0.0924598365620629
-2.0,-0.3765707664246593,-0.29618401647101705,-0.36868400942326696,-0.3248512672504547
0.0,-0.3765707664246593,-0.2539158081648396,-0.24009982519869746,-0.22400174781681806
-1.0,-0.3765707664246593,-0.2630071478195228,-0.30562916639826215,-0.27104536276804353
1.0,-0.3765707664246593,-0.1523755059460309,-0.2311419105834976,-0.16175112420199791
0.0,-0.3765707664246593,-0.13274054085110115,-0.20770819564466242,-0.15319136666900857
0.0,-0.3765707664246593,-0.12826910526542948,-0.21715144830155628,-0.15066486777480032
-2.0,-0.14805281243843893,-0.2848527153050087,-0.4161765852802542,-0.28351492310421983
0.0,-0.14805281243843893,-0.27382883173788325,-0.3085342708265334,-0.24054063154870897
-1.0,-0.14805281243843893,-0.26499745644274697,-0.3628076894881435,-0.30351208244360006
1.0,-0.14805281243843893,-0.19556211698607162,-0.30376779449728497,-0.20011693989844764
0.0,-0.14805281243843893,-0.1649832241426407,-0.24307663745913644,-0.1620128750912614
0.0,-0.14805281243843893,-0.13028838350011998,-0.24155160071400053,-0.1334871587394007
-2.0,-0.19522225643872018,-0.27346498517453494,-0.37452715851991314,-0.2958654961183995
0.0,-0.19522225643872018,-0.2266887340453914,-0.2701610507909987,-0.21742086566868982
-1.0,-0.19522225643872018,-0.25218756255086905,-0.346847089230883,-0.21753886847247636
1.0,-0.19522225643872018,-0.16267719731085734,-0.2701610507909987,-0.15835065501856677
0.0,-0.19522225643872018,-0.15857128741318136,-0.25068659554089184,-0.14645814767474763
0.0,-0.19522225643872018,-0.11109259656027771,-0.21236734433181356,-0.11246609944742922
-1.0,-0.11527457168721597,-0.3399012468798279,-0.28172013570954757,-0.33219853185597875
0.0,-0.11527457168721597,-0.27382883173788325,-0.22964174600578535,-0.24725014586155114
-1.0,-0.11527457168721597,-0.26499745644274697,-0.2928688138168991,-0.2651539217675788
1.0,-0.11527457168721597,-0.19556211698607162,-0.22964174600578535,-0.2068264542112898
0.0,-0.11527457168721597,-0.1649832241426407,-0.17739089396511243,-0.16872238940410356
0.0,-0.11527457168721597,-0.13028838350011998,-0.16412373309688266,-0.13754886761095625
-2.0,-0.1801989833652719,-0.27346498517453494,-0.217771859925155,-0.25663306748458864
0.0,-0.1801989833652719,-0.2266887340453914,-0.1242648150915851,-0.23036800136768365
-1.0,-0.1801989833652719,-0.25218756255086905,-0.19220965295758877,-0.22249484274515982
1.0,-0.1801989833652719,-0.16267719731085734,-0.1242648150915851,-0.1789653676843387
0.0,-0.1801989833652719,-0.15857128741318136,-0.1242648150915851,-0.15176692851695744
0.0,-0.1801989833652719,-0.11109259656027771,-0.09614186139659607,-0.1190542325755033
-1.0,-0.06202314554521063,-0.34947703666902247,-0.2440554008064831,-0.31254508169938233
0.0,-0.06202314554521063,-0.22100943288391062,-0.09148686543731313,-0.24262929744540168
-1.0,-0.06202314554521063,-0.2951487120702083,-0.18229121500011702,-0.33742219790018274
1.0,-0.06202314554521063,-0.18491441264985262,-0.09707535078860141,-0.2258339366427533
0.0,-0.06202314554521063,-0.1349128510002644,-0.06430353147700965,-0.1893388173808441
0.0,-0.06202314554521063,-0.10912986559914019,-0.029822447923728953,-0.21284538687083798
-2.0,-0.05087651944427842,-0.30665569675924126,-0.2587733203682801,-0.31725278144134594
0.0,-0.05087651944427842,-0.22978235622486176,-0.11756600200338338,-0.2052792291950076
-1.0,-0.05087651944427842,-0.22894707203660702,-0.16791743188301161,-0.22001439953417407
1.0,-0.05087651944427842,-0.19091302442941974,-0.11756600200338338,-0.1902943362339464
0.0,-0.05087651944427842,-0.16253182507928782,-0.11542663285679533,-0.13501578294871974
0.0,-0.05087651944427842,-0.11432784878494652,-0.09630976408301642,-0.12356373143723086
-2.0,-0.11043354575424147,-0.27346498517453494,-0.25441374566741043,-0.32438038798128965
0.0,-0.11043354575424147,-0.2266887340453914,-0.1497799983487107,-0.23066590976692428
-1.0,-0.11043354575424147,-0.25218756255086905,-0.23173940261146062,-0.29987776802456406
1.0,-0.11043354575424147,-0.16267719731085734,-0.1497799983487107,-0.1949398526098411
0.0,-0.11043354575424147,-0.15857128741318136,-0.1497799983487107,-0.16774141344245982
0.0,-0.11043354575424147,-0.11109259656027771,-0.12517342524313835,-0.1379656854280866
-2.0,-0.11882321207305861,-0.30665569675924126,-0.2517081545108103,-0.32034407162416667
0.0,-0.11882321207305861,-0.22978235622486176,-0.16386659219967237,-0.20242444656811984
-1.0,-0.11882321207305861,-0.22894707203660702,-0.21494283897072575,-0.2233582202978759
1.0,-0.11882321207305861,-0.19091302442941974,-0.16386659219967237,-0.19363815699764822
0.0,-0.11882321207305861,-0.16253182507928782,-0.16172722305308435,-0.14331793622035033
0.0,-0.11882321207305861,-0.11432784878494652,-0.14789876936523094,-0.11994205429617594
-2.0,-0.30751005853403834,-0.2848527153050087,-0.3369606384526148,-0.2873369609741458
0.0,-0.30751005853403834,-0.27382883173788325,-0.2805940528718568,-0.2394245902896522
-1.0,-0.30751005853403834,-0.26499745644274697,-0.3747671085768686,-0.2333001650028281
1.0,-0.30751005853403834,-0.19556211698607162,-0.2805940528718568,-0.20589085082771236
0.0,-0.30751005853403834,-0.1649832241426407,-0.25918738514378825,-0.1677867860205261
0.0,-0.30751005853403834,-0.13028838350011998,-0.26145273258101465,-0.13237111748034391
-2.0,-0.14009050870717996,-0.2835447089172085,-0.26519717171560797,-0.3111038465210088
0.0,-0.14009050870717996,-0.22381028764923588,-0.17505911115604875,-0.2065404906123669
-1.0,-0.14009050870717996,-0.25685439559173834,-0.24136901821444345,-0.26389723200891024
1.0,-0.14009050870717996,-0.2112703732866514,-0.17505911115604875,-0.20294135781318645
0.0,-0.14009050870717996,-0.1672586295378506,-0.1728462441879098,-0.1813926597401045
0.0,-0.14009050870717996,-0.12028748629267622,-0.12045599654423962,-0.12904395975267735
-1.0,-0.13302331348210386,-0.3839731157643483,-0.2810216688821143,-0.37637787811885004
0.0,-0.13302331348210386,-0.22381028764923588,-0.17164329117305682,-0.2065404906123669
-1.0,-0.13302331348210386,-0.25685439559173834,-0.23791594696343094,-0.25651901608358907
1.0,-0.13302331348210386,-0.2112703732866514,-0.17164329117305682,-0.20294135781318645
0.0,-0.13302331348210386,-0.1672586295378506,-0.16681958172601555,-0.1813926597401045
0.0,-0.13302331348210386,-0.12028748629267622,-0.14809534377029374,-0.12904395975267735
-1.0,-0.14520939350680345,-0.4058262474284839,-0.33940567903681124,-0.326516706659946
0.0,-0.14520939350680345,-0.2564633509268438,-0.2515015618773356,-0.20168693689028946
-1.0,-0.14520939350680345,-0.24189374787143467,-0.2939125879497592,-0.2362820471095963
1.0,-0.14520939350680345,-0.18947068622851262,-0.2515015618773356,-0.18096479370346774
0.0,-0.14520939350680345,-0.16062645555513222,-0.24963390282899112,-0.1772519404004057
0.0,-0.14520939350680345,-0.14198137100892286,-0.24831584649707356,-0.1724753253291773
-2.0,-0.20892397806889337,-0.2950817158591319,-0.33476001000272204,-0.27835165638802434
0.0,-0.20892397806889337,-0.20358849815338276,-0.21620888597854107,-0.18098660961253363
-1.0,-0.20892397806889337,-0.2524990484050542,-0.2664599094327146,-0.24161743738601452
1.0,-0.20892397806889337,-0.17196431296573073,-0.21924812702794017,-0.17655733252636033
0.0,-0.20892397806889337,-0.147251484015119,-0.2161045696394438,-0.16934111833579885
0.0,-0.20892397806889337,-0.1176409006819286,-0.20066249345912612,-0.15411972634160687
-1.0,-0.17400262636943228,-0.4058262474284839,-0.3210811372765651,-0.36929874791051737
0.0,-0.17400262636943228,-0.2564633509268438,-0.23544302840755496,-0.21720046659680642
-1.0,-0.17400262636943228,-0.24189374787143467,-0.2744231788838019,-0.2279372041551675
1.0,-0.17400262636943228,-0.18947068622851262,-0.2285815559930126,-0.16583731219491546
0.0,-0.17400262636943228,-0.16062645555513222,-0.23357536935921053,-0.1757680189192241
0.0,-0.17400262636943228,-0.14198137100892286,-0.2612931371684825,-0.1641304823747485
-1.0,-0.13245080778373478,-0.3839731157643483,-0.3706096748228015,-0.3279548818436792
0.0,-0.13245080778373478,-0.22381028764923588,-0.2456028351519583,-0.197066579036794
-1.0,-0.13245080778373478,-0.25685439559173834,-0.32135746632531065,-0.25379041816205333
1.0,-0.13245080778373478,-0.2112703732866514,-0.2456028351519583,-0.20184190580965675
0.0,-0.13245080778373478,-0.1672586295378506,-0.233082694513676,-0.16776379948927922
0.0,-0.13245080778373478,-0.12028748629267622,-0.2313914961152827,-0.11958693338997925
-2.0,-0.12140983157735173,-0.2950817158591319,-0.33655305100496125,-0.27835165638802434
0.0,-0.12140983157735173,-0.20358849815338276,-0.17563724181771836,-0.18098660961253363
-1.0,-0.12140983157735173,-0.2524990484050542,-0.23974544499898665,-0.24161743738601452
1.0,-0.12140983157735173,-0.17196431296573073,-0.17867648286711746,-0.17655733252636033
0.0,-0.12140983157735173,-0.147251484015119,-0.17867648286711746,-0.16934111833579885
0.0,-0.12140983157735173,-0.1176409006819286,-0.12987903892040528,-0.15411972634160687
-2.0,-0.18432541023495433,-0.27346498517453494,-0.38570000673838095,-0.28179391393671865
0.0,-0.18432541023495433,-0.2266887340453914,-0.1957865500304447,-0.2244150612940176
-1.0,-0.18432541023495433,-0.25218756255086905,-0.33132343097324374,-0.2580172190169762
1.0,-0.18432541023495433,-0.16267719731085734,-0.1957865500304447,-0.17601960941375727
0.0,-0.18432541023495433,-0.15857128741318136,-0.1957865500304447,-0.16149056496955314
0.0,-0.18432541023495433,-0.11109259656027771,-0.22103654057689623,-0.120457852116394
-1.0,-0.2681679699753554,-0.34947703666902247,-0.2753095434908993,-0.31254508169938233
0.0,-0.2681679699753554,-0.22100943288391062,-0.12453493433019312,-0.24262929744540168
-1.0,-0.2681679699753554,-0.2951487120702083,-0.23228483616218673,-0.32761670960561007
1.0,-0.2681679699753554,-0.18491441264985262,-0.12328291600674961,-0.24012263953869215
0.0,-0.2681679699753554,-0.1349128510002644,-0.10725230462605922,-0.20099631137029736
0.0,-0.2681679699753554,-0.10912986559914019,-0.11877440284410319,-0.16896482958018108
-2.0,-0.31098847035523336,-0.2835447089172085,-0.26034095644868915,-0.3111038465210088
0.0,-0.31098847035523336,-0.22381028764923588,-0.227043817600883,-0.2065404906123669
-1.0,-0.31098847035523336,-0.25685439559173834,-0.3005466485002383,-0.26389723200891024
1.0,-0.31098847035523336,-0.2112703732866514,-0.227043817600883,-0.20294135781318645
0.0,-0.31098847035523336,-0.1672586295378506,-0.22483095063274405,-0.1813926597401045
0.0,-0.31098847035523336,-0.12028748629267622,-0.17824683354240892,-0.12904395975267735
-2.0,-0.28663267016324095,-0.29618401647101705,-0.35191572995257525,-0.3197010114273092
0.0,-0.28663267016324095,-0.2539158081648396,-0.21602478581006926,-0.22400174781681806
-1.0,-0.28663267016324095,-0.2630071478195228,-0.3421274414929871,-0.27104536276804353
1.0,-0.28663267016324095,-0.1523755059460309,-0.20390053876667197,-0.16175112420199791
0.0,-0.28663267016324095,-0.13274054085110115,-0.19732094345289697,-0.15319136666900857
0.0,-0.28663267016324095,-0.12826910526542948,-0.15351408308710754,-0.15066486777480032
-1.0,-0.6083728383933633,-0.3410989806956523,-0.33124861356949364,-0.30995077296766854
0.0,-0.6083728383933633,-0.25930701005835505,-0.22474705707303613,-0.24926518224323016
-1.0,-0.6083728383933633,-0.2617179511492396,-0.3228693848857365,-0.2736705931203969
1.0,-0.6083728383933633,-0.2009837409344782,-0.22123959589947603,-0.21713938091001206
0.0,-0.6083728383933633,-0.16489169975240636,-0.21442306525936725,-0.1883011296781908
0.0,-0.6083728383933633,-0.1121124418867674,-0.218409171289838,-0.15052268768260543
-1.0,-0.12123929233397286,-0.34947703666902247,-0.24248715001295512,-0.31254508169938233
0.0,-0.12123929233397286,-0.22100943288391062,-0.1481406197053429,-0.2330915587468342
-1.0,-0.12123929233397286,-0.2951487120702083,-0.2247416151724167,-0.3217170883316903
1.0,-0.12123929233397286,-0.18491441264985262,-0.14688860138189938,-0.23058490084012467
0.0,-0.12123929233397286,-0.1349128510002644,-0.13085799000120898,-0.1914585726717299
0.0,-0.12123929233397286,-0.10912986559914019,-0.12972880397171735,-0.1594270908816136
-1.0,-0.15078472170867013,-0.40040491569632874,-0.28973297607702564,-0.34141156927188976
0.0,-0.15078472170867013,-0.22978235622486176,-0.13833957272550274,-0.20242444656811984
-1.0,-0.15078472170867013,-0.22894707203660702,-0.18590882088024308,-0.2233582202978759
1.0,-0.15078472170867013,-0.19091302442941974,-0.13833957272550274,-0.19363815699764822
0.0,-0.15078472170867013,-0.16253182507928782,-0.1362002035789147,-0.14982783823791318
0.0,-0.15078472170867013,-0.11432784878494652,-0.11934006400659612,-0.1264519563137388
-2.0,-0.14148955162908203,-0.2848527153050087,-0.27328341225226116,-0.3163276408922503
0.0,-0.14148955162908203,-0.27382883173788325,-0.19536846004621736,-0.2400393285620584
-1.0,-0.14148955162908203,-0.26499745644274697,-0.2657964008673738,-0.2473091555369968
1.0,-0.14148955162908203,-0.19556211698607162,-0.19536846004621736,-0.2068264542112898
0.0,-0.14148955162908203,-0.1649832241426407,-0.18513427612352398,-0.16872238940410356
0.0,-0.14148955162908203,-0.13028838350011998,-0.1528342982234899,-0.13754886761095625
-2.0,-0.15448934953411594,-0.2950817158591319,-0.31639208701445565,-0.328177164391046
0.0,-0.15448934953411594,-0.20358849815338276,-0.1674136625779169,-0.17034727025102167
-1.0,-0.15448934953411594,-0.2524990484050542,-0.21516003139722992,-0.24053470850559752
1.0,-0.15448934953411594,-0.17196431296573073,-0.16327239558353351,-0.1672512926380456
0.0,-0.15448934953411594,-0.147251484015119,-0.16327239558353351,-0.16003507844748413
0.0,-0.15448934953411594,-0.1176409006819286,-0.11447495163682134,-0.14099124961409484
-2.0,-0.18503809665066803,-0.27346498517453494,-0.3304992871561072,-0.2895679652625029
0.0,-0.18503809665066803,-0.2266887340453914,-0.18090580762470984,-0.23218911261980182
-1.0,-0.18503809665066803,-0.25218756255086905,-0.23995295566421068,-0.25688166153273545
1.0,-0.18503809665066803,-0.16267719731085734,-0.18090580762470984,-0.19646305546271864
0.0,-0.18503809665066803,-0.15857128741318136,-0.17078631795206792,-0.16926461629533737
0.0,-0.18503809665066803,-0.11109259656027771,-0.14996385152218947,-0.13646865608137168
-1.0,-0.13888423854131235,-0.3839731157643483,-0.1769692911196146,-0.3622447558428657
0.0,-0.13888423854131235,-0.22381028764923588,-0.18753893400193453,-0.20747428255651726
-1.0,-0.13888423854131235,-0.25685439559173834,-0.23563499663888446,-0.2701076702956024
1.0,-0.13888423854131235,-0.2112703732866514,-0.18753893400193453,-0.2069729629868382
0.0,-0.13888423854131235,-0.1672586295378506,-0.18271522455489325,-0.18232645168425485
0.0,-0.13888423854131235,-0.12028748629267622,-0.13536472306302272,-0.1299777516968277
-2.0,-0.09658538603518747,-0.2835447089172085,-0.1603639149727199,-0.4099116115021741
0.0,-0.09658538603518747,-0.22381028764923588,-0.08316866995745667,-0.42065067072124085
-1.0,-0.09658538603518747,-0.25685439559173834,-0.12010425901721503,-0.4366920861138523
1.0,-0.09658538603518747,-0.2112703732866514,-0.11177405902525023,-0.41972448979270144
0.0,-0.09658538603518747,-0.1672586295378506,-0.10695034957820895,-0.39065539420557355
0.0,-0.09658538603518747,-0.12028748629267622,-0.06775124439519667,-0.35141969324081695
-2.0,-0.06454313526179249,-0.29618401647101705,-0.22392890177875568,-0.30771252878898075
0.0,-0.06454313526179249,-0.2539158081648396,-0.10923364883311669,-0.29870215161976066
-1.0,-0.06454313526179249,-0.2630071478195228,-0.16657159307487138,-0.2553170263230201
1.0,-0.06454313526179249,-0.1523755059460309,-0.0889952479876539,-0.2214914720780846
0.0,-0.06454313526179249,-0.13274054085110115,-0.09104686553054506,-0.2138210291478705
0.0,-0.06454313526179249,-0.12826910526542948,-0.07103522180347853,-0.17478865021480666
-2.0,-0.16018694408550024,-0.30665569675924126,-0.20664071780899526,-0.31725278144134594
0.0,-0.16018694408550024,-0.22978235622486176,-0.16325335239916963,-0.2052792291950076
-1.0,-0.16018694408550024,-0.22894707203660702,-0.19403546717001882,-0.22001439953417407
1.0,-0.16018694408550024,-0.19091302442941974,-0.16325335239916963,-0.1902943362339464
0.0,-0.16018694408550024,-0.16253182507928782,-0.1611139832525816,-0.13501578294871974
0.0,-0.16018694408550024,-0.11432784878494652,-0.1472855295647282,-0.12356373143723086
-1.0,-0.129655754003735,-0.3399012468798279,-0.2548075945162588,-0.32173052715294975
0.0,-0.129655754003735,-0.27382883173788325,-0.17960915180643652,-0.2400393285620584
-1.0,-0.129655754003735,-0.26499745644274697,-0.252103165872657,-0.2473091555369968
1.0,-0.129655754003735,-0.19556211698607162,-0.17960915180643652,-0.2068264542112898
0.0,-0.129655754003735,-0.1649832241426407,-0.16937496788374312,-0.16872238940410356
0.0,-0.129655754003735,-0.13028838350011998,-0.12633170980703112,-0.13754886761095625
-2.0,-0.20882422347745486,-0.30665569675924126,-0.2509596720794713,-0.362491226823255
0.0,-0.20882422347745486,-0.22978235622486176,-0.17543258081075586,-0.21720305960769307
-1.0,-0.20882422347745486,-0.22894707203660702,-0.22929878899286546,-0.2319382299468596
1.0,-0.20882422347745486,-0.19091302442941974,-0.17543258081075586,-0.20221816664663192
0.0,-0.20882422347745486,-0.16253182507928782,-0.14576636928067968,-0.14693961336140526
0.0,-0.20882422347745486,-0.11432784878494652,-0.1026506463678595,-0.12356373143723086
-2.0,-0.16602526510936916,-0.2590523403153145,-0.2411377023904654,-0.26450917427371295
0.0,-0.16602526510936916,-0.22100943288391062,-0.13900962443988008,-0.21659028486476406
-1.0,-0.16602526510936916,-0.2951487120702083,-0.26045760057682504,-0.29260516468552705
1.0,-0.16602526510936916,-0.18491441264985262,-0.13775760611643656,-0.189989435767543
0.0,-0.16602526510936916,-0.1349128510002644,-0.12172699473574614,-0.1508631075991482
0.0,-0.16602526510936916,-0.10912986559914019,-0.10674493772086278,-0.12565445465126487
-2.0,-0.2117700537586994,-0.2848527153050087,-0.32068070788010783,-0.32767654239998695
0.0,-0.2117700537586994,-0.27382883173788325,-0.19751835102342283,-0.2400393285620584
-1.0,-0.2117700537586994,-0.26499745644274697,-0.31722030891481845,-0.27930271264908724
1.0,-0.2117700537586994,-0.19556211698607162,-0.19751835102342283,-0.2068264542112898
0.0,-0.2117700537586994,-0.1649832241426407,-0.18310130923899895,-0.16872238940410356
0.0,-0.2117700537586994,-0.13028838350011998,-0.14200959499566376,-0.13754886761095625
-2.0,-0.23294851434595273,-0.2950817158591319,-0.33703488359145267,-0.27514096257128384
0.0,-0.23294851434595273,-0.20358849815338276,-0.24365045773874972,-0.19318461165293405
-1.0,-0.23294851434595273,-0.2524990484050542,-0.3087958303943826,-0.2513263020604148
1.0,-0.23294851434595273,-0.17196431296573073,-0.24452179654060283,-0.16622349069048203
0.0,-0.23294851434595273,-0.147251484015119,-0.2509413467357151,-0.1673790318097775
0.0,-0.23294851434595273,-0.1176409006819286,-0.24633152342789114,-0.15379554943724144
-2.0,-0.2120315808276205,-0.2835447089172085,-0.3215280276499396,-0.3111038465210088
0.0,-0.2120315808276205,-0.22381028764923588,-0.18889820194727913,-0.2065404906123669
-1.0,-0.2120315808276205,-0.25685439559173834,-0.2708286317331235,-0.26389723200891024
1.0,-0.2120315808276205,-0.2112703732866514,-0.18889820194727913,-0.20294135781318645
0.0,-0.2120315808276205,-0.1672586295378506,-0.18407449250023786,-0.1813926597401045
0.0,-0.2120315808276205,-0.12028748629267622,-0.1355789011921911,-0.12904395975267735
-2.0,-0.22588482592089945,-0.2835447089172085,-0.2956987438181271,-0.31203763846515914
0.0,-0.22588482592089945,-0.22381028764923588,-0.22473424611706014,-0.20747428255651726
-1.0,-0.22588482592089945,-0.25685439559173834,-0.3067399469917692,-0.2701076702956024
1.0,-0.22588482592089945,-0.2112703732866514,-0.22473424611706014,-0.2069729629868382
0.0,-0.22588482592089945,-0.1672586295378506,-0.2225213791489212,-0.18232645168425485
0.0,-0.22588482592089945,-0.12028748629267622,-0.18529391652677682,-0.1299777516968277
-2.0,-0.1863614435189899,-0.29618401647101705,-0.2985626688447667,-0.3212595685567877
0.0,-0.1863614435189899,-0.2539158081648396,-0.1754311574512316,-0.22354124588644836
-1.0,-0.1863614435189899,-0.2630071478195228,-0.24379784461735804,-0.27668127194324266
1.0,-0.1863614435189899,-0.1523755059460309,-0.16991828472268974,-0.1573337669989603
0.0,-0.1863614435189899,-0.13274054085110115,-0.1719699022655809,-0.14877400946597094
0.0,-0.1863614435189899,-0.12826910526542948,-0.1910623376133819,-0.1462475105717627
-2.0,-0.21254763180356442,-0.28091407159626086,-0.2963078854519173,-0.29673884825277724
0.0,-0.21254763180356442,-0.25930701005835505,-0.2237720523929178,-0.2349362802516176
-1.0,-0.21254763180356442,-0.2617179511492396,-0.30037193108245325,-0.2663564116778627
1.0,-0.21254763180356442,-0.2009837409344782,-0.2202645912193577,-0.18191422450808095
0.0,-0.21254763180356442,-0.16489169975240636,-0.21344806057924892,-0.1745031548101186
0.0,-0.21254763180356442,-0.1121124418867674,-0.18893539886830663,-0.14771568159822585
-2.0,-0.36996520359866264,-0.2590523403153145,-0.2792214299117055,-0.25303709776370126
0.0,-0.36996520359866264,-0.22100943288391062,-0.19537994810047046,-0.1994840831017807
-1.0,-0.36996520359866264,-0.2951487120702083,-0.27869930550519406,-0.2754989629225436
1.0,-0.36996520359866264,-0.18491441264985262,-0.19412792977702695,-0.17288323400455965
0.0,-0.36996520359866264,-0.1349128510002644,-0.17259774212247922,-0.14356239413073751
0.0,-0.36996520359866264,-0.10912986559914019,-0.17496968405034774,-0.10994499140998748
-1.0,-0.23980068983229885,-0.3410989806956523,-0.28715789722814483,-0.31741132223465174
0.0,-0.23980068983229885,-0.25930701005835505,-0.23187595354143162,-0.24299314476809955
-1.0,-0.23980068983229885,-0.2617179511492396,-0.3058332143310323,-0.27066599856366025
1.0,-0.23980068983229885,-0.2009837409344782,-0.22836849236787152,-0.1899710890245629
0.0,-0.23980068983229885,-0.16489169975240636,-0.22155196172776273,-0.17881274169591613
0.0,-0.23980068983229885,-0.1121124418867674,-0.1930414676781134,-0.14771568159822585
-2.0,-0.3014411288619984,-0.2590523403153145,-0.28803005066435144,-0.2701432995266847
0.0,-0.3014411288619984,-0.22100943288391062,-0.15405135660905225,-0.21659028486476406
-1.0,-0.3014411288619984,-0.2951487120702083,-0.26207891585604387,-0.29260516468552705
1.0,-0.3014411288619984,-0.18491441264985262,-0.16263964078006787,-0.189989435767543
0.0,-0.3014411288619984,-0.1349128510002644,-0.14660902939937748,-0.1508631075991482
0.0,-0.3014411288619984,-0.10912986559914019,-0.16476559297736929,-0.12565445465126487
-2.0,-0.25720913030831627,-0.2950817158591319,-0.2875312112179568,-0.30527582140554105
0.0,-0.25720913030831627,-0.20358849815338276,-0.16122373962192832,-0.15095605052209088
-1.0,-0.25720913030831627,-0.2524990484050542,-0.22918004268622905,-0.16680315974165405
1.0,-0.25720913030831627,-0.17196431296573073,-0.1642629806713274,-0.1440376360699175
0.0,-0.25720913030831627,-0.147251484015119,-0.16753897347794333,-0.13682142187935603
0.0,-0.25720913030831627,-0.1176409006819286,-0.12097692509961121,-0.11808990662858986
-1.0,-0.33571107104877024,-0.4058262474284839,-0.34620286674437284,-0.34299742414026974
0.0,-0.33571107104877024,-0.2564633509268438,-0.2459539032902155,-0.1715487300168416
-1.0,-0.33571107104877024,-0.24189374787143467,-0.3101903389986054,-0.22278763314326083
1.0,-0.33571107104877024,-0.18947068622851262,-0.23909243087567314,-0.1675955339259784
0.0,-0.33571107104877024,-0.16062645555513222,-0.24408624424187106,-0.15563347031821229
0.0,-0.33571107104877024,-0.14198137100892286,-0.2718040120511432,-0.13282608779860663
-2.0,-0.4133253821105074,-0.2848527153050087,-0.3182268023904896,-0.28351492310421983
0.0,-0.4133253821105074,-0.27382883173788325,-0.24378922024603317,-0.24054063154870897
-1.0,-0.4133253821105074,-0.26499745644274697,-0.3453017315117349,-0.30351208244360006
1.0,-0.4133253821105074,-0.19556211698607162,-0.24378922024603317,-0.20011693989844764
0.0,-0.4133253821105074,-0.1649832241426407,-0.23355503632333982,-0.1620128750912614
0.0,-0.4133253821105074,-0.13028838350011998,-0.19025319898460047,-0.1334871587394007
-2.0,-0.18728049734956598,-0.29618401647101705,-0.2610115249499082,-0.3187704440479884
0.0,-0.18728049734956598,-0.2539158081648396,-0.14899327802368098,-0.20656077729695496
-1.0,-0.18728049734956598,-0.2630071478195228,-0.1955633931048438,-0.24549556929945954
1.0,-0.18728049734956598,-0.1523755059460309,-0.14327873001729832,-0.14342083907935957
0.0,-0.18728049734956598,-0.13274054085110115,-0.13229895227073526,-0.132687807733697
0.0,-0.18728049734956598,-0.12826910526542948,-0.14174220492762912,-0.13209473910543945
-2.0,-0.24407384099909687,-0.28091407159626086,-0.33315762837452356,-0.29673884825277724
0.0,-0.24407384099909687,-0.25930701005835505,-0.2330181980738697,-0.24299314476809955
-1.0,-0.24407384099909687,-0.2617179511492396,-0.3259142524739359,-0.27066599856366025
1.0,-0.24407384099909687,-0.2009837409344782,-0.2295107369003096,-0.18988311310639502
0.0,-0.24407384099909687,-0.16489169975240636,-0.2131348272643792,-0.17411667208127854
0.0,-0.24407384099909687,-0.1121124418867674,-0.16892081728406294,-0.1444993310910818
-2.0,-0.2644782959323528,-0.30665569675924126,-0.255592518194445,-0.31725278144134594
0.0,-0.2644782959323528,-0.22978235622486176,-0.1840568077068958,-0.21720305960769307
-1.0,-0.2644782959323528,-0.22894707203660702,-0.19644037330706374,-0.2319382299468596
1.0,-0.2644782959323528,-0.19091302442941974,-0.1840568077068958,-0.20221816664663192
0.0,-0.2644782959323528,-0.16253182507928782,-0.16079147463941293,-0.14693961336140526
0.0,-0.2644782959323528,-0.11432784878494652,-0.14034225077395285,-0.12356373143723086
-2.0,-0.36528101483520337,-0.27346498517453494,-0.29449618004818895,-0.2895679652625029
0.0,-0.36528101483520337,-0.2266887340453914,-0.15762711020229095,-0.23218911261980182
-1.0,-0.36528101483520337,-0.25218756255086905,-0.2635434818002132,-0.25688166153273545
1.0,-0.36528101483520337,-0.16267719731085734,-0.15762711020229095,-0.19646305546271864
0.0,-0.36528101483520337,-0.15857128741318136,-0.15297119850249416,-0.16926461629533737
0.0,-0.36528101483520337,-0.11109259656027771,-0.11035133849951856,-0.13646865608137168
-1.0,-0.4267422330167593,-0.3410989806956523,-0.23697493896422528,-0.343588312374361
0.0,-0.4267422330167593,-0.25930701005835505,-0.14829824675979555,-0.2559794529227887
-1.0,-0.4267422330167593,-0.2617179511492396,-0.22869534865988447,-0.273825394639501
1.0,-0.4267422330167593,-0.2009837409344782,-0.14479078558623548,-0.2044886245226704
0.0,-0.4267422330167593,-0.16489169975240636,-0.12841487595030504,-0.18785034544197776
0.0,-0.4267422330167593,-0.1121124418867674,-0.09404144054653298,-0.14918431238159524
-2.0,-0.1950837284406548,-0.29618401647101705,-0.24654463942662755,-0.3296709210184184
0.0,-0.1950837284406548,-0.2539158081648396,-0.12894472816788544,-0.22400174781681806
-1.0,-0.1950837284406548,-0.2630071478195228,-0.18221776584345448,-0.27104536276804353
1.0,-0.1950837284406548,-0.1523755059460309,-0.11822130613321735,-0.16175112420199791
0.0,-0.1950837284406548,-0.13274054085110115,-0.1202729236761085,-0.15319136666900857
0.0,-0.1950837284406548,-0.12826910526542948,-0.1478067494084491,-0.15066486777480032
-2.0,-0.2203611400769765,-0.30665569675924126,-0.29611104075830674,-0.31631147676702726
0.0,-0.2203611400769765,-0.22978235622486176,-0.18728606980467927,-0.2113532545494711
-1.0,-0.2203611400769765,-0.22894707203660702,-0.2251484562347806,-0.22761761416912607
1.0,-0.2203611400769765,-0.19091302442941974,-0.18728606980467927,-0.20137848932185662
0.0,-0.2203611400769765,-0.16253182507928782,-0.18514670065809125,-0.15370075662130195
0.0,-0.2203611400769765,-0.11432784878494652,-0.169985881009738,-0.13032487469712756
-2.0,-0.28610061248418023,-0.2835447089172085,-0.33207329232680677,-0.31203763846515914
0.0,-0.28610061248418023,-0.22381028764923588,-0.25753350862222324,-0.20747428255651726
-1.0,-0.28610061248418023,-0.25685439559173834,-0.2946355848099403,-0.2701076702956024
1.0,-0.28610061248418023,-0.2112703732866514,-0.25753350862222324,-0.2069729629868382
0.0,-0.28610061248418023,-0.1672586295378506,-0.2553206416540843,-0.18232645168425485
0.0,-0.28610061248418023,-0.12028748629267622,-0.2594193410120589,-0.1299777516968277
-1.0,-0.31306872104988376,-0.3410989806956523,-0.28139823591845026,-0.31305988618944725
0.0,-0.31306872104988376,-0.25930701005835505,-0.20136537042198527,-0.2298038318170141
-1.0,-0.31306872104988376,-0.2617179511492396,-0.2855464405088716,-0.250249257735148
1.0,-0.31306872104988376,-0.2009837409344782,-0.19785790924842517,-0.17829890739264745
0.0,-0.31306872104988376,-0.16489169975240636,-0.18670438932562988,-0.161612351374548
0.0,-0.31306872104988376,-0.1121124418867674,-0.1594292107251273,-0.12892141480365138
-1.0,-0.3304474887940076,-0.3839731157643483,-0.333499037995117,-0.3712468293461306
0.0,-0.3304474887940076,-0.22381028764923588,-0.2029692338926052,-0.21647635605978213
-1.0,-0.3304474887940076,-0.25685439559173834,-0.23553515552068838,-0.2696781487810731
1.0,-0.3304474887940076,-0.2112703732866514,-0.23157462296039877,-0.21597503649010308
0.0,-0.3304474887940076,-0.1672586295378506,-0.21905448232211644,-0.19132852518751972
0.0,-0.3304474887940076,-0.12028748629267622,-0.1651420072056496,-0.13897982520009258
-2.0,-0.35196778411234203,-0.30827654742876337,-0.44548923186212797,-0.2677591458243623
0.0,-0.35196778411234203,-0.23567401252040082,-0.28159662295222465,-0.20303024751049212
-1.0,-0.35196778411234203,-0.2547419922826087,-0.37748082895271445,-0.21890539499576775
1.0,-0.35196778411234203,-0.1867522293514304,-0.28159662295222465,-0.18261578147470708
0.0,-0.35196778411234203,-0.15430502006381164,-0.2716091774573094,-0.1505246512922645
0.0,-0.35196778411234203,-0.1290419980844445,-0.26473198032512474,-0.13932736174470406
-2.0,-0.34105298313961213,-0.30665569675924126,-0.4045652498347182,-0.3348095258707359
0.0,-0.34105298313961213,-0.22978235622486176,-0.2345988331111284,-0.2113532545494711
-1.0,-0.34105298313961213,-0.22894707203660702,-0.28618264937022253,-0.22761761416912607
1.0,-0.34105298313961213,-0.19091302442941974,-0.2345988331111284,-0.20137848932185662
0.0,-0.34105298313961213,-0.16253182507928782,-0.23245946396454037,-0.15370075662130195
0.0,-0.34105298313961213,-0.11432784878494652,-0.2254903005615181,-0.12576250585060356
-2.0,-0.31364432442346235,-0.30665569675924126,-0.3715217358905185,-0.2942562371965728
0.0,-0.31364432442346235,-0.22978235622486176,-0.2520012116161703,-0.2181446091538037
-1.0,-0.31364432442346235,-0.22894707203660702,-0.3126701439529931,-0.23385369808456274
1.0,-0.31364432442346235,-0.19091302442941974,-0.2520012116161703,-0.20655498477464454
0.0,-0.31364432442346235,-0.16253182507928782,-0.24986184246958223,-0.15887725207408987
0.0,-0.31364432442346235,-0.11432784878494652,-0.23630724778887235,-0.12796996791662546
-2.0,-0.31299499690521665,-0.2590523403153145,-0.3618996723790617,-0.24399108929628482
0.0,-0.31299499690521665,-0.22100943288391062,-0.2738203318605428,-0.18618050202206068
-1.0,-0.31299499690521665,-0.2951487120702083,-0.37096144179733975,-0.27291764891158643
1.0,-0.31299499690521665,-0.18491441264985262,-0.27256831353709926,-0.18302151146103593
0.0,-0.31299499690521665,-0.1349128510002644,-0.23970426842938186,-0.14753256985154864
0.0,-0.31299499690521665,-0.10912986559914019,-0.22715281005220628,-0.12551914631638655
-2.0,-0.38913891601860306,-0.2848527153050087,-0.28463140519689595,-0.3163276408922503
0.0,-0.38913891601860306,-0.27382883173788325,-0.18527373345588896,-0.2400393285620584
-1.0,-0.38913891601860306,-0.26499745644274697,-0.2725254406595775,-0.2473091555369968
1.0,-0.38913891601860306,-0.19556211698607162,-0.17509528456415768,-0.2068264542112898
0.0,-0.38913891601860306,-0.1649832241426407,-0.17503954953319556,-0.16872238940410356
0.0,-0.38913891601860306,-0.13028838350011998,-0.15102161439936407,-0.13754886761095625
-1.0,-0.3553427400260562,-0.3839731157643483,-0.321632128269503,-0.3837560940441712
0.0,-0.3553427400260562,-0.22381028764923588,-0.2055116810972007,-0.2065404906123669
-1.0,-0.3553427400260562,-0.25685439559173834,-0.27477838653338016,-0.26389723200891024
1.0,-0.3553427400260562,-0.2112703732866514,-0.2055116810972007,-0.20294135781318645
0.0,-0.3553427400260562,-0.1672586295378506,-0.20329881412906176,-0.1813926597401045
0.0,-0.3553427400260562,-0.12028748629267622,-0.1509085664853916,-0.12904395975267735
-2.0,-0.26267748711985733,-0.28091407159626086,-0.2338163898633492,-0.30335783176390707
0.0,-0.26267748711985733,-0.25930701005835505,-0.14408241122004536,-0.23382589766094478
-1.0,-0.26267748711985733,-0.2617179511492396,-0.23788043549388524,-0.26218878631736214
1.0,-0.26267748711985733,-0.2009837409344782,-0.14057495004648526,-0.1769600578663999
0.0,-0.26267748711985733,-0.16489169975240636,-0.12942143012368995,-0.16569679018013392
0.0,-0.26267748711985733,-0.1121124418867674,-0.09248912979479833,-0.12703075711975137
-2.0,-0.36328236254070534,-0.29618401647101705,-0.3717238849326494,-0.30091227258749914
0.0,-0.36328236254070534,-0.2539158081648396,-0.27196118098782995,-0.22146842135772496
-1.0,-0.36328236254070534,-0.2630071478195228,-0.3341192492578344,-0.2641770435450391
1.0,-0.36328236254070534,-0.1523755059460309,-0.2640569286035191,-0.16489891587471542
0.0,-0.36328236254070534,-0.13274054085110115,-0.25242289275515506,-0.15676668429517737
0.0,-0.36328236254070534,-0.12826910526542948,-0.24338365385194674,-0.16100043375991482
-2.0,-0.4395486655765245,-0.27346498517453494,-0.3364757710045986,-0.2808838545113989
0.0,-0.4395486655765245,-0.2266887340453914,-0.23237538024714324,-0.22350500186869784
-1.0,-0.4395486655765245,-0.25218756255086905,-0.3184438336186765,-0.2571071595916565
1.0,-0.4395486655765245,-0.16267719731085734,-0.23237538024714324,-0.17510954998843753
0.0,-0.4395486655765245,-0.15857128741318136,-0.23237538024714324,-0.1605805055442334
0.0,-0.4395486655765245,-0.11109259656027771,-0.252656890090478,-0.11954779269107427
-1.0,-0.40887466821469115,-0.3839731157643483,-0.2550964351229019,-0.35179228570567955
0.0,-0.40887466821469115,-0.22381028764923588,-0.14134693792553454,-0.20486878790932245
-1.0,-0.40887466821469115,-0.25685439559173834,-0.22473984471087186,-0.2387778355339084
1.0,-0.40887466821469115,-0.2112703732866514,-0.14134693792553454,-0.20394260698078306
0.0,-0.40887466821469115,-0.1672586295378506,-0.15689340466819943,-0.17487351139365503
0.0,-0.40887466821469115,-0.12028748629267622,-0.1189048848189829,-0.12252481140622791
-1.0,-0.4420750546400028,-0.36905366511042925,-0.3254090455600887,-0.35941268464601966
0.0,-0.4420750546400028,-0.2266887340453914,-0.22275816762640094,-0.22596950736540705
-1.0,-0.4420750546400028,-0.25218756255086905,-0.31868053420974846,-0.25957166508836566
1.0,-0.4420750546400028,-0.16267719731085734,-0.22275816762640094,-0.15299619548037485
0.0,-0.4420750546400028,-0.15857128741318136,-0.2032837123762939,-0.13846715103617072
0.0,-0.4420750546400028,-0.11109259656027771,-0.2123087530968979,-0.1281443449388494
-2.0,-0.396184303702186,-0.30665569675924126,-0.48568586311020717,-0.23972988938855272
0.0,-0.396184303702186,-0.22978235622486176,-0.3184402968613385,-0.19814442865942836
-1.0,-0.396184303702186,-0.22894707203660702,-0.3779686133400285,-0.2154113052874057
1.0,-0.396184303702186,-0.19091302442941974,-0.3184402968613385,-0.19122421839037027
0.0,-0.396184303702186,-0.16253182507928782,-0.3163009277147505,-0.14547635683366994
0.0,-0.396184303702186,-0.11432784878494652,-0.30734890498623,-0.1312156568812265
-2.0,-0.21372115083260587,-0.3116507148580426,-0.35174761578674013,-0.39089563853278736
-3.0,-0.21372115083260587,-0.32427212210607215,-0.2667892184744459,-0.3298510810054165
-3.0,-0.21372115083260587,-0.2990138326865229,-0.2534650099932241,-0.27931243325444116
-1.0,-0.21372115083260587,-0.24656903917100806,-0.22950860609223675,-0.25384194741189586
-2.0,-0.21372115083260587,-0.37300799200911966,-0.3755652688709614,-0.3805708323314677
-2.0,-0.21372115083260587,-0.33338264495292674,-0.3755652688709614,-0.36682323939928474
-2.0,-0.2432132960470462,-0.3045047448869496,-0.4144742055554114,-0.4490916551977774
-3.0,-0.2432132960470462,-0.3176909032258651,-0.3146331627889454,-0.3518306755634245
-3.0,-0.2432132960470462,-0.29914217713474006,-0.30568732606602383,-0.3617610601611301
-1.0,-0.2432132960470462,-0.2607256688526967,-0.2688698475054905,-0.24481207897135274
-2.0,-0.2432132960470462,-0.3013390723901994,-0.4144742055554114,-0.3171737812054917
-2.0,-0.2432132960470462,-0.3474102710147333,-0.4144742055554114,-0.31409537607302823
-2.0,-0.21454311861698136,-0.31158815518151817,-0.3042745258504662,-0.26756633836218247
2.0,-0.21454311861698136,-0.20231069622263267,-0.1882457846288213,-0.219763623556995
-1.0,-0.21454311861698136,-0.1851569699490612,-0.22478721018174339,-0.17452347727121725
-1.0,-0.21454311861698136,-0.23652066523117282,-0.23680176291670224,-0.29567485164552676
1.0,-0.21454311861698136,-0.18375009206508136,-0.18624898720934205,-0.1625644072726253
-3.0,-0.21454311861698136,-0.1275740319380607,-0.24782923378571597,-0.1605496810886177
-3.0,-0.21454311861698136,-0.48755156826705764,-0.43080551983031823,-0.4265975037392238
-2.0,-0.17426278032728,-0.3037516093824591,-0.3044180787652324,-0.2975024857219613
2.0,-0.17426278032728,-0.19714530463255772,-0.21227474113618394,-0.2510572909300788
-1.0,-0.17426278032728,-0.14995573658876807,-0.24650597515904654,-0.18295286835316446
-1.0,-0.17426278032728,-0.2421637606490695,-0.2560443460122785,-0.23207315907128911
1.0,-0.17426278032728,-0.20223669630790558,-0.22019092215768662,-0.2008266748313382
-3.0,-0.17426278032728,-0.14010456664235968,-0.25713887772489685,-0.1954935286996098
-3.0,-0.17426278032728,-0.48567356997303485,-0.4980760940111086,-0.5289411808296121
-2.0,-0.34246419649516197,-0.35702790915737026,-0.28739793202561215,-0.31320155457711885
2.0,-0.34246419649516197,-0.21305123026211453,-0.22208173827016317,-0.19806243360535192
-1.0,-0.34246419649516197,-0.15724949303949926,-0.2330759464307907,-0.1611846958782364
-1.0,-0.34246419649516197,-0.24898833860080696,-0.28243713584159197,-0.25687326898946666
1.0,-0.34246419649516197,-0.1962208635047167,-0.2358576591394025,-0.18146707250207594
-3.0,-0.34246419649516197,-0.1559961325563088,-0.19837549359669113,-0.1307193887297119
-3.0,-0.34246419649516197,-0.4828457786050233,-0.3136404551947147,-0.4440871817397461
-2.0,-0.36677479782300804,-0.3378468175928991,-0.2793299588473541,-0.341167824425098
2.0,-0.36677479782300804,-0.195183191042963,-0.20378748870668031,-0.19512536111341278
-1.0,-0.36677479782300804,-0.17406839755309092,-0.2202003704121307,-0.18594139036399354
-1.0,-0.36677479782300804,-0.29559158595591983,-0.26260975069672526,-0.2778969048163678
1.0,-0.36677479782300804,-0.19530320078032176,-0.20586852656841328,-0.17180108816246636
-3.0,-0.36677479782300804,-0.17732236035189222,-0.20747231500306282,-0.2361436848030838
-3.0,-0.36677479782300804,-0.4900034267543871,-0.42329969320030525,-0.5397634495844051
-2.0,-0.5897553274970033,-0.32636026745952323,-0.3793491970555876,-0.3003671991341365
2.0,-0.5897553274970033,-0.21541179645506253,-0.27882553444079045,-0.22145570768574036
-1.0,-0.5897553274970033,-0.15292707412641696,-0.2741612688441758,-0.14339661519586994
-1.0,-0.5897553274970033,-0.23881004146394275,-0.3082158755774941,-0.23336453464871723
1.0,-0.5897553274970033,-0.18321633400443002,-0.27066628124559794,-0.17887056125792547
-3.0,-0.5897553274970033,-0.15599268320412743,-0.3187932767358873,-0.13911742759779588
-3.0,-0.5897553274970033,-0.4896464172625637,-0.4998626163999547,-0.3723894447335011
-2.0,-0.19890630138653215,-0.3584845279804017,-0.2576199709561564,-0.3659492969549072
2.0,-0.19890630138653215,-0.22613528249959003,-0.09603298773070186,-0.19234883054913202
-1.0,-0.19890630138653215,-0.15110125052916282,-0.1121626293300042,-0.1770376617232868
-1.0,-0.19890630138653215,-0.26942297595827724,-0.1585473063450776,-0.2634885032905568
1.0,-0.19890630138653215,-0.18423941016844397,-0.07431365881186675,-0.1900561435952674
-3.0,-0.19890630138653215,-0.16268775204936872,-0.08272132111347633,-0.16774954386711613
-3.0,-0.19890630138653215,-0.48607861735613445,-0.28268949823744577,-0.4555388897511894
-2.0,-0.1158825643320367,-0.3137876205348845,-0.20868542607142904,-0.32411054096114994
2.0,-0.1158825643320367,-0.22406261759497825,-0.1597166494986533,-0.22341504883563562
-1.0,-0.1158825643320367,-0.19333497309580314,-0.20498299702440018,-0.22130927766855782
-1.0,-0.1158825643320367,-0.26254436834502914,-0.22256176746227613,-0.2925799069473043
1.0,-0.1158825643320367,-0.19179237357727053,-0.15429546393002366,-0.20642450293436215
-3.0,-0.1158825643320367,-0.17446878460558088,-0.17315356036213128,-0.1901567070686484
-3.0,-0.1158825643320367,-0.5164842880417505,-0.2560276766301851,-0.5041578442232886
-2.0,-0.20710053343341486,-0.3378468175928991,-0.3323517552241715,-0.3153294886283452
2.0,-0.20710053343341486,-0.195183191042963,-0.17781592267047733,-0.18203133521251966
-1.0,-0.20710053343341486,-0.17406839755309092,-0.21861799730529685,-0.18763932652198467
-1.0,-0.20710053343341486,-0.29559158595591983,-0.2971393616557584,-0.2535253434497179
1.0,-0.20710053343341486,-0.19530320078032176,-0.19435896851592094,-0.1713201912074171
-3.0,-0.20710053343341486,-0.17732236035189222,-0.19510205210148804,-0.211753854238516
-3.0,-0.20710053343341486,-0.4900034267543871,-0.42320364996386617,-0.46974070391888123
-2.0,-0.17052286912143783,-0.32636026745952323,-0.26493164027291294,-0.32208809234599567
2.0,-0.17052286912143783,-0.21541179645506253,-0.18126741871835297,-0.21462664550683722
-1.0,-0.17052286912143783,-0.15292707412641696,-0.22037899600958571,-0.1600273903848656
-1.0,-0.17052286912143783,-0.23881004146394275,-0.24905381183282999,-0.2546979064900586
1.0,-0.17052286912143783,-0.18321633400443002,-0.17620683083687205,-0.18678703374543087
-3.0,-0.17052286912143783,-0.15599268320412743,-0.1732755105526107,-0.1389388500986662
-3.0,-0.17052286912143783,-0.4896464172625637,-0.3475665803027732,-0.3895675770077518
-2.0,-0.2272176107693818,-0.3037516093824591,-0.21290090324999772,-0.25173271195550434
2.0,-0.2272176107693818,-0.19714530463255772,-0.16579937110106172,-0.17930279623988338
-1.0,-0.2272176107693818,-0.14995573658876807,-0.159953023099969,-0.17230630382778947
-1.0,-0.2272176107693818,-0.2421637606490695,-0.18685251968524338,-0.24000818554251835
1.0,-0.2272176107693818,-0.20223669630790558,-0.176786234181136,-0.190512599534952
-3.0,-0.2272176107693818,-0.14010456664235968,-0.12849959484173937,-0.08727445282917341
-3.0,-0.2272176107693818,-0.48567356997303485,-0.3016289931650804,-0.4425728461173808
-2.0,-0.1834603361817691,-0.3137876205348845,-0.25886040989460285,-0.3017154158956109
2.0,-0.1834603361817691,-0.22406261759497825,-0.1967246047700562,-0.21473278983758254
-1.0,-0.1834603361817691,-0.19333497309580314,-0.21743052746191466,-0.20741164066301498
-1.0,-0.1834603361817691,-0.26254436834502914,-0.2547725300536463,-0.2838976479492512
1.0,-0.1834603361817691,-0.19179237357727053,-0.18494844770416036,-0.19774224393630907
-3.0,-0.1834603361817691,-0.17446878460558088,-0.166713959988494,-0.18147444807059535
-3.0,-0.1834603361817691,-0.5164842880417505,-0.4620357401498069,-0.49222216604237273
-2.0,-0.14944336389481563,-0.33970301965726946,-0.31273679870589616,-0.3297324186774504
2.0,-0.14944336389481563,-0.20958470081386457,-0.1283003258241951,-0.18026595865226389
-1.0,-0.14944336389481563,-0.18798625462253013,-0.21838417738917423,-0.16361902794317565
-1.0,-0.14944336389481563,-0.2489966949733273,-0.23006536471776112,-0.27812289203726875
1.0,-0.14944336389481563,-0.1892727756266915,-0.16484196983435542,-0.1669031297558032
-3.0,-0.14944336389481563,-0.13997141487960624,-0.16873614283704225,-0.099555461234312
-3.0,-0.14944336389481563,-0.4918420949729245,-0.36565912059303934,-0.5158939695535921
-2.0,-0.24757168954212033,-0.3378468175928991,-0.34208500998212615,-0.3134812224563001
2.0,-0.24757168954212033,-0.195183191042963,-0.21554770896130945,-0.18203133521251966
-1.0,-0.24757168954212033,-0.17406839755309092,-0.2751764971581323,-0.1857910603499396
-1.0,-0.24757168954212033,-0.29559158595591983,-0.29796550346053613,-0.2516770772776728
1.0,-0.24757168954212033,-0.19530320078032176,-0.22250762220562909,-0.1713201912074171
-3.0,-0.24757168954212033,-0.17732236035189222,-0.23557481729838928,-0.211753854238516
-3.0,-0.24757168954212033,-0.4900034267543871,-0.4478886679840053,-0.444460254949219
-2.0,-0.1618296823021701,-0.3378468175928991,-0.26186653278668925,-0.2941710147224281
2.0,-0.1618296823021701,-0.195183191042963,-0.13393209237183035,-0.12675185677653344
-1.0,-0.1618296823021701,-0.17406839755309092,-0.16442547304341412,-0.1960962710597117
-1.0,-0.1618296823021701,-0.29559158595591983,-0.2354402423958022,-0.2649550008196453
1.0,-0.1618296823021701,-0.19530320078032176,-0.1531928698675488,-0.18023861338323569
-3.0,-0.1618296823021701,-0.17732236035189222,-0.15663992767779794,-0.14597839282005684
-3.0,-0.1618296823021701,-0.4900034267543871,-0.353161446438116,-0.4409727657076098
-2.0,-0.12119480972157144,-0.31158815518151817,-0.16030680198755226,-0.34614749049524746
2.0,-0.12119480972157144,-0.20231069622263267,-0.09472722791324208,-0.19988632594114647
-1.0,-0.12119480972157144,-0.1851569699490612,-0.10928009522159476,-0.24407837330041063
-1.0,-0.12119480972157144,-0.23652066523117282,-0.13497947128468407,-0.3076405576973355
1.0,-0.12119480972157144,-0.18375009206508136,-0.09772818912897611,-0.2138543673502326
-3.0,-0.12119480972157144,-0.1275740319380607,-0.045994898476273915,-0.1077173363967689
-3.0,-0.12119480972157144,-0.48755156826705764,-0.30416493041693976,-0.5361569052242289
-2.0,-0.10592161993385145,-0.31158815518151817,-0.23671423121381793,-0.32820496656069253
2.0,-0.10592161993385145,-0.20231069622263267,-0.17309105851868983,-0.219763623556995
-1.0,-0.10592161993385145,-0.1851569699490612,-0.19343061932585098,-0.1882892461650244
-1.0,-0.10592161993385145,-0.23652066523117282,-0.21632788011740736,-0.22245356584950124
1.0,-0.10592161993385145,-0.18375009206508136,-0.17489374009996897,-0.1625644072726253
-3.0,-0.10592161993385145,-0.1275740319380607,-0.13638057640095436,-0.10061671402680145
-3.0,-0.10592161993385145,-0.48755156826705764,-0.3307260642842542,-0.46131181445541236
-2.0,-0.046827304342030036,-0.34100274983258283,-0.26913897117992086,-0.33923539513072115
2.0,-0.046827304342030036,-0.18241840346827826,-0.1701979686027283,-0.18843583354233598
-1.0,-0.046827304342030036,-0.19251860651551989,-0.1837458209151486,-0.19298665162892956
-1.0,-0.046827304342030036,-0.25033543405267233,-0.2215614172059346,-0.2249645506517217
1.0,-0.046827304342030036,-0.1831745336834671,-0.16486169405120005,-0.16927296434017938
-3.0,-0.046827304342030036,-0.16654171654368852,-0.1326163591286685,-0.20462219635007184
-3.0,-0.046827304342030036,-0.5118646817747796,-0.4279858992266087,-0.5410574162474291
-2.0,-0.202183410999212,-0.3137876205348845,-0.24460925795142574,-0.3179209001067358
2.0,-0.202183410999212,-0.22406261759497825,-0.19436870543860327,-0.21722540798122147
-1.0,-0.202183410999212,-0.19333497309580314,-0.2014107942097109,-0.21804479627254825
-1.0,-0.202183410999212,-0.26254436834502914,-0.23223003463650557,-0.28639026609289014
1.0,-0.202183410999212,-0.19179237357727053,-0.18801736433083222,-0.20316002153835258
-3.0,-0.202183410999212,-0.17446878460558088,-0.2185247852140078,-0.18396706621423425
-3.0,-0.202183410999212,-0.5164842880417505,-0.3815820580498908,-0.47705278399756534
-2.0,-0.09322604365399814,-0.3378468175928991,-0.39996742682294,-0.3134812224563001
2.0,-0.09322604365399814,-0.195183191042963,-0.21577162791586635,-0.18203133521251966
-1.0,-0.09322604365399814,-0.17406839755309092,-0.29846694557717685,-0.1857910603499396
-1.0,-0.09322604365399814,-0.29559158595591983,-0.3187846836808938,-0.2516770772776728
1.0,-0.09322604365399814,-0.19530320078032176,-0.22374823594857554,-0.1713201912074171
-3.0,-0.09322604365399814,-0.17732236035189222,-0.32444559973422515,-0.211753854238516
-3.0,-0.09322604365399814,-0.4900034267543871,-0.5132600081312679,-0.444460254949219
-2.0,-0.17878386880823466,-0.31158815518151817,-0.3404555895715417,-0.31263594437921566
2.0,-0.17878386880823466,-0.20231069622263267,-0.20781229852083946,-0.23434378169289574
-1.0,-0.17878386880823466,-0.1851569699490612,-0.2707057745566166,-0.20501396032648925
-1.0,-0.17878386880823466,-0.23652066523117282,-0.26288950000825134,-0.32101897826244147
1.0,-0.17878386880823466,-0.18375009206508136,-0.23198049304805712,-0.18790853388954007
-3.0,-0.17878386880823466,-0.1275740319380607,-0.2683661920186114,-0.25191603827604214
-3.0,-0.17878386880823466,-0.48755156826705764,-0.4862718327587246,-0.5675721508843701
-2.0,-0.18844316857048654,-0.32636026745952323,-0.3060117285369823,-0.32208809234599567
2.0,-0.18844316857048654,-0.21541179645506253,-0.1476018800070411,-0.21462664550683722
-1.0,-0.18844316857048654,-0.15292707412641696,-0.21812629252512092,-0.1600273903848656
-1.0,-0.18844316857048654,-0.23881004146394275,-0.2257713848660534,-0.2546979064900586
1.0,-0.18844316857048654,-0.18321633400443002,-0.1425412921255602,-0.18678703374543087
-3.0,-0.18844316857048654,-0.15599268320412743,-0.26501788216671923,-0.1389388500986662
-3.0,-0.18844316857048654,-0.4896464172625637,-0.4498884126308602,-0.42854807016302804
-2.0,-0.2831481841584849,-0.3584845279804017,-0.3962846121321965,-0.32816445768016783
2.0,-0.2831481841584849,-0.22613528249959003,-0.3237276678579534,-0.20579366129996976
-1.0,-0.2831481841584849,-0.15110125052916282,-0.3208282220662833,-0.1423883422267399
-1.0,-0.2831481841584849,-0.26942297595827724,-0.3686122603924638,-0.2755627255232121
1.0,-0.2831481841584849,-0.18423941016844397,-0.3158730739114342,-0.19835744310825418
-3.0,-0.2831481841584849,-0.16268775204936872,-0.2627459051723306,-0.17572310233586963
-3.0,-0.2831481841584849,-0.48607861735613445,-0.5342895985552353,-0.42574150274402855
-2.0,-0.29443743057284527,-0.31158815518151817,-0.2871328484862672,-0.27970668178549535
2.0,-0.29443743057284527,-0.20231069622263267,-0.2649777925270371,-0.219763623556995
-1.0,-0.29443743057284527,-0.1851569699490612,-0.253383743171811,-0.18616578123241562
-1.0,-0.29443743057284527,-0.23652066523117282,-0.2880324534258793,-0.2330875147805905
1.0,-0.29443743057284527,-0.18375009206508136,-0.24398099638029327,-0.1625644072726253
-3.0,-0.29443743057284527,-0.1275740319380607,-0.1764582114291782,-0.1406391220171352
-3.0,-0.29443743057284527,-0.48755156826705764,-0.4497823832740633,-0.4066869446677413
-2.0,-0.2920710735100068,-0.3378468175928991,-0.3114488799487252,-0.33736947247936433
2.0,-0.2920710735100068,-0.195183191042963,-0.16184860630266287,-0.23207480407803127
-1.0,-0.2920710735100068,-0.17406839755309092,-0.2344943217841734,-0.17440175613977538
-1.0,-0.2920710735100068,-0.29559158595591983,-0.2744324338700815,-0.2715287446637922
1.0,-0.2920710735100068,-0.19530320078032176,-0.17371560915564943,-0.16800273621673262
-3.0,-0.2920710735100068,-0.17732236035189222,-0.2305164386253044,-0.1555980632657397
-3.0,-0.2920710735100068,-0.4900034267543871,-0.447759128929819,-0.4021224332557004
-2.0,-0.29325745505043166,-0.33970301965726946,-0.2511360668464902,-0.29334697010387106
2.0,-0.29325745505043166,-0.20958470081386457,-0.19386608955678256,-0.19008277732598072
-1.0,-0.29325745505043166,-0.18798625462253013,-0.20790020458396538,-0.16811983372652994
-1.0,-0.29325745505043166,-0.2489966949733273,-0.24125837968041955,-0.26556678042111437
1.0,-0.29325745505043166,-0.1892727756266915,-0.1996445673888656,-0.19689869973522345
-3.0,-0.29325745505043166,-0.13997141487960624,-0.19609636066950156,-0.14543968149806122
-3.0,-0.29325745505043166,-0.4918420949729245,-0.4089434107235673,-0.4625678407164026
-2.0,-0.28873468720500406,-0.31158815518151817,-0.25941677721785433,-0.25140560213883506
2.0,-0.28873468720500406,-0.20231069622263267,-0.15116181036744541,-0.12983057724440042
-1.0,-0.28873468720500406,-0.1851569699490612,-0.1794918223880475,-0.11037062122840945
-1.0,-0.28873468720500406,-0.23652066523117282,-0.19939969189159304,-0.13252051953690666
1.0,-0.28873468720500406,-0.18375009206508136,-0.15334787080969664,-0.07263136096003059
-3.0,-0.28873468720500406,-0.1275740319380607,-0.16620782370909906,-0.019928125195535343
-3.0,-0.28873468720500406,-0.48755156826705764,-0.3137863342878758,-0.3561201101783068
-2.0,-0.2659765826658331,-0.34100274983258283,-0.37356421224215175,-0.29076870921082243
2.0,-0.2659765826658331,-0.18241840346827826,-0.2468361167869242,-0.1814679092358289
-1.0,-0.2659765826658331,-0.19251860651551989,-0.29373256973404144,-0.18760889624268798
-1.0,-0.2659765826658331,-0.25033543405267233,-0.3293017927784517,-0.2484416388957757
1.0,-0.2659765826658331,-0.1831745336834671,-0.2416746121030732,-0.1623050400336723
-3.0,-0.2659765826658331,-0.16654171654368852,-0.34244808593312925,-0.20567624796681513
-3.0,-0.2659765826658331,-0.5118646817747796,-0.512119239567315,-0.4450498773325653
-2.0,-0.15851807427075718,-0.31158815518151817,-0.2213922259103064,-0.34614749049524746
2.0,-0.15851807427075718,-0.20231069622263267,-0.12670753384875438,-0.19988632594114647
-1.0,-0.15851807427075718,-0.1851569699490612,-0.14505388467810765,-0.24662154229647118
-1.0,-0.15851807427075718,-0.23652066523117282,-0.1808960615058956,-0.26301161151932495
1.0,-0.15851807427075718,-0.18375009206508136,-0.12095841118408579,-0.20390028398086424
-3.0,-0.15851807427075718,-0.1275740319380607,-0.13698607506076638,-0.1077173363967689
-3.0,-0.15851807427075718,-0.48755156826705764,-0.36532288416793524,-0.5194641226373051
-2.0,-0.2085368672313103,-0.3037516093824591,-0.2724955229215384,-0.29381566844744367
2.0,-0.2085368672313103,-0.19714530463255772,-0.21691592722039904,-0.223501279893434
-1.0,-0.2085368672313103,-0.14995573658876807,-0.20533236259647558,-0.1767167844377278
-1.0,-0.2085368672313103,-0.2421637606490695,-0.23691963655688913,-0.22583707515585244
1.0,-0.2085368672313103,-0.20223669630790558,-0.22790279030047333,-0.190512599534952
-3.0,-0.2085368672313103,-0.14010456664235968,-0.19136530722742437,-0.1786032001505322
-3.0,-0.2085368672313103,-0.48567356997303485,-0.3954557607478392,-0.5297129915466029
-2.0,-0.1613808284117339,-0.3137876205348845,-0.3182843027030737,-0.3066080574767523
2.0,-0.1613808284117339,-0.22406261759497825,-0.2454523499264316,-0.21518668203546717
-1.0,-0.1613808284117339,-0.19333497309580314,-0.2781561226016078,-0.21430482904011133
-1.0,-0.1613808284117339,-0.26254436834502914,-0.3178624002811266,-0.2907908363263475
1.0,-0.1613808284117339,-0.19179237357727053,-0.22510358946887107,-0.1922863984373978
-3.0,-0.1613808284117339,-0.17446878460558088,-0.30173632563221814,-0.25027898224113077
-3.0,-0.1613808284117339,-0.5164842880417505,-0.5234659010452737,-0.5603494322256474
-2.0,-0.15793949327089796,-0.3137876205348845,-0.34518326576899144,-0.294849681536169
2.0,-0.15793949327089796,-0.22406261759497825,-0.2996187752827031,-0.2077224982672818
-1.0,-0.15793949327089796,-0.19333497309580314,-0.28446854402771404,-0.202546453099528
-1.0,-0.15793949327089796,-0.26254436834502914,-0.31634696864660083,-0.2790324603857642
1.0,-0.15793949327089796,-0.19179237357727053,-0.2522607121262734,-0.19073195236600832
-3.0,-0.15793949327089796,-0.17446878460558088,-0.2251523052922941,-0.21231914816804237
-3.0,-0.15793949327089796,-0.5164842880417505,-0.4512168749781545,-0.529126113173164
-2.0,-0.5538233836648458,-0.3378468175928991,-0.5099398742015997,-0.30560953815530917
2.0,-0.5538233836648458,-0.195183191042963,-0.3485420680993972,-0.17415965091152874
-1.0,-0.5538233836648458,-0.17406839755309092,-0.4407789934401031,-0.17385809360716808
-1.0,-0.5538233836648458,-0.29559158595591983,-0.4799381204933838,-0.24380539297668188
1.0,-0.5538233836648458,-0.19530320078032176,-0.318508015881667,-0.16344850690642618
-3.0,-0.5538233836648458,-0.17732236035189222,-0.4660560585438318,-0.19510128298472953
-3.0,-0.5538233836648458,-0.4900034267543871,-0.6049082711943378,-0.47963293488799863
-2.0,-0.10663113662785885,-0.3037516093824591,-0.14127167417676764,-0.23703252672391711
2.0,-0.10663113662785885,-0.19714530463255772,-0.09660168360128929,-0.059985594459438275
-1.0,-0.10663113662785885,-0.14995573658876807,-0.08774283465156428,-0.18368452797165907
-1.0,-0.10663113662785885,-0.2421637606490695,-0.1146423312368386,-0.23217971117535005
1.0,-0.10663113662785885,-0.20223669630790558,-0.09850145399337358,-0.17908996665348295
-3.0,-0.10663113662785885,-0.14010456664235968,-0.037916280339656556,-0.09563845868341313
-3.0,-0.10663113662785885,-0.48567356997303485,-0.29997783207684936,-0.44220982828086797
-2.0,-0.09855578136192153,-0.35702790915737026,-0.2272172243498656,-0.34671050264044123
2.0,-0.09855578136192153,-0.21305123026211453,-0.12082568002892571,-0.14086481497206937
-1.0,-0.09855578136192153,-0.15724949303949926,-0.12585833668935908,-0.22214454230564756
-1.0,-0.09855578136192153,-0.24898833860080696,-0.1779750145656455,-0.24166072823301585
1.0,-0.09855578136192153,-0.1962208635047167,-0.12419412112471685,-0.2191997946407421
-3.0,-0.09855578136192153,-0.1559961325563088,-0.12255979425518203,-0.1929328599245112
-3.0,-0.09855578136192153,-0.4828457786050233,-0.3214792732418736,-0.46128661875093163
-2.0,-0.05409834409787775,-0.33970301965726946,-0.25964845910621637,-0.35280713553287835
2.0,-0.05409834409787775,-0.20958470081386457,-0.1410904901431904,-0.18903664473822115
-1.0,-0.05409834409787775,-0.18798625462253013,-0.16529583778949436,-0.2524260226499099
-1.0,-0.05409834409787775,-0.2489966949733273,-0.1835507425375583,-0.2421433551710768
1.0,-0.05409834409787775,-0.1892727756266915,-0.15693804616529142,-0.1799322725398517
-3.0,-0.05409834409787775,-0.13997141487960624,-0.07958744711760311,-0.1485669866668715
-3.0,-0.05409834409787775,-0.4918420949729245,-0.3533751502945374,-0.5355453628171675
-2.0,-0.06801276421637972,-0.3270291762151308,-0.24413191986978414,-0.41166109258055233
2.0,-0.06801276421637972,-0.18956521229989207,-0.17007558783179094,-0.1984888961840711
-1.0,-0.06801276421637972,-0.16482748640449205,-0.17543746825684073,-0.2055426437301394
-1.0,-0.06801276421637972,-0.2876238992406589,-0.21919639458212287,-0.29600505499360336
1.0,-0.06801276421637972,-0.20498256387100555,-0.1718310035693971,-0.2042454236629455
-3.0,-0.06801276421637972,-0.16051732394149656,-0.16129965250985703,-0.15026528619084148
-3.0,-0.06801276421637972,-0.4779195354733568,-0.43162409512528366,-0.4776625883972896
-2.0,-0.08727826174636992,-0.3270291762151308,-0.19285181074793836,-0.3427385821144683
2.0,-0.08727826174636992,-0.18956521229989207,-0.1223806127799903,-0.17186425479343112
-1.0,-0.08727826174636992,-0.16482748640449205,-0.13349079141188622,-0.21040327742869458
-1.0,-0.08727826174636992,-0.2876238992406589,-0.16791628546027712,-0.2899629148961783
1.0,-0.08727826174636992,-0.20498256387100555,-0.1205508944475513,-0.19820328356552042
-3.0,-0.08727826174636992,-0.16051732394149656,-0.10370918862356562,-0.14422314609341638
-3.0,-0.08727826174636992,-0.4779195354733568,-0.38034398600343794,-0.47162044829986455
-2.0,-0.08169649437973855,-0.35702790915737026,-0.2376237918172125,-0.3392262837032807
2.0,-0.08169649437973855,-0.21305123026211453,-0.1255458775648395,-0.15053515697529857
-1.0,-0.08169649437973855,-0.15724949303949926,-0.14793276663347002,-0.221605002772822
-1.0,-0.08169649437973855,-0.24898833860080696,-0.18053954925316057,-0.23729875186099297
1.0,-0.08169649437973855,-0.1962208635047167,-0.12871048959558515,-0.21483781826871923
-3.0,-0.08169649437973855,-0.1559961325563088,-0.1479474821355899,-0.1698860125860617
-3.0,-0.08169649437973855,-0.4828457786050233,-0.3358995242224519,-0.44243981419191336
-2.0,-0.09646880591541564,-0.35702790915737026,-0.21965026349198483,-0.30821933886013614
2.0,-0.09646880591541564,-0.21305123026211453,-0.11978811459283265,-0.12066069163247063
-1.0,-0.09646880591541564,-0.15724949303949926,-0.12940986585668657,-0.21204723224280306
-1.0,-0.09646880591541564,-0.24898833860080696,-0.17876018303587216,-0.23156341817017118
1.0,-0.09646880591541564,-0.1962208635047167,-0.12315655568862378,-0.19053852916070557
-3.0,-0.09646880591541564,-0.1559961325563088,-0.082239388840231,-0.13666410427674755
-3.0,-0.09646880591541564,-0.4828457786050233,-0.29018882987119504,-0.3974809542416939
-2.0,-0.13535112882796216,-0.3270291762151308,-0.25704080139743923,-0.41166109258055233
2.0,-0.13535112882796216,-0.18956521229989207,-0.19810636551724137,-0.1503387351473029
-1.0,-0.13535112882796216,-0.16482748640449205,-0.21418974064783952,-0.1973309817557761
-1.0,-0.13535112882796216,-0.2876238992406589,-0.22960004499216002,-0.2886704279547893
1.0,-0.13535112882796216,-0.20498256387100555,-0.19986178125484752,-0.2042454236629455
-3.0,-0.13535112882796216,-0.16051732394149656,-0.18985145139434553,-0.15307389930911497
-3.0,-0.13535112882796216,-0.4779195354733568,-0.3685114317925877,-0.4804712015155631
-2.0,-0.13777621547716193,-0.33970301965726946,-0.25306863050614425,-0.3308633159717613
2.0,-0.13777621547716193,-0.20958470081386457,-0.16312770721749317,-0.18139685594657476
-1.0,-0.13777621547716193,-0.18798625462253013,-0.20035963637153387,-0.2405277771601723
-1.0,-0.13777621547716193,-0.2489966949733273,-0.226891913950119,-0.2204021621191039
1.0,-0.13777621547716193,-0.1892727756266915,-0.1700243728132573,-0.15977857012885324
-3.0,-0.13777621547716193,-0.13997141487960624,-0.12414617214052216,-0.09831271475949009
-3.0,-0.13777621547716193,-0.4918420949729245,-0.3079534723419241,-0.49872213108911134
-2.0,-0.19237146294276208,-0.34100274983258283,-0.2482447257559234,-0.3300291687642382
2.0,-0.19237146294276208,-0.18241840346827826,-0.2000260152130446,-0.18843583354233598
-1.0,-0.19237146294276208,-0.19251860651551989,-0.19331873574429012,-0.18934926507002203
-1.0,-0.19237146294276208,-0.25033543405267233,-0.21759956797226176,-0.22132716409281417
1.0,-0.19237146294276208,-0.1831745336834671,-0.1763539530466489,-0.16563557778127186
-3.0,-0.19237146294276208,-0.16654171654368852,-0.15678257757726055,-0.15453574435892511
-3.0,-0.19237146294276208,-0.5118646817747796,-0.32840676539026087,-0.4907150872409865
-2.0,-0.6138517308214336,-0.3270291762151308,-0.2894837353835934,-0.41166109258055233
2.0,-0.6138517308214336,-0.18956521229989207,-0.08290975871410396,-0.1984888961840711
-1.0,-0.6138517308214336,-0.16482748640449205,-0.20970336727287156,-0.22674154296030338
-1.0,-0.6138517308214336,-0.2876238992406589,-0.24333267650311577,-0.29600505499360336
1.0,-0.6138517308214336,-0.20498256387100555,-0.10105373044127747,-0.2042454236629455
-3.0,-0.6138517308214336,-0.16051732394149656,-0.24170625046450375,-0.15026528619084148
-3.0,-0.6138517308214336,-0.4779195354733568,-0.3899988665421464,-0.4776625883972896
-2.0,-0.24652509117214977,-0.3137876205348845,-0.3718530367976426,-0.294849681536169
2.0,-0.24652509117214977,-0.22406261759497825,-0.30873112301324207,-0.2077224982672818
-1.0,-0.24652509117214977,-0.19333497309580314,-0.33062846187875305,-0.202546453099528
-1.0,-0.24652509117214977,-0.26254436834502914,-0.335584500504067,-0.2790324603857642
1.0,-0.24652509117214977,-0.19179237357727053,-0.2915607282059668,-0.19073195236600832
-3.0,-0.24652509117214977,-0.17446878460558088,-0.24741046945230508,-0.21231914816804237
-3.0,-0.24652509117214977,-0.5164842880417505,-0.46529758369532737,-0.529126113173164
-2.0,-0.28309616965896994,-0.32636026745952323,-0.3225366867795836,-0.3218859614032537
2.0,-0.28309616965896994,-0.21541179645506253,-0.2981980661468519,-0.2184938586899976
-1.0,-0.28309616965896994,-0.15292707412641696,-0.28341479951927406,-0.15456542164929177
-1.0,-0.28309616965896994,-0.23881004146394275,-0.3259834385223866,-0.24731841351900163
1.0,-0.28309616965896994,-0.18321633400443002,-0.27992806957208927,-0.18655923884574246
-3.0,-0.28309616965896994,-0.15599268320412743,-0.22635031161656952,-0.30093240901704255
-3.0,-0.28309616965896994,-0.4896464172625637,-0.4712584166864327,-0.6205920352031606
-2.0,-0.2400254279221015,-0.3137876205348845,-0.26623233764389753,-0.3017154158956109
2.0,-0.2400254279221015,-0.22406261759497825,-0.23783488993945476,-0.21473278983758254
-1.0,-0.2400254279221015,-0.19333497309580314,-0.21970798648356088,-0.21262701867050476
-1.0,-0.2400254279221015,-0.26254436834502914,-0.25493426422237564,-0.2838976479492512
1.0,-0.2400254279221015,-0.19179237357727053,-0.1996646931805294,-0.19774224393630907
-3.0,-0.2400254279221015,-0.17446878460558088,-0.16913454611265757,-0.18147444807059535
-3.0,-0.2400254279221015,-0.5164842880417505,-0.48849162588138545,-0.4954755852252354
-2.0,-0.1617041044401614,-0.3378468175928991,-0.29534338743668703,-0.3198419907570462
2.0,-0.1617041044401614,-0.195183191042963,-0.20265682060683313,-0.18654383734122068
-1.0,-0.1617041044401614,-0.17406839755309092,-0.23174426254868857,-0.1868751823081439
-1.0,-0.1617041044401614,-0.29559158595591983,-0.2741536428332832,-0.27883069676051814
1.0,-0.1617041044401614,-0.19530320078032176,-0.20371207128028426,-0.17583269333611812
-3.0,-0.1617041044401614,-0.17732236035189222,-0.21789733134265094,-0.23707747674723414
-3.0,-0.1617041044401614,-0.4900034267543871,-0.3674651816540856,-0.5498179295939906
-2.0,-0.230219974680476,-0.31158815518151817,-0.2047207615330491,-0.2923045275783876
2.0,-0.230219974680476,-0.20231069622263267,-0.14784659310462692,-0.219763623556995
-1.0,-0.230219974680476,-0.1851569699490612,-0.17593183162028964,-0.1882892461650244
-1.0,-0.230219974680476,-0.23652066523117282,-0.18891980107572978,-0.22245356584950124
1.0,-0.230219974680476,-0.18375009206508136,-0.16676665541736452,-0.1625644072726253
-3.0,-0.230219974680476,-0.1275740319380607,-0.1284504914799902,-0.11371223163428171
-3.0,-0.230219974680476,-0.48755156826705764,-0.3745318346775522,-0.47561892087061025
-2.0,-0.2110101977543807,-0.33970301965726946,-0.2628461267813432,-0.3297324186774504
2.0,-0.2110101977543807,-0.20958470081386457,-0.1383535158672603,-0.18026595865226389
-1.0,-0.2110101977543807,-0.18798625462253013,-0.1576648643397764,-0.16361902794317565
-1.0,-0.2110101977543807,-0.2489966949733273,-0.1848266071907903,-0.27812289203726875
1.0,-0.2110101977543807,-0.1892727756266915,-0.14525018146302443,-0.1669031297558032
-3.0,-0.2110101977543807,-0.13997141487960624,-0.08086331177083508,-0.099555461234312
-3.0,-0.2110101977543807,-0.4918420949729245,-0.3308810579966301,-0.5158939695535921
-2.0,-0.2625371945735274,-0.3378468175928991,-0.2538990587695318,-0.33736947247936433
2.0,-0.2625371945735274,-0.195183191042963,-0.126162317914982,-0.15636297254249748
-1.0,-0.2625371945735274,-0.17406839755309092,-0.1665574815110657,-0.17693034521618953
-1.0,-0.2625371945735274,-0.29559158595591983,-0.20127043060441924,-0.26880794826307647
1.0,-0.2625371945735274,-0.19530320078032176,-0.1531195266019415,-0.16800273621673262
-3.0,-0.2625371945735274,-0.17732236035189222,-0.11633538108131622,-0.14597839282005684
-3.0,-0.2625371945735274,-0.4900034267543871,-0.2744826218913549,-0.4021224332557004
-2.0,-0.4119341843876445,-0.31158815518151817,-0.23460871629470975,-0.3060632621317436
2.0,-0.4119341843876445,-0.20231069622263267,-0.19164477096494617,-0.19762191912804616
-1.0,-0.4119341843876445,-0.1851569699490612,-0.1996687762943829,-0.16614754173607557
-1.0,-0.4119341843876445,-0.23652066523117282,-0.2220736534896008,-0.2003118614205524
1.0,-0.4119341843876445,-0.18375009206508136,-0.15880378923286254,-0.14042270284367647
-3.0,-0.4119341843876445,-0.1275740319380607,-0.16023725839643838,-0.07458578518844385
-3.0,-0.4119341843876445,-0.48755156826705764,-0.27005340131995526,-0.4239114520619526
-2.0,-0.34470451574297906,-0.3270291762151308,-0.2885981124415867,-0.31881589309606145
2.0,-0.34470451574297906,-0.18956521229989207,-0.21449195864120996,-0.18684468134483878
-1.0,-0.34470451574297906,-0.16482748640449205,-0.25119036522681365,-0.17877846532342376
-1.0,-0.34470451574297906,-0.2876238992406589,-0.2781720340821675,-0.2766839685560084
1.0,-0.34470451574297906,-0.20498256387100555,-0.23761364949685906,-0.17024209201342294
-3.0,-0.34470451574297906,-0.16051732394149656,-0.23344900861588228,-0.1847796771015739
-3.0,-0.34470451574297906,-0.4779195354733568,-0.43940935246248525,-0.4690448062948297
-2.0,-0.3563891862984634,-0.3137876205348845,-0.2930418002727633,-0.3017154158956109
2.0,-0.3563891862984634,-0.22406261759497825,-0.23720306965149576,-0.21473278983758254
-1.0,-0.3563891862984634,-0.19333497309580314,-0.24430229996982586,-0.20741164066301498
-1.0,-0.3563891862984634,-0.26254436834502914,-0.2585747928418454,-0.2838976479492512
1.0,-0.3563891862984634,-0.19179237357727053,-0.20538784438983665,-0.19774224393630907
-3.0,-0.3563891862984634,-0.17446878460558088,-0.21187649066277453,-0.18334930807125013
-3.0,-0.3563891862984634,-0.5164842880417505,-0.4257789464953323,-0.5070157555523204
-2.0,-0.3044116543503163,-0.34100274983258283,-0.3187596577344381,-0.3300291687642382
2.0,-0.3044116543503163,-0.18241840346827826,-0.1878331286463442,-0.18843583354233598
-1.0,-0.3044116543503163,-0.19251860651551989,-0.23701229306892443,-0.18934926507002203
-1.0,-0.3044116543503163,-0.25033543405267233,-0.27673198517714026,-0.22132716409281417
1.0,-0.3044116543503163,-0.1831745336834671,-0.1865527110715774,-0.16563557778127186
-3.0,-0.3044116543503163,-0.16654171654368852,-0.2302746174721169,-0.15811662161017268
-3.0,-0.3044116543503163,-0.5118646817747796,-0.4566449509980426,-0.4836842234663089
-2.0,-0.2510837952560422,-0.3137876205348845,-0.24803352587906236,-0.3017154158956109
2.0,-0.2510837952560422,-0.22406261759497825,-0.16794418817850618,-0.21473278983758254
-1.0,-0.2510837952560422,-0.19333497309580314,-0.19850026479001495,-0.20741164066301498
-1.0,-0.2510837952560422,-0.26254436834502914,-0.24659196950215473,-0.2838976479492512
1.0,-0.2510837952560422,-0.19179237357727053,-0.16099518896435613,-0.19774224393630907
-3.0,-0.2510837952560422,-0.17446878460558088,-0.1593712052444124,-0.18334930807125013
-3.0,-0.2510837952560422,-0.5164842880417505,-0.4471281654774847,-0.5070157555523204
-2.0,-0.18502807060802864,-0.35702790915737026,-0.27168663529301024,-0.34076267502496627
2.0,-0.18502807060802864,-0.21305123026211453,-0.16677756374578523,-0.18663858243835726
-1.0,-0.18502807060802864,-0.15724949303949926,-0.203545097507964,-0.1664526247658114
-1.0,-0.18502807060802864,-0.24898833860080696,-0.24345455033924115,-0.2700407956630965
1.0,-0.18502807060802864,-0.1962208635047167,-0.19162549068166568,-0.1932395330358104
-3.0,-0.18502807060802864,-0.1559961325563088,-0.14954786572319187,-0.19011797458652221
-3.0,-0.18502807060802864,-0.4828457786050233,-0.3805464652106846,-0.5276815780996875
-2.0,-0.34175362548422433,-0.3378468175928991,-0.25706883396888863,-0.341167824425098
2.0,-0.34175362548422433,-0.195183191042963,-0.18761021110807072,-0.2269865456420201
-1.0,-0.34175362548422433,-0.17406839755309092,-0.21577669175818048,-0.18594139036399354
-1.0,-0.34175362548422433,-0.29559158595591983,-0.25818607204277505,-0.2778969048163678
1.0,-0.34175362548422433,-0.19530320078032176,-0.1912763042604242,-0.17180108816246636
-3.0,-0.34175362548422433,-0.17732236035189222,-0.18991761626234369,-0.15939641521147344
-3.0,-0.34175362548422433,-0.4900034267543871,-0.38445768713971945,-0.4428903807634715
-2.0,-0.26172470338679765,-0.3584845279804017,-0.35857433241980247,-0.34277647923845705
2.0,-0.26172470338679765,-0.22613528249959003,-0.20082225611760196,-0.21554860143796012
-1.0,-0.26172470338679765,-0.15110125052916282,-0.2440268824326584,-0.19753314080689105
-1.0,-0.26172470338679765,-0.26942297595827724,-0.2691706884005265,-0.2534687867212021
1.0,-0.26172470338679765,-0.18423941016844397,-0.1851467865909183,-0.1699222916354798
-3.0,-0.26172470338679765,-0.16268775204936872,-0.20525871338569793,-0.13874611387887437
-3.0,-0.26172470338679765,-0.48607861735613445,-0.3345843060429867,-0.46602083075829515
-2.0,-0.23652954621913883,-0.33970301965726946,-0.26057855102834837,-0.3243530490675939
2.0,-0.23652954621913883,-0.20958470081386457,-0.12622492914932035,-0.18834183197125004
-1.0,-0.23652954621913883,-0.18798625462253013,-0.18800993918142764,-0.16361902794317565
-1.0,-0.23652954621913883,-0.2489966949733273,-0.2169516312237969,-0.2707532334163358
1.0,-0.23652954621913883,-0.1892727756266915,-0.15741301918268605,-0.17497900307478936
-3.0,-0.23652954621913883,-0.13997141487960624,-0.1728661199122969,-0.10730928974693713
-3.0,-0.23652954621913883,-0.4918420949729245,-0.35182868500204423,-0.43935166573096907
-2.0,-0.19536286914900852,-0.3270291762151308,-0.2545671826009524,-0.32520096283539013
2.0,-0.19536286914900852,-0.18956521229989207,-0.24216471718678673,-0.18684468134483878
-1.0,-0.19536286914900852,-0.16482748640449205,-0.21970698399793148,-0.1825663233179892
-1.0,-0.19536286914900852,-0.2876238992406589,-0.25413247804632255,-0.2771141353602712
1.0,-0.19536286914900852,-0.20498256387100555,-0.2170658226858891,-0.14466224646781056
-3.0,-0.19536286914900852,-0.16051732394149656,-0.20309909781559182,-0.1852098439058367
-3.0,-0.19536286914900852,-0.4779195354733568,-0.4007967844305103,-0.4694749730990925
-2.0,-0.160429246973931,-0.32636026745952323,-0.2256924927967361,-0.31057959530843143
2.0,-0.160429246973931,-0.21541179645506253,-0.1455991832935345,-0.182589800343282
-1.0,-0.160429246973931,-0.15292707412641696,-0.15160928578831764,-0.19683112650217288
-1.0,-0.160429246973931,-0.23881004146394275,-0.18334422118294533,-0.25700806705435014
1.0,-0.160429246973931,-0.18321633400443002,-0.12660393744595913,-0.21846496341372368
-3.0,-0.160429246973931,-0.15599268320412743,-0.11851391675034517,-0.151919744212452
-3.0,-0.160429246973931,-0.4896464172625637,-0.398916534768953,-0.3723925342940548
-2.0,-0.2678603565861073,-0.32636026745952323,-0.2632539125494272,-0.32208809234599567
2.0,-0.2678603565861073,-0.21541179645506253,-0.1823693334606587,-0.21869598963273953
-1.0,-0.2678603565861073,-0.15292707412641696,-0.22184615354912565,-0.1547675525920337
-1.0,-0.2678603565861073,-0.23881004146394275,-0.22326876319381597,-0.2546979064900586
1.0,-0.2678603565861073,-0.18321633400443002,-0.17424862600779437,-0.1867613697884844
-3.0,-0.2678603565861073,-0.15599268320412743,-0.15180712395888069,-0.13336324067880653
-3.0,-0.2678603565861073,-0.4896464172625637,-0.34534543256347555,-0.4921467872523134
-2.0,-0.20968412884014326,-0.34100274983258283,-0.24408340147419058,-0.33720262628490577
2.0,-0.20968412884014326,-0.18241840346827826,-0.14250447312384087,-0.15573258803519038
-1.0,-0.20968412884014326,-0.19251860651551989,-0.16652753762259628,-0.2260388631219508
-1.0,-0.20968412884014326,-0.25033543405267233,-0.20356654599199428,-0.24644954807661068
1.0,-0.20968412884014326,-0.1831745336834671,-0.13366364841486023,-0.20596329325784832
-3.0,-0.20968412884014326,-0.16654171654368852,-0.1058982674513513,-0.16652784897840986
-3.0,-0.20968412884014326,-0.5118646817747796,-0.36635386729253233,-0.5084464618047162
-2.0,-0.19187087678229275,-0.34100274983258283,-0.15655528936956833,-0.35344138637408606
2.0,-0.19187087678229275,-0.18241840346827826,-0.07750416888339519,-0.13606332223004872
-1.0,-0.19187087678229275,-0.19251860651551989,-0.10734428316374868,-0.243674361732837
-1.0,-0.19187087678229275,-0.25033543405267233,-0.13260105493270072,-0.2490807569830963
1.0,-0.19187087678229275,-0.1831745336834671,-0.08904345769173445,-0.2085945021643339
-3.0,-0.19187087678229275,-0.16654171654368852,-0.03321615555487601,-0.18874760000999957
-3.0,-0.19187087678229275,-0.5118646817747796,-0.2950333860933791,-0.46690164510219817
-2.0,-0.21722698351855346,-0.35702790915737026,-0.22891389324079542,-0.34076267502496627
2.0,-0.21722698351855346,-0.21305123026211453,-0.16168626542683845,-0.18663858243835726
-1.0,-0.21722698351855346,-0.15724949303949926,-0.16758430947553718,-0.1664526247658114
-1.0,-0.21722698351855346,-0.24898833860080696,-0.20817340557734354,-0.2700407956630965
1.0,-0.21722698351855346,-0.1962208635047167,-0.1566687523130754,-0.1932395330358104
-3.0,-0.21722698351855346,-0.1559961325563088,-0.0781056771389524,-0.15987370058929237
-3.0,-0.21722698351855346,-0.4828457786050233,-0.3006675406603704,-0.43748630976028
-2.0,-0.24303911345993023,-0.3584845279804017,-0.2551849607426891,-0.34448198734983976
2.0,-0.24303911345993023,-0.22613528249959003,-0.1826119011988993,-0.19234883054913202
-1.0,-0.24303911345993023,-0.15110125052916282,-0.16983950996605296,-0.1770376617232868
-1.0,-0.24303911345993023,-0.26942297595827724,-0.2367246115908443,-0.2634885032905568
1.0,-0.24303911345993023,-0.18423941016844397,-0.16089257228006415,-0.1900561435952674
-3.0,-0.24303911345993023,-0.16268775204936872,-0.14212063826512217,-0.17434756001494486
-3.0,-0.24303911345993023,-0.48607861735613445,-0.3443549651716076,-0.46693799386284657
-2.0,-0.202475582749859,-0.3270291762151308,-0.20759991383942905,-0.34032063132866824
2.0,-0.202475582749859,-0.18956521229989207,-0.07138034928523532,-0.15887264812554383
-1.0,-0.202475582749859,-0.16482748640449205,-0.15078644311512898,-0.20798532664289449
-1.0,-0.202475582749859,-0.2876238992406589,-0.16762283481271176,-0.2875449641103783
1.0,-0.202475582749859,-0.20498256387100555,-0.08241493676112802,-0.19578533277972032
-3.0,-0.202475582749859,-0.16051732394149656,-0.12787424121489732,-0.1418051953076163
-3.0,-0.202475582749859,-0.4779195354733568,-0.3061782756021918,-0.43400995982601603
-2.0,-0.2517287373277235,-0.31158815518151817,-0.24119174770769494,-0.2923045275783876
2.0,-0.2517287373277235,-0.20231069622263267,-0.1688520320864067,-0.219763623556995
-1.0,-0.2517287373277235,-0.1851569699490612,-0.1816230012927866,-0.1882892461650244
-1.0,-0.2517287373277235,-0.23652066523117282,-0.21208885368512426,-0.22245356584950124
1.0,-0.2517287373277235,-0.18375009206508136,-0.17483757152941637,-0.1625644072726253
-3.0,-0.2517287373277235,-0.1275740319380607,-0.12310428087671417,-0.090978496053606
-3.0,-0.2517287373277235,-0.48755156826705764,-0.36179801272655393,-0.44831970168498847
-2.0,-0.19995211683606723,-0.31158815518151817,-0.31412713619962707,-0.2923045275783876
2.0,-0.19995211683606723,-0.20231069622263267,-0.23964144706852994,-0.219763623556995
-1.0,-0.19995211683606723,-0.1851569699490612,-0.2693056960828587,-0.1882892461650244
-1.0,-0.19995211683606723,-0.23652066523117282,-0.28488858313790383,-0.22245356584950124
1.0,-0.19995211683606723,-0.18375009206508136,-0.21478280219893525,-0.1625644072726253
-3.0,-0.19995211683606723,-0.1275740319380607,-0.1879136536998806,-0.11371223163428171
-3.0,-0.19995211683606723,-0.48755156826705764,-0.40409947756948544,-0.45323425578665116
-2.0,-0.1706252885842984,-0.3378468175928991,-0.21365562109452585,-0.30740594473382243
2.0,-0.1706252885842984,-0.195183191042963,-0.10871699004991743,-0.13021613577046715
-1.0,-0.1706252885842984,-0.17406839755309092,-0.15277870390489753,-0.20675996085171403
-1.0,-0.1706252885842984,-0.29559158595591983,-0.1951880841894921,-0.2694822185821685
1.0,-0.1706252885842984,-0.19530320078032176,-0.12808280316428525,-0.2060658517493446
-3.0,-0.1706252885842984,-0.17732236035189222,-0.12334410798017174,-0.1700803822870237
-3.0,-0.1706252885842984,-0.4900034267543871,-0.2768364947527212,-0.4594843420615459
-2.0,-0.2510108974597267,-0.32636026745952323,-0.3304598083026936,-0.32208809234599567
2.0,-0.2510108974597267,-0.21541179645506253,-0.19873910802105774,-0.21462664550683722
-1.0,-0.2510108974597267,-0.15292707412641696,-0.2614167976950653,-0.1600273903848656
-1.0,-0.2510108974597267,-0.23881004146394275,-0.28474678629659855,-0.2546979064900586
1.0,-0.2510108974597267,-0.18321633400443002,-0.19572708251183005,-0.1867613697884844
-3.0,-0.2510108974597267,-0.15599268320412743,-0.2726574341277629,-0.141086372073629
-3.0,-0.2510108974597267,-0.4896464172625637,-0.3725788626988297,-0.4504271656024365
-2.0,-0.1804273380881115,-0.3584845279804017,-0.3141218505812344,-0.3231082817506298
2.0,-0.1804273380881115,-0.22613528249959003,-0.2158615891813734,-0.21971614762643252
-1.0,-0.1804273380881115,-0.15110125052916282,-0.2359582951431076,-0.17775077684567717
-1.0,-0.1804273380881115,-0.26942297595827724,-0.2802031644095866,-0.2576363329096745
1.0,-0.1804273380881115,-0.18423941016844397,-0.2187354720015555,-0.1740898378239522
-3.0,-0.1804273380881115,-0.16268775204936872,-0.1840785942637047,-0.13824065455293003
-3.0,-0.1804273380881115,-0.48607861735613445,-0.482302885398926,-0.4935704723042122
-2.0,-0.23541638214301752,-0.35702790915737026,-0.26349003386761394,-0.3195491231991676
2.0,-0.23541638214301752,-0.21305123026211453,-0.1727417198850755,-0.17622073254345724
-1.0,-0.23541638214301752,-0.15724949303949926,-0.207274625432592,-0.1652648095307642
-1.0,-0.23541638214301752,-0.24898833860080696,-0.24718407826386915,-0.25783114007685676
1.0,-0.23541638214301752,-0.1962208635047167,-0.19535501860629367,-0.19205171780076322
-3.0,-0.23541638214301752,-0.1559961325563088,-0.15626691501840653,-0.21634502707119285
-3.0,-0.23541638214301752,-0.4828457786050233,-0.3845693443464271,-0.5287786520326623
-2.0,-0.1696321615792377,-0.3037516093824591,-0.2763363364158641,-0.28411801714618595
2.0,-0.1696321615792377,-0.19714530463255772,-0.20802146961990917,-0.17930279623988338
-1.0,-0.1696321615792377,-0.14995573658876807,-0.22351514001005968,-0.1767167844377278
-1.0,-0.1696321615792377,-0.2421637606490695,-0.22836573348815248,-0.22583707515585244
1.0,-0.1696321615792377,-0.20223669630790558,-0.20096437934119718,-0.190512599534952
-3.0,-0.1696321615792377,-0.14010456664235968,-0.20803340049695296,-0.1781805358575491
-3.0,-0.1696321615792377,-0.48567356997303485,-0.39500164889392586,-0.4794343246578596
-2.0,-0.2172541005821787,-0.31158815518151817,-0.27626063389425515,-0.2923045275783876
2.0,-0.2172541005821787,-0.20231069622263267,-0.21624100425013193,-0.219763623556995
-1.0,-0.2172541005821787,-0.1851569699490612,-0.23320631892576413,-0.1882892461650244
-1.0,-0.2172541005821787,-0.23652066523117282,-0.25297206384253995,-0.22245356584950124
1.0,-0.2172541005821787,-0.18375009206508136,-0.21804368583141107,-0.1625644072726253
-3.0,-0.2172541005821787,-0.1275740319380607,-0.2056534676245513,-0.11371223163428171
-3.0,-0.2172541005821787,-0.48755156826705764,-0.4138524324066942,-0.45323425578665116
-2.0,-0.3031983237162245,-0.3584845279804017,-0.32618372447225535,-0.3666394414151147
2.0,-0.3031983237162245,-0.22613528249959003,-0.2273767987824893,-0.2293425864216955
-1.0,-0.3031983237162245,-0.15110125052916282,-0.23656055118391472,-0.17666453671552307
-1.0,-0.3031983237162245,-0.26942297595827724,-0.28080542045039375,-0.2375868120569818
1.0,-0.3031983237162245,-0.18423941016844397,-0.20779727761224812,-0.18637976059765998
-3.0,-0.3031983237162245,-0.16268775204936872,-0.1473312771986112,-0.20506233374757846
-3.0,-0.3031983237162245,-0.48607861735613445,-0.39781165631870713,-0.5312870097960366
-2.0,-0.27762118724928875,-0.3378468175928991,-0.2398901711276283,-0.34538327498806437
2.0,-0.27762118724928875,-0.195183191042963,-0.1919796156601083,-0.15636297254249748
-1.0,-0.27762118724928875,-0.17406839755309092,-0.19061012907867372,-0.1902827210922341
-1.0,-0.27762118724928875,-0.29559158595591983,-0.23301950936326832,-0.26880794826307647
1.0,-0.27762118724928875,-0.19530320078032176,-0.19303486633355943,-0.18023861338323569
-3.0,-0.27762118724928875,-0.17732236035189222,-0.1669564744937636,-0.14597839282005684
-3.0,-0.27762118724928875,-0.4900034267543871,-0.32147506930288394,-0.4021224332557004
-2.0,-0.41568171745769344,-0.33970301965726946,-0.39372382049743826,-0.2981761623497782
2.0,-0.41568171745769344,-0.20958470081386457,-0.27389824565379206,-0.18157143132120962
-1.0,-0.41568171745769344,-0.18798625462253013,-0.34193515926495305,-0.18358781466822507
-1.0,-0.41568171745769344,-0.2489966949733273,-0.39201095430393873,-0.303431858145258
1.0,-0.41568171745769344,-0.1892727756266915,-0.28758229609094943,-0.20034255364780695
-3.0,-0.41568171745769344,-0.13997141487960624,-0.3293052551076765,-0.1789751359683078
-3.0,-0.41568171745769344,-0.4918420949729245,-0.4907940330241168,-0.4725428593418246
-2.0,-0.31645910577968017,-0.35702790915737026,-0.34503394828156947,-0.31565140740540226
2.0,-0.31645910577968017,-0.21305123026211453,-0.2187464895744493,-0.19581127095339076
-1.0,-0.31645910577968017,-0.15724949303949926,-0.2835596799699337,-0.14986569358084917
-1.0,-0.31645910577968017,-0.24898833860080696,-0.30453596845008885,-0.25462210633750554
1.0,-0.31645910577968017,-0.1962208635047167,-0.24135978829566743,-0.17512066338790394
-3.0,-0.31645910577968017,-0.1559961325563088,-0.30289202420928707,-0.12846822607775074
-3.0,-0.31645910577968017,-0.4828457786050233,-0.45982543607992676,-0.4819238027312503
-2.0,-0.37308874681226994,-0.3270291762151308,-0.3524488062309751,-0.22699780478510967
2.0,-0.37308874681226994,-0.18956521229989207,-0.213344878258696,-0.18449244821585237
-1.0,-0.37308874681226994,-0.16482748640449205,-0.27811175165508,-0.13383055163291088
-1.0,-0.37308874681226994,-0.2876238992406589,-0.29516708011490456,-0.2445704394115793
1.0,-0.37308874681226994,-0.20498256387100555,-0.2344817529141692,-0.14916712422629813
-3.0,-0.37308874681226994,-0.16051732394149656,-0.2849627429627044,-0.15088370946191218
-3.0,-0.37308874681226994,-0.4779195354733568,-0.46516441297861844,-0.43303029537068244
-2.0,-0.4239900074623876,-0.31158815518151817,-0.29537527239001066,-0.31263594437921566
2.0,-0.4239900074623876,-0.20231069622263267,-0.21225147482417323,-0.19051455900672656
-1.0,-0.4239900074623876,-0.1851569699490612,-0.21834312935743885,-0.20501396032648925
-1.0,-0.4239900074623876,-0.23652066523117282,-0.2546776897815648,-0.32101897826244147
1.0,-0.4239900074623876,-0.18375009206508136,-0.210301831160263,-0.18790853388954007
-3.0,-0.4239900074623876,-0.1275740319380607,-0.21715560155705044,-0.25191603827604214
-3.0,-0.4239900074623876,-0.48755156826705764,-0.4881609771834228,-0.5675721508843701
-2.0,-0.3302408350607997,-0.34100274983258283,-0.2477905645164598,-0.33923539513072115
2.0,-0.3302408350607997,-0.18241840346827826,-0.18679396738916096,-0.18843583354233598
-1.0,-0.3302408350607997,-0.19251860651551989,-0.21298524017754455,-0.19298665162892956
-1.0,-0.3302408350607997,-0.25033543405267233,-0.22287111073009358,-0.2249645506517217
1.0,-0.3302408350607997,-0.1831745336834671,-0.18845835902292052,-0.16927296434017938
-3.0,-0.3302408350607997,-0.16654171654368852,-0.16121706971638175,-0.20462219635007184
-3.0,-0.3302408350607997,-0.5118646817747796,-0.42539133699795306,-0.5410574162474291
-2.0,-0.32708882678524087,-0.3270291762151308,-0.2828063116914376,-0.22699780478510967
2.0,-0.32708882678524087,-0.18956521229989207,-0.18795848456678393,-0.18449244821585237
-1.0,-0.32708882678524087,-0.16482748640449205,-0.24539856447666458,-0.13383055163291088
-1.0,-0.32708882678524087,-0.2876238992406589,-0.2711696025205774,-0.2445704394115793
1.0,-0.32708882678524087,-0.20498256387100555,-0.2112412430028091,-0.14916712422629813
-3.0,-0.32708882678524087,-0.16051732394149656,-0.2369168599383978,-0.15088370946191218
-3.0,-0.32708882678524087,-0.4779195354733568,-0.41630500548551286,-0.43303029537068244
-2.0,-0.3050291206138353,-0.31158815518151817,-0.3147554020746423,-0.31263594437921566
2.0,-0.3050291206138353,-0.20231069622263267,-0.22797610771251456,-0.19051455900672656
-1.0,-0.3050291206138353,-0.1851569699490612,-0.28091938989336723,-0.20501396032648925
-1.0,-0.3050291206138353,-0.23652066523117282,-0.2719096487712824,-0.32101897826244147
1.0,-0.3050291206138353,-0.18375009206508136,-0.25295920301321506,-0.18790853388954007
-3.0,-0.3050291206138353,-0.1275740319380607,-0.21901870327657513,-0.25191603827604214
-3.0,-0.3050291206138353,-0.48755156826705764,-0.4654281979258763,-0.5675721508843701
-2.0,-0.33847175610025404,-0.34100274983258283,-0.34826002333978073,-0.29076870921082243
2.0,-0.33847175610025404,-0.18241840346827826,-0.25044142104298933,-0.1814679092358289
-1.0,-0.33847175610025404,-0.19251860651551989,-0.27666774267659033,-0.18760889624268798
-1.0,-0.33847175610025404,-0.25033543405267233,-0.319998976230188,-0.2484416388957757
1.0,-0.33847175610025404,-0.1831745336834671,-0.2451051464914611,-0.1623050400336723
-3.0,-0.33847175610025404,-0.16654171654368852,-0.2654757193239478,-0.20567624796681513
-3.0,-0.33847175610025404,-0.5118646817747796,-0.5111071888140486,-0.4450498773325653
-2.0,-0.42500799103882575,-0.3137876205348845,-0.38981341300517375,-0.2792298295372548
2.0,-0.42500799103882575,-0.22406261759497825,-0.32087286660090386,-0.21518668203546717
-1.0,-0.42500799103882575,-0.19333497309580314,-0.3346824735790985,-0.13318607632734936
-1.0,-0.42500799103882575,-0.26254436834502914,-0.37979037615626304,-0.20967208361358558
1.0,-0.42500799103882575,-0.19179237357727053,-0.3145215254931329,-0.19352010494912983
-3.0,-0.42500799103882575,-0.17446878460558088,-0.2961627442112391,-0.1588067961879232
-3.0,-0.42500799103882575,-0.5164842880417505,-0.5311815331677647,-0.3863640269360149
-2.0,-0.4418578448435149,-0.3137876205348845,-0.3271964654030751,-0.31630160294590265
2.0,-0.4418578448435149,-0.22406261759497825,-0.304592920317589,-0.21930743506192707
-1.0,-0.4418578448435149,-0.19333497309580314,-0.29267353180969363,-0.17736521893261467
-1.0,-0.4418578448435149,-0.26254436834502914,-0.3443041965517952,-0.25385122621885087
1.0,-0.4418578448435149,-0.19179237357727053,-0.2636180590686672,-0.20151110158770674
-3.0,-0.4418578448435149,-0.17446878460558088,-0.289161951347197,-0.1858417244543927
-3.0,-0.4418578448435149,-0.5164842880417505,-0.534308224303146,-0.4229742892655035
-2.0,-0.39475497282337935,-0.3137876205348845,-0.34776363493815543,-0.2964041276075584
2.0,-0.39475497282337935,-0.22406261759497825,-0.29097350255131055,-0.21518668203546717
-1.0,-0.39475497282337935,-0.19333497309580314,-0.3144174588214432,-0.2041008991709175
-1.0,-0.39475497282337935,-0.26254436834502914,-0.3405178034434274,-0.2805869064571536
1.0,-0.39475497282337935,-0.19179237357727053,-0.28462216144353963,-0.1922863984373978
-3.0,-0.39475497282337935,-0.17446878460558088,-0.28621801811990677,-0.24007505237193685
-3.0,-0.39475497282337935,-0.5164842880417505,-0.5086531718376651,-0.5501455023564535
-2.0,-0.3298987187688156,-0.35702790915737026,-0.2736795111498438,-0.3178563615836854
2.0,-0.3298987187688156,-0.21305123026211453,-0.20939566490027933,-0.20271724061191848
-1.0,-0.3298987187688156,-0.15724949303949926,-0.23588234233716324,-0.16583950288480295
-1.0,-0.3298987187688156,-0.24898833860080696,-0.27125548565395485,-0.2615280759960332
1.0,-0.3298987187688156,-0.1962208635047167,-0.23698394227829697,-0.1861218795086425
-3.0,-0.3298987187688156,-0.1559961325563088,-0.18388848233233795,-0.13537419573627846
-3.0,-0.3298987187688156,-0.4828457786050233,-0.4898791898271947,-0.44874198874631266
-2.0,-0.34879794386107604,-0.32636026745952323,-0.24929866647926668,-0.32208809234599567
2.0,-0.34879794386107604,-0.21541179645506253,-0.2021442327977982,-0.21869598963273953
-1.0,-0.34879794386107604,-0.15292707412641696,-0.20935969050410744,-0.1547675525920337
-1.0,-0.34879794386107604,-0.23881004146394275,-0.2421591829975934,-0.2546979064900586
1.0,-0.34879794386107604,-0.18321633400443002,-0.19708364491631727,-0.1867613697884844
-3.0,-0.34879794386107604,-0.15599268320412743,-0.17094434731122424,-0.13336324067880653
-3.0,-0.34879794386107604,-0.4896464172625637,-0.36560545765288244,-0.4921467872523134
-2.0,-0.3062000726897567,-0.33970301965726946,-0.23635273398725798,-0.2930256932088092
2.0,-0.3062000726897567,-0.20958470081386457,-0.2151774343699964,-0.19958455808311643
-1.0,-0.3062000726897567,-0.18798625462253013,-0.22208309692716763,-0.19482549969178461
-1.0,-0.3062000726897567,-0.2489966949733273,-0.24757365437967405,-0.27506856117825
1.0,-0.3062000726897567,-0.1892727756266915,-0.2118340741810316,-0.20640048049235915
-3.0,-0.3062000726897567,-0.13997141487960624,-0.1325291824742625,-0.1905334137719175
-3.0,-0.3062000726897567,-0.4918420949729245,-0.4363699271029214,-0.5193096737688452
-2.0,-0.3113297782322472,-0.3270291762151308,-0.33112405877170453,-0.22699780478510967
2.0,-0.3113297782322472,-0.18956521229989207,-0.19608408305149386,-0.18449244821585237
-1.0,-0.3113297782322472,-0.16482748640449205,-0.25678700419580947,-0.13383055163291088
-1.0,-0.3113297782322472,-0.2876238992406589,-0.29317056987553836,-0.2445704394115793
1.0,-0.3113297782322472,-0.20498256387100555,-0.21609710091774303,-0.14916712422629813
-3.0,-0.3113297782322472,-0.16051732394149656,-0.2883684653944129,-0.15088370946191218
-3.0,-0.3113297782322472,-0.4779195354733568,-0.5542212340190342,-0.43303029537068244
-2.0,-0.3455662633121845,-0.3137876205348845,-0.30258888860986216,-0.29393962211084923
2.0,-0.3455662633121845,-0.22406261759497825,-0.2502013442094074,-0.20681243884196207
-1.0,-0.3455662633121845,-0.19333497309580314,-0.2572434329805151,-0.20163639367420827
-1.0,-0.3455662633121845,-0.26254436834502914,-0.29246971071932987,-0.27812240096044444
1.0,-0.3455662633121845,-0.19179237357727053,-0.24385000310163624,-0.18982189294068857
-3.0,-0.3455662633121845,-0.17446878460558088,-0.3138485804975852,-0.21140908874272263
-3.0,-0.3455662633121845,-0.5164842880417505,-0.5854094643233307,-0.5282160537478443
-2.0,-0.3352337012900995,-0.3378468175928991,-0.38705140691699413,-0.3153294886283452
2.0,-0.3352337012900995,-0.195183191042963,-0.2020475930486381,-0.18203133521251966
-1.0,-0.3352337012900995,-0.17406839755309092,-0.28542455732969185,-0.18763932652198467
-1.0,-0.3352337012900995,-0.29559158595591983,-0.32536266941559966,-0.2535253434497179
1.0,-0.3352337012900995,-0.19530320078032176,-0.22982387559412737,-0.1713201912074171
-3.0,-0.3352337012900995,-0.17732236035189222,-0.30582244513139273,-0.211753854238516
-3.0,-0.3352337012900995,-0.4900034267543871,-0.5259480344831569,-0.46974070391888123
-2.0,-0.21872133225028184,-0.31158815518151817,-0.22397224770403362,-0.3024824145005871
2.0,-0.21872133225028184,-0.20231069622263267,-0.1441141096738254,-0.18678135558626843
-1.0,-0.21872133225028184,-0.1851569699490612,-0.19225635319838896,-0.15530697819429784
-1.0,-0.21872133225028184,-0.23652066523117282,-0.19499338610337388,-0.18947129787877465
1.0,-0.21872133225028184,-0.18375009206508136,-0.17251231581834264,-0.12958213930189874
-3.0,-0.21872133225028184,-0.1275740319380607,-0.08618438186559596,-0.07100493755728733
-3.0,-0.21872133225028184,-0.48755156826705764,-0.35465869657553184,-0.4130708885201748
-2.0,-0.20099638964594746,-0.34100274983258283,-0.23253206943039867,-0.33720262628490577
2.0,-0.20099638964594746,-0.18241840346827826,-0.1266641188143199,-0.15573258803519038
-1.0,-0.20099638964594746,-0.19251860651551989,-0.15393825487013854,-0.2260388631219508
-1.0,-0.20099638964594746,-0.25033543405267233,-0.18171479601075863,-0.24644954807661068
1.0,-0.20099638964594746,-0.1831745336834671,-0.11104669757377632,-0.20232517583320062
-3.0,-0.20099638964594746,-0.16654171654368852,-0.11674900658049323,-0.17268180427967064
-3.0,-0.20099638964594746,-0.5118646817747796,-0.3599906106469546,-0.5084464618047162
-2.0,-0.3407151679415862,-0.3037516093824591,-0.42343428937250316,-0.24271008749625586
2.0,-0.3407151679415862,-0.19714530463255772,-0.2525554603839773,-0.17343716547140925
-1.0,-0.3407151679415862,-0.14995573658876807,-0.35590579337834743,-0.17605025077467232
-1.0,-0.3407151679415862,-0.2421637606490695,-0.38516972568662644,-0.24447497664093526
1.0,-0.3407151679415862,-0.20223669630790558,-0.31416473898130826,-0.15507512404885676
-3.0,-0.3407151679415862,-0.14010456664235968,-0.3949950126084512,-0.2058291815322543
-3.0,-0.3407151679415862,-0.48567356997303485,-0.6131757536127806,-0.520154274488654
-2.0,-0.3515607497100644,-0.3037516093824591,-0.2966471680253297,-0.249255404795081
2.0,-0.3515607497100644,-0.19714530463255772,-0.21624578341952636,-0.17009601910898875
-1.0,-0.3515607497100644,-0.14995573658876807,-0.23127598543670658,-0.16192348342683785
-1.0,-0.3515607497100644,-0.2421637606490695,-0.2628632593971201,-0.22962536514156673
1.0,-0.3515607497100644,-0.20223669630790558,-0.2270098355425283,-0.18012977913400038
-3.0,-0.3515607497100644,-0.14010456664235968,-0.2849565193200948,-0.11663793180209538
-3.0,-0.3515607497100644,-0.48567356997303485,-0.5006620026900969,-0.426527143428107
-2.0,-0.39731181051475345,-0.32636026745952323,-0.27334619495925433,-0.3218859614032537
2.0,-0.39731181051475345,-0.21541179645506253,-0.19655159562209887,-0.2184938586899976
-1.0,-0.39731181051475345,-0.15292707412641696,-0.2019408290814536,-0.15456542164929177
-1.0,-0.39731181051475345,-0.23881004146394275,-0.23997058900015178,-0.24731841351900163
1.0,-0.39731181051475345,-0.18321633400443002,-0.18797840372913444,-0.18655923884574246
-3.0,-0.39731181051475345,-0.15599268320412743,-0.2328622246017045,-0.21691275589410297
-3.0,-0.39731181051475345,-0.4896464172625637,-0.5230918408322118,-0.49194465630957146
-1.0,-0.3370350818391204,-0.3264334957058,-0.2804375813022224,-0.3169290630782842
2.0,-0.3370350818391204,-0.17602100119652309,-0.17360258345891466,-0.1735943184804266
-2.0,-0.3370350818391204,-0.15263265423785505,-0.24875513143330436,-0.17750035967637634
1.0,-0.3370350818391204,-0.20273319972519135,-0.1788455077679192,-0.19332259438603663
2.0,-0.3370350818391204,-0.1730364419491037,-0.17555862813335515,-0.1580740849832687
-2.0,-0.3370350818391204,-0.15991813895683646,-0.2670330188363326,-0.1799405955666715
-1.0,-0.32102464263372116,-0.3264334957058,-0.2571891389892346,-0.3169290630782842
2.0,-0.32102464263372116,-0.17602100119652309,-0.11802392431470951,-0.1735943184804266
-2.0,-0.32102464263372116,-0.15263265423785505,-0.22859894461472616,-0.17750035967637634
1.0,-0.32102464263372116,-0.20273319972519135,-0.12326684862371404,-0.19332259438603663
2.0,-0.32102464263372116,-0.1730364419491037,-0.11997996898914998,-0.1580740849832687
-2.0,-0.32102464263372116,-0.15991813895683646,-0.2369247410480368,-0.1799405955666715
-1.0,-0.1636976760448689,-0.2869849870419346,-0.13888795930973735,-0.22441551703717508
2.0,-0.1636976760448689,-0.2015600761068295,-0.11411461242981492,-0.1904873002188943
-2.0,-0.1636976760448689,-0.13620215493685447,-0.14577485563714337,-0.11930810877942567
1.0,-0.1636976760448689,-0.21481632579343907,-0.109196891297691,-0.1964858559294164
2.0,-0.1636976760448689,-0.197232960221341,-0.11411461242981492,-0.16746803099925728
-2.0,-0.1636976760448689,-0.1673736254729198,-0.20383792800023218,-0.1373647224698207
-1.0,-0.25535861279667543,-0.3225992317148467,-0.26381786450124994,-0.3228762126069505
2.0,-0.25535861279667543,-0.1983197715745877,-0.08555917094223199,-0.1581520744659627
-2.0,-0.25535861279667543,-0.12739392062167634,-0.13225303557779938,-0.10620365838558925
1.0,-0.25535861279667543,-0.2297486474445382,-0.08587273326561416,-0.21845522547468205
2.0,-0.25535861279667543,-0.18324126559642895,-0.09335540757280791,-0.17639137974338892
-2.0,-0.25535861279667543,-0.1313497781089643,-0.24688527854732675,-0.11510316925757157
-1.0,-0.24501460311309065,-0.3479587223522125,-0.3252724369626562,-0.32449174202656317
2.0,-0.24501460311309065,-0.2004300813710921,-0.1825323874357162,-0.19532573246061397
-2.0,-0.24501460311309065,-0.15942972565868402,-0.2236084885105711,-0.13608020049411435
1.0,-0.24501460311309065,-0.22687714593393477,-0.1898023566878473,-0.21305922796969634
2.0,-0.24501460311309065,-0.21073158788492316,-0.20207022288054147,-0.21788021899631888
-2.0,-0.24501460311309065,-0.17051295286036,-0.20436813296828363,-0.17985658047261308
-1.0,-0.1991959520165845,-0.3275840104192082,-0.2009773403866257,-0.33983884406758347
2.0,-0.1991959520165845,-0.20743907191664535,-0.027082333513694122,-0.1894444571086096
-2.0,-0.1991959520165845,-0.14497885650382084,-0.041343444213262734,-0.2181676038316046
1.0,-0.1991959520165845,-0.2360202899879557,-0.05223456101229919,-0.28886242606966717
2.0,-0.1991959520165845,-0.17709629705990682,-0.04860917614637762,-0.14233211554071848
-2.0,-0.1991959520165845,-0.1456320540271592,-0.007367484082300733,-0.2106872291429469
-1.0,-0.40634737935065723,-0.2869849870419346,-0.2096693949827289,-0.2331191462264184
2.0,-0.40634737935065723,-0.2015600761068295,-0.15749212452408998,-0.19919092940813768
-2.0,-0.40634737935065723,-0.13620215493685447,-0.2388502130618517,-0.12801173796866905
1.0,-0.40634737935065723,-0.21481632579343907,-0.16754767469218068,-0.20518948511865975
2.0,-0.40634737935065723,-0.197232960221341,-0.15749212452408998,-0.17617166018850067
-2.0,-0.40634737935065723,-0.1673736254729198,-0.2598077465298176,-0.12411243468977295
-1.0,-0.3840026689227136,-0.31753607362939523,-0.24982270080254426,-0.303306201428674
2.0,-0.3840026689227136,-0.1881375923355009,-0.14582866051516097,-0.19015704363602232
-2.0,-0.3840026689227136,-0.14676270605331593,-0.2357980480207754,-0.16466553091218414
1.0,-0.3840026689227136,-0.22807081692417433,-0.15925147704874254,-0.2172255410125668
2.0,-0.3840026689227136,-0.17864659413828385,-0.14555124382108736,-0.19016463252377816
-2.0,-0.3840026689227136,-0.1547818435682917,-0.26330211301016204,-0.14663691537893886
-1.0,-0.3750710122499467,-0.3225992317148467,-0.24883724134725524,-0.3005085272052552
2.0,-0.3750710122499467,-0.1983197715745877,-0.196779341267084,-0.20108179853735797
-2.0,-0.3750710122499467,-0.12739392062167634,-0.1714140601582624,-0.13357941773013085
1.0,-0.3750710122499467,-0.2297486474445382,-0.1839625901407452,-0.23269652980739783
2.0,-0.3750710122499467,-0.18324126559642895,-0.19826403965719633,-0.16824757908012425
-2.0,-0.3750710122499467,-0.1313497781089643,-0.16271861136884155,-0.16043286350248726
-1.0,-0.36288552544307345,-0.2884784196897075,-0.27401906960094,-0.2834858442850937
2.0,-0.36288552544307345,-0.19382193837304448,-0.25202245886652436,-0.2368867767368112
-2.0,-0.36288552544307345,-0.1672971480030847,-0.255584741627267,-0.2141697050897574
1.0,-0.36288552544307345,-0.2237801821288305,-0.25647607452430243,-0.2535530212058052
2.0,-0.36288552544307345,-0.20190338375610714,-0.25647607452430243,-0.2503978426996959
-2.0,-0.36288552544307345,-0.15255083082871457,-0.2496949738973496,-0.18462856807401642
-1.0,-0.32360602269601313,-0.3225992317148467,-0.3431078562714628,-0.2735085691887872
2.0,-0.32360602269601313,-0.1983197715745877,-0.3091703066412081,-0.1926862325574465
-2.0,-0.32360602269601313,-0.12739392062167634,-0.2999050809049146,-0.19854997515688905
1.0,-0.32360602269601313,-0.2297486474445382,-0.3125211253081494,-0.20122281414638105
2.0,-0.32360602269601313,-0.18324126559642895,-0.315252766381983,-0.18761529106257552
-2.0,-0.32360602269601313,-0.1313497781089643,-0.2405638069913002,-0.22895416665564378
-1.0,-0.24986955109341438,-0.33419631125258803,-0.2831040830311012,-0.3216743341193183
2.0,-0.24986955109341438,-0.1854452399308388,-0.12607277880088238,-0.18861969004267945
-2.0,-0.24986955109341438,-0.13576403476064278,-0.14558746431599082,-0.12872961628873844
1.0,-0.24986955109341438,-0.20977897448485344,-0.12571842834959301,-0.16767583021390553
2.0,-0.24986955109341438,-0.20401549591745521,-0.12256531762732228,-0.17400549993853237
-2.0,-0.24986955109341438,-0.1384996859727366,-0.1302339003842962,-0.13497694802703866
-1.0,-0.228324452676983,-0.29724783992745113,-0.3443092399500617,-0.24942237662728897
2.0,-0.228324452676983,-0.19382668195967842,-0.268467722507062,-0.17655514075202003
-2.0,-0.228324452676983,-0.12032047161324418,-0.28754845388180467,-0.15411141295171427
1.0,-0.228324452676983,-0.21307755168454456,-0.288758010137628,-0.22083279705653125
2.0,-0.228324452676983,-0.20165852134739287,-0.27422809376303897,-0.20289506502347168
-2.0,-0.228324452676983,-0.19261195863450883,-0.3020342702833787,-0.1967718328243726
-1.0,-0.20679859280521218,-0.2837483744861102,-0.16424428299622038,-0.29553338594956097
2.0,-0.20679859280521218,-0.1873710530326003,-0.09621375039779559,-0.22084509349016412
-2.0,-0.20679859280521218,-0.13743211638806185,-0.08293578034445595,-0.1674362824255447
1.0,-0.20679859280521218,-0.2433141983477833,-0.10440983111699309,-0.22672527302583462
2.0,-0.20679859280521218,-0.1773245355062248,-0.10390173916151785,-0.19819037771091885
-2.0,-0.20679859280521218,-0.14556400773534656,-0.09595558703368438,-0.1491284317234751
-1.0,-0.14770030356370475,-0.3479587223522125,-0.346960353326312,-0.2816015923805024
2.0,-0.14770030356370475,-0.2004300813710921,-0.2659160052870981,-0.2047119990529975
-2.0,-0.14770030356370475,-0.15942972565868402,-0.2585245877432192,-0.20898571519483822
1.0,-0.14770030356370475,-0.22687714593393477,-0.27318597453922916,-0.2224454945620799
2.0,-0.14770030356370475,-0.21073158788492316,-0.27129342256251215,-0.211933576237429
-2.0,-0.14770030356370475,-0.17051295286036,-0.233708048878143,-0.17701057898046477
-1.0,-0.21839513509494698,-0.29724783992745113,-0.19217297819630036,-0.33760190973899046
2.0,-0.21839513509494698,-0.19382668195967842,-0.125412429618781,-0.16103512137685558
-2.0,-0.21839513509494698,-0.12032047161324418,-0.074611555959228,-0.11519759465466847
1.0,-0.21839513509494698,-0.21307755168454456,-0.13820334473770843,-0.22410502473956948
2.0,-0.21839513509494698,-0.20165852134739287,-0.12758766680471287,-0.19489801424679973
-2.0,-0.21839513509494698,-0.19261195863450883,-0.15614898448478481,-0.2083811185559158
-1.0,-0.09554797087820503,-0.3479587223522125,-0.25678699463253346,-0.3383893790321061
2.0,-0.09554797087820503,-0.2004300813710921,-0.1730273081199818,-0.20400799145866705
-2.0,-0.09554797087820503,-0.15942972565868402,-0.23534973154588673,-0.15115735516807186
1.0,-0.09554797087820503,-0.22687714593393477,-0.1802972773721129,-0.22174148696774942
2.0,-0.09554797087820503,-0.21073158788492316,-0.18504152545596195,-0.22656247799437196
-2.0,-0.09554797087820503,-0.17051295286036,-0.258438789181684,-0.19585680986224768
-1.0,-0.09458916522945823,-0.31753607362939523,-0.21699885224901228,-0.2987654174034342
2.0,-0.09458916522945823,-0.1881375923355009,-0.1160399591171609,-0.1952453020720335
-2.0,-0.09458916522945823,-0.14676270605331593,-0.17495847180056004,-0.12756531046691177
1.0,-0.09458916522945823,-0.22807081692417433,-0.1300388640924338,-0.23529759579395035
2.0,-0.09458916522945823,-0.17864659413828385,-0.11633863086477864,-0.19253209455907364
-2.0,-0.09458916522945823,-0.1547818435682917,-0.1084406645979142,-0.13593968938823797
-1.0,-0.14283850003242549,-0.2837483744861102,-0.1663592592686554,-0.29553338594956097
2.0,-0.14283850003242549,-0.1873710530326003,-0.13519665700490135,-0.22084509349016412
-2.0,-0.14283850003242549,-0.13743211638806185,-0.07040097659913429,-0.1674362824255447
1.0,-0.14283850003242549,-0.2433141983477833,-0.14930694703366468,-0.22672527302583462
2.0,-0.14283850003242549,-0.1773245355062248,-0.13841489759433773,-0.19819037771091885
-2.0,-0.14283850003242549,-0.14556400773534656,-0.08312837950149596,-0.1491284317234751
-1.0,-0.1797318866551286,-0.33419631125258803,-0.28721209742896187,-0.3278768195196661
2.0,-0.1797318866551286,-0.1854452399308388,-0.18948477478342368,-0.17995061712057292
-2.0,-0.1797318866551286,-0.13576403476064278,-0.14040005309606043,-0.13491067563134587
1.0,-0.1797318866551286,-0.20977897448485344,-0.18304653767890924,-0.1932329705055266
2.0,-0.1797318866551286,-0.20401549591745521,-0.18597731360986358,-0.21309153137444323
-2.0,-0.1797318866551286,-0.1384996859727366,-0.13689148076049906,-0.1511675008316139
-1.0,-0.18497751846262808,-0.2869849870419346,-0.15551145088235874,-0.33458831661371197
2.0,-0.18497751846262808,-0.2015600761068295,-0.11450751257114192,-0.15747387839205942
-2.0,-0.18497751846262808,-0.13620215493685447,-0.1065688309276199,-0.14355327085095027
1.0,-0.18497751846262808,-0.21481632579343907,-0.12456306273923262,-0.2234828999649306
2.0,-0.18497751846262808,-0.197232960221341,-0.11450751257114192,-0.22756990415258357
-2.0,-0.18497751846262808,-0.1673736254729198,-0.09184589887430804,-0.17836885995417323
-1.0,-0.1403925176631886,-0.2884784196897075,-0.1655674991932026,-0.345999456223113
2.0,-0.1403925176631886,-0.19382193837304448,-0.09636817075872169,-0.21596961054113467
-2.0,-0.1403925176631886,-0.1672971480030847,-0.1433327559392146,-0.18263287250709065
1.0,-0.1403925176631886,-0.2237801821288305,-0.09187245222552083,-0.2122377283158015
2.0,-0.1403925176631886,-0.20190338375610714,-0.09187245222552083,-0.23480863898230678
-2.0,-0.1403925176631886,-0.15255083082871457,-0.11319800074169399,-0.1647462493793621
-1.0,-0.03568529878110543,-0.2884784196897075,-0.17663264394342218,-0.39556953733260397
2.0,-0.03568529878110543,-0.19382193837304448,-0.1414597070695856,-0.30434458755310867
-2.0,-0.03568529878110543,-0.1672971480030847,-0.16155126513336857,-0.23220295361658166
1.0,-0.03568529878110543,-0.2237801821288305,-0.14114684639811526,-0.25185372605592415
2.0,-0.03568529878110543,-0.20190338375610714,-0.14114684639811526,-0.315959673900511
-2.0,-0.03568529878110543,-0.15255083082871457,-0.12368919840848491,-0.21431633048885312
-1.0,-0.025881917530428677,-0.2869849870419346,-0.16396777735860363,-0.28395246212581216
2.0,-0.025881917530428677,-0.2015600761068295,-0.12130803701138901,-0.14816422872392748
-2.0,-0.025881917530428677,-0.13620215493685447,-0.0956472117657966,-0.11357977151052719
1.0,-0.025881917530428677,-0.21481632579343907,-0.11639031587926504,-0.1918197412347034
2.0,-0.025881917530428677,-0.197232960221341,-0.12618446797072191,-0.18250329936564558
-2.0,-0.025881917530428677,-0.1673736254729198,-0.096143504622988,-0.14659104882239093
-1.0,-0.07724875295172923,-0.33419631125258803,-0.2030863133205768,-0.37227400535826405
2.0,-0.07724875295172923,-0.1854452399308388,-0.09057518567938472,-0.2366797150355157
-2.0,-0.07724875295172923,-0.13576403476064278,-0.09113801424617878,-0.14539945287772085
1.0,-0.07724875295172923,-0.20977897448485344,-0.0898631540029271,-0.28730122483922244
2.0,-0.07724875295172923,-0.20401549591745521,-0.10705606162791317,-0.3307035714596653
-2.0,-0.07724875295172923,-0.1384996859727366,-0.036382795126106635,-0.15110843999117082
-1.0,-0.11548554720003658,-0.33419631125258803,-0.26408340250997414,-0.32395122262389064
2.0,-0.11548554720003658,-0.1854452399308388,-0.15736364117500437,-0.19089657854725184
-2.0,-0.11548554720003658,-0.13576403476064278,-0.1435093601791111,-0.13140273156866591
1.0,-0.11548554720003658,-0.20977897448485344,-0.16099217741720384,-0.16995271871847792
2.0,-0.11548554720003658,-0.20401549591745521,-0.172154274346017,-0.17628238844310476
-2.0,-0.11548554720003658,-0.1384996859727366,-0.09231588996862326,-0.1472419039358385
-1.0,-0.13663265097237381,-0.3479587223522125,-0.18391140642791404,-0.2767382328905864
2.0,-0.13663265097237381,-0.2004300813710921,-0.11506858528920244,-0.20044560166341685
-2.0,-0.13663265097237381,-0.15942972565868402,-0.11824295514654933,-0.11876120371197013
1.0,-0.13663265097237381,-0.22687714593393477,-0.12233855454133348,-0.20280542881698937
2.0,-0.13663265097237381,-0.21073158788492316,-0.12708280262518246,-0.21711823973945846
-2.0,-0.13663265097237381,-0.17051295286036,-0.10680505806962828,-0.134792499526517
-1.0,-0.16537054356721864,-0.3225992317148467,-0.24779730084850965,-0.2808072720779729
2.0,-0.16537054356721864,-0.1983197715745877,-0.21055948535955257,-0.18318902999251954
-2.0,-0.16537054356721864,-0.12739392062167634,-0.1664894443169505,-0.11396191413200345
1.0,-0.16537054356721864,-0.2297486474445382,-0.22010833338787483,-0.2129952746801155
2.0,-0.16537054356721864,-0.18324126559642895,-0.21451848859239864,-0.23302853279129213
-2.0,-0.16537054356721864,-0.1313497781089643,-0.19411359496479633,-0.13642235567863806
-1.0,-0.13499158152396643,-0.3264334957058,-0.2411580445015818,-0.35057365191301526
2.0,-0.13499158152396643,-0.17602100119652309,-0.12454323411135196,-0.19217335342188632
-2.0,-0.13499158152396643,-0.15263265423785505,-0.1502270545865154,-0.1556204683612695
1.0,-0.13499158152396643,-0.20273319972519135,-0.12362171221547044,-0.227728204059683
2.0,-0.13499158152396643,-0.1730364419491037,-0.12033483258090644,-0.1955247038741128
-2.0,-0.13499158152396643,-0.15991813895683646,-0.11730077979404421,-0.17489733139827032
-1.0,-0.27001652046959423,-0.33419631125258803,-0.23171110458556365,-0.3216743341193183
2.0,-0.27001652046959423,-0.1854452399308388,-0.17694245773730138,-0.18861969004267945
-2.0,-0.27001652046959423,-0.13576403476064278,-0.19436263083941163,-0.12872961628873844
1.0,-0.27001652046959423,-0.20977897448485344,-0.1434136499024334,-0.15463780358086573
2.0,-0.27001652046959423,-0.20401549591745521,-0.17343499656374126,-0.17400549993853237
-2.0,-0.27001652046959423,-0.1384996859727366,-0.16103764818058153,-0.13497694802703866
-1.0,-0.0773689490723039,-0.3225992317148467,-0.3038771536362949,-0.2740513674141032
2.0,-0.0773689490723039,-0.1983197715745877,-0.17727583147259532,-0.1932290307827625
-2.0,-0.0773689490723039,-0.12739392062167634,-0.1767699348504818,-0.18340265535151223
1.0,-0.0773689490723039,-0.2297486474445382,-0.1838436645342341,-0.1976703659094862
2.0,-0.0773689490723039,-0.18324126559642895,-0.17482576844486958,-0.18815808928789152
-2.0,-0.0773689490723039,-0.1313497781089643,-0.1775913549354122,-0.1132350060133557
-1.0,-0.08882036226367365,-0.2869849870419346,-0.21611371432191825,-0.25198767962423757
2.0,-0.08882036226367365,-0.2015600761068295,-0.13920626873854922,-0.16585128196156027
-2.0,-0.08882036226367365,-0.13620215493685447,-0.21245126275777443,-0.0998886701107283
1.0,-0.08882036226367365,-0.21481632579343907,-0.13428854760642525,-0.20390422345998152
2.0,-0.08882036226367365,-0.197232960221341,-0.13920626873854922,-0.16071528814315655
-2.0,-0.08882036226367365,-0.1673736254729198,-0.14334544882685135,-0.13865267200661166
-1.0,-0.1032227221070955,-0.2869849870419346,-0.25874560691061266,-0.23168671102524388
2.0,-0.1032227221070955,-0.2015600761068295,-0.22274356520352498,-0.20620397936735183
-2.0,-0.1032227221070955,-0.13620215493685447,-0.279283309033651,-0.12801173796866905
1.0,-0.1032227221070955,-0.21481632579343907,-0.18494618312874866,-0.2040735229061436
2.0,-0.1032227221070955,-0.197232960221341,-0.20298655222291148,-0.18318471014771476
-2.0,-0.1032227221070955,-0.1673736254729198,-0.21053431005380627,-0.11576844692578267
-1.0,-0.1020375845382244,-0.2869849870419346,-0.2359060159453311,-0.23168671102524388
2.0,-0.1020375845382244,-0.2015600761068295,-0.18725569828606237,-0.20620397936735183
-2.0,-0.1020375845382244,-0.13620215493685447,-0.22964064971816658,-0.1742723032101619
1.0,-0.1020375845382244,-0.21481632579343907,-0.1821386959386965,-0.2040735229061436
2.0,-0.1020375845382244,-0.197232960221341,-0.1829759873593571,-0.18318471014771476
-2.0,-0.1020375845382244,-0.1673736254729198,-0.2610045060945026,-0.12103102986254899
-1.0,-0.17246111143169984,-0.3264334957058,-0.20736013221394808,-0.36681241200219555
2.0,-0.17246111143169984,-0.17602100119652309,-0.08913386684873256,-0.17513529652323023
-2.0,-0.17246111143169984,-0.15263265423785505,-0.16597701193194353,-0.16737601384908368
1.0,-0.17246111143169984,-0.20273319972519135,-0.10734970935620872,-0.23035941296616858
2.0,-0.17246111143169984,-0.1730364419491037,-0.094187932547065,-0.17848664697545671
-2.0,-0.17246111143169984,-0.15991813895683646,-0.111531279242305,-0.19113609148745067
-1.0,-0.23442291300436296,-0.33419631125258803,-0.2616266321564247,-0.31539553920074126
2.0,-0.23442291300436296,-0.1854452399308388,-0.13950942589717238,-0.18861969004267945
-2.0,-0.23442291300436296,-0.13576403476064278,-0.2457515925370053,-0.12551326578159436
1.0,-0.23442291300436296,-0.20977897448485344,-0.14523502167710084,-0.1706469301677841
2.0,-0.23442291300436296,-0.20401549591745521,-0.1417281701516691,-0.17400549993853237
-2.0,-0.23442291300436296,-0.1384996859727366,-0.1742303242508061,-0.12869815310846155
-1.0,-0.2903114462938764,-0.2869849870419346,-0.22652654910931408,-0.23092541905473793
2.0,-0.2903114462938764,-0.2015600761068295,-0.16075485566219438,-0.1969972022364572
-2.0,-0.2903114462938764,-0.13620215493685447,-0.176989761800473,-0.12581801079698857
1.0,-0.2903114462938764,-0.21481632579343907,-0.1708104058302851,-0.20299575794697924
2.0,-0.2903114462938764,-0.197232960221341,-0.16075485566219438,-0.17397793301682013
-2.0,-0.2903114462938764,-0.1673736254729198,-0.16348574000607125,-0.12191870751809245
-1.0,-0.19230158804319483,-0.33419631125258803,-0.23566549584702234,-0.3102182201958138
2.0,-0.19230158804319483,-0.1854452399308388,-0.1781637739246118,-0.18780775325750557
-2.0,-0.19230158804319483,-0.13576403476064278,-0.2401659994399192,-0.1693740712797161
1.0,-0.19230158804319483,-0.20977897448485344,-0.1745761444916802,-0.1778673076158085
2.0,-0.19230158804319483,-0.20401549591745521,-0.1746563127510517,-0.17817304612700477
-2.0,-0.19230158804319483,-0.1384996859727366,-0.22610647183318003,-0.13698111490014375
-1.0,-0.3224095223247867,-0.3225992317148467,-0.38432870346995995,-0.2702041031123875
2.0,-0.3224095223247867,-0.1983197715745877,-0.3072786501082579,-0.1779657017240984
-2.0,-0.3224095223247867,-0.12739392062167634,-0.3131365089771629,-0.22436990049189665
1.0,-0.3224095223247867,-0.2297486474445382,-0.33368047014983665,-0.24659111467410622
2.0,-0.3224095223247867,-0.18324126559642895,-0.31517241475894203,-0.16959029415282778
-2.0,-0.3224095223247867,-0.1313497781089643,-0.2958825851363158,-0.048535346796307
-1.0,-0.21700663021304678,-0.2884784196897075,-0.2739198641342228,-0.26938858770546603
2.0,-0.21700663021304678,-0.19382193837304448,-0.2377255462166174,-0.20639629368153922
-2.0,-0.21700663021304678,-0.1672971480030847,-0.3013117268552932,-0.18390867886966197
1.0,-0.21700663021304678,-0.2237801821288305,-0.23100667806902025,-0.22820889458889043
2.0,-0.21700663021304678,-0.20190338375610714,-0.24217916187439545,-0.22505371608278119
-2.0,-0.21700663021304678,-0.15255083082871457,-0.24524225592408416,-0.15951389829227822
-1.0,-0.17147116970091347,-0.3275840104192082,-0.21983645523050266,-0.3206666078027475
2.0,-0.17147116970091347,-0.20743907191664535,-0.17534076138854082,-0.18950981754329602
-2.0,-0.17147116970091347,-0.14497885650382084,-0.19627675778497936,-0.15606663478056168
1.0,-0.17147116970091347,-0.2360202899879557,-0.15331652935551274,-0.22443305384617543
2.0,-0.17147116970091347,-0.17709629705990682,-0.11449397612226503,-0.18943593620691082
-2.0,-0.17147116970091347,-0.1456320540271592,-0.1168546703798177,-0.14594197438310483
-1.0,-0.15731567797633497,-0.3225992317148467,-0.21419476724235814,-0.2868794123099264
2.0,-0.15731567797633497,-0.1983197715745877,-0.2051093227139324,-0.18745268364202908
-2.0,-0.15731567797633497,-0.12739392062167634,-0.18438577791833294,-0.1692294561647776
1.0,-0.15731567797633497,-0.2297486474445382,-0.2147358320583112,-0.21906741491206894
2.0,-0.15731567797633497,-0.18324126559642895,-0.21684032076234636,-0.17729058463864136
-2.0,-0.15731567797633497,-0.1313497781089643,-0.19817318280165505,-0.14096878268994742
-1.0,-0.15406758161387793,-0.33419631125258803,-0.24011155854161428,-0.3216743341193183
2.0,-0.15406758161387793,-0.1854452399308388,-0.13386553734886916,-0.18861969004267945
-2.0,-0.15406758161387793,-0.13576403476064278,-0.09998158462480178,-0.12872961628873844
1.0,-0.15406758161387793,-0.20977897448485344,-0.13351118689757976,-0.16767583021390553
2.0,-0.15406758161387793,-0.20401549591745521,-0.13035807617530906,-0.17400549993853237
-2.0,-0.15406758161387793,-0.1384996859727366,-0.08768657716267954,-0.1371221738283961
-1.0,-0.17515768767232867,-0.3275840104192082,-0.2921112115887439,-0.31507307028256537
2.0,-0.17515768767232867,-0.20743907191664535,-0.2532322638190134,-0.17193797061011476
-2.0,-0.17515768767232867,-0.14497885650382084,-0.2548647751455781,-0.08839851100489436
1.0,-0.17515768767232867,-0.2360202899879557,-0.2450030049324739,-0.21565915108879471
2.0,-0.17515768767232867,-0.17709629705990682,-0.2237042463109935,-0.1784887596368569
-2.0,-0.17515768767232867,-0.1456320540271592,-0.20988247047617453,-0.11944255293848437
-1.0,-0.4970482339263604,-0.3225992317148467,-0.33893702602121895,-0.2702041031123875
2.0,-0.4970482339263604,-0.1983197715745877,-0.2466535104690979,-0.20109405602911432
-2.0,-0.4970482339263604,-0.12739392062167634,-0.32437744713179656,-0.22436990049189665
1.0,-0.4970482339263604,-0.2297486474445382,-0.2749983218226589,-0.25410675140050715
2.0,-0.4970482339263604,-0.18324126559642895,-0.2545472751197821,-0.1927186484578437
-2.0,-0.4970482339263604,-0.1313497781089643,-0.38739485088837255,-0.22737768080245335
-1.0,-0.133355641402387,-0.2837483744861102,-0.16247212016526064,-0.2369576984462112
2.0,-0.133355641402387,-0.1873710530326003,-0.10769297879000453,-0.20517863518293578
-2.0,-0.133355641402387,-0.13743211638806185,-0.09733467765644598,-0.15884131890790362
1.0,-0.133355641402387,-0.2433141983477833,-0.13191041426059108,-0.20875915044995044
2.0,-0.133355641402387,-0.1773245355062248,-0.12638166009653218,-0.1731527603454474
-2.0,-0.133355641402387,-0.14556400773534656,-0.07059996888816829,-0.15798745763905805
-1.0,-0.231207403364047,-0.2837483744861102,-0.23048342992744744,-0.289938364967249
2.0,-0.231207403364047,-0.1873710530326003,-0.19824259369331626,-0.18538651720547847
-2.0,-0.231207403364047,-0.13743211638806185,-0.18804738765120826,-0.1333675127329215
1.0,-0.231207403364047,-0.2433141983477833,-0.21601447406050475,-0.22270091038425624
2.0,-0.231207403364047,-0.1773245355062248,-0.2051224246211778,-0.17925798147867283
-2.0,-0.231207403364047,-0.14556400773534656,-0.14778774724465957,-0.12495479045413824
-1.0,-0.25055353352294846,-0.31753607362939523,-0.2669323647742917,-0.2987654174034342
2.0,-0.25055353352294846,-0.1881375923355009,-0.18668496668339687,-0.1952453020720335
-2.0,-0.25055353352294846,-0.14676270605331593,-0.181344561596685,-0.12756531046691177
1.0,-0.25055353352294846,-0.22807081692417433,-0.18877298926548816,-0.23801839219466606
2.0,-0.25055353352294846,-0.17864659413828385,-0.17507275603783298,-0.19525289095978934
-2.0,-0.25055353352294846,-0.1547818435682917,-0.18708561547070393,-0.1428385634332051
-1.0,-0.22541963353112077,-0.33419631125258803,-0.24511304366690032,-0.32395122262389064
2.0,-0.22541963353112077,-0.1854452399308388,-0.13756179060265664,-0.19089657854725184
-2.0,-0.22541963353112077,-0.13576403476064278,-0.20728438477588207,-0.13140273156866591
1.0,-0.22541963353112077,-0.20977897448485344,-0.13720744015136724,-0.16995271871847792
2.0,-0.22541963353112077,-0.20401549591745521,-0.13405432942909654,-0.17628238844310476
-2.0,-0.22541963353112077,-0.1384996859727366,-0.1296389696897529,-0.1472419039358385
-1.0,-0.22318144156575048,-0.29724783992745113,-0.24873939132481204,-0.3050051161689044
2.0,-0.22318144156575048,-0.19382668195967842,-0.1899426001489687,-0.18396723680733273
-2.0,-0.22318144156575048,-0.12032047161324418,-0.24640086423974206,-0.15945719803467412
1.0,-0.22318144156575048,-0.21307755168454456,-0.20460256140697183,-0.23014716483699457
2.0,-0.22318144156575048,-0.20165852134739287,-0.19398688347397627,-0.1733724946006715
-2.0,-0.22318144156575048,-0.19261195863450883,-0.20144253011633106,-0.20649885439428686
-1.0,-0.15459824949741063,-0.2837483744861102,-0.0923705116648202,-0.2982373393697133
2.0,-0.15459824949741063,-0.1873710530326003,-0.030524460928043427,-0.2924972280952109
-2.0,-0.15459824949741063,-0.13743211638806185,-0.09616372564971379,-0.2468697517281531
1.0,-0.15459824949741063,-0.2433141983477833,-0.039199113853710416,-0.24834277740111402
2.0,-0.15459824949741063,-0.1773245355062248,-0.03374270151747986,-0.20914945954175154
-2.0,-0.15459824949741063,-0.14556400773534656,-0.015566294412221708,-0.23905500828343804
-1.0,-0.15461410775377757,-0.2837483744861102,-0.17666558668404628,-0.2369576984462112
2.0,-0.15461410775377757,-0.1873710530326003,-0.12573475984903204,-0.20517863518293578
-2.0,-0.15461410775377757,-0.13743211638806185,-0.08166360878958918,-0.15884131890790362
1.0,-0.15461410775377757,-0.2433141983477833,-0.12436845203308144,-0.20875915044995044
2.0,-0.15461410775377757,-0.1773245355062248,-0.12895300043846847,-0.1731527603454474
-2.0,-0.15461410775377757,-0.14556400773534656,-0.10043448729406013,-0.15798745763905805
-1.0,-0.20049776282149095,-0.33419631125258803,-0.26149020700436104,-0.3216743341193183
2.0,-0.20049776282149095,-0.1854452399308388,-0.13497406168813758,-0.18861969004267945
-2.0,-0.20049776282149095,-0.13576403476064278,-0.1674179475410006,-0.12872961628873844
1.0,-0.20049776282149095,-0.20977897448485344,-0.12853582458362314,-0.15463780358086573
2.0,-0.20049776282149095,-0.20401549591745521,-0.13146660051457748,-0.17400549993853237
-2.0,-0.20049776282149095,-0.1384996859727366,-0.09787385534763507,-0.13497694802703866
-1.0,-0.23491203922873174,-0.3225992317148467,-0.2742308203697316,-0.32893452473188495
2.0,-0.23491203922873174,-0.1983197715745877,-0.17510995590614276,-0.17334069782214298
-2.0,-0.23491203922873174,-0.12739392062167634,-0.17656523264859647,-0.1410768775006051
1.0,-0.23491203922873174,-0.2297486474445382,-0.17723969380123017,-0.22419055916550373
2.0,-0.23491203922873174,-0.18324126559642895,-0.180880264048898,-0.18622973773591825
-2.0,-0.23491203922873174,-0.1313497781089643,-0.12900846381096265,-0.15850065305731412
-1.0,-0.1985681692029386,-0.2884784196897075,-0.19095727583209332,-0.345999456223113
2.0,-0.1985681692029386,-0.19382193837304448,-0.1324549500570367,-0.21596961054113467
-2.0,-0.1985681692029386,-0.1672971480030847,-0.16599055685929984,-0.18263287250709065
1.0,-0.1985681692029386,-0.2237801821288305,-0.13272570785308424,-0.20228364494643314
2.0,-0.1985681692029386,-0.20190338375610714,-0.13272570785308424,-0.23480863898230678
-2.0,-0.1985681692029386,-0.15255083082871457,-0.09776141764323498,-0.1647462493793621
-1.0,-0.23322535866565347,-0.3264334957058,-0.25473834325067557,-0.3169290630782842
2.0,-0.23322535866565347,-0.17602100119652309,-0.16802133785146198,-0.1735943184804266
-2.0,-0.23322535866565347,-0.15263265423785505,-0.15950189965496095,-0.12339070730275799
1.0,-0.23322535866565347,-0.20273319972519135,-0.17019783697947244,-0.19332259438603663
2.0,-0.23322535866565347,-0.1730364419491037,-0.1669109573449084,-0.1580740849832687
-2.0,-0.23322535866565347,-0.15991813895683646,-0.13650627798262302,-0.12980889176055457
-1.0,-0.34455486840610416,-0.2837483744861102,-0.269720879719786,-0.2743786084437195
2.0,-0.34455486840610416,-0.1873710530326003,-0.1735281069567608,-0.1645669228891171
-2.0,-0.34455486840610416,-0.13743211638806185,-0.18509478320206196,-0.1125479184165602
1.0,-0.34455486840610416,-0.2433141983477833,-0.18632743655266973,-0.20190698002484134
2.0,-0.34455486840610416,-0.1773245355062248,-0.18087102421643914,-0.15843838716231146
-2.0,-0.34455486840610416,-0.14556400773534656,-0.1970109568916319,-0.10413519613777689
-1.0,-0.3157874516860044,-0.29724783992745113,-0.27879235573393424,-0.3240969270123718
2.0,-0.3157874516860044,-0.19382668195967842,-0.21292643327304153,-0.18028214584515453
-2.0,-0.3157874516860044,-0.12032047161324418,-0.2014379775681578,-0.12434694888669456
1.0,-0.3157874516860044,-0.21307755168454456,-0.19221310275326822,-0.23014716483699457
2.0,-0.3157874516860044,-0.20165852134739287,-0.203899117688657,-0.25095871460685604
-2.0,-0.3157874516860044,-0.19261195863450883,-0.22359874536596538,-0.20369024127601337
-1.0,-0.32231671354783836,-0.29724783992745113,-0.18140618146703105,-0.33760190973899046
2.0,-0.32231671354783836,-0.19382668195967842,-0.1035585383331709,-0.17424000574772944
-2.0,-0.32231671354783836,-0.12032047161324418,-0.15792969881925634,-0.11519759465466847
1.0,-0.32231671354783836,-0.21307755168454456,-0.1391521106820436,-0.22410502473956948
2.0,-0.32231671354783836,-0.20165852134739287,-0.12676712312011587,-0.2449165745094311
-2.0,-0.32231671354783836,-0.19261195863450883,-0.13913121180034818,-0.2083811185559158
-1.0,-0.35183462194597376,-0.2884784196897075,-0.31936836082101505,-0.26938858770546603
2.0,-0.35183462194597376,-0.19382193837304448,-0.2639084068831143,-0.20639629368153922
-2.0,-0.35183462194597376,-0.1672971480030847,-0.3144622574820757,-0.18390867886966197
1.0,-0.35183462194597376,-0.2237801821288305,-0.2542049605082415,-0.22820889458889043
2.0,-0.35183462194597376,-0.20190338375610714,-0.2653774443136167,-0.22505371608278119
-2.0,-0.35183462194597376,-0.15255083082871457,-0.28571934193014126,-0.15951389829227822
-1.0,-0.23376854691739046,-0.2869849870419346,-0.18991015586356447,-0.23168671102524388
2.0,-0.23376854691739046,-0.2015600761068295,-0.15673883309578093,-0.20620397936735183
-2.0,-0.23376854691739046,-0.13620215493685447,-0.15452236296061897,-0.1742723032101619
1.0,-0.23376854691739046,-0.21481632579343907,-0.13710111411926662,-0.2040735229061436
2.0,-0.23376854691739046,-0.197232960221341,-0.14201883525139058,-0.18318471014771476
-2.0,-0.23376854691739046,-0.1673736254729198,-0.1397994309073071,-0.12103102986254899
-1.0,-0.243820900848856,-0.2884784196897075,-0.2067503021084863,-0.30528902668777086
2.0,-0.243820900848856,-0.19382193837304448,-0.16799357344439797,-0.20639629368153922
-2.0,-0.243820900848856,-0.1672971480030847,-0.1760691825993223,-0.1623734919159628
1.0,-0.243820900848856,-0.2237801821288305,-0.16527975301316988,-0.22820889458889043
2.0,-0.243820900848856,-0.20190338375610714,-0.16527975301316988,-0.22505371608278119
-2.0,-0.243820900848856,-0.15255083082871457,-0.14644875256375167,-0.15152920484207377
-1.0,-0.3197899991887475,-0.29724783992745113,-0.20851305830343536,-0.3314315540511859
2.0,-0.3197899991887475,-0.19382668195967842,-0.14066275630365027,-0.18028214584515453
-2.0,-0.3197899991887475,-0.12032047161324418,-0.12387639182397975,-0.13006732708437907
1.0,-0.3197899991887475,-0.21307755168454456,-0.1426954418055732,-0.23014716483699457
2.0,-0.3197899991887475,-0.20165852134739287,-0.1464231275596273,-0.25095871460685604
-2.0,-0.3197899991887475,-0.19261195863450883,-0.1261063085276767,-0.20369024127601337
-1.0,-0.2050742455218581,-0.31753607362939523,-0.17310533478999512,-0.414815915741653
2.0,-0.2050742455218581,-0.1881375923355009,-0.08499203887759844,-0.2519089210864468
-2.0,-0.2050742455218581,-0.14676270605331593,-0.11673365581958187,-0.25701097914999566
1.0,-0.2050742455218581,-0.22807081692417433,-0.09841485541118002,-0.23952361966203387
2.0,-0.2050742455218581,-0.17864659413828385,-0.08471462218352487,-0.26167210254430223
-2.0,-0.2050742455218581,-0.1547818435682917,-0.0711561244184368,-0.263305800633714
-1.0,-0.21568611689098854,-0.3225992317148467,-0.29707796881606907,-0.30965142336068263
2.0,-0.21568611689098854,-0.1983197715745877,-0.17530893131662437,-0.20456562426940536
-2.0,-0.21568611689098854,-0.12739392062167634,-0.2405656329815719,-0.14272231388555826
1.0,-0.21568611689098854,-0.2297486474445382,-0.18778278728271716,-0.2418394259628252
2.0,-0.21568611689098854,-0.18324126559642895,-0.1767936297067367,-0.17739047523555163
-2.0,-0.21568611689098854,-0.1313497781089643,-0.1830037876433054,-0.16957575965791463
-1.0,-0.16009650228018424,-0.3264334957058,-0.2529120950703786,-0.3169290630782842
2.0,-0.16009650228018424,-0.17602100119652309,-0.16423039606466192,-0.1735943184804266
-2.0,-0.16009650228018424,-0.15263265423785505,-0.21260974963941767,-0.17750035967637634
1.0,-0.16009650228018424,-0.20273319972519135,-0.16330887416878043,-0.19332259438603663
2.0,-0.16009650228018424,-0.1730364419491037,-0.1600219945342164,-0.1580740849832687
-2.0,-0.16009650228018424,-0.15991813895683646,-0.16067725473932892,-0.165758803922439
-1.0,-0.15074518826683517,-0.2869849870419346,-0.288586267122385,-0.23783913211253668
2.0,-0.15074518826683517,-0.2015600761068295,-0.2070093004717012,-0.20620397936735183
-2.0,-0.15074518826683517,-0.13620215493685447,-0.31610980321713683,-0.19785721059839256
1.0,-0.15074518826683517,-0.21481632579343907,-0.2110484400103735,-0.2055248724349493
2.0,-0.15074518826683517,-0.197232960221341,-0.2070093004717012,-0.18318471014771476
-2.0,-0.15074518826683517,-0.1673736254729198,-0.3215408442154072,-0.16218146720562301
-1.0,-0.13779732187803964,-0.2884784196897075,-0.34864014221511486,-0.23538604871269683
2.0,-0.13779732187803964,-0.19382193837304448,-0.24692141671252266,-0.1498768411824241
-2.0,-0.13779732187803964,-0.1672971480030847,-0.335736136774338,-0.18645086326760732
1.0,-0.13779732187803964,-0.2237801821288305,-0.2820894789970365,-0.22149938027604826
2.0,-0.13779732187803964,-0.20190338375610714,-0.2820894789970365,-0.16853426358366605
-2.0,-0.13779732187803964,-0.15255083082871457,-0.32303741680133186,-0.17836279250355974
-1.0,-0.14251852581023822,-0.31753607362939523,-0.2923493412681798,-0.3025637693491679
2.0,-0.14251852581023822,-0.1881375923355009,-0.148885141557228,-0.19904365401776725
-2.0,-0.14251852581023822,-0.14676270605331593,-0.2794334595332341,-0.13836251261162383
1.0,-0.14251852581023822,-0.22807081692417433,-0.16230795809080958,-0.2172255410125668
2.0,-0.14251852581023822,-0.17864659413828385,-0.1486077248631544,-0.1990512429055231
-2.0,-0.14251852581023822,-0.1547818435682917,-0.2509181892168577,-0.14663691537893886
-1.0,-0.23286607390989023,-0.31753607362939523,-0.3400110259189415,-0.2749435076319814
2.0,-0.23286607390989023,-0.1881375923355009,-0.24012142987377383,-0.1894389537308975
-2.0,-0.23286607390989023,-0.14676270605331593,-0.27551176153343077,-0.19640627921014617
1.0,-0.23286607390989023,-0.22807081692417433,-0.25354424640735546,-0.21717432510976786
2.0,-0.23286607390989023,-0.17864659413828385,-0.23984401317970022,-0.18541585777839537
-2.0,-0.23286607390989023,-0.1547818435682917,-0.2800083830576037,-0.17322346051756993
-1.0,-0.21499590199962826,-0.3264334957058,-0.28307860239588506,-0.3169290630782842
2.0,-0.21499590199962826,-0.17602100119652309,-0.15493137610294988,-0.1735943184804266
-2.0,-0.21499590199962826,-0.15263265423785505,-0.23253213360068103,-0.17750035967637634
1.0,-0.21499590199962826,-0.20273319972519135,-0.16388475138164807,-0.19332259438603663
2.0,-0.21499590199962826,-0.1730364419491037,-0.15072297457250436,-0.1580740849832687
-2.0,-0.21499590199962826,-0.15991813895683646,-0.21295609004675034,-0.165758803922439
-1.0,-0.21180837215164713,-0.3479587223522125,-0.36313205347869587,-0.3513518097948
2.0,-0.21180837215164713,-0.2004300813710921,-0.24301099400982065,-0.20935875635924278
-2.0,-0.21180837215164713,-0.15942972565868402,-0.35197119274812827,-0.2136324725010835
1.0,-0.21180837215164713,-0.22687714593393477,-0.2502809632619517,-0.22709225186832516
2.0,-0.21180837215164713,-0.21073158788492316,-0.2550252113458008,-0.22889301069535525
-2.0,-0.21180837215164713,-0.17051295286036,-0.2662311197013419,-0.18989408892590348
-1.0,-0.17607366804331975,-0.2837483744861102,-0.2586743488550563,-0.28973623402450704
2.0,-0.17607366804331975,-0.1873710530326003,-0.2123015670318914,-0.18925373038863885
-2.0,-0.17607366804331975,-0.13743211638806185,-0.17493617301305653,-0.1494353029779321
1.0,-0.17607366804331975,-0.2433141983477833,-0.18870758656755285,-0.2224987794415143
2.0,-0.17607366804331975,-0.1773245355062248,-0.2196444842915698,-0.18312519466183322
-2.0,-0.17607366804331975,-0.14556400773534656,-0.19420180019958852,-0.18251012370836597
-1.0,-0.4436401781630728,-0.33419631125258803,-0.3042026660588606,-0.29649400504678275
2.0,-0.4436401781630728,-0.1854452399308388,-0.20975363284413662,-0.19844076661855417
-2.0,-0.4436401781630728,-0.13576403476064278,-0.18877673927458255,-0.19053581937845765
1.0,-0.4436401781630728,-0.20977897448485344,-0.21587903595475788,-0.19103743718417338
2.0,-0.4436401781630728,-0.20401549591745521,-0.2245442660151492,-0.19862701780560243
-2.0,-0.4436401781630728,-0.1384996859727366,-0.15217778320423858,-0.1801636278749707
-1.0,-0.20024651500393081,-0.3264334957058,-0.2475428076168972,-0.3169290630782842
2.0,-0.20024651500393081,-0.17602100119652309,-0.16004024277565748,-0.1735943184804266
-2.0,-0.20024651500393081,-0.15263265423785505,-0.20722697692434328,-0.17750035967637634
1.0,-0.20024651500393081,-0.20273319972519135,-0.15356139256878493,-0.19332259438603663
2.0,-0.20024651500393081,-0.1730364419491037,-0.15583184124521196,-0.1580740849832687
-2.0,-0.20024651500393081,-0.15991813895683646,-0.15933619829607365,-0.165758803922439
-1.0,-0.41122776691921153,-0.2837483744861102,-0.20281263638150593,-0.2743786084437195
2.0,-0.41122776691921153,-0.1873710530326003,-0.15298796633703296,-0.1645669228891171
-2.0,-0.41122776691921153,-0.13743211638806185,-0.11749529727774612,-0.1125479184165602
1.0,-0.41122776691921153,-0.2433141983477833,-0.17103228123195477,-0.20190698002484134
2.0,-0.41122776691921153,-0.1773245355062248,-0.1655035270678959,-0.15843838716231146
-2.0,-0.41122776691921153,-0.14556400773534656,-0.14904858245911567,-0.10413519613777689
-1.0,-0.21535409351499757,-0.31753607362939523,-0.23756064737192017,-0.3049533490879041
2.0,-0.21535409351499757,-0.1881375923355009,-0.17091936009350459,-0.18146822828773607
-2.0,-0.21535409351499757,-0.14676270605331593,-0.15207250410223058,-0.13539632452150369
1.0,-0.21535409351499757,-0.22807081692417433,-0.18434217662708616,-0.21008203893627758
2.0,-0.21535409351499757,-0.17864659413828385,-0.17064194339943098,-0.1766283715320869
-2.0,-0.21535409351499757,-0.1547818435682917,-0.15198548910385032,-0.1351475746529633
-1.0,-0.21316504580847026,-0.2869849870419346,-0.16739751190958857,-0.25198767962423757
2.0,-0.21316504580847026,-0.2015600761068295,-0.13891070503133776,-0.16585128196156027
-2.0,-0.21316504580847026,-0.13620215493685447,-0.14239161951743481,-0.0998886701107283
1.0,-0.21316504580847026,-0.21481632579343907,-0.1339929838992138,-0.20390422345998152
2.0,-0.21316504580847026,-0.197232960221341,-0.13891070503133776,-0.16071528814315655
-2.0,-0.21316504580847026,-0.1673736254729198,-0.08553200984422792,-0.13250025091931886
-1.0,-0.22994250406328529,-0.2884784196897075,-0.1219522080370899,-0.3396006807553397
2.0,-0.22994250406328529,-0.19382193837304448,-0.0708670564756874,-0.19630522963922792
-2.0,-0.22994250406328529,-0.1672971480030847,-0.0969061535983647,-0.23447155694121669
1.0,-0.22994250406328529,-0.2237801821288305,-0.06668419861395689,-0.2594098434898725
2.0,-0.22994250406328529,-0.20190338375610714,-0.06668419861395689,-0.21514425808040002
-2.0,-0.22994250406328529,-0.15255083082871457,-0.027844590102793776,-0.21658493381348815
-1.0,-0.19635007077633698,-0.29724783992745113,-0.24562767343364364,-0.3314315540511859
2.0,-0.19635007077633698,-0.19382668195967842,-0.15344908828256104,-0.18028214584515453
-2.0,-0.19635007077633698,-0.12032047161324418,-0.16796862369660434,-0.11033696095611331
1.0,-0.19635007077633698,-0.21307755168454456,-0.1390467219273076,-0.23014716483699457
2.0,-0.19635007077633698,-0.20165852134739287,-0.15624109325799285,-0.25095871460685604
-2.0,-0.19635007077633698,-0.19261195863450883,-0.19646511916243145,-0.21609924882133466
-1.0,-0.24571022993140454,-0.3479587223522125,-0.26890310133519935,-0.3513518097948
2.0,-0.24571022993140454,-0.2004300813710921,-0.20198973028678507,-0.20633852415965034
-2.0,-0.24571022993140454,-0.15942972565868402,-0.1735852929762739,-0.21061224030149106
1.0,-0.24571022993140454,-0.22687714593393477,-0.20925969953891618,-0.22407201966873272
2.0,-0.24571022993140454,-0.21073158788492316,-0.22152756573161034,-0.22889301069535525
-2.0,-0.24571022993140454,-0.17051295286036,-0.15735780426183915,-0.18989408892590348
-1.0,-0.26399969019376235,-0.2884784196897075,-0.25425929841298706,-0.26938858770546603
2.0,-0.26399969019376235,-0.19382193837304448,-0.20032262298908468,-0.20639629368153922
-2.0,-0.26399969019376235,-0.1672971480030847,-0.25041593699040793,-0.1670243852500958
1.0,-0.26399969019376235,-0.2237801821288305,-0.19284232622860817,-0.22820889458889043
2.0,-0.26399969019376235,-0.20190338375610714,-0.19284232622860817,-0.22505371608278119
-2.0,-0.26399969019376235,-0.15255083082871457,-0.17095793134153614,-0.15951389829227822
-1.0,-0.23768184763835914,-0.3225992317148467,-0.2651096399215919,-0.2927539939550759
2.0,-0.23768184763835914,-0.1983197715745877,-0.2144008029039182,-0.19332726528717856
-2.0,-0.23768184763835914,-0.12739392062167634,-0.19655429592231824,-0.17822628037506472
1.0,-0.23768184763835914,-0.2297486474445382,-0.2029982738378027,-0.22494199655721842
2.0,-0.23768184763835914,-0.18324126559642895,-0.21376204478610164,-0.18316516628379084
-2.0,-0.23768184763835914,-0.1313497781089643,-0.1653031490261978,-0.1468433643350969
-1.0,-0.24129315423568887,-0.31753607362939523,-0.23406046699144958,-0.2811376020305739
2.0,-0.24129315423568887,-0.1881375923355009,-0.14154724827482085,-0.16776083554875876
-2.0,-0.24129315423568887,-0.14676270605331593,-0.17685964263938733,-0.13539632452150369
1.0,-0.24129315423568887,-0.22807081692417433,-0.14964149067922525,-0.21008203893627758
2.0,-0.24129315423568887,-0.17864659413828385,-0.13594125745157007,-0.1629209787931096
-2.0,-0.24129315423568887,-0.1547818435682917,-0.12613072333653735,-0.1351475746529633
-1.0,-0.1926447360018856,-0.2869849870419346,-0.25158124724192293,-0.23092541905473793
2.0,-0.1926447360018856,-0.2015600761068295,-0.22454191530497222,-0.1969972022364572
-2.0,-0.1926447360018856,-0.13620215493685447,-0.1911107325489637,-0.12581801079698857
1.0,-0.1926447360018856,-0.21481632579343907,-0.21962419417284826,-0.20299575794697924
2.0,-0.1926447360018856,-0.197232960221341,-0.22454191530497222,-0.17397793301682013
-2.0,-0.1926447360018856,-0.1673736254729198,-0.1817160492368586,-0.12191870751809245
-1.0,-0.31016920391640523,-0.2837483744861102,-0.19344819607896596,-0.30124099028436674
2.0,-0.31016920391640523,-0.1873710530326003,-0.15235037802893414,-0.19142930472976413
-2.0,-0.31016920391640523,-0.13743211638806185,-0.13170820830364052,-0.13941030025720716
1.0,-0.31016920391640523,-0.2433141983477833,-0.191604166221087,-0.22876936186548838
2.0,-0.31016920391640523,-0.1773245355062248,-0.17794424456906202,-0.1853007690029585
-2.0,-0.31016920391640523,-0.14556400773534656,-0.1092163233293371,-0.1309975779784239
-1.0,-0.40770016299206174,-0.2869849870419346,-0.3559705219553206,-0.24209938688689195
2.0,-0.40770016299206174,-0.2015600761068295,-0.24298341489609682,-0.20579094043478569
-2.0,-0.40770016299206174,-0.13620215493685447,-0.3244007486302705,-0.2059389586733369
1.0,-0.40770016299206174,-0.21481632579343907,-0.24915112227080816,-0.21253360754524095
2.0,-0.40770016299206174,-0.197232960221341,-0.2579072765252074,-0.2608040503008892
-2.0,-0.40770016299206174,-0.1673736254729198,-0.310747991064672,-0.1855109290372938
-1.0,-0.3899757334692341,-0.3225992317148467,-0.3309700148474109,-0.2740513674141032
2.0,-0.3899757334692341,-0.1983197715745877,-0.26965903451807194,-0.1932290307827625
-2.0,-0.3899757334692341,-0.12739392062167634,-0.3266143900390878,-0.18340265535151223
1.0,-0.3899757334692341,-0.2297486474445382,-0.2610552629123021,-0.1976703659094862
2.0,-0.3899757334692341,-0.18324126559642895,-0.2147650405349968,-0.18815808928789152
-2.0,-0.3899757334692341,-0.1313497781089643,-0.31298854286667355,-0.1132350060133557
-1.0,-0.2841961935461368,-0.3479587223522125,-0.3305581438797019,-0.2702562821140216
2.0,-0.2841961935461368,-0.2004300813710921,-0.21050976164116322,-0.1933666887865166
-2.0,-0.2841961935461368,-0.15942972565868402,-0.2393305994404782,-0.19764040492835733
1.0,-0.2841961935461368,-0.22687714593393477,-0.2123161529204492,-0.21110018429559896
2.0,-0.2841961935461368,-0.21073158788492316,-0.2151802034063813,-0.20058826597094812
-2.0,-0.2841961935461368,-0.17051295286036,-0.21293437643788543,-0.16566526871398382
-1.0,-0.318396998759979,-0.2884784196897075,-0.29276987191492976,-0.2672651227728572
2.0,-0.318396998759979,-0.19382193837304448,-0.2310712729477572,-0.20639629368153922
-2.0,-0.318396998759979,-0.1672971480030847,-0.27058593547301407,-0.18390867886966197
1.0,-0.318396998759979,-0.2237801821288305,-0.23552488860553525,-0.22820889458889043
2.0,-0.318396998759979,-0.20190338375610714,-0.23552488860553525,-0.22505371608278119
-2.0,-0.318396998759979,-0.15255083082871457,-0.21744389139490852,-0.15951389829227822
-1.0,-0.2998988685074972,-0.33419631125258803,-0.3661710786547524,-0.3216743341193183
2.0,-0.2998988685074972,-0.1854452399308388,-0.27602460674497553,-0.18861969004267945
-2.0,-0.2998988685074972,-0.13576403476064278,-0.22358430440630261,-0.12872961628873844
1.0,-0.2998988685074972,-0.20977897448485344,-0.2549615971143371,-0.16767583021390553
2.0,-0.2998988685074972,-0.20401549591745521,-0.26428249000878035,-0.17400549993853237
-2.0,-0.2998988685074972,-0.1384996859727366,-0.22019748510511605,-0.1371221738283961
-1.0,-0.3307703508334648,-0.3275840104192082,-0.34910167242740114,-0.32435452073021553
2.0,-0.3307703508334648,-0.20743907191664535,-0.24173985211284735,-0.19210351003827422
-2.0,-0.3307703508334648,-0.14497885650382084,-0.2079984656890657,-0.19845165266334402
1.0,-0.3307703508334648,-0.2360202899879557,-0.25794953920800656,-0.23468741971732549
2.0,-0.3307703508334648,-0.17709629705990682,-0.2555558705410677,-0.18495157920319483
-2.0,-0.3307703508334648,-0.1456320540271592,-0.22006276900780636,-0.18447920453589858
-1.0,-0.3012291254399249,-0.3225992317148467,-0.2717298661460002,-0.2808072720779729
2.0,-0.3012291254399249,-0.1983197715745877,-0.20177875392889832,-0.17572147298669566
-2.0,-0.3012291254399249,-0.12739392062167634,-0.19497398191371326,-0.12690234138157994
1.0,-0.3012291254399249,-0.2297486474445382,-0.166526255535593,-0.2129952746801155
2.0,-0.3012291254399249,-0.18324126559642895,-0.14552664025071974,-0.14854632395284192
-2.0,-0.3012291254399249,-0.1313497781089643,-0.20177997515287133,-0.14073160837520493
-1.0,-0.2643665484188765,-0.29724783992745113,-0.23298744287958417,-0.3314315540511859
2.0,-0.2643665484188765,-0.19382668195967842,-0.17124480632943126,-0.18028214584515453
-2.0,-0.2643665484188765,-0.12032047161324418,-0.13656397620521654,-0.13006732708437907
1.0,-0.2643665484188765,-0.21307755168454456,-0.1927741684755233,-0.23014716483699457
2.0,-0.2643665484188765,-0.20165852134739287,-0.18215849054252775,-0.25095871460685604
-2.0,-0.2643665484188765,-0.19261195863450883,-0.1925654417677068,-0.20369024127601337
-1.0,-0.26018010168184635,-0.3264334957058,-0.27572963534810263,-0.3169290630782842
2.0,-0.26018010168184635,-0.17602100119652309,-0.18230692029655135,-0.1735943184804266
-2.0,-0.26018010168184635,-0.15263265423785505,-0.23055887030126643,-0.17750035967637634
1.0,-0.26018010168184635,-0.20273319972519135,-0.17665311632955225,-0.19332259438603663
2.0,-0.26018010168184635,-0.1730364419491037,-0.17676901419749863,-0.1580740849832687
-2.0,-0.26018010168184635,-0.15991813895683646,-0.21106978216400624,-0.165758803922439
-1.0,-0.25672875949745283,-0.2869849870419346,-0.24986575610805103,-0.23783913211253668
2.0,-0.25672875949745283,-0.2015600761068295,-0.24436954143798206,-0.20620397936735183
-2.0,-0.25672875949745283,-0.13620215493685447,-0.2049765933440795,-0.19785721059839256
1.0,-0.25672875949745283,-0.21481632579343907,-0.21622229538261456,-0.2055248724349493
2.0,-0.25672875949745283,-0.197232960221341,-0.24436954143798206,-0.18318471014771476
-2.0,-0.25672875949745283,-0.1673736254729198,-0.1968008202908848,-0.16218146720562301
-1.0,-0.33611254601750046,-0.2869849870419346,-0.27965182603165645,-0.23783913211253668
2.0,-0.33611254601750046,-0.2015600761068295,-0.20330468091347773,-0.20620397936735183
-2.0,-0.33611254601750046,-0.13620215493685447,-0.24060453217880398,-0.19785721059839256
1.0,-0.33611254601750046,-0.21481632579343907,-0.21336023108156843,-0.2055248724349493
2.0,-0.33611254601750046,-0.197232960221341,-0.20330468091347773,-0.18318471014771476
-2.0,-0.33611254601750046,-0.1673736254729198,-0.22710051038440238,-0.16218146720562301
-1.0,-0.3613662989692165,-0.3225992317148467,-0.2749992679403662,-0.2796194568429257
2.0,-0.3613662989692165,-0.1983197715745877,-0.19521943845251583,-0.18019272817502846
-2.0,-0.3613662989692165,-0.12739392062167634,-0.19911891717279004,-0.1708982394735091
1.0,-0.3613662989692165,-0.2297486474445382,-0.20716784559607487,-0.21180745944506832
2.0,-0.3613662989692165,-0.18324126559642895,-0.20311320310319997,-0.17003062917164072
-2.0,-0.3613662989692165,-0.1313497781089643,-0.2619760874601997,-0.13370882722294677
-1.0,-0.2507346924191238,-0.2837483744861102,-0.25513582121616707,-0.28973623402450704
2.0,-0.2507346924191238,-0.1873710530326003,-0.20231636723061924,-0.18925373038863885
-2.0,-0.2507346924191238,-0.13743211638806185,-0.27500895480348553,-0.1494353029779321
1.0,-0.2507346924191238,-0.2433141983477833,-0.21160309281504472,-0.2224987794415143
2.0,-0.2507346924191238,-0.1773245355062248,-0.20614668047881413,-0.18312519466183322
-2.0,-0.2507346924191238,-0.14556400773534656,-0.21203034434608126,-0.18251012370836597
-1.0,-0.29121442002932424,-0.33419631125258803,-0.22253645974301334,-0.31539553920074126
2.0,-0.29121442002932424,-0.1854452399308388,-0.1818415981289296,-0.18861969004267945
-2.0,-0.29121442002932424,-0.13576403476064278,-0.11640416041163514,-0.11953816929210842
1.0,-0.29121442002932424,-0.20977897448485344,-0.1858847426670664,-0.1706469301677841
2.0,-0.29121442002932424,-0.20401549591745521,-0.1783341369553695,-0.17400549993853237
-2.0,-0.29121442002932424,-0.1384996859727366,-0.1560843821893663,-0.12869815310846155
-1.0,-0.29235411763113794,-0.2869849870419346,-0.23856794041248433,-0.23783913211253668
2.0,-0.29235411763113794,-0.2015600761068295,-0.22023556444160308,-0.20620397936735183
-2.0,-0.29235411763113794,-0.13620215493685447,-0.17917839166510507,-0.19785721059839256
1.0,-0.29235411763113794,-0.21481632579343907,-0.20521096634827446,-0.2055248724349493
2.0,-0.29235411763113794,-0.197232960221341,-0.225111995400936,-0.18318471014771476
-2.0,-0.29235411763113794,-0.1673736254729198,-0.17417972964727776,-0.16218146720562301
-1.0,-0.2833799397527473,-0.3479587223522125,-0.327388323374434,-0.3513518097948
2.0,-0.2833799397527473,-0.2004300813710921,-0.21373835571845473,-0.20935875635924278
-2.0,-0.2833799397527473,-0.15942972565868402,-0.28499734557929246,-0.2136324725010835
1.0,-0.2833799397527473,-0.22687714593393477,-0.2352979067336407,-0.22709225186832516
2.0,-0.2833799397527473,-0.21073158788492316,-0.24756577292633486,-0.22889301069535525
-2.0,-0.2833799397527473,-0.17051295286036,-0.19883426876286217,-0.18989408892590348
-1.0,-0.43788225962231847,-0.3264334957058,-0.29827681951377144,-0.32672040493845256
2.0,-0.43788225962231847,-0.17602100119652309,-0.21176496749801235,-0.17723170503933414
-2.0,-0.43788225962231847,-0.15263265423785505,-0.205964429411995,-0.1867065860428593
1.0,-0.43788225962231847,-0.20273319972519135,-0.2139414666260228,-0.19695998094494416
2.0,-0.43788225962231847,-0.1730364419491037,-0.21065458699145878,-0.16171147154217622
-2.0,-0.43788225962231847,-0.15991813895683646,-0.18249438765330206,-0.13679140186921057
-1.0,-0.36512692598347146,-0.33419631125258803,-0.23198117919975067,-0.3079334556824761
2.0,-0.36512692598347146,-0.1854452399308388,-0.18633364045792258,-0.18364020706903317
-2.0,-0.36512692598347146,-0.13576403476064278,-0.11656486555476944,-0.11455868631846218
1.0,-0.36512692598347146,-0.20977897448485344,-0.17989540335340815,-0.1706469301677841
2.0,-0.36512692598347146,-0.20401549591745521,-0.18282617928436248,-0.17400549993853237
-2.0,-0.36512692598347146,-0.1384996859727366,-0.1309498473556769,-0.12621555256384262
-1.0,-0.4077198739779691,-0.29724783992745113,-0.3703596637451053,-0.24359636869059664
2.0,-0.4077198739779691,-0.19382668195967842,-0.26601688263517365,-0.16821029779759122
-2.0,-0.4077198739779691,-0.12032047161324418,-0.3133572679140695,-0.14576656999728546
1.0,-0.4077198739779691,-0.21307755168454456,-0.26296495809409837,-0.19689979878547864
2.0,-0.4077198739779691,-0.20165852134739287,-0.27603200411150547,-0.19455022206904288
-2.0,-0.4077198739779691,-0.19261195863450883,-0.3563950345214639,-0.19479472277647045
-1.0,-0.32230009427481593,-0.3225992317148467,-0.22855488252339037,-0.3005085272052552
2.0,-0.32230009427481593,-0.1983197715745877,-0.20160040527753936,-0.20108179853735797
-2.0,-0.32230009427481593,-0.12739392062167634,-0.1804912802997596,-0.13357941773013085
1.0,-0.32230009427481593,-0.2297486474445382,-0.20718585215914284,-0.23269652980739783
2.0,-0.32230009427481593,-0.18324126559642895,-0.20768286501831432,-0.16824757908012425
-2.0,-0.32230009427481593,-0.1313497781089643,-0.24978117090669433,-0.16043286350248726
-1.0,-0.30759240136579724,-0.3264334957058,-0.36632650941546174,-0.2952047344652721
2.0,-0.30759240136579724,-0.17602100119652309,-0.23744070826593922,-0.18092881602285965
-2.0,-0.30759240136579724,-0.15263265423785505,-0.30433898200763404,-0.18014050806323312
1.0,-0.30759240136579724,-0.20273319972519135,-0.2463940835446374,-0.18050635440542676
2.0,-0.30759240136579724,-0.1730364419491037,-0.2332323067354937,-0.16540858252570173
-2.0,-0.30759240136579724,-0.15991813895683646,-0.2811818382068253,-0.16300595679992624
-1.0,-0.44318669562262225,-0.2884784196897075,-0.3193541591767933,-0.2834858442850937
2.0,-0.44318669562262225,-0.19382193837304448,-0.254729547314681,-0.18707683855053825
-2.0,-0.44318669562262225,-0.1672971480030847,-0.35443789218499194,-0.2141697050897574
1.0,-0.44318669562262225,-0.2237801821288305,-0.2591831629724591,-0.2535530212058052
2.0,-0.44318669562262225,-0.20190338375610714,-0.2591831629724591,-0.20058790451342298
-2.0,-0.44318669562262225,-0.15255083082871457,-0.350860551021554,-0.17851055683003025
-2.0,-0.317891266062409,-0.37578869406564186,-0.37121647393100554,-0.38247980412972965
0.0,-0.317891266062409,-0.2710555608369066,-0.2860829567537255,-0.2352357486351544
0.0,-0.317891266062409,-0.2905807839831035,-0.29421595524828564,-0.2682592717164722
-2.0,-0.317891266062409,-0.2891840268670111,-0.3959355433336308,-0.27886576126624263
-1.0,-0.317891266062409,-0.2988952029530564,-0.30994400107624726,-0.30165367347491373
3.0,-0.317891266062409,-0.2433420392825913,-0.2697321874253912,-0.21262617192556943
-2.0,-0.23999644116328303,-0.373696914205708,-0.38787613150066524,-0.35740090777474287
0.0,-0.23999644116328303,-0.2602007446171404,-0.2798017490613804,-0.25384188106249306
0.0,-0.23999644116328303,-0.3186023089938335,-0.2985674951689143,-0.28966462232172985
-2.0,-0.23999644116328303,-0.3234654211164315,-0.4079467122659385,-0.3240151264597823
-1.0,-0.23999644116328303,-0.2906625696465352,-0.3460935296583582,-0.2897092175572656
3.0,-0.23999644116328303,-0.24035128492495936,-0.2854083750770905,-0.2227931385144729
-2.0,-0.2910654186701716,-0.3606768567259863,-0.4718863454260366,-0.35662033700884194
0.0,-0.2910654186701716,-0.262110180836394,-0.3467954712637416,-0.24005820749641324
0.0,-0.2910654186701716,-0.2795609962638823,-0.34811352759565917,-0.24614286454138043
-2.0,-0.2910654186701716,-0.3010501597881446,-0.47252998589328316,-0.26760644454484256
-1.0,-0.2910654186701716,-0.3220255880003744,-0.44760855491649365,-0.3296193562772793
3.0,-0.2910654186701716,-0.2409803457285742,-0.3289671701669872,-0.23105197258700724
-2.0,-0.37167371107516717,-0.3526937768747531,-0.47868057040111645,-0.44606167308480227
0.0,-0.37167371107516717,-0.2637936300673537,-0.3668655961483606,-0.2360833623847101
0.0,-0.37167371107516717,-0.2719089404454946,-0.3668655961483606,-0.24007552304635188
-2.0,-0.37167371107516717,-0.3168896477429798,-0.49029008093735854,-0.3499877943700661
-1.0,-0.37167371107516717,-0.3055663961865383,-0.41049379250635987,-0.28099298605747314
3.0,-0.37167371107516717,-0.24353062404539286,-0.351518909708028,-0.2175477139719695
-2.0,-0.3950951744164719,-0.3458432827514026,-0.35410038124849635,-0.3522839401710493
0.0,-0.3950951744164719,-0.22231362840281166,-0.23067774001924315,-0.21993612155506362
0.0,-0.3950951744164719,-0.24116806878603728,-0.235611961910429,-0.23808868088661916
-2.0,-0.3950951744164719,-0.26402270974776,-0.35935204573774787,-0.31455788990052835
-1.0,-0.3950951744164719,-0.24529888216134593,-0.27907231710346186,-0.28558491769410765
3.0,-0.3950951744164719,-0.22551539226689504,-0.2423245859718699,-0.23146268254740332
-2.0,-0.19544144345277,-0.3565837636959848,-0.29430849897630673,-0.36860659505402565
0.0,-0.19544144345277,-0.2518687796834754,-0.1768693053339354,-0.2626703349844261
0.0,-0.19544144345277,-0.2806591594121676,-0.19813348676610423,-0.2906580632433617
-2.0,-0.19544144345277,-0.2957493921015536,-0.34000771377828803,-0.35552164978062745
-1.0,-0.19544144345277,-0.2817151361012925,-0.21646785775040286,-0.2824784297687837
3.0,-0.19544144345277,-0.2476171857419737,-0.18585437928940127,-0.28058675748935846
-2.0,-0.39393531985084596,-0.3694642518804783,-0.3438279345603436,-0.42056322053012646
0.0,-0.39393531985084596,-0.24231823237576527,-0.22845293629637378,-0.2723561681027964
0.0,-0.39393531985084596,-0.2878451574232633,-0.24007774127089818,-0.30616367175747017
-2.0,-0.39393531985084596,-0.30428777216125125,-0.36516686242881413,-0.3775567236182831
-1.0,-0.39393531985084596,-0.29118985901664873,-0.2738167317081335,-0.32810207290595356
3.0,-0.39393531985084596,-0.23967796948360975,-0.23478898168881276,-0.29800203253770213
-2.0,-0.1395544902414703,-0.3732728967296392,-0.26398642182108417,-0.36754009759278605
0.0,-0.1395544902414703,-0.2607175090775264,-0.22357002156776995,-0.21293815854734982
0.0,-0.1395544902414703,-0.2843222668921116,-0.23545457519646276,-0.23879391319141358
-2.0,-0.1395544902414703,-0.3125468805434403,-0.2759110855453833,-0.33919584838754896
-1.0,-0.1395544902414703,-0.29419335606981567,-0.21773980972723214,-0.2834511314306671
3.0,-0.1395544902414703,-0.2287329327039852,-0.2211950035761526,-0.20466095068841955
-2.0,-0.24353333522114837,-0.3565837636959848,-0.34536149790580234,-0.36084366537760265
0.0,-0.24353333522114837,-0.2518687796834754,-0.24279470069313178,-0.21515534761019978
0.0,-0.24353333522114837,-0.2806591594121676,-0.25855930585144327,-0.24453981439084121
-2.0,-0.24353333522114837,-0.2957493921015536,-0.34584975549207647,-0.33716877567830933
-1.0,-0.24353333522114837,-0.2817151361012925,-0.290212796909891,-0.2631344947066752
3.0,-0.24353333522114837,-0.2476171857419737,-0.28231913071628906,-0.2317948681567509
-2.0,-0.15368853148520192,-0.3606768567259863,-0.29628348670307514,-0.374939235008262
0.0,-0.15368853148520192,-0.262110180836394,-0.22833519672019897,-0.25585265294997983
0.0,-0.15368853148520192,-0.2795609962638823,-0.22965325305211653,-0.26593568310356147
-2.0,-0.15368853148520192,-0.3010501597881446,-0.3326576984349741,-0.3056574383984394
-1.0,-0.15368853148520192,-0.3220255880003744,-0.28362816415189485,-0.3010355407202793
3.0,-0.15368853148520192,-0.2409803457285742,-0.2048008780859176,-0.2333480260284282
-2.0,-0.14299484352726236,-0.3458432827514026,-0.25203773012553543,-0.3514619843461512
0.0,-0.14299484352726236,-0.22231362840281166,-0.12308130889474,-0.21348236806843401
0.0,-0.14299484352726236,-0.24116806878603728,-0.1280155307859259,-0.2364181803808998
-2.0,-0.14299484352726236,-0.26402270974776,-0.29471357391584174,-0.32759198001000206
-1.0,-0.14299484352726236,-0.24529888216134593,-0.17000874879109734,-0.20900850382044942
3.0,-0.14299484352726236,-0.22551539226689504,-0.1347281548473668,-0.2330541941034386
-2.0,-0.2476170614402121,-0.3694642518804783,-0.31866902569845695,-0.42056322053012646
0.0,-0.2476170614402121,-0.24231823237576527,-0.2074869776322623,-0.2723561681027964
0.0,-0.2476170614402121,-0.2878451574232633,-0.21441614702828948,-0.30616367175747017
-2.0,-0.2476170614402121,-0.30428777216125125,-0.297020239866007,-0.3775567236182831
-1.0,-0.2476170614402121,-0.29118985901664873,-0.2566109252102498,-0.32810207290595356
3.0,-0.2476170614402121,-0.23967796948360975,-0.21101233446926262,-0.29800203253770213
-2.0,-0.03693308692599895,-0.3526937768747531,-0.25518510334146743,-0.37398191242243767
0.0,-0.03693308692599895,-0.2637936300673537,-0.190243903420654,-0.26297239792356175
0.0,-0.03693308692599895,-0.2719089404454946,-0.1827486489331504,-0.26677131532504933
-2.0,-0.03693308692599895,-0.3168896477429798,-0.2971152327016212,-0.36748669290019115
-1.0,-0.03693308692599895,-0.3055663961865383,-0.22198263268396887,-0.3116897478336931
3.0,-0.03693308692599895,-0.24353062404539286,-0.22009879546574157,-0.2679684124905052
-2.0,-0.10311854457172434,-0.3694642518804783,-0.28478627964150005,-0.40413136278482337
0.0,-0.10311854457172434,-0.24231823237576527,-0.18733431595259467,-0.24400389074068768
0.0,-0.10311854457172434,-0.2878451574232633,-0.19426348534862187,-0.2778113943953614
-2.0,-0.10311854457172434,-0.30428777216125125,-0.26313749380905005,-0.3775023790097824
-1.0,-0.10311854457172434,-0.29118985901664873,-0.23950897874795304,-0.28970251670631375
3.0,-0.10311854457172434,-0.23967796948360975,-0.18269040402143788,-0.26074804096883974
-2.0,-0.12600892723951168,-0.3565837636959848,-0.2805597750293369,-0.36860659505402565
0.0,-0.12600892723951168,-0.2518687796834754,-0.17784902073824926,-0.2626703349844261
0.0,-0.12600892723951168,-0.2806591594121676,-0.19911320217041809,-0.2906580632433617
-2.0,-0.12600892723951168,-0.2957493921015536,-0.303919802776381,-0.3504952727408407
-1.0,-0.12600892723951168,-0.2817151361012925,-0.22841502328761537,-0.28673570759559275
3.0,-0.12600892723951168,-0.2476171857419737,-0.18683409469371512,-0.28058675748935846
-2.0,-0.041884235089792,-0.3565837636959848,-0.25640967819147165,-0.36860659505402565
0.0,-0.041884235089792,-0.2518687796834754,-0.17130331984437291,-0.2626703349844261
0.0,-0.041884235089792,-0.2806591594121676,-0.18706792500268438,-0.2906580632433617
-2.0,-0.041884235089792,-0.2957493921015536,-0.25506712838452306,-0.35552164978062745
-1.0,-0.041884235089792,-0.2817151361012925,-0.1819337496186179,-0.2824784297687837
3.0,-0.041884235089792,-0.2476171857419737,-0.18856881634764158,-0.28058675748935846
-2.0,-0.21237692785682144,-0.373696914205708,-0.316377276401706,-0.3558842962532146
0.0,-0.21237692785682144,-0.2602007446171404,-0.25297165377254394,-0.25469986040868586
0.0,-0.21237692785682144,-0.3186023089938335,-0.2723364971403181,-0.29052260166792265
-2.0,-0.21237692785682144,-0.3234654211164315,-0.36770423556147586,-0.32004228732872103
-1.0,-0.21237692785682144,-0.2906625696465352,-0.28643782536332013,-0.29655063603856086
3.0,-0.21237692785682144,-0.24035128492495936,-0.2549886345907559,-0.24120144334037474
-2.0,-0.15877149335161092,-0.3606768567259863,-0.27938935487175887,-0.35521184099631764
0.0,-0.15877149335161092,-0.262110180836394,-0.1921074145635231,-0.22939160163597355
0.0,-0.15877149335161092,-0.2795609962638823,-0.19342547089544065,-0.24620828909161746
-2.0,-0.15877149335161092,-0.3010501597881446,-0.3089020941891155,-0.3474420614293497
-1.0,-0.15877149335161092,-0.3220255880003744,-0.25604426166990885,-0.2745744894062728
3.0,-0.15877149335161092,-0.2409803457285742,-0.17972242700159538,-0.22824532628624392
-2.0,-0.11814635096090148,-0.3732728967296392,-0.3617583220702093,-0.35000303532761456
0.0,-0.11814635096090148,-0.2607175090775264,-0.20669570103271853,-0.23593501921733087
0.0,-0.11814635096090148,-0.2843222668921116,-0.21664720070906432,-0.25857442335425057
-2.0,-0.11814635096090148,-0.3125468805434403,-0.3761051362476881,-0.3383127403004902
-1.0,-0.11814635096090148,-0.29419335606981567,-0.2706848175609073,-0.274213754989393
3.0,-0.11814635096090148,-0.2287329327039852,-0.2081893780692293,-0.2569439470448514
-2.0,-0.2928719099116288,-0.3732728967296392,-0.3028607975078333,-0.3371313311667882
0.0,-0.2928719099116288,-0.2607175090775264,-0.24798719336664674,-0.23593501921733087
0.0,-0.2928719099116288,-0.2843222668921116,-0.2624871551881263,-0.25857442335425057
-2.0,-0.2928719099116288,-0.3125468805434403,-0.3172076116853121,-0.3383127403004902
-1.0,-0.2928719099116288,-0.29419335606981567,-0.2607946242518615,-0.274213754989393
3.0,-0.2928719099116288,-0.2287329327039852,-0.22003208101289629,-0.2569439470448514
-2.0,-0.2907660321991564,-0.3416058201558538,-0.47164322372319145,-0.3399196243955192
0.0,-0.2907660321991564,-0.25763468149312424,-0.31884804368968195,-0.23242881460047396
0.0,-0.2907660321991564,-0.29500464712707936,-0.3317751462956722,-0.24481814300352808
-2.0,-0.2907660321991564,-0.3448540610213466,-0.5440854957214325,-0.34381244954548146
-1.0,-0.2907660321991564,-0.2635852940267164,-0.36933786886407083,-0.30265737579420005
3.0,-0.2907660321991564,-0.21318146663018106,-0.3038328692333881,-0.23543281831336232
-2.0,-0.16862533086265005,-0.3526937768747531,-0.44429440955238725,-0.44606167308480227
0.0,-0.16862533086265005,-0.2637936300673537,-0.3560715425718948,-0.2360833623847101
0.0,-0.16862533086265005,-0.2719089404454946,-0.3560715425718948,-0.24007552304635188
-2.0,-0.16862533086265005,-0.3168896477429798,-0.5151045394282954,-0.3499877943700661
-1.0,-0.16862533086265005,-0.3055663961865383,-0.4030270137193038,-0.28099298605747314
3.0,-0.16862533086265005,-0.24353062404539286,-0.3345657249346521,-0.2175477139719695
-2.0,-0.14697895016904652,-0.373696914205708,-0.37014354492814083,-0.4707424812312579
0.0,-0.14697895016904652,-0.2602007446171404,-0.3449297031194266,-0.2177876752561172
0.0,-0.14697895016904652,-0.3186023089938335,-0.36224355667826547,-0.27135786562478836
-2.0,-0.14697895016904652,-0.3234654211164315,-0.3590095825498005,-0.4496499825153753
-1.0,-0.14697895016904652,-0.2906625696465352,-0.405660383589062,-0.2749379381460794
3.0,-0.14697895016904652,-0.24035128492495936,-0.3184858668197537,-0.23477762237891014
-2.0,-0.14735844068814427,-0.373696914205708,-0.28451257137383634,-0.35740090777474287
0.0,-0.14735844068814427,-0.2602007446171404,-0.235878274528437,-0.25384188106249306
0.0,-0.14735844068814427,-0.3186023089938335,-0.2515676293323068,-0.28966462232172985
-2.0,-0.14735844068814427,-0.3234654211164315,-0.31353656035616867,-0.3240151264597823
-1.0,-0.14735844068814427,-0.2906625696465352,-0.2510338995290356,-0.2897092175572656
3.0,-0.14735844068814427,-0.24035128492495936,-0.23154416553610824,-0.2227931385144729
-2.0,-0.10686050495887009,-0.3606768567259863,-0.30495633579412795,-0.3746521183463769
0.0,-0.10686050495887009,-0.262110180836394,-0.2313953292110061,-0.25556553628809475
0.0,-0.10686050495887009,-0.2795609962638823,-0.23271338554292367,-0.2656485664416764
-2.0,-0.10686050495887009,-0.3010501597881446,-0.32365525718742527,-0.29242799506460476
-1.0,-0.10686050495887009,-0.3220255880003744,-0.28543161235485875,-0.30074842405839425
3.0,-0.10686050495887009,-0.2409803457285742,-0.21863472246534932,-0.23306090936654314
-2.0,-0.11721981026134315,-0.3416058201558538,-0.16911799029172964,-0.28594341463598627
0.0,-0.11721981026134315,-0.25763468149312424,-0.10381272327291002,-0.23423868828766528
0.0,-0.11721981026134315,-0.29500464712707936,-0.11145142166179339,-0.26137514141221885
-2.0,-0.11721981026134315,-0.3448540610213466,-0.22362374478229308,-0.3773737361552329
-1.0,-0.11721981026134315,-0.2635852940267164,-0.11231031235732984,-0.2545534408524777
3.0,-0.11721981026134315,-0.21318146663018106,-0.14380392228858,-0.21640979276520272
-2.0,-0.18606642569485374,-0.3416058201558538,-0.3743012783543287,-0.3159828954269997
0.0,-0.18606642569485374,-0.25763468149312424,-0.2438108112226729,-0.22984957661592267
0.0,-0.18606642569485374,-0.29500464712707936,-0.25144950961155627,-0.2422389050189768
-2.0,-0.18606642569485374,-0.3448540610213466,-0.4315315529793426,-0.3105222280770167
-1.0,-0.18606642569485374,-0.2635852940267164,-0.254861612355893,-0.25591098329066114
3.0,-0.18606642569485374,-0.21318146663018106,-0.23205694357707538,-0.23555688613297193
-2.0,-0.4506866835903429,-0.3694642518804783,-0.3699028729044187,-0.3927655336617007
0.0,-0.4506866835903429,-0.24231823237576527,-0.2335369614002068,-0.21551132482501748
0.0,-0.4506866835903429,-0.2878451574232633,-0.24046613079623402,-0.2269058175448775
-2.0,-0.4506866835903429,-0.30428777216125125,-0.3400453870701405,-0.322403403974061
-1.0,-0.4506866835903429,-0.29118985901664873,-0.29807497862506976,-0.27521408490084265
3.0,-0.4506866835903429,-0.23967796948360975,-0.23805053143805752,-0.23531424079422236
-2.0,-0.1905001344021898,-0.3694642518804783,-0.35987175419153267,-0.431797449977561
0.0,-0.1905001344021898,-0.24231823237576527,-0.22455750293919294,-0.2723561681027964
0.0,-0.1905001344021898,-0.2878451574232633,-0.23148667233522013,-0.30616367175747017
-2.0,-0.1905001344021898,-0.30428777216125125,-0.3601144337411415,-0.3775567236182831
-1.0,-0.1905001344021898,-0.29118985901664873,-0.29226676736647494,-0.32810207290595356
3.0,-0.1905001344021898,-0.23967796948360975,-0.22546047734488642,-0.29800203253770213
-2.0,-0.20001519334197046,-0.3732728967296392,-0.35007762604179377,-0.35000303532761456
0.0,-0.20001519334197046,-0.2607175090775264,-0.22469341501844517,-0.23593501921733087
0.0,-0.20001519334197046,-0.2843222668921116,-0.23464491469479093,-0.25857442335425057
-2.0,-0.20001519334197046,-0.3125468805434403,-0.36217185079898556,-0.3383127403004902
-1.0,-0.20001519334197046,-0.29419335606981567,-0.265934770340135,-0.274213754989393
3.0,-0.20001519334197046,-0.2287329327039852,-0.23642145946419088,-0.2569439470448514
-2.0,-0.154938282139657,-0.3694642518804783,-0.2757008698850252,-0.3079049654001282
0.0,-0.154938282139657,-0.24231823237576527,-0.14590980275095156,-0.21859207813006507
0.0,-0.154938282139657,-0.2878451574232633,-0.15283897214697875,-0.26244686062226996
-2.0,-0.154938282139657,-0.30428777216125125,-0.275943549434634,-0.36256724705306975
-1.0,-0.154938282139657,-0.29118985901664873,-0.21010195699264064,-0.2992383484426323
3.0,-0.154938282139657,-0.23967796948360975,-0.14087339341279148,-0.24157340620469395
-2.0,-0.18806677940733044,-0.3458432827514026,-0.31833262479769625,-0.338864138553259
0.0,-0.18806677940733044,-0.22231362840281166,-0.19906279029143628,-0.21348236806843401
0.0,-0.18806677940733044,-0.24116806878603728,-0.20399701218262212,-0.2364181803808998
-2.0,-0.18806677940733044,-0.26402270974776,-0.3423507571000376,-0.29958288929009075
-1.0,-0.18806677940733044,-0.24529888216134593,-0.2590799599091118,-0.2791311642074781
3.0,-0.18806677940733044,-0.22551539226689504,-0.20594315991481463,-0.23015528549913095
-2.0,-0.3444990880650877,-0.3694642518804783,-0.2755544326186022,-0.3848920703602172
0.0,-0.3444990880650877,-0.24231823237576527,-0.1946439112970611,-0.21551132482501748
0.0,-0.3444990880650877,-0.2878451574232633,-0.20626871627158544,-0.25327568375235915
-2.0,-0.3444990880650877,-0.30428777216125125,-0.2556456676788953,-0.3219836516307012
-1.0,-0.3444990880650877,-0.29118985901664873,-0.23659854617563708,-0.27521408490084265
3.0,-0.3444990880650877,-0.23967796948360975,-0.1987902523115718,-0.23531424079422236
-2.0,-0.3504593885553956,-0.3565837636959848,-0.302076641461664,-0.3658605474977534
0.0,-0.3504593885553956,-0.2518687796834754,-0.21215018647733772,-0.24735486219124556
0.0,-0.3504593885553956,-0.2806591594121676,-0.22791479163564918,-0.2753425904501812
-2.0,-0.3504593885553956,-0.2957493921015536,-0.3222116916443055,-0.3477492251845684
-1.0,-0.3504593885553956,-0.2817151361012925,-0.22801895567243594,-0.28159781172085263
3.0,-0.3504593885553956,-0.2476171857419737,-0.23037706314054987,-0.265271284696178
-2.0,-0.30783628125681856,-0.3694642518804783,-0.49563256407926776,-0.4009118461563592
0.0,-0.30783628125681856,-0.24231823237576527,-0.33400078622610263,-0.24147056428159458
0.0,-0.30783628125681856,-0.2878451574232633,-0.3409299556221298,-0.27527806793626836
-2.0,-0.30783628125681856,-0.30428777216125125,-0.5039585341741801,-0.34137759357040864
-1.0,-0.30783628125681856,-0.29118985901664873,-0.3838064376727822,-0.2972164690847518
3.0,-0.30783628125681856,-0.23967796948360975,-0.37997368622447664,-0.2573166249781315
-2.0,-0.2943098611941713,-0.3526937768747531,-0.3127707402254223,-0.3257032328334936
0.0,-0.2943098611941713,-0.2637936300673537,-0.2542981955113126,-0.2348174256407914
0.0,-0.2943098611941713,-0.2719089404454946,-0.2542981955113126,-0.23861634304227897
-2.0,-0.2943098611941713,-0.3168896477429798,-0.3113221720583567,-0.29904765318264864
-1.0,-0.2943098611941713,-0.3055663961865383,-0.2840607520898038,-0.2778958964317443
3.0,-0.2943098611941713,-0.24353062404539286,-0.2449972585379845,-0.24030297007903365
-2.0,-0.27251278704203113,-0.3458432827514026,-0.4232077030497255,-0.34583586927031
0.0,-0.27251278704203113,-0.22231362840281166,-0.251594942400905,-0.2023137745314503
0.0,-0.27251278704203113,-0.24116806878603728,-0.2565291642920909,-0.23161080374573534
-2.0,-0.27251278704203113,-0.26402270974776,-0.42122716250293446,-0.27104368483695024
-1.0,-0.27251278704203113,-0.24529888216134593,-0.2890030167071455,-0.23162782326023193
3.0,-0.27251278704203113,-0.22551539226689504,-0.25944230935277335,-0.2192187352467007
-2.0,-0.23867272920144594,-0.3567674075418664,-0.24977783962299355,-0.3491166758784856
0.0,-0.23867272920144594,-0.24393520268444754,-0.18085757007805725,-0.23526293575227228
0.0,-0.23867272920144594,-0.29629036707571066,-0.19038435871947637,-0.2588089741772195
-2.0,-0.23867272920144594,-0.25874969780433077,-0.27183872745818294,-0.3063279231664704
-1.0,-0.23867272920144594,-0.28680011559358104,-0.2106067247471223,-0.292965333160215
3.0,-0.23867272920144594,-0.22533727384762492,-0.1917507538678322,-0.22298919178930166
-2.0,-0.21986207970010702,-0.3694642518804783,-0.29733611780712227,-0.4141012723759325
0.0,-0.21986207970010702,-0.24231823237576527,-0.17111711748699043,-0.24400389074068768
0.0,-0.21986207970010702,-0.2878451574232633,-0.17804628688301763,-0.2778113943953614
-2.0,-0.21986207970010702,-0.30428777216125125,-0.2915546802097302,-0.38747228860089156
-1.0,-0.21986207970010702,-0.29118985901664873,-0.23147587982371623,-0.31795102280259374
3.0,-0.21986207970010702,-0.23967796948360975,-0.1720200918926839,-0.26074804096883974
-2.0,-0.19617148479906377,-0.373696914205708,-0.3162658003993054,-0.35740090777474287
0.0,-0.19617148479906377,-0.2602007446171404,-0.22419292460041848,-0.25384188106249306
0.0,-0.19617148479906377,-0.3186023089938335,-0.2387389059465593,-0.28966462232172985
-2.0,-0.19617148479906377,-0.3234654211164315,-0.358561204323089,-0.3240151264597823
-1.0,-0.19617148479906377,-0.2906625696465352,-0.26457133398097904,-0.2897092175572656
3.0,-0.19617148479906377,-0.24035128492495936,-0.23241887811823395,-0.2227931385144729
-2.0,-0.18570389384376468,-0.3694642518804783,-0.397839804209212,-0.4009118461563592
0.0,-0.18570389384376468,-0.24231823237576527,-0.2764441372260068,-0.24147056428159458
0.0,-0.18570389384376468,-0.2878451574232633,-0.28337330662203397,-0.27527806793626836
-2.0,-0.18570389384376468,-0.30428777216125125,-0.40684666192742336,-0.34137759357040864
-1.0,-0.18570389384376468,-0.29118985901664873,-0.3495118731906828,-0.2972164690847518
3.0,-0.18570389384376468,-0.23967796948360975,-0.2805904782405177,-0.2573166249781315
-2.0,-0.1954068695097516,-0.373696914205708,-0.39157751598716156,-0.4617820301191236
0.0,-0.1954068695097516,-0.2602007446171404,-0.25127819654965067,-0.25469986040868586
0.0,-0.1954068695097516,-0.3186023089938335,-0.252211886662213,-0.2846173549326275
-2.0,-0.1954068695097516,-0.3234654211164315,-0.43862484309553923,-0.3802789761722941
-1.0,-0.1954068695097516,-0.2906625696465352,-0.31494388245379196,-0.29726673359045513
3.0,-0.1954068695097516,-0.24035128492495936,-0.2615351080788884,-0.24120144334037474
-2.0,-0.4154542467637352,-0.3458432827514026,-0.30958673075705195,-0.3257387979118729
0.0,-0.4154542467637352,-0.22231362840281166,-0.22457953132948058,-0.20342981579050706
0.0,-0.4154542467637352,-0.24116806878603728,-0.2295137532206664,-0.2327268450047921
-2.0,-0.4154542467637352,-0.26402270974776,-0.3583433659642921,-0.26985855926074476
-1.0,-0.4154542467637352,-0.24529888216134593,-0.24190867646338374,-0.2327438645192887
3.0,-0.4154542467637352,-0.22551539226689504,-0.24234892918391673,-0.21745492777991737
-2.0,-0.2653837855752662,-0.3458432827514026,-0.3224529321043457,-0.3522839401710493
0.0,-0.2653837855752662,-0.22231362840281166,-0.21286388600344908,-0.21993612155506362
0.0,-0.2653837855752662,-0.24116806878603728,-0.21779810789463488,-0.23808868088661916
-2.0,-0.2653837855752662,-0.26402270974776,-0.3682661166457322,-0.31455788990052835
-1.0,-0.2653837855752662,-0.24529888216134593,-0.26405772394288,-0.279311362288754
3.0,-0.2653837855752662,-0.22551539226689504,-0.2245107319560758,-0.23146268254740332
-2.0,-0.2068696463554379,-0.37578869406564186,-0.3158621255470138,-0.38165004460683327
0.0,-0.2068696463554379,-0.2710555608369066,-0.23309737940290756,-0.2715245170780457
0.0,-0.2068696463554379,-0.2905807839831035,-0.24123037789746782,-0.30454804015936365
-2.0,-0.2068696463554379,-0.2891840268670111,-0.3418645546835218,-0.3338110958631045
-1.0,-0.2068696463554379,-0.2988952029530564,-0.24532174947295868,-0.3085122693897743
3.0,-0.2068696463554379,-0.2433420392825913,-0.231503399095284,-0.28596907215374634
-2.0,-0.19593857803812864,-0.3526937768747531,-0.2721812528636526,-0.3257032328334936
0.0,-0.19593857803812864,-0.2637936300673537,-0.21178382970471696,-0.2348174256407914
0.0,-0.19593857803812864,-0.2719089404454946,-0.21178382970471696,-0.23861634304227897
-2.0,-0.19593857803812864,-0.3168896477429798,-0.3114592970046192,-0.29904765318264864
-1.0,-0.19593857803812864,-0.3055663961865383,-0.23616274436484036,-0.2778958964317443
3.0,-0.19593857803812864,-0.24353062404539286,-0.2524138147711869,-0.24030297007903365
-2.0,-0.22469526956097222,-0.3606768567259863,-0.2788001231033339,-0.374939235008262
0.0,-0.22469526956097222,-0.262110180836394,-0.20465114814720073,-0.25585265294997983
0.0,-0.22469526956097222,-0.2795609962638823,-0.2059692044791183,-0.26593568310356147
-2.0,-0.22469526956097222,-0.3010501597881446,-0.30294235803145786,-0.3056574383984394
-1.0,-0.22469526956097222,-0.3220255880003744,-0.26471871319889134,-0.3010355407202793
3.0,-0.22469526956097222,-0.2409803457285742,-0.18467791823778515,-0.2333480260284282
-2.0,-0.19040268858261902,-0.3565837636959848,-0.17426715822820643,-0.3686332431319489
0.0,-0.19040268858261902,-0.2518687796834754,-0.07269271375241877,-0.2829403901269062
0.0,-0.19040268858261902,-0.2806591594121676,-0.08845731891073018,-0.2777705833205261
-2.0,-0.19040268858261902,-0.2957493921015536,-0.21500117852789472,-0.3698546136526956
-1.0,-0.19040268858261902,-0.2817151361012925,-0.09198719767740407,-0.326037254887904
3.0,-0.19040268858261902,-0.2476171857419737,-0.09816510398592444,-0.2910359573306869
-2.0,-0.1885210476187981,-0.3416058201558538,-0.24736244527015114,-0.3700329674371613
0.0,-0.1885210476187981,-0.25763468149312424,-0.12579480091831313,-0.23932064033585373
0.0,-0.1885210476187981,-0.29500464712707936,-0.13343349930719658,-0.2536398398827622
-2.0,-0.1885210476187981,-0.3448540610213466,-0.2948397314132651,-0.3601098093157045
-1.0,-0.1885210476187981,-0.2635852940267164,-0.167200715478074,-0.2596353929006661
3.0,-0.1885210476187981,-0.21318146663018106,-0.14368478665377216,-0.1987188964744488
-2.0,-0.20191542945960977,-0.3416058201558538,-0.40503467660562364,-0.3527473198285736
0.0,-0.20191542945960977,-0.25763468149312424,-0.30619817377323233,-0.23242881460047396
0.0,-0.20191542945960977,-0.29500464712707936,-0.31383687216211575,-0.24481814300352808
-2.0,-0.20191542945960977,-0.3448540610213466,-0.4421645166198479,-0.3504877238912431
-1.0,-0.20191542945960977,-0.2635852940267164,-0.333140909790831,-0.25341211430029464
3.0,-0.20191542945960977,-0.21318146663018106,-0.32985828984810417,-0.24007040070062957
-2.0,-0.253222811939508,-0.3458432827514026,-0.32253060688199836,-0.3257387979118729
0.0,-0.253222811939508,-0.22231362840281166,-0.22988397219950554,-0.20342981579050706
0.0,-0.253222811939508,-0.24116806878603728,-0.23481819409069138,-0.2327268450047921
-2.0,-0.253222811939508,-0.26402270974776,-0.3595677730635064,-0.27425734807442337
-1.0,-0.253222811939508,-0.24529888216134593,-0.2543470697941242,-0.2327438645192887
3.0,-0.253222811939508,-0.22551539226689504,-0.2415308181521323,-0.21745492777991737
-2.0,-0.21888170450226374,-0.3416058201558538,-0.3250543003710133,-0.3630782997631103
0.0,-0.21888170450226374,-0.25763468149312424,-0.22017527895933606,-0.2579927940869054
0.0,-0.21888170450226374,-0.29500464712707936,-0.22781397734821948,-0.272311993633814
-2.0,-0.21888170450226374,-0.3448540610213466,-0.3027277905502654,-0.36380353133626575
-1.0,-0.21888170450226374,-0.2635852940267164,-0.26785721983718547,-0.26916128526688315
3.0,-0.21888170450226374,-0.21318146663018106,-0.23552846295256172,-0.2542519684698577
-2.0,-0.2282124504523869,-0.3416058201558538,-0.3251035484352452,-0.3528766918280994
0.0,-0.2282124504523869,-0.25763468149312424,-0.22426181545912516,-0.24779118615189458
0.0,-0.2282124504523869,-0.29500464712707936,-0.23190051384800858,-0.2621103856988031
-2.0,-0.2282124504523869,-0.3448540610213466,-0.3752735933633224,-0.35360192340125485
-1.0,-0.2282124504523869,-0.2635852940267164,-0.24734792834321984,-0.25895967733187225
3.0,-0.2282124504523869,-0.21318146663018106,-0.21567212548227635,-0.24405036053484702
-2.0,-0.2019300616804294,-0.3567674075418664,-0.2387788878594397,-0.3491166758784856
0.0,-0.2019300616804294,-0.24393520268444754,-0.1610646625848513,-0.23526293575227228
0.0,-0.2019300616804294,-0.29629036707571066,-0.1728707677954425,-0.2588089741772195
-2.0,-0.2019300616804294,-0.25874969780433077,-0.2630474628509259,-0.3063279231664704
-1.0,-0.2019300616804294,-0.28680011559358104,-0.2147548238659891,-0.292965333160215
3.0,-0.2019300616804294,-0.22533727384762492,-0.17423716294379832,-0.22298919178930166
-2.0,-0.3496330262547116,-0.3458432827514026,-0.34559105096186915,-0.31163064388239226
0.0,-0.3496330262547116,-0.22231362840281166,-0.253333752993738,-0.2023137745314503
0.0,-0.3496330262547116,-0.24116806878603728,-0.2582679748849238,-0.23161080374573534
-2.0,-0.3496330262547116,-0.26402270974776,-0.3394177381667265,-0.25575040523126413
-1.0,-0.3496330262547116,-0.24529888216134593,-0.277407513873995,-0.23162782326023193
3.0,-0.3496330262547116,-0.22551539226689504,-0.271103150848174,-0.2163388865208606
-2.0,-0.227662767807293,-0.3567674075418664,-0.2756032738836295,-0.35626732575772957
0.0,-0.227662767807293,-0.24393520268444754,-0.1934647901414209,-0.22800109048607026
0.0,-0.227662767807293,-0.29629036707571066,-0.21016180324478276,-0.2515471289110174
-2.0,-0.227662767807293,-0.25874969780433077,-0.3085847503942741,-0.30491874857478435
-1.0,-0.227662767807293,-0.28680011559358104,-0.22926193454581528,-0.2764579293210837
3.0,-0.227662767807293,-0.22533727384762492,-0.21152819839313858,-0.24391876870279383
-2.0,-0.33877842598909524,-0.3458432827514026,-0.3262534770898391,-0.3257387979118729
0.0,-0.33877842598909524,-0.22231362840281166,-0.22058575091691404,-0.20342981579050706
0.0,-0.33877842598909524,-0.24116806878603728,-0.22551997280809988,-0.2327268450047921
-2.0,-0.33877842598909524,-0.26402270974776,-0.35878752668678854,-0.27425734807442337
-1.0,-0.33877842598909524,-0.24529888216134593,-0.2522075942365505,-0.2327438645192887
3.0,-0.33877842598909524,-0.22551539226689504,-0.23465572907404372,-0.21745492777991737
-2.0,-0.3825645223970037,-0.3565837636959848,-0.34329282039956494,-0.4124191489741399
0.0,-0.3825645223970037,-0.2518687796834754,-0.2687681422665381,-0.2446298729553656
0.0,-0.3825645223970037,-0.2806591594121676,-0.28453274742484963,-0.27270237425670957
-2.0,-0.3825645223970037,-0.2957493921015536,-0.3516494437328918,-0.35912677225704803
-1.0,-0.3825645223970037,-0.2817151361012925,-0.2723078819494957,-0.30856249741536357
3.0,-0.3825645223970037,-0.2476171857419737,-0.29314655431266223,-0.23867721882489984
-2.0,-0.35090066699499034,-0.3732728967296392,-0.42401818923097073,-0.3373740743104957
0.0,-0.35090066699499034,-0.2607175090775264,-0.2653072559685862,-0.23094829095981412
0.0,-0.35090066699499034,-0.2843222668921116,-0.27584494283600247,-0.25358769509673385
-2.0,-0.35090066699499034,-0.3125468805434403,-0.4425194245864667,-0.3333260120429734
-1.0,-0.35090066699499034,-0.29419335606981567,-0.3508822614817935,-0.2692270267318762
3.0,-0.35090066699499034,-0.2287329327039852,-0.2501771760718878,-0.2468730262833961
-2.0,-0.3585845455998243,-0.3526937768747531,-0.328976188167606,-0.3420003958315738
0.0,-0.3585845455998243,-0.2637936300673537,-0.2665491131180365,-0.23784787983210046
0.0,-0.3585845455998243,-0.2719089404454946,-0.23062565583798675,-0.23782436039439073
-2.0,-0.3585845455998243,-0.3168896477429798,-0.3566087569828891,-0.27446943637917365
-1.0,-0.3585845455998243,-0.3055663961865383,-0.30428500024594046,-0.278741823405512
3.0,-0.3585845455998243,-0.24353062404539286,-0.249149002694569,-0.23541814113131598
-2.0,-0.37916677756514766,-0.373696914205708,-0.3996823688048302,-0.3604053272771912
0.0,-0.37916677756514766,-0.2602007446171404,-0.1812655776675111,-0.2601718710453762
0.0,-0.37916677756514766,-0.3186023089938335,-0.20755361141478804,-0.29599461230461294
-2.0,-0.37916677756514766,-0.3234654211164315,-0.37200657834704987,-0.3242172574025243
-1.0,-0.37916677756514766,-0.2906625696465352,-0.28613399645019355,-0.28991134850000755
3.0,-0.37916677756514766,-0.24035128492495936,-0.2162399698484916,-0.22912312849735608
-2.0,-0.2150515496344846,-0.3694642518804783,-0.28617396099161746,-0.4141012723759325
0.0,-0.2150515496344846,-0.24231823237576527,-0.16365586811936356,-0.24400389074068768
0.0,-0.2150515496344846,-0.2878451574232633,-0.17058503751539075,-0.2778113943953614
-2.0,-0.2150515496344846,-0.30428777216125125,-0.29449993108652994,-0.38747228860089156
-1.0,-0.2150515496344846,-0.29118985901664873,-0.2203137230082116,-0.31795102280259374
3.0,-0.2150515496344846,-0.23967796948360975,-0.1617396728746999,-0.26074804096883974
-2.0,-0.21303330823607217,-0.3458432827514026,-0.29871748871722414,-0.3514619843461512
0.0,-0.21303330823607217,-0.22231362840281166,-0.15539475072717848,-0.21348236806843401
0.0,-0.21303330823607217,-0.24116806878603728,-0.1806815036110183,-0.2364181803808998
-2.0,-0.21303330823607217,-0.26402270974776,-0.32401692890515976,-0.32759198001000206
-1.0,-0.21303330823607217,-0.24529888216134593,-0.17937058998673283,-0.20900850382044942
3.0,-0.21303330823607217,-0.22551539226689504,-0.18262765134321082,-0.23984747444702284
0.0,-0.23546769315908145,-0.3559724694967522,-0.2702320757012234,-0.21118769826867057
-3.0,-0.23546769315908145,-0.43245521616552196,-0.42743693861600507,-0.3906266320268653
-1.0,-0.23546769315908145,-0.17399582402939662,-0.31415673422742146,-0.15818550922881264
-2.0,-0.23546769315908145,-0.41468379264193944,-0.5315118744021238,-0.35023971517842833
0.0,-0.23546769315908145,-0.1906210556379265,-0.2660503994934581,-0.15474790525217463
-3.0,-0.23546769315908145,-0.35150932755111336,-0.44428853764906945,-0.28930628255882157
0.0,-0.26267691831036455,-0.3509790334417238,-0.37595296265758316,-0.2957980896543983
-3.0,-0.26267691831036455,-0.3455242939553389,-0.46942750882178397,-0.35855586761022923
-1.0,-0.26267691831036455,-0.19955823970175865,-0.3921496848326994,-0.21895970540935422
-2.0,-0.26267691831036455,-0.38350093079729614,-0.5344945486682149,-0.3390033872269174
0.0,-0.26267691831036455,-0.23398006032123905,-0.32463222592594193,-0.22410704434527567
-3.0,-0.26267691831036455,-0.353431301473027,-0.46150835516807565,-0.34973788506306647
0.0,-0.3922550958453444,-0.3072551842844606,-0.2003049894141864,-0.2698566219948989
-3.0,-0.3922550958453444,-0.2977531072827844,-0.270657233719262,-0.2824223910038372
-1.0,-0.3922550958453444,-0.1703557144984146,-0.21599838057369206,-0.24333313430608297
-2.0,-0.3922550958453444,-0.37985406207314026,-0.3051944042122661,-0.39800933861392085
0.0,-0.3922550958453444,-0.17278996425765236,-0.19405822251552182,-0.1816409918361897
-3.0,-0.3922550958453444,-0.35046452669064365,-0.24988277465776268,-0.3634253275680173
0.0,-0.43374605852975684,-0.3559724694967522,-0.2902561504719444,-0.3168952439365154
-3.0,-0.43374605852975684,-0.43245521616552196,-0.2960225438447247,-0.4622108883400636
-1.0,-0.43374605852975684,-0.17399582402939662,-0.2668944946033564,-0.22353759847912338
-2.0,-0.43374605852975684,-0.41468379264193944,-0.4487060225556865,-0.39914677105586244
0.0,-0.43374605852975684,-0.1906210556379265,-0.2536086086960406,-0.21303401063901084
-3.0,-0.43374605852975684,-0.35150932755111336,-0.3422901320230822,-0.37218737491751847
0.0,-0.3466283437090099,-0.3467767219667324,-0.281573590265002,-0.2521499995723455
-2.0,-0.3466283437090099,-0.2598854701863296,-0.3046807285642449,-0.23981824573076907
-2.0,-0.3466283437090099,-0.41034251350604517,-0.3776083625852751,-0.39460492118743146
-3.0,-0.3466283437090099,-0.38600083896798076,-0.32901649357281537,-0.3212857607870133
-2.0,-0.3466283437090099,-0.47773336852805454,-0.3740205848581134,-0.4398209046486774
0.0,-0.3409655752370115,-0.32774792295571775,-0.28493837632304414,-0.28925350139855815
-2.0,-0.3409655752370115,-0.24929645789804583,-0.3497496529451566,-0.29373392903025275
-2.0,-0.3409655752370115,-0.4015033318638321,-0.4914521662590462,-0.3501398119561155
-3.0,-0.3409655752370115,-0.3600699811961093,-0.45404803039998265,-0.3421560335717537
-2.0,-0.3409655752370115,-0.46304206684393795,-0.49406343329027375,-0.44780021023017214
0.0,-0.17293425405496593,-0.3314135933374799,-0.23818087269793953,-0.28982088831644653
-2.0,-0.17293425405496593,-0.30900981742557865,-0.2883727787287002,-0.28230965323228013
-2.0,-0.17293425405496593,-0.4084256907764112,-0.4430504816669054,-0.3180349786743649
-3.0,-0.17293425405496593,-0.38607554002402583,-0.3285782583908588,-0.3262015644046364
-2.0,-0.17293425405496593,-0.46975268780176604,-0.39988630637681494,-0.3364563847166467
0.0,-0.15537695398989262,-0.3314135933374799,-0.26490267042471666,-0.28982088831644653
-2.0,-0.15537695398989262,-0.30900981742557865,-0.3083292336176839,-0.3230806955464739
-2.0,-0.15537695398989262,-0.4084256907764112,-0.5223354886886421,-0.34550849609367074
-3.0,-0.15537695398989262,-0.38607554002402583,-0.42005066110089606,-0.30306552223819877
0.0,-0.2251454333104274,-0.3816074220768344,-0.2817876861809651,-0.3384781592147961
-3.0,-0.2251454333104274,-0.3644998880397493,-0.2930337018683049,-0.3342695116856486
-1.0,-0.2251454333104274,-0.18499978231856748,-0.29900469636178334,-0.222419647532889
-2.0,-0.2251454333104274,-0.4358166408442304,-0.4622534134539252,-0.3637493886388325
0.0,-0.2251454333104274,-0.21798860112552887,-0.21732529671443304,-0.20792513574044713
-3.0,-0.2251454333104274,-0.3936402499254632,-0.3405309583752139,-0.36504055267051416
0.0,-0.2733583944761264,-0.38778729222482317,-0.23277773949982625,-0.366915741655595
-2.0,-0.2733583944761264,-0.19460979612446774,-0.20578479720329232,-0.2520816761697835
-2.0,-0.2733583944761264,-0.3796621603104723,-0.3502563967068283,-0.46974766911084725
-3.0,-0.2733583944761264,-0.3788633067353517,-0.321034245167206,-0.4449777263351432
-2.0,-0.2733583944761264,-0.46423240109134983,-0.36198868727702216,-0.4631826434282633
0.0,-0.03687618623097726,-0.3314135933374799,-0.1107477696432393,-0.3113120555589371
-2.0,-0.03687618623097726,-0.30900981742557865,-0.21412318975979303,-0.33022206859288394
-2.0,-0.03687618623097726,-0.4084256907764112,-0.19138552798823613,-0.3539816083689021
-3.0,-0.03687618623097726,-0.38607554002402583,-0.1982271614977277,-0.3346258157588828
-2.0,-0.03687618623097726,-0.46975268780176604,-0.2061992770308816,-0.3644513072945249
0.0,-0.1382905243715457,-0.32774792295571775,-0.22610221900158706,-0.2772026774314427
-2.0,-0.1382905243715457,-0.24929645789804583,-0.1882332982909259,-0.2713091355157898
-2.0,-0.1382905243715457,-0.4015033318638321,-0.33076973536611126,-0.38646376714627867
-3.0,-0.1382905243715457,-0.3600699811961093,-0.23670285052455955,-0.3507329754334529
0.0,-0.203299388777711,-0.38778729222482317,-0.280032162547918,-0.34249598063622966
-2.0,-0.203299388777711,-0.19460979612446774,-0.26127284144713636,-0.2511598034476269
-2.0,-0.203299388777711,-0.3796621603104723,-0.30996768856631607,-0.3212232486765106
-3.0,-0.203299388777711,-0.3788633067353517,-0.2847373512573917,-0.3036338453753365
0.0,-0.0453693865068987,-0.3314135933374799,-0.2012774284414497,-0.3231763262754147
-3.0,-0.0453693865068987,-0.35285210787799953,-0.2333431741864723,-0.35573596429320614
-1.0,-0.0453693865068987,-0.20505861223540092,-0.21619614089573805,-0.24589696020726218
-2.0,-0.0453693865068987,-0.4084256907764112,-0.34786184571412776,-0.4608436211472883
0.0,-0.0453693865068987,-0.19586693070532551,-0.17765302557917415,-0.21703044495828333
-3.0,-0.0453693865068987,-0.38607554002402583,-0.26964447535001523,-0.3807804461814245
0.0,-0.2520361355424765,-0.39902519592485525,-0.2927220107417792,-0.37948360976662304
-3.0,-0.2520361355424765,-0.3765840980891874,-0.3001476221735059,-0.3903619419619663
-1.0,-0.2520361355424765,-0.16705152146759475,-0.25576046293659355,-0.18323965271587472
-2.0,-0.2520361355424765,-0.4238235251815226,-0.4464664775347365,-0.44684673758858257
0.0,-0.2520361355424765,-0.23401109274503856,-0.22845773120204202,-0.21839534421987727
-3.0,-0.2520361355424765,-0.379106942760975,-0.38955142278734356,-0.366363590856531
0.0,-0.06709366630519333,-0.38778729222482317,-0.2919919550936805,-0.34521677703694537
-3.0,-0.06709366630519333,-0.42066583341218466,-0.2249191406075302,-0.3369899582711839
-1.0,-0.06709366630519333,-0.1482010517300739,-0.17415791200470712,-0.19520970683024116
-2.0,-0.06709366630519333,-0.3796621603104723,-0.27895533371885056,-0.39767264745164244
0.0,-0.06709366630519333,-0.178559302156097,-0.19272438397751762,-0.1715934847134248
-3.0,-0.06709366630519333,-0.3788633067353517,-0.197825944896456,-0.31983335188252854
0.0,-0.11092402183188765,-0.3816074220768344,-0.11273715512604865,-0.4127293007413277
-2.0,-0.11092402183188765,-0.24588460282838406,-0.1572086533330718,-0.3175329263873499
-2.0,-0.11092402183188765,-0.4358166408442304,-0.2736527669633122,-0.4981000033514917
-3.0,-0.11092402183188765,-0.3936402499254632,-0.17036009714029143,-0.3823792223600682
-2.0,-0.11092402183188765,-0.46859320799827103,-0.2500090935119132,-0.44562231215585196
0.0,-0.13953427541079455,-0.3072551842844606,-0.21368194385341358,-0.2893528923401985
-3.0,-0.13953427541079455,-0.2977531072827844,-0.25325949571425865,-0.4488926585797877
-1.0,-0.13953427541079455,-0.1703557144984146,-0.21183756572323503,-0.25969185584502796
-2.0,-0.13953427541079455,-0.37985406207314026,-0.42871663578089536,-0.436085899578598
0.0,-0.13953427541079455,-0.17278996425765236,-0.18065655131723976,-0.2028557337460482
-3.0,-0.13953427541079455,-0.35046452669064365,-0.32379850272453414,-0.39089174681586575
0.0,-0.5912461773558273,-0.3485662135012922,-0.45909866806844357,-0.23307986802385638
-2.0,-0.5912461773558273,-0.26087694322270516,-0.6129946710119121,-0.23603360836795767
-2.0,-0.5912461773558273,-0.42595438995550433,-0.7057842343203619,-0.39228915537848247
-3.0,-0.5912461773558273,-0.3501445656828932,-0.6257414930273856,-0.28221164178615366
-2.0,-0.5912461773558273,-0.4709639935605298,-0.7143729033384691,-0.4201646268970342
0.0,-0.13880221473966908,-0.32774792295571775,-0.38331063729940573,-0.27370587560662873
-2.0,-0.13880221473966908,-0.24929645789804583,-0.31555458982204615,-0.23501885069597417
-2.0,-0.13880221473966908,-0.4015033318638321,-0.5104070555440495,-0.31743538009259176
-3.0,-0.13880221473966908,-0.3600699811961093,-0.3879465806990254,-0.2680682827860143
0.0,-0.2944374305728452,-0.3509790334417238,-0.35883626614613373,-0.29585146078744173
-2.0,-0.2944374305728452,-0.2605959693990597,-0.34344164277696665,-0.3579722479221231
-2.0,-0.2944374305728452,-0.38350093079729614,-0.4569990203232424,-0.3995549175029332
-3.0,-0.2944374305728452,-0.353431301473027,-0.401921374164107,-0.3014077669061714
0.0,-0.2831481841584849,-0.3485662135012922,-0.28228917917555657,-0.27369729643261403
-2.0,-0.2831481841584849,-0.26087694322270516,-0.31971728358069895,-0.2557596298758286
-2.0,-0.2831481841584849,-0.42595438995550433,-0.48108832021387254,-0.3615184353938049
-3.0,-0.2831481841584849,-0.3501445656828932,-0.3578859990129026,-0.35363434132657745
0.0,-0.2651852359458528,-0.38778729222482317,-0.40145146928060294,-0.3505602751539797
-3.0,-0.2651852359458528,-0.42066583341218466,-0.3655806038016322,-0.47536567763101606
-1.0,-0.2651852359458528,-0.1482010517300739,-0.3355161148080903,-0.32281862002980877
-2.0,-0.2651852359458528,-0.3796621603104723,-0.5341809964695492,-0.4661352697742791
0.0,-0.2651852359458528,-0.178559302156097,-0.3393626345638496,-0.21126014300833895
-3.0,-0.2651852359458528,-0.3788633067353517,-0.43023867949774464,-0.48853192062513623
0.0,-0.25934161298986697,-0.3509790334417238,-0.23816593239342454,-0.315678847762514
-2.0,-0.25934161298986697,-0.2605959693990597,-0.25792802340597604,-0.2281464371743412
-2.0,-0.25934161298986697,-0.38350093079729614,-0.33196309625481174,-0.3287338354839922
-3.0,-0.25934161298986697,-0.353431301473027,-0.29376846111068416,-0.4051691002100373
0.0,-0.23520912257364918,-0.3314135933374799,-0.23558445028374037,-0.36389211173805297
-3.0,-0.23520912257364918,-0.35285210787799953,-0.3086535072098282,-0.5300963436547949
-1.0,-0.23520912257364918,-0.20505861223540092,-0.24096286497757538,-0.29407304431512615
-2.0,-0.23520912257364918,-0.4084256907764112,-0.40359680419285443,-0.4852666756892232
0.0,-0.23520912257364918,-0.19586693070532551,-0.19151504025434118,-0.2652065290661474
-3.0,-0.23520912257364918,-0.38607554002402583,-0.37901095595471673,-0.5759320569467915
0.0,-0.6427947980946068,-0.3072551842844606,-0.3322879552513147,-0.24277230239361275
-3.0,-0.6427947980946068,-0.2977531072827844,-0.4045943506195526,-0.3051680558093842
-1.0,-0.6427947980946068,-0.1703557144984146,-0.3593985454017466,-0.2122872062963513
-2.0,-0.6427947980946068,-0.37985406207314026,-0.4268820826956089,-0.3256621231703627
0.0,-0.6427947980946068,-0.17278996425765236,-0.32499588327743045,-0.15564608401472768
-3.0,-0.6427947980946068,-0.35046452669064365,-0.40812136116036685,-0.25916001211518075
0.0,-0.1709152339633934,-0.39902519592485525,-0.27455202449255167,-0.4170264205730935
-2.0,-0.1709152339633934,-0.2417817299206405,-0.2555619974783674,-0.2993766686983671
-2.0,-0.1709152339633934,-0.4238235251815226,-0.3980616145210436,-0.4304772595132411
-3.0,-0.1709152339633934,-0.379106942760975,-0.29782344785917864,-0.4629336220445127
0.0,-0.15929672508131348,-0.3559724694967522,-0.24606915729169992,-0.36876053423180927
-3.0,-0.15929672508131348,-0.43245521616552196,-0.28679767013378216,-0.41736756196412444
-1.0,-0.15929672508131348,-0.17399582402939662,-0.24547824530329562,-0.23793303841925173
-2.0,-0.15929672508131348,-0.41468379264193944,-0.38417928948655633,-0.4476710283401049
0.0,-0.15929672508131348,-0.1906210556379265,-0.22379289256618767,-0.21897344531098628
-3.0,-0.15929672508131348,-0.35150932755111336,-0.2506901858344265,-0.3792865281664864
0.0,-0.1685452046761805,-0.3485662135012922,-0.23832036845483595,-0.34867854042551655
-2.0,-0.1685452046761805,-0.26087694322270516,-0.2148031041858647,-0.3318016871726536
-2.0,-0.1685452046761805,-0.42595438995550433,-0.33256796558273843,-0.4388002049902348
-3.0,-0.1685452046761805,-0.3501445656828932,-0.2357670327371823,-0.3327093096422518
0.0,-0.14925743136493172,-0.38778729222482317,-0.3046869575456875,-0.327984342520258
-3.0,-0.14925743136493172,-0.42066583341218466,-0.28092452559106185,-0.3571471433540603
-1.0,-0.14925743136493172,-0.1482010517300739,-0.23278496956393596,-0.20518249936659205
-2.0,-0.14925743136493172,-0.3796621603104723,-0.33237173819980786,-0.32546434799575225
0.0,-0.14925743136493172,-0.178559302156097,-0.264839692082454,-0.18868421037461727
-3.0,-0.14925743136493172,-0.3788633067353517,-0.2841846140840694,-0.29845802709878455
0.0,-0.10732166996053924,-0.3314135933374799,-0.21368915325386986,-0.3292191137997004
-2.0,-0.10732166996053924,-0.30900981742557865,-0.1964876919518511,-0.3481291268336472
-2.0,-0.10732166996053924,-0.4084256907764112,-0.2795580469550401,-0.38113372330380096
-3.0,-0.10732166996053924,-0.38607554002402583,-0.2819199759708822,-0.3617779306937815
-2.0,-0.10732166996053924,-0.46975268780176604,-0.25043634779549157,-0.3916034222294238
0.0,-0.15422522419791185,-0.39902519592485525,-0.3047937171620924,-0.3807730548471954
-3.0,-0.15422522419791185,-0.3765840980891874,-0.28966388212932814,-0.387782703977415
-1.0,-0.15422522419791185,-0.16705152146759475,-0.25623787457952085,-0.18066041473132344
-2.0,-0.15422522419791185,-0.4238235251815226,-0.39430124199940314,-0.4073616152216309
0.0,-0.15422522419791185,-0.23401109274503856,-0.2678779327037927,-0.18978814898580948
-3.0,-0.15422522419791185,-0.379106942760975,-0.33307569480906746,-0.4090676421068326
0.0,-0.21518118166981254,-0.38778729222482317,-0.24565288478523728,-0.3617073655766413
-2.0,-0.21518118166981254,-0.19460979612446774,-0.17271529521303833,-0.28126854218861175
-2.0,-0.21518118166981254,-0.3796621603104723,-0.34175431052892025,-0.47287515960847754
-3.0,-0.21518118166981254,-0.3788633067353517,-0.28449618532328674,-0.36895650797612944
-2.0,-0.21518118166981254,-0.46423240109134983,-0.325479438503878,-0.462248851484113
0.0,-0.2615301238932915,-0.3485662135012922,-0.3225892115259813,-0.27369729643261403
-2.0,-0.2615301238932915,-0.26087694322270516,-0.31251813316342913,-0.2557596298758286
-2.0,-0.2615301238932915,-0.42595438995550433,-0.4829398900737179,-0.3615184353938049
-3.0,-0.2615301238932915,-0.3501445656828932,-0.3642061409008919,-0.35363434132657745
0.0,-0.21621848542607525,-0.39902519592485525,-0.19872940989418125,-0.32616623639628955
-3.0,-0.21621848542607525,-0.3765840980891874,-0.168167101677325,-0.3256304178489921
-1.0,-0.21621848542607525,-0.16705152146759475,-0.12200465788807145,-0.2097400075320665
-2.0,-0.21621848542607525,-0.4238235251815226,-0.309044539441934,-0.44190883867780884
0.0,-0.21621848542607525,-0.23401109274503856,-0.09695041564089059,-0.2151338794674596
-3.0,-0.21621848542607525,-0.379106942760975,-0.22742484414835965,-0.2965098309032809
0.0,-0.2041143532921425,-0.38778729222482317,-0.2821950528103648,-0.3617073655766413
-2.0,-0.2041143532921425,-0.19460979612446774,-0.1533889495329716,-0.25114788422563317
-2.0,-0.2041143532921425,-0.3796621603104723,-0.3187309894342819,-0.4688138771666969
-3.0,-0.2041143532921425,-0.3788633067353517,-0.27602561711000995,-0.3782786888132128
-2.0,-0.2041143532921425,-0.46423240109134983,-0.3170088702906012,-0.462248851484113
0.0,-0.4175757612442027,-0.38778729222482317,-0.2120748894742853,-0.3299862081388202
-2.0,-0.4175757612442027,-0.19460979612446774,-0.2738266385909313,-0.23631617015833142
-2.0,-0.4175757612442027,-0.3796621603104723,-0.3259991096125887,-0.3456302293477981
-3.0,-0.4175757612442027,-0.3788633067353517,-0.2932765800064171,-0.30045989271734674
-2.0,-0.4175757612442027,-0.46423240109134983,-0.33195982090222453,-0.37055054260093856
0.0,-0.24540438145656612,-0.3072551842844606,-0.16710540676320362,-0.27764789426288977
-3.0,-0.24540438145656612,-0.2977531072827844,-0.1722312654119532,-0.3137343026457222
-1.0,-0.24540438145656612,-0.1703557144984146,-0.12552102098163087,-0.22273014292171806
-2.0,-0.24540438145656612,-0.37985406207314026,-0.2892282678018767,-0.3877616010334304
0.0,-0.24540438145656612,-0.17278996425765236,-0.11121315896488172,-0.1800381037390683
-3.0,-0.24540438145656612,-0.35046452669064365,-0.18040965439266615,-0.36455900986379347
0.0,-0.3633862823401077,-0.3509790334417238,-0.39797533421426146,-0.2957980896543983
-2.0,-0.3633862823401077,-0.2605959693990597,-0.4196935047312535,-0.2817299977572363
-2.0,-0.3633862823401077,-0.38350093079729614,-0.5386037616622787,-0.3230519183992307
-3.0,-0.3633862823401077,-0.353431301473027,-0.44828676679195095,-0.29988173154235476
-2.0,-0.3633862823401077,-0.4048725965143544,-0.5116564945687746,-0.38344080555477766
0.0,-0.34554791271213775,-0.3314135933374799,-0.1674609022233383,-0.23127350256870688
-2.0,-0.34554791271213775,-0.30900981742557865,-0.25984124359234745,-0.22376226748454062
-2.0,-0.34554791271213775,-0.4084256907764112,-0.4065807732076158,-0.25948759292662515
-3.0,-0.34554791271213775,-0.38607554002402583,-0.34164598618494174,-0.2633019194120735
0.0,-0.28361499677867313,-0.3467767219667324,-0.42144132832147674,-0.31207895905272354
-2.0,-0.28361499677867313,-0.2598854701863296,-0.46415730506263525,-0.2952349729492968
-2.0,-0.28361499677867313,-0.41034251350604517,-0.5642302521814605,-0.3517415769387532
-3.0,-0.28361499677867313,-0.38600083896798076,-0.5136894480292301,-0.36883045845885215
0.0,-0.25765617258325585,-0.3816074220768344,-0.21389864868623992,-0.3435196582438805
-3.0,-0.25765617258325585,-0.3644998880397493,-0.2789868073067556,-0.32038429665910195
-1.0,-0.25765617258325585,-0.18499978231856748,-0.22458590981154197,-0.21528175237711578
-2.0,-0.25765617258325585,-0.4358166408442304,-0.320404954935382,-0.4171486945593051
0.0,-0.25765617258325585,-0.21798860112552887,-0.1718150825804723,-0.20877974849701936
-3.0,-0.25765617258325585,-0.3936402499254632,-0.2639915452225726,-0.3935824943900254
0.0,-0.22026453418193365,-0.3509790334417238,-0.21293463270852356,-0.3208688492313383
-3.0,-0.22026453418193365,-0.3455242939553389,-0.23857153168169082,-0.3324510839513229
-1.0,-0.22026453418193365,-0.19955823970175865,-0.17888488106630554,-0.16502071892627299
-2.0,-0.22026453418193365,-0.38350093079729614,-0.3350828626309627,-0.41623160202705994
0.0,-0.22026453418193365,-0.23398006032123905,-0.15013323006729654,-0.22292357757406872
-3.0,-0.22026453418193365,-0.353431301473027,-0.23442405735450667,-0.2442637066831196
0.0,-0.3243564084711443,-0.38778729222482317,-0.3225956930934071,-0.3221145238378291
-2.0,-0.3243564084711443,-0.19460979612446774,-0.2928987654344954,-0.22438320341555967
-2.0,-0.3243564084711443,-0.3796621603104723,-0.4398891321529779,-0.3195945293133235
-3.0,-0.3243564084711443,-0.3788633067353517,-0.4357303143544399,-0.3641252963877258
-2.0,-0.3243564084711443,-0.46423240109134983,-0.4644651285284934,-0.36829224106213665
0.0,-0.16886750954704544,-0.39902519592485525,-0.26386762626408755,-0.4170264205730935
-3.0,-0.16886750954704544,-0.3765840980891874,-0.2987398782256471,-0.4325278414870265
-1.0,-0.16886750954704544,-0.16705152146759475,-0.22654812670031205,-0.23195956171728638
-2.0,-0.16886750954704544,-0.4238235251815226,-0.4077155246972273,-0.4304772595132411
0.0,-0.16886750954704544,-0.23401109274503856,-0.19847964920575956,-0.24421647291556298
-3.0,-0.16886750954704544,-0.379106942760975,-0.35909827520327475,-0.4629336220445127
0.0,-0.2182279365707142,-0.3072551842844606,-0.24223830910343538,-0.2698566219948989
-2.0,-0.2182279365707142,-0.23908926033365865,-0.26632602831408725,-0.32341619533624494
-2.0,-0.2182279365707142,-0.37985406207314026,-0.43028784529464564,-0.4204120660724957
-3.0,-0.2182279365707142,-0.35046452669064365,-0.3387640076280597,-0.3634253275680173
-2.0,-0.2182279365707142,-0.4401731747524715,-0.3861844088861573,-0.43812059587000307
0.0,-0.45803977299761395,-0.3485662135012922,-0.2997797641693995,-0.3110442550978669
-2.0,-0.45803977299761395,-0.26087694322270516,-0.2824605267281921,-0.26653266806194237
-2.0,-0.45803977299761395,-0.42595438995550433,-0.38200588494747306,-0.40268192946988474
-3.0,-0.45803977299761395,-0.3501445656828932,-0.26649594720147507,-0.381935904297963
0.0,-0.20676701860125035,-0.3485662135012922,-0.14551761380261527,-0.40846617050409895
-2.0,-0.20676701860125035,-0.26087694322270516,-0.19648899499848235,-0.33742039993275585
-2.0,-0.20676701860125035,-0.42595438995550433,-0.34109640737869207,-0.4542427475755655
-3.0,-0.20676701860125035,-0.3501445656828932,-0.23573422830350987,-0.3663022542943101
0.0,-0.29842689815278733,-0.39902519592485525,-0.3475445265009737,-0.37690437178207176
-3.0,-0.29842689815278733,-0.3765840980891874,-0.3256713244586408,-0.387782703977415
-1.0,-0.29842689815278733,-0.16705152146759475,-0.29038703920116987,-0.18066041473132344
-2.0,-0.29842689815278733,-0.4238235251815226,-0.44794710420369444,-0.43456984830277356
0.0,-0.29842689815278733,-0.23401109274503856,-0.26032016042251577,-0.18978814898580948
-3.0,-0.29842689815278733,-0.379106942760975,-0.40936141229521555,-0.3637843528719797
0.0,-0.14426611252536678,-0.39902519592485525,-0.18869606516817106,-0.3158812918829804
-2.0,-0.14426611252536678,-0.2417817299206405,-0.22996710974154203,-0.2759659301792542
-2.0,-0.14426611252536678,-0.4238235251815226,-0.26816393251429294,-0.42976258153925745
-3.0,-0.14426611252536678,-0.379106942760975,-0.266216003194906,-0.34170710528910714
-2.0,-0.14426611252536678,-0.45139248973852736,-0.2810950238986988,-0.41581812273040764
0.0,-0.15816094286568685,-0.3509790334417238,-0.2640430087005223,-0.2867331592876885
-2.0,-0.15816094286568685,-0.2605959693990597,-0.25702790889358557,-0.21905553632342195
-2.0,-0.15816094286568685,-0.38350093079729614,-0.29926637965468744,-0.2693748230414245
-3.0,-0.15816094286568685,-0.353431301473027,-0.249366991386831,-0.29988173154235476
0.0,-0.2643969044456297,-0.3314135933374799,-0.24489757284986768,-0.28982088831644653
-3.0,-0.2643969044456297,-0.35285210787799953,-0.3800073665175996,-0.30438238914152255
-1.0,-0.2643969044456297,-0.20505861223540092,-0.31328883327639806,-0.23014920982341575
-2.0,-0.2643969044456297,-0.4084256907764112,-0.37415353098250603,-0.34550849609367074
0.0,-0.2643969044456297,-0.19586693070532551,-0.24322924814735972,-0.19113530564454084
-3.0,-0.2643969044456297,-0.38607554002402583,-0.44400318414589474,-0.31926187670375333
0.0,-0.2942961978511086,-0.3559724694967522,-0.2798947673558816,-0.21118769826867057
-2.0,-0.2942961978511086,-0.2314578215505545,-0.42796640908242245,-0.20968383244575395
-2.0,-0.2942961978511086,-0.41468379264193944,-0.6144765549820826,-0.35023971517842833
-3.0,-0.2942961978511086,-0.35150932755111336,-0.47605946772061297,-0.28930628255882157
-2.0,-0.2942961978511086,-0.43295638179063317,-0.5893973296196635,-0.2590253775878831
0.0,-0.24560418434459427,-0.3314135933374799,-0.18492430772970783,-0.36389211173805297
-3.0,-0.24560418434459427,-0.35285210787799953,-0.25381788118402837,-0.43102343791827247
-1.0,-0.24560418434459427,-0.20505861223540092,-0.2182238101215268,-0.29407304431512615
-2.0,-0.24560418434459427,-0.4084256907764112,-0.4094692548444053,-0.4852666756892232
0.0,-0.24560418434459427,-0.19586693070532551,-0.1712372212722441,-0.2652065290661474
-3.0,-0.24560418434459427,-0.38607554002402583,-0.3387783286061662,-0.4438706880949465
0.0,-0.24856176900958749,-0.3816074220768344,-0.3358313838531876,-0.3435196582438805
-3.0,-0.24856176900958749,-0.3644998880397493,-0.3000147668066345,-0.32038429665910195
-1.0,-0.24856176900958749,-0.18499978231856748,-0.28726950774198107,-0.21528175237711578
-2.0,-0.24856176900958749,-0.4358166408442304,-0.4212306233730904,-0.4171486945593051
0.0,-0.24856176900958749,-0.21798860112552887,-0.2737333533073388,-0.20877974849701936
-3.0,-0.24856176900958749,-0.3936402499254632,-0.2995413248791691,-0.3935824943900254
0.0,-0.3016475750826071,-0.32774792295571775,-0.22886956901118888,-0.34154128438828896
-2.0,-0.3016475750826071,-0.24929645789804583,-0.2306556335062227,-0.30881566990662934
-2.0,-0.3016475750826071,-0.4015033318638321,-0.2923552676787331,-0.44466662045606176
-3.0,-0.3016475750826071,-0.3600699811961093,-0.19379918960833795,-0.3099564926914315
-2.0,-0.3016475750826071,-0.46304206684393795,-0.27284329448785993,-0.4780745042969953
0.0,-0.34460986426515583,-0.3559724694967522,-0.40329462513181713,-0.300704284347901
-2.0,-0.34460986426515583,-0.2314578215505545,-0.314741217475443,-0.2668067479388649
-2.0,-0.34460986426515583,-0.41468379264193944,-0.39369923794870887,-0.3983808688677107
-3.0,-0.34460986426515583,-0.35150932755111336,-0.3030114988457372,-0.36312830857281564
0.0,-0.39032339917295994,-0.3467767219667324,-0.25775815318368644,-0.3625453672551919
-3.0,-0.39032339917295994,-0.39337188779133064,-0.2781705396070055,-0.3858340860384208
-1.0,-0.39032339917295994,-0.1786004725470986,-0.25116915865224265,-0.23795393539114476
-2.0,-0.39032339917295994,-0.41034251350604517,-0.29730522429565365,-0.41033130863916256
0.0,-0.39032339917295994,-0.19559565793089784,-0.19413662010101113,-0.20817636095497288
-3.0,-0.39032339917295994,-0.38600083896798076,-0.256988579764087,-0.4043535019335162
0.0,-0.41855939542668885,-0.3314135933374799,-0.30688965018085856,-0.28982088831644653
-2.0,-0.41855939542668885,-0.30900981742557865,-0.4034589903812638,-0.3230806955464739
-2.0,-0.41855939542668885,-0.4084256907764112,-0.41004785003936955,-0.34550849609367074
-3.0,-0.41855939542668885,-0.38607554002402583,-0.37262917545446816,-0.31926187670375333
-2.0,-0.41855939542668885,-0.46975268780176604,-0.40751682340414713,-0.3776504436241665
0.0,-0.30735556352069776,-0.3485662135012922,-0.2600845041818646,-0.34867854042551655
-2.0,-0.30735556352069776,-0.26087694322270516,-0.22609264303831283,-0.3318016871726536
-2.0,-0.30735556352069776,-0.42595438995550433,-0.2775091637744602,-0.4388002049902348
-3.0,-0.30735556352069776,-0.3501445656828932,-0.2523592415671211,-0.3327093096422518
0.0,-0.29546091548990755,-0.3314135933374799,-0.21398375346579757,-0.28982088831644653
-2.0,-0.29546091548990755,-0.30900981742557865,-0.2837614152157199,-0.28230965323228013
-2.0,-0.29546091548990755,-0.4084256907764112,-0.4115374238485703,-0.3180349786743649
-3.0,-0.29546091548990755,-0.38607554002402583,-0.3391067911243594,-0.3262015644046364
-2.0,-0.29546091548990755,-0.46975268780176604,-0.3904564560250283,-0.3364563847166467
0.0,-0.2703027329909086,-0.3467767219667324,-0.3881002781425082,-0.3625453672551919
-2.0,-0.2703027329909086,-0.2598854701863296,-0.37320445245521167,-0.28697346388083833
-2.0,-0.2703027329909086,-0.41034251350604517,-0.4449958629050834,-0.41033130863916256
-3.0,-0.2703027329909086,-0.38600083896798076,-0.39521075145089923,-0.40015867674778616
0.0,-0.28288786586213405,-0.3072551842844606,-0.22765684310107015,-0.26293465509594127
-3.0,-0.28288786586213405,-0.2977531072827844,-0.2870252414891198,-0.41546826108368945
-1.0,-0.28288786586213405,-0.1703557144984146,-0.2521858700101685,-0.21691926166945324
-2.0,-0.28288786586213405,-0.37985406207314026,-0.444938387145986,-0.3881766738955045
0.0,-0.28288786586213405,-0.17278996425765236,-0.22900482638261807,-0.1711049799216659
-3.0,-0.28288786586213405,-0.35046452669064365,-0.36316593646774586,-0.36848918967096006
0.0,-0.29599205695436825,-0.3314135933374799,-0.27093546032484606,-0.2585788596735906
-2.0,-0.29599205695436825,-0.30900981742557865,-0.2899060690718333,-0.2510676245894244
-2.0,-0.29599205695436825,-0.4084256907764112,-0.4953185810529816,-0.2867929500315092
-3.0,-0.29599205695436825,-0.38607554002402583,-0.3926829866522635,-0.2906072765169575
-2.0,-0.29599205695436825,-0.46975268780176604,-0.48361483601573757,-0.30521435607379094
0.0,-0.563818880215404,-0.3559724694967522,-0.40806255329492874,-0.21118769826867057
-2.0,-0.563818880215404,-0.2314578215505545,-0.476193274983782,-0.19986077479355666
-2.0,-0.563818880215404,-0.41468379264193944,-0.5646873969517223,-0.35023971517842833
-3.0,-0.563818880215404,-0.35150932755111336,-0.5024413898461837,-0.28930628255882157
-2.0,-0.563818880215404,-0.43295638179063317,-0.5475938584408995,-0.2590253775878831
0.0,-0.3986526209420791,-0.39902519592485525,-0.2896546090993907,-0.3233115993050623
-2.0,-0.3986526209420791,-0.2417817299206405,-0.25501391461185824,-0.2833962376013361
-2.0,-0.3986526209420791,-0.4238235251815226,-0.457636403463103,-0.4340812625484566
-3.0,-0.3986526209420791,-0.379106942760975,-0.3519723004956774,-0.4300513429439336
0.0,-0.35191901947144155,-0.3509790334417238,-0.2591196204608142,-0.3208688492313383
-3.0,-0.35191901947144155,-0.3455242939553389,-0.2731801357142978,-0.30772128339379873
-1.0,-0.35191901947144155,-0.19955823970175865,-0.2214194424674868,-0.1756546678573622
-2.0,-0.35191901947144155,-0.38350093079729614,-0.4064484078749749,-0.35880448687227706
0.0,-0.35191901947144155,-0.23398006032123905,-0.20139457717048648,-0.22292357757406872
-3.0,-0.35191901947144155,-0.353431301473027,-0.2913850079305068,-0.2676758374588672
0.0,-0.29737961610213265,-0.32774792295571775,-0.2991474907437463,-0.27370587560662873
-3.0,-0.29737961610213265,-0.376045510113008,-0.3124682100737431,-0.4193935836064953
-1.0,-0.29737961610213265,-0.18302600208596853,-0.28268627585954803,-0.22994820963827314
-2.0,-0.29737961610213265,-0.4015033318638321,-0.5439421014425376,-0.3799573422350867
0.0,-0.29737961610213265,-0.1769674644177464,-0.23297007558837332,-0.21140905955526468
-3.0,-0.29737961610213265,-0.3600699811961093,-0.44379508531518336,-0.4055535823561325
0.0,-0.3951498395456023,-0.3072551842844606,-0.3661644742035002,-0.24277230239361275
-2.0,-0.3951498395456023,-0.23908926033365865,-0.4368345388411152,-0.21277918337151158
-2.0,-0.3951498395456023,-0.37985406207314026,-0.5973823742069908,-0.2760500006515773
-3.0,-0.3951498395456023,-0.35046452669064365,-0.573493465654087,-0.25916001211518075
-1.0,-0.21174929452171146,-0.31644161576104013,-0.21547666553443404,-0.29521582690917947
-3.0,-0.21174929452171146,-0.24424037698449771,-0.1354167626490605,-0.21469052862302337
1.0,-0.21174929452171146,-0.26453978434612674,-0.1349561674936096,-0.2106363613355189
-2.0,-0.21174929452171146,-0.3699104595584773,-0.28465214788070703,-0.29729259627784266
0.0,-0.21174929452171146,-0.23177199943649715,-0.12766438249347922,-0.2121621376433312
0.0,-0.21174929452171146,-0.14920945006409067,-0.09999944907025211,-0.16548281341177573
2.0,-0.21174929452171146,-0.21792780200474576,-0.12431407422358808,-0.2070253337866342
-1.0,-0.21559356640275748,-0.3114121536125543,-0.23932647430777387,-0.33169309227415905
-3.0,-0.21559356640275748,-0.2520821018055175,-0.20044268311145394,-0.23388594817699893
1.0,-0.21559356640275748,-0.30171126618800925,-0.15634585045657629,-0.2753829142876247
-2.0,-0.21559356640275748,-0.45376150060558856,-0.30406819754222514,-0.35069451164784365
0.0,-0.21559356640275748,-0.17585316820765692,-0.1432716222828879,-0.19753966378009083
0.0,-0.21559356640275748,-0.12198509858728525,-0.15370167908624427,-0.1830245628955698
2.0,-0.21559356640275748,-0.243335888434321,-0.13103684455124717,-0.24663073307011074
-1.0,-0.14949013164231795,-0.29736283083147075,-0.2031896409626733,-0.232012513072093
-3.0,-0.14949013164231795,-0.24679281803227393,-0.1921170822580425,-0.22757732799660835
1.0,-0.14949013164231795,-0.23036291324903382,-0.17574188506465638,-0.21238873851783013
-2.0,-0.14949013164231795,-0.45931774398446656,-0.32898163438250555,-0.4364848000147116
0.0,-0.14949013164231795,-0.20494454019228397,-0.16465947308186946,-0.18907130534824818
0.0,-0.14949013164231795,-0.1846235642925525,-0.16928083430158494,-0.21331585220955643
2.0,-0.14949013164231795,-0.21544564082619302,-0.1610311799797251,-0.1827665542078995
-1.0,-0.09035186604964889,-0.30114595555281026,-0.21594971008486516,-0.29842566005240123
-3.0,-0.09035186604964889,-0.22222304503946386,-0.21044479193892118,-0.2723487923080943
1.0,-0.09035186604964889,-0.25344357743162166,-0.16579652556478647,-0.23825771244345714
-2.0,-0.09035186604964889,-0.40060675431155807,-0.2451896518500739,-0.3766283450933419
0.0,-0.09035186604964889,-0.21290481299186012,-0.16303016486768557,-0.2268619809443077
0.0,-0.09035186604964889,-0.16935819392228235,-0.16184247909152846,-0.22836148942774975
2.0,-0.09035186604964889,-0.23447842708326186,-0.14732664479168808,-0.20764669625503615
-1.0,-0.058199525988035794,-0.31644161576104013,-0.1791497054786444,-0.29521582690917947
-3.0,-0.058199525988035794,-0.24424037698449771,-0.14602288689674234,-0.2367040658811708
1.0,-0.058199525988035794,-0.26453978434612674,-0.14319581498151815,-0.2106363613355189
-2.0,-0.058199525988035794,-0.3699104595584773,-0.25632044833367784,-0.29729259627784266
0.0,-0.058199525988035794,-0.23177199943649715,-0.1410033394434769,-0.2121621376433312
0.0,-0.058199525988035794,-0.14920945006409067,-0.11333840602024974,-0.16548281341177573
2.0,-0.058199525988035794,-0.21792780200474576,-0.1423561925470614,-0.2070253337866342
-1.0,-0.15806127449444285,-0.3114121536125543,-0.28313686147299383,-0.3219877098457208
-3.0,-0.15806127449444285,-0.2520821018055175,-0.24300105195323024,-0.28516038579612646
1.0,-0.15806127449444285,-0.30171126618800925,-0.22157212727935627,-0.21925920375464625
-2.0,-0.15806127449444285,-0.45376150060558856,-0.31733393068406374,-0.4150861966957704
0.0,-0.15806127449444285,-0.17585316820765692,-0.20849789910566788,-0.19341623642725703
0.0,-0.15806127449444285,-0.12198509858728525,-0.19844938194503545,-0.17526374898382843
2.0,-0.15806127449444285,-0.243335888434321,-0.19501110305058364,-0.23557515537041385
-1.0,-0.3074836162019883,-0.3088260691353543,-0.27555022767354814,-0.2721270551614542
-3.0,-0.3074836162019883,-0.2762570696240608,-0.23575683555177152,-0.26755457976679065
1.0,-0.3074836162019883,-0.24805318941153548,-0.19464735971497024,-0.20513007839092737
-2.0,-0.3074836162019883,-0.35688988010858036,-0.30005715832382684,-0.3165698032447966
0.0,-0.3074836162019883,-0.17647978183764032,-0.1920365172360679,-0.20084514190614675
0.0,-0.3074836162019883,-0.15516556981212917,-0.19053332196484749,-0.19197757617939976
2.0,-0.3074836162019883,-0.23663032503113238,-0.1911000327852487,-0.2099096843570188
-1.0,-0.17705481392307254,-0.30114595555281026,-0.22505077909232424,-0.19287599878038153
-3.0,-0.17705481392307254,-0.22222304503946386,-0.22074651307063903,-0.19580942158877748
1.0,-0.17705481392307254,-0.25344357743162166,-0.15227850460425826,-0.18546554743548957
-2.0,-0.17705481392307254,-0.40060675431155807,-0.2646496979742311,-0.2867699640383675
0.0,-0.17705481392307254,-0.21290481299186012,-0.14951214390715736,-0.184191432815732
0.0,-0.17705481392307254,-0.16935819392228235,-0.13969894194285512,-0.14025373006999922
2.0,-0.17705481392307254,-0.23447842708326186,-0.13365260477040497,-0.21666461963167277
-1.0,-0.23061625823631882,-0.3088260691353543,-0.4298859799224983,-0.2489174590420855
-3.0,-0.23061625823631882,-0.2762570696240608,-0.4029375933297669,-0.33685790121881337
1.0,-0.23061625823631882,-0.24805318941153548,-0.2880799389906325,-0.18131572187511996
-2.0,-0.23061625823631882,-0.35688988010858036,-0.46541889856181345,-0.31421560127173076
0.0,-0.23061625823631882,-0.17647978183764032,-0.28546909651173025,-0.17393297216083795
0.0,-0.23061625823631882,-0.15516556981212917,-0.29370718486742736,-0.1858582576161902
2.0,-0.23061625823631882,-0.23663032503113238,-0.29222904325215215,-0.19975968095355126
-1.0,-0.3091663485059543,-0.30114595555281026,-0.22226377381502624,-0.27813579966845314
-3.0,-0.3091663485059543,-0.22222304503946386,-0.28416732883093426,-0.26308077227533877
1.0,-0.3091663485059543,-0.25344357743162166,-0.19766191048933526,-0.22898969241070155
-2.0,-0.3091663485059543,-0.40060675431155807,-0.28097740275773525,-0.3340794658711855
0.0,-0.3091663485059543,-0.21290481299186012,-0.19489554979223436,-0.21759396091155211
0.0,-0.3091663485059543,-0.16935819392228235,-0.1775490788009847,-0.21909346939499416
2.0,-0.3091663485059543,-0.23447842708326186,-0.1915962882614652,-0.19837867622228056
-1.0,-0.3041723952302654,-0.2946871782307806,-0.197956586247528,-0.3028173155321739
-3.0,-0.3041723952302654,-0.26136427804696094,-0.2436956444137912,-0.20091836422922477
1.0,-0.3041723952302654,-0.2810670202610051,-0.14752467712086675,-0.24615873007193312
-2.0,-0.3041723952302654,-0.44316487120327863,-0.30475961028035653,-0.3609636608112823
0.0,-0.3041723952302654,-0.1968361817232348,-0.15069245669898773,-0.18496991901727572
0.0,-0.3041723952302654,-0.1595088790878743,-0.14340000045062484,-0.17569703646615273
2.0,-0.3041723952302654,-0.27194214020364466,-0.12717404283674819,-0.20357385417413873
-1.0,-0.30209892822458184,-0.2800372147110423,-0.2516315444425935,-0.28275211147168106
-3.0,-0.30209892822458184,-0.24499556204073866,-0.28356216501724535,-0.22193857107510417
1.0,-0.30209892822458184,-0.265164296535941,-0.21211873274840284,-0.2214526665267044
-2.0,-0.30209892822458184,-0.41471249567417906,-0.30981826701753373,-0.34363566366918347
0.0,-0.30209892822458184,-0.1945298268755349,-0.20997936360181482,-0.1824682296213264
0.0,-0.30209892822458184,-0.17344962724393914,-0.21211873274840284,-0.18639915175521138
2.0,-0.30209892822458184,-0.22319571853350656,-0.19442448419142871,-0.1996374505585074
-1.0,-0.26898280223025,-0.2946871782307806,-0.2444951195068919,-0.308717257727769
-3.0,-0.26898280223025,-0.26136427804696094,-0.2306565698127358,-0.19341260645064134
1.0,-0.26898280223025,-0.2810670202610051,-0.18495573319677366,-0.2520586722675281
-2.0,-0.26898280223025,-0.44316487120327863,-0.2958681149203371,-0.3557004821815436
0.0,-0.26898280223025,-0.1968361817232348,-0.1958294848959784,-0.19086986121287072
0.0,-0.26898280223025,-0.1595088790878743,-0.1775640958152037,-0.17043385783641404
2.0,-0.26898280223025,-0.27194214020364466,-0.1699395924176945,-0.19831067554440004
-1.0,-0.27368193474316505,-0.28742589063846236,-0.20135750214897716,-0.3107377760917756
-3.0,-0.27368193474316505,-0.23396948599726064,-0.15740537354665934,-0.22810661173975572
1.0,-0.27368193474316505,-0.26859105686726303,-0.13400962179664108,-0.21650272990391844
-2.0,-0.27368193474316505,-0.4314250973363089,-0.2353666319558488,-0.3152659706128516
0.0,-0.27368193474316505,-0.19718580783500278,-0.13400962179664108,-0.20329971877348155
0.0,-0.27368193474316505,-0.14596965917570764,-0.11781378439114258,-0.19764749894232367
2.0,-0.27368193474316505,-0.2433380098159145,-0.1366965209830944,-0.23634345371125295
-1.0,-0.3237166303975654,-0.31644161576104013,-0.28672460319928617,-0.2821940225069737
-3.0,-0.3237166303975654,-0.24424037698449771,-0.26405098318708564,-0.26781821264924666
1.0,-0.3237166303975654,-0.26453978434612674,-0.2508271335161931,-0.21404626478934674
-2.0,-0.3237166303975654,-0.3699104595584773,-0.33205091606412107,-0.3474636119641229
0.0,-0.3237166303975654,-0.23177199943649715,-0.2541815443150021,-0.21468272649438375
0.0,-0.3237166303975654,-0.14920945006409067,-0.23258905451336417,-0.15808939259987295
2.0,-0.3237166303975654,-0.21792780200474576,-0.24342840685498865,-0.20572233653959457
-1.0,-0.3650533522798974,-0.2891534254155143,-0.3103847531049706,-0.2703438851806192
-3.0,-0.3650533522798974,-0.24382830712841438,-0.26856506470749775,-0.2608994518857596
1.0,-0.3650533522798974,-0.2612226033399747,-0.2439820420294075,-0.2254667258358845
-2.0,-0.3650533522798974,-0.4218606958800538,-0.3734160405529618,-0.3945230788722268
0.0,-0.3650533522798974,-0.22976480082956532,-0.24053491093890395,-0.20673309238145413
0.0,-0.3650533522798974,-0.1697259299717418,-0.24053491093890395,-0.1741691943146896
2.0,-0.3650533522798974,-0.23445350828029296,-0.25727779877249785,-0.21136333795666826
-1.0,-0.4360012995949877,-0.31644161576104013,-0.20667252755968238,-0.29521582690917947
-3.0,-0.4360012995949877,-0.24424037698449771,-0.203412024786645,-0.2367040658811708
1.0,-0.4360012995949877,-0.26453978434612674,-0.1804626875199217,-0.2106363613355189
-2.0,-0.4360012995949877,-0.3699104595584773,-0.27055209588439433,-0.29729259627784266
0.0,-0.4360012995949877,-0.23177199943649715,-0.17827021198188045,-0.2121621376433312
0.0,-0.4360012995949877,-0.14920945006409067,-0.15949689183059973,-0.16548281341177573
2.0,-0.4360012995949877,-0.21792780200474576,-0.17588313050907448,-0.2070253337866342
-1.0,-0.41494805256641776,-0.2891534254155143,-0.27144949532912827,-0.27902799593172317
-3.0,-0.41494805256641776,-0.24382830712841438,-0.23210523824897533,-0.28053714318424583
1.0,-0.41494805256641776,-0.2612226033399747,-0.21227994716189189,-0.2341508365869885
-2.0,-0.41494805256641776,-0.4218606958800538,-0.3429533281337189,-0.3942975808133058
0.0,-0.41494805256641776,-0.22976480082956532,-0.20883281607138834,-0.2154172031325581
0.0,-0.41494805256641776,-0.1697259299717418,-0.20883281607138834,-0.1828533050657936
2.0,-0.41494805256641776,-0.23445350828029296,-0.21358316113502465,-0.2323601258594532
-1.0,-0.24117109061007738,-0.29736283083147075,-0.3734316810825763,-0.2890755380177385
-3.0,-0.24117109061007738,-0.24679281803227393,-0.34868609745486384,-0.23273828093034576
1.0,-0.24117109061007738,-0.23036291324903382,-0.31906122049017854,-0.23728659597341295
-2.0,-0.24117109061007738,-0.45931774398446656,-0.4990671187766496,-0.4357228526544596
0.0,-0.24117109061007738,-0.20494454019228397,-0.3095380447775111,-0.213969162803831
0.0,-0.24117109061007738,-0.1846235642925525,-0.31736664605635545,-0.23821370966513924
2.0,-0.24117109061007738,-0.21544564082619302,-0.31067622800461514,-0.2192089978358592
-1.0,-0.2547525334088748,-0.3114121536125543,-0.2765871804641086,-0.30755285510047137
-3.0,-0.2547525334088748,-0.2520821018055175,-0.24384204398799278,-0.28254220763476245
1.0,-0.2547525334088748,-0.30171126618800925,-0.2143744595990644,-0.23445142469052335
-2.0,-0.2547525334088748,-0.45376150060558856,-0.3344690682232517,-0.4019945413246181
0.0,-0.2547525334088748,-0.17585316820765692,-0.19580065515151862,-0.19341623642725703
0.0,-0.2547525334088748,-0.12198509858728525,-0.19125171426474358,-0.17526374898382843
2.0,-0.2547525334088748,-0.243335888434321,-0.18231385909643438,-0.2369718938921197
-1.0,-0.1990631297904595,-0.29736283083147075,-0.24068333117010696,-0.22078347663438655
-3.0,-0.1990631297904595,-0.24679281803227393,-0.20301125473613463,-0.23728663925961135
1.0,-0.1990631297904595,-0.23036291324903382,-0.19490734075612312,-0.21238873851783013
-2.0,-0.1990631297904595,-0.45931774398446656,-0.35696756424662207,-0.4252557635770052
0.0,-0.1990631297904595,-0.20494454019228397,-0.1869564446481167,-0.18907130534824818
0.0,-0.1990631297904595,-0.1846235642925525,-0.19634428219708056,-0.21331585220955643
2.0,-0.1990631297904595,-0.21544564082619302,-0.18022941728202277,-0.1827665542078995
-1.0,-0.19434676319010977,-0.2946871782307806,-0.3112310295966063,-0.31610000349364303
-3.0,-0.19434676319010977,-0.26136427804696094,-0.2957439333972035,-0.3027047841119025
1.0,-0.19434676319010977,-0.2810670202610051,-0.2615222984081635,-0.2300806237810375
-2.0,-0.19434676319010977,-0.44316487120327863,-0.37063170408547436,-0.36216060741193107
0.0,-0.19434676319010977,-0.1968361817232348,-0.26269924542556977,-0.20308342545599867
0.0,-0.19434676319010977,-0.1595088790878743,-0.22572711518715677,-0.1870397116909945
2.0,-0.19434676319010977,-0.27194214020364466,-0.219280932710985,-0.24563561376954082
-1.0,-0.28380689699371286,-0.31644161576104013,-0.21336609377598123,-0.293325915297247
-3.0,-0.28380689699371286,-0.24424037698449771,-0.16637178950552614,-0.21280061701109093
1.0,-0.28380689699371286,-0.26453978434612674,-0.15478515060675646,-0.20874644972358647
-2.0,-0.28380689699371286,-0.3699104595584773,-0.23829661725247792,-0.2954026846659102
0.0,-0.28380689699371286,-0.23177199943649715,-0.18906501977154355,-0.21027222603139875
0.0,-0.28380689699371286,-0.14920945006409067,-0.15007160158509636,-0.1635929017998433
2.0,-0.28380689699371286,-0.21792780200474576,-0.11981146135685444,-0.20276992362711468
-1.0,-0.3045364198242338,-0.31644161576104013,-0.20280274541106988,-0.285956256676314
-3.0,-0.3045364198242338,-0.24424037698449771,-0.18554166078789433,-0.21280061701109093
1.0,-0.3045364198242338,-0.26453978434612674,-0.14884972691678755,-0.21682232304257265
-2.0,-0.3045364198242338,-0.3699104595584773,-0.24474283737796917,-0.29002331505605367
0.0,-0.3045364198242338,-0.23177199943649715,-0.17466827950166885,-0.2183480993503849
0.0,-0.3045364198242338,-0.14920945006409067,-0.1389182279240389,-0.1665915529536725
2.0,-0.3045364198242338,-0.21792780200474576,-0.12449931548759574,-0.20576857478094393
-1.0,-0.4110580820831801,-0.3088260691353543,-0.30797671572440705,-0.2489174590420855
-3.0,-0.4110580820831801,-0.2762570696240608,-0.3206854854952292,-0.33685790121881337
1.0,-0.4110580820831801,-0.24805318941153548,-0.26577958122331335,-0.18131572187511996
-2.0,-0.4110580820831801,-0.35688988010858036,-0.36222184336625957,-0.31421560127173076
0.0,-0.4110580820831801,-0.17647978183764032,-0.26577958122331335,-0.17393297216083795
0.0,-0.4110580820831801,-0.15516556981212917,-0.2655021645292398,-0.1858582576161902
2.0,-0.4110580820831801,-0.23663032503113238,-0.2725395279637353,-0.19975968095355126
-1.0,-0.29192859230327345,-0.2891534254155143,-0.2774345986518698,-0.26994191146998836
-3.0,-0.29192859230327345,-0.24382830712841438,-0.22574356794919517,-0.2368773394577871
1.0,-0.29192859230327345,-0.2612226033399747,-0.23474957503785512,-0.2272098561320674
-2.0,-0.29192859230327345,-0.4218606958800538,-0.30743864796073966,-0.3722693884031149
0.0,-0.29192859230327345,-0.22976480082956532,-0.23474957503785512,-0.20847622267763707
0.0,-0.29192859230327345,-0.1697259299717418,-0.21452920804429906,-0.17112375408825078
2.0,-0.29192859230327345,-0.23445350828029296,-0.22777221795855793,-0.22460397688873873
-1.0,-0.3452109020479168,-0.30114595555281026,-0.28340715250668486,-0.29842566005240123
-3.0,-0.3452109020479168,-0.22222304503946386,-0.2894204604382098,-0.2723487923080943
1.0,-0.3452109020479168,-0.25344357743162166,-0.24031253227726518,-0.23825771244345714
-2.0,-0.3452109020479168,-0.40060675431155807,-0.32183424043644765,-0.3766283450933419
0.0,-0.3452109020479168,-0.21290481299186012,-0.24031253227726518,-0.2268619809443077
0.0,-0.3452109020479168,-0.16935819392228235,-0.24124830300903694,-0.22836148942774975
2.0,-0.3452109020479168,-0.23447842708326186,-0.2484915213301493,-0.20764669625503615
-1.0,-0.3660028947561815,-0.2891534254155143,-0.33940003076535,-0.21751056897776538
-3.0,-0.3660028947561815,-0.24382830712841438,-0.31796036230535524,-0.25151352246520664
1.0,-0.3660028947561815,-0.2612226033399747,-0.2724632895556374,-0.24478193898833067
-2.0,-0.3660028947561815,-0.4218606958800538,-0.40246546577412456,-0.34135363024428456
0.0,-0.3660028947561815,-0.22976480082956532,-0.2724632895556374,-0.2248145990221683
0.0,-0.3660028947561815,-0.1697259299717418,-0.2669997115827923,-0.17663369981139881
2.0,-0.3660028947561815,-0.23445350828029296,-0.27268466184448203,-0.21973758115017336
-1.0,-0.48641295048084704,-0.3114121536125543,-0.3713327699628595,-0.32426255480131955
-3.0,-0.48641295048084704,-0.2520821018055175,-0.36713395368937735,-0.27311499851882604
1.0,-0.48641295048084704,-0.30171126618800925,-0.22897713755366067,-0.20998690842129947
-2.0,-0.48641295048084704,-0.45376150060558856,-0.4428538777940294,-0.39900015813517997
0.0,-0.48641295048084704,-0.17585316820765692,-0.21590290937997228,-0.18414394109391025
0.0,-0.48641295048084704,-0.12198509858728525,-0.20585439221933985,-0.16599145365048165
2.0,-0.48641295048084704,-0.243335888434321,-0.22119920383125127,-0.22757858490785338
-1.0,-0.43270031708322904,-0.30114595555281026,-0.3138458237243568,-0.2672065658517788
-3.0,-0.43270031708322904,-0.22222304503946386,-0.3354198197239556,-0.2592081688595782
1.0,-0.43270031708322904,-0.25344357743162166,-0.2632230086924359,-0.21419800531763247
-2.0,-0.43270031708322904,-0.40060675431155807,-0.3786847496509406,-0.3346711969677592
0.0,-0.43270031708322904,-0.21290481299186012,-0.260456647995335,-0.20666472709487776
0.0,-0.43270031708322904,-0.16935819392228235,-0.2613924187271068,-0.2152208659792336
2.0,-0.43270031708322904,-0.23447842708326186,-0.2501313135224962,-0.2018702292483379
-1.0,-0.4237271879407161,-0.28742589063846236,-0.3929088163208937,-0.38410046125283204
-3.0,-0.4237271879407161,-0.23396948599726064,-0.3608214490252445,-0.26704855524817755
1.0,-0.4237271879407161,-0.26859105686726303,-0.2908400151386062,-0.20145430012567947
-2.0,-0.4237271879407161,-0.4314250973363089,-0.4227235471006971,-0.387459967974355
0.0,-0.4237271879407161,-0.19718580783500278,-0.2908400151386062,-0.20162273129500233
0.0,-0.4237271879407161,-0.14596965917570764,-0.29320316572926713,-0.19053234909611177
2.0,-0.4237271879407161,-0.2433380098159145,-0.2917576046961273,-0.24447949551490014
-1.0,-0.23857585300901274,-0.30114595555281026,-0.18857952082267532,-0.2726618444613755
-3.0,-0.23857585300901274,-0.22222304503946386,-0.1591086036101925,-0.21559765586770133
1.0,-0.23857585300901274,-0.25344357743162166,-0.12483440200259807,-0.210911064081471
-2.0,-0.23857585300901274,-0.40060675431155807,-0.22095107282390455,-0.31221548068434896
0.0,-0.23857585300901274,-0.21290481299186012,-0.12206804130549713,-0.19951533258232157
0.0,-0.23857585300901274,-0.16935819392228235,-0.12088035552934011,-0.16569924671598066
2.0,-0.23857585300901274,-0.23447842708326186,-0.10636452122949976,-0.2421101362776542
0.0,-0.19101207547544313,-0.13807162749935406,-0.18731364614902868,-0.1748506789645304
2.0,-0.19101207547544313,-0.21725183335490159,-0.1937797918254461,-0.22011143076009385
1.0,-0.19101207547544313,-0.31468892427074324,-0.1588866298434901,-0.32640674638511435
-3.0,-0.19101207547544313,-0.3521084463767993,-0.25920778465997496,-0.3905432488985291
-2.0,-0.19101207547544313,-0.4703707887956064,-0.392701822810841,-0.5680885022995638
-1.0,-0.19101207547544313,-0.2594724659184924,-0.19188533973377628,-0.24380474132993904
3.0,-0.19101207547544313,-0.13427246705295745,-0.1600354528399728,-0.16330618885201903
0.0,-0.25660986563524957,-0.1517766242707708,-0.14675768499655076,-0.17997782133692888
2.0,-0.25660986563524957,-0.21899040790211344,-0.13755841281488504,-0.2022497405246516
1.0,-0.25660986563524957,-0.33164362248334733,-0.16981640253044383,-0.35478294791404447
-3.0,-0.25660986563524957,-0.367651914125288,-0.3169384098920345,-0.4034623296808137
-2.0,-0.25660986563524957,-0.4273975995947102,-0.3920243715256759,-0.5172153942225981
-1.0,-0.25660986563524957,-0.2927816786533208,-0.21385224150834545,-0.3292999788108116
3.0,-0.25660986563524957,-0.1446500474347673,-0.13624035648296748,-0.15766874965557157
0.0,-0.34808012364015134,-0.14845654630466107,-0.25690592537874907,-0.1763049602069206
2.0,-0.34808012364015134,-0.2141628270644277,-0.26255268557037426,-0.1899874638522773
1.0,-0.34808012364015134,-0.3164389898548998,-0.2600300837654345,-0.2866380275050816
-3.0,-0.34808012364015134,-0.3367380918490646,-0.3858223389912474,-0.2709998817594633
-2.0,-0.34808012364015134,-0.4332594108808095,-0.41004097999338607,-0.3919913393685061
-1.0,-0.34808012364015134,-0.2921700041394631,-0.3749368453380289,-0.29678426042826095
3.0,-0.34808012364015134,-0.11533590611731175,-0.24844566184386405,-0.10181585014034568
0.0,-0.40843079780321395,-0.16858963833740664,-0.17244688572682443,-0.20614960945004948
2.0,-0.40843079780321395,-0.1890756812280823,-0.1607630487159096,-0.1971142924302647
1.0,-0.40843079780321395,-0.3667148100510897,-0.24930873620540164,-0.34771937053400304
-3.0,-0.40843079780321395,-0.3690428951450828,-0.3173666127087064,-0.42831095801970737
-2.0,-0.40843079780321395,-0.4557719529644958,-0.362786622680893,-0.54244109940815
-1.0,-0.40843079780321395,-0.2794158702859811,-0.23385989404410665,-0.325512143117979
3.0,-0.40843079780321395,-0.15497168345946413,-0.16065280419081152,-0.20689425059096056
0.0,-0.40192992650281717,-0.14845654630466107,-0.1611117207818266,-0.1763049602069206
2.0,-0.40192992650281717,-0.2141628270644277,-0.18796089941983676,-0.22259746643897146
1.0,-0.40192992650281717,-0.3164389898548998,-0.23323399350262755,-0.2607976978248249
-3.0,-0.40192992650281717,-0.3367380918490646,-0.33384198756713357,-0.29173983690329075
-2.0,-0.40192992650281717,-0.4332594108808095,-0.41259783803847816,-0.31887958845629977
-1.0,-0.40192992650281717,-0.2921700041394631,-0.2845305054606129,-0.27816789243691864
3.0,-0.40192992650281717,-0.11533590611731175,-0.15908504732260545,-0.10181585014034568
0.0,-0.3911668460539356,-0.1495382553012391,-0.18126347379245494,-0.18350690986123633
2.0,-0.3911668460539356,-0.19999471808288555,-0.19486005025986036,-0.20225255850545995
1.0,-0.3911668460539356,-0.3120299100160875,-0.25160321482290465,-0.2747658573366318
-3.0,-0.3911668460539356,-0.35250420004736466,-0.335871266560794,-0.3452410870605413
-2.0,-0.3911668460539356,-0.39521215385216596,-0.41369612416228013,-0.28222512222322904
-1.0,-0.3911668460539356,-0.2595863535234296,-0.2716474134212522,-0.27067710522571053
3.0,-0.3911668460539356,-0.11013919739357014,-0.17460361527528506,-0.11188615743177675
0.0,-0.3781735851744922,-0.13113354812371852,-0.19868781189684923,-0.1567964076838736
2.0,-0.3781735851744922,-0.2158690239081442,-0.22285804064143241,-0.21822303573995452
1.0,-0.3781735851744922,-0.31929902788045145,-0.23918637916954535,-0.2536112360907816
-3.0,-0.3781735851744922,-0.3624207781240332,-0.38288487584501946,-0.36719099025879465
-2.0,-0.3781735851744922,-0.4965274571674879,-0.4325132339669016,-0.38671768095302594
-1.0,-0.3781735851744922,-0.2697037030877857,-0.28548877331527484,-0.28691597930354984
3.0,-0.3781735851744922,-0.15147905546883889,-0.21771533578075666,-0.1382399024792067
0.0,-0.2528123464996569,-0.13807162749935406,-0.27229348853552704,-0.15874062388264149
2.0,-0.2528123464996569,-0.21725183335490159,-0.274576776350214,-0.21314313566882664
1.0,-0.2528123464996569,-0.31468892427074324,-0.2954565453987528,-0.23405112266585726
-3.0,-0.2528123464996569,-0.3521084463767993,-0.3421747239342541,-0.1781801533013694
-2.0,-0.2528123464996569,-0.4703707887956064,-0.424256169674143,-0.2706419936273925
-1.0,-0.2528123464996569,-0.2594724659184924,-0.3346774808076288,-0.22544197826455437
3.0,-0.2528123464996569,-0.13427246705295745,-0.26421972284060385,-0.13087487506129158
0.0,-0.14529992603841113,-0.1286190076428911,-0.17294173638027727,-0.17570728351589016
2.0,-0.14529992603841113,-0.19528389462988865,-0.1934656637159013,-0.26618413959353526
1.0,-0.14529992603841113,-0.3337830213176606,-0.1946509431712557,-0.33085259710675263
-3.0,-0.14529992603841113,-0.34556253517895924,-0.2983728681724246,-0.37547519656384726
-2.0,-0.14529992603841113,-0.43452084465711605,-0.3070302542597516,-0.3598656946620813
-1.0,-0.14529992603841113,-0.2509962799223888,-0.25871498637093177,-0.2840937078852456
3.0,-0.14529992603841113,-0.12721275852043384,-0.17785233622455832,-0.14313981123114272
0.0,-0.1468210548911742,-0.13464844504313905,-0.07958870260545116,-0.1861578735448386
2.0,-0.1468210548911742,-0.25434051362660415,-0.08721577051324028,-0.21713431292963595
1.0,-0.1468210548911742,-0.3016973392552003,-0.16059604917137213,-0.2827321747587447
-3.0,-0.1468210548911742,-0.34741342470979086,-0.28714985922336167,-0.35649583782773364
-2.0,-0.1468210548911742,-0.39823463783729185,-0.31410810862828054,-0.4916471004659569
-1.0,-0.1468210548911742,-0.25098287251662516,-0.17588651021505325,-0.28217714277859657
3.0,-0.1468210548911742,-0.1527917404030331,-0.07429428792206844,-0.17569685287090028
0.0,-0.06490924630749241,-0.13807162749935406,-0.18857474651829134,-0.1748506789645304
2.0,-0.06490924630749241,-0.21725183335490159,-0.1950408921947088,-0.22011143076009385
1.0,-0.06490924630749241,-0.31468892427074324,-0.2302697362248693,-0.32640674638511435
-3.0,-0.06490924630749241,-0.3521084463767993,-0.32823040831251193,-0.3905432488985291
-2.0,-0.06490924630749241,-0.4703707887956064,-0.37162230465980073,-0.5680885022995638
-1.0,-0.06490924630749241,-0.2594724659184924,-0.24371226077558977,-0.24380474132993904
3.0,-0.06490924630749241,-0.13427246705295745,-0.17228146125742522,-0.16330618885201903
0.0,-0.16342155230275565,-0.16858963833740664,-0.17860783984115106,-0.20614960945004948
2.0,-0.16342155230275565,-0.1890756812280823,-0.17010797171277994,-0.1971142924302647
1.0,-0.16342155230275565,-0.3667148100510897,-0.2722292990864162,-0.3568015305845508
-3.0,-0.16342155230275565,-0.3690428951450828,-0.33149061291095533,-0.4498989010907685
-2.0,-0.16342155230275565,-0.4557719529644958,-0.37937538701958134,-0.49827995421105886
-1.0,-0.16342155230275565,-0.2794158702859811,-0.23590631490139274,-0.3214192968181497
3.0,-0.16342155230275565,-0.15497168345946413,-0.16463392123803056,-0.20689425059096056
0.0,-0.20675107537584142,-0.14845654630466107,-0.12760177932471056,-0.1713876776406441
2.0,-0.20675107537584142,-0.2141628270644277,-0.13324853951633564,-0.22248897601711118
1.0,-0.20675107537584142,-0.3164389898548998,-0.16864673642454678,-0.27955462708219986
-3.0,-0.20675107537584142,-0.3367380918490646,-0.23971213950124395,-0.3528659323193368
-2.0,-0.20675107537584142,-0.4332594108808095,-0.3060019031154339,-0.5322434357590795
-1.0,-0.20675107537584142,-0.2921700041394631,-0.18835546378048887,-0.2807096918533256
3.0,-0.20675107537584142,-0.11533590611731175,-0.08317077254259887,-0.09669209916212115
0.0,-0.2257146597842722,-0.1495382553012391,-0.23336263378794922,-0.18597141535794554
2.0,-0.2257146597842722,-0.19999471808288555,-0.24601746055669987,-0.20471706400216916
1.0,-0.2257146597842722,-0.3120299100160875,-0.26624877189474144,-0.27723036283334096
-3.0,-0.2257146597842722,-0.35250420004736466,-0.3655601611401818,-0.3762283706562967
-2.0,-0.2257146597842722,-0.39521215385216596,-0.37447322253702203,-0.3584718821821202
-1.0,-0.2257146597842722,-0.2595863535234296,-0.31754066416363275,-0.2765923673686826
3.0,-0.2257146597842722,-0.11013919739357014,-0.20888999962697527,-0.12048270967955188
0.0,-0.11546536055169007,-0.13113354812371852,-0.10834063439654495,-0.15921856824960293
2.0,-0.11546536055169007,-0.2158690239081442,-0.11941997185360184,-0.2173349368507464
1.0,-0.11546536055169007,-0.31929902788045145,-0.16697959378942884,-0.26987763398118536
-3.0,-0.11546536055169007,-0.3624207781240332,-0.28086217036608596,-0.38836465597276043
-2.0,-0.11546536055169007,-0.4965274571674879,-0.30921358318893,-0.5620327798813292
-1.0,-0.11546536055169007,-0.2697037030877857,-0.20208906036067883,-0.2935989939444741
3.0,-0.11546536055169007,-0.15147905546883889,-0.11615373292106614,-0.15784064071763115
0.0,-0.10913686846770072,-0.13113354812371852,-0.15087677346622028,-0.17512860010308987
2.0,-0.10913686846770072,-0.2158690239081442,-0.1619561109232772,-0.22319768986670224
1.0,-0.10913686846770072,-0.31929902788045145,-0.20639551876560777,-0.27662970159991646
-3.0,-0.10913686846770072,-0.3624207781240332,-0.3089078433558547,-0.3857288336635741
-2.0,-0.10913686846770072,-0.4965274571674879,-0.33725925617869884,-0.5701580536050761
-1.0,-0.10913686846770072,-0.2697037030877857,-0.2249012808140392,-0.3005188369128765
3.0,-0.10913686846770072,-0.15147905546883889,-0.1586898719907415,-0.12307861295176638
0.0,-0.563818880215404,-0.13113354812371852,-0.30662481404761127,-0.1567964076838736
2.0,-0.563818880215404,-0.2158690239081442,-0.3247859257898651,-0.22203313673100888
1.0,-0.563818880215404,-0.31929902788045145,-0.3131003208397326,-0.2556651262415045
-3.0,-0.563818880215404,-0.3624207781240332,-0.452503645243837,-0.3513412336585127
-2.0,-0.563818880215404,-0.4965274571674879,-0.4726785167137466,-0.38770206648874955
-1.0,-0.563818880215404,-0.2697037030877857,-0.38542516766228996,-0.28691597930354984
3.0,-0.563818880215404,-0.15147905546883889,-0.3202219481184214,-0.22150589882714744
0.0,-0.20647930175592166,-0.1495382553012391,-0.12062545642314475,-0.18525004015741925
2.0,-0.20647930175592166,-0.19999471808288555,-0.13328028319189536,-0.20399568880164287
1.0,-0.20647930175592166,-0.3120299100160875,-0.17954874033243,-0.28200932072061397
-3.0,-0.20647930175592166,-0.35250420004736466,-0.3118050464973639,-0.34499074210704433
-2.0,-0.20647930175592166,-0.39521215385216596,-0.3066970176072054,-0.4572155718141771
-1.0,-0.20647930175592166,-0.2595863535234296,-0.18467754078804582,-0.310780019946628
3.0,-0.20647930175592166,-0.11013919739357014,-0.10180174263081643,-0.16208127148732962
0.0,-0.11242302934566198,-0.14876081932543736,-0.14124379327622702,-0.18828250381499342
2.0,-0.11242302934566198,-0.23533945634425507,-0.1524809326978813,-0.21092102892347936
1.0,-0.11242302934566198,-0.31007595141633093,-0.19505148963085073,-0.2815567399375978
-3.0,-0.11242302934566198,-0.3468966731737389,-0.29760530797140317,-0.3613284527575902
-2.0,-0.11242302934566198,-0.4294159648157887,-0.3324799208516588,-0.4472872449196774
-1.0,-0.11242302934566198,-0.2601468074988807,-0.23282832053847624,-0.2640687651355785
3.0,-0.11242302934566198,-0.14882138505255077,-0.12981576083475688,-0.1666621100783528
0.0,-0.0712224934494706,-0.16858963833740664,-0.19220258490854844,-0.1922729445160631
2.0,-0.0712224934494706,-0.1890756812280823,-0.20965407497139832,-0.19098827045840466
1.0,-0.0712224934494706,-0.3667148100510897,-0.29534844913514147,-0.29536229603362585
-3.0,-0.0712224934494706,-0.3690428951450828,-0.4048290855311108,-0.37193876393693737
-2.0,-0.0712224934494706,-0.4557719529644958,-0.4994217115962845,-0.37275590665351416
-1.0,-0.0712224934494706,-0.2794158702859811,-0.3090704707130099,-0.2834458647905289
3.0,-0.0712224934494706,-0.15497168345946413,-0.20418002449664893,-0.16063407404167668
0.0,-0.09634314450353121,-0.1517766242707708,-0.1450064243643915,-0.18024231858798392
2.0,-0.09634314450353121,-0.21899040790211344,-0.15229544468243666,-0.22018184458698548
1.0,-0.09634314450353121,-0.33164362248334733,-0.1886257520182844,-0.34709872805967334
-3.0,-0.09634314450353121,-0.367651914125288,-0.31667710554390055,-0.3901420727962712
-2.0,-0.09634314450353121,-0.4273975995947102,-0.30783324784196275,-0.4970267392229393
-1.0,-0.09634314450353121,-0.2927816786533208,-0.24571176301425657,-0.32222487618503604
3.0,-0.09634314450353121,-0.1446500474347673,-0.1509773883505191,-0.17561719029774606
0.0,-0.08184292448421361,-0.11982841630945931,-0.19195102957170387,-0.13934535054918545
2.0,-0.08184292448421361,-0.18955931866481004,-0.20415769647702456,-0.20278630868976297
1.0,-0.08184292448421361,-0.341601814550068,-0.2410758230672294,-0.3218433914044022
-3.0,-0.08184292448421361,-0.37177673864449,-0.33167202711978416,-0.35704999959631106
-2.0,-0.08184292448421361,-0.472427203586385,-0.3702839761297837,-0.5205201694902357
-1.0,-0.08184292448421361,-0.28023035369273785,-0.2702731863392706,-0.27846453675487925
3.0,-0.08184292448421361,-0.13124182935234135,-0.16842930693516472,-0.15658535080706848
0.0,-0.165049146915055,-0.1286190076428911,-0.14791544769271597,-0.1642941624717952
2.0,-0.165049146915055,-0.19528389462988865,-0.14335922676692067,-0.2021804561082135
1.0,-0.165049146915055,-0.3337830213176606,-0.20065712716976114,-0.30142836300760606
-3.0,-0.165049146915055,-0.34556253517895924,-0.2422057053812604,-0.3392815471377031
-2.0,-0.165049146915055,-0.43452084465711605,-0.28141116842328,-0.4626223979505434
-1.0,-0.165049146915055,-0.2509962799223888,-0.17783315812617093,-0.2548941514489435
3.0,-0.165049146915055,-0.12721275852043384,-0.1277458992755777,-0.20334311522279444
0.0,-0.18047258644091888,-0.1495382553012391,-0.18646370158732192,-0.1921910206123403
2.0,-0.18047258644091888,-0.19999471808288555,-0.19459670008188218,-0.21093666925656393
1.0,-0.18047258644091888,-0.3120299100160875,-0.24279009526120662,-0.28895030117553505
-3.0,-0.18047258644091888,-0.35250420004736466,-0.33224353474692975,-0.39981144270432206
-2.0,-0.18047258644091888,-0.39521215385216596,-0.34131068875837717,-0.4190679710099714
-1.0,-0.18047258644091888,-0.2595863535234296,-0.2622640570445793,-0.2793612159768145
3.0,-0.18047258644091888,-0.11013919739357014,-0.1651596430598754,-0.12057026818288072
0.0,-0.17485962757029413,-0.13807162749935406,-0.21645393215231537,-0.1821489194191742
2.0,-0.17485962757029413,-0.21725183335490159,-0.22990970377237752,-0.20866659575170232
1.0,-0.17485962757029413,-0.31468892427074324,-0.27801183482035025,-0.26386442811792027
-3.0,-0.17485962757029413,-0.3521084463767993,-0.4074120825245795,-0.39786415870657427
-2.0,-0.17485962757029413,-0.4703707887956064,-0.5421334260971616,-0.4953037997530489
-1.0,-0.17485962757029413,-0.2594724659184924,-0.3033253520787716,-0.3194820464216474
3.0,-0.17485962757029413,-0.13427246705295745,-0.2352315774827285,-0.15418265306363646
0.0,-0.16403560167911227,-0.13807162749935406,-0.21554484239928648,-0.16294538525313756
2.0,-0.16403560167911227,-0.21725183335490159,-0.2178281302139734,-0.2084511163082325
1.0,-0.16403560167911227,-0.31468892427074324,-0.2272228988698542,-0.2636489486744505
-3.0,-0.16403560167911227,-0.3521084463767993,-0.36843281021551355,-0.3595028811510642
-2.0,-0.16403560167911227,-0.4703707887956064,-0.29423577330070255,-0.4550032579269439
-1.0,-0.16403560167911227,-0.2594724659184924,-0.25486272471201543,-0.2729145486521821
3.0,-0.16403560167911227,-0.13427246705295745,-0.20747107670436313,-0.13502854185779328
0.0,-0.23949232162145773,-0.1517766242707708,-0.30062042195986616,-0.18652191521649897
2.0,-0.23949232162145773,-0.21899040790211344,-0.27654064208206963,-0.24273057103633483
1.0,-0.23949232162145773,-0.33164362248334733,-0.32075828350315394,-0.2639414100046138
-3.0,-0.23949232162145773,-0.367651914125288,-0.4155187288913873,-0.3156356626711785
-2.0,-0.23949232162145773,-0.4273975995947102,-0.4147575782535867,-0.39006017104197777
-1.0,-0.23949232162145773,-0.2927816786533208,-0.3688574134764684,-0.29095166639111414
3.0,-0.23949232162145773,-0.1446500474347673,-0.27522258575015207,-0.1577272870958659
0.0,-0.28478668877148905,-0.1517766242707708,-0.31691912869172295,-0.1962157211377777
2.0,-0.28478668877148905,-0.21899040790211344,-0.2946086584428586,-0.2592078672771089
1.0,-0.28478668877148905,-0.33164362248334733,-0.33705699023501073,-0.27045162067208367
-3.0,-0.28478668877148905,-0.367651914125288,-0.46938302695855394,-0.3144290155208332
-2.0,-0.28478668877148905,-0.4273975995947102,-0.5640309869017156,-0.3152433452305118
-1.0,-0.28478668877148905,-0.2927816786533208,-0.42250589527354643,-0.29468256668083426
3.0,-0.28478668877148905,-0.1446500474347673,-0.29329060211094105,-0.13655514019144438
0.0,-0.2897112012498587,-0.13807162749935406,-0.28789823306038587,-0.16182934399408083
2.0,-0.2897112012498587,-0.21725183335490159,-0.2901815208750728,-0.20733507504917573
1.0,-0.2897112012498587,-0.31468892427074324,-0.2995762895309538,-0.24318156244291336
-3.0,-0.2897112012498587,-0.3521084463767993,-0.4461059705321869,-0.28300585594516114
-2.0,-0.2897112012498587,-0.4703707887956064,-0.3889279842677193,-0.27681190728360733
-1.0,-0.2897112012498587,-0.2594724659184924,-0.3321759410961901,-0.27179850739312533
3.0,-0.2897112012498587,-0.13427246705295745,-0.27418473724111364,-0.12799502633545148
0.0,-0.26518523594585275,-0.14876081932543736,-0.22480583485963798,-0.19383322149850854
2.0,-0.26518523594585275,-0.23533945634425507,-0.23604297428129226,-0.21956955983649587
1.0,-0.26518523594585275,-0.31007595141633093,-0.26081805109035405,-0.2902052708506141
-3.0,-0.26518523594585275,-0.3468966731737389,-0.36072689492414794,-0.39778195914744247
-2.0,-0.26518523594585275,-0.4294159648157887,-0.4336481044807268,-0.4866072230186547
-1.0,-0.26518523594585275,-0.2601468074988807,-0.3103886406066812,-0.2826774438582171
3.0,-0.26518523594585275,-0.14882138505255077,-0.21878532755872332,-0.15109649965705363
0.0,-0.30598122515023335,-0.14876081932543736,-0.21322187432338546,-0.19208085576072717
2.0,-0.30598122515023335,-0.23533945634425507,-0.2295391894363375,-0.2088951124485005
1.0,-0.30598122515023335,-0.31007595141633093,-0.2549148307648565,-0.28535509188333147
-3.0,-0.30598122515023335,-0.3468966731737389,-0.34797573012231836,-0.36607684146763747
-2.0,-0.30598122515023335,-0.4294159648157887,-0.391632958430664,-0.4773477360397351
-1.0,-0.30598122515023335,-0.2601468074988807,-0.27707110392136153,-0.2734179568792975
3.0,-0.30598122515023335,-0.14882138505255077,-0.190335633190085,-0.17046046202408655
0.0,-0.26451304170056317,-0.13113354812371852,-0.237381663714501,-0.1777620616372211
2.0,-0.26451304170056317,-0.2158690239081442,-0.24245188416922858,-0.23222003431546773
1.0,-0.26451304170056317,-0.31929902788045145,-0.29013465862037635,-0.2676082346662949
-3.0,-0.26451304170056317,-0.3624207781240332,-0.43444407901347076,-0.3675382777139941
-2.0,-0.26451304170056317,-0.4965274571674879,-0.45674762498738003,-0.4138952376629457
-1.0,-0.26451304170056317,-0.2697037030877857,-0.36847531513268855,-0.300912977879063
3.0,-0.26451304170056317,-0.15147905546883889,-0.2745300450826435,-0.1522369010547199
0.0,-0.2590160502656906,-0.1517766242707708,-0.2270076220373652,-0.18652191521649897
2.0,-0.2590160502656906,-0.21899040790211344,-0.23391630122613372,-0.24273057103633483
1.0,-0.2590160502656906,-0.33164362248334733,-0.2493956924280084,-0.2639414100046138
-3.0,-0.2590160502656906,-0.367651914125288,-0.3866130860488,-0.3156356626711785
-2.0,-0.2590160502656906,-0.4273975995947102,-0.45413310357629744,-0.39006017104197777
-1.0,-0.2590160502656906,-0.2927816786533208,-0.3043778337990841,-0.29095166639111414
3.0,-0.2590160502656906,-0.1446500474347673,-0.23297858602349278,-0.1577272870958659
0.0,-0.11753966059837301,-0.11982841630945931,-0.20788658212206995,-0.15962005068037252
2.0,-0.11753966059837301,-0.18955931866481004,-0.19998223560721204,-0.16526773968364444
1.0,-0.11753966059837301,-0.341601814550068,-0.22420770352560607,-0.30681285724461693
-3.0,-0.11753966059837301,-0.37177673864449,-0.34668821703468633,-0.3784483452141841
-2.0,-0.11753966059837301,-0.472427203586385,-0.2888952639329106,-0.4010052475206318
-1.0,-0.11753966059837301,-0.28023035369273785,-0.3079558647113384,-0.28981454864256295
3.0,-0.11753966059837301,-0.13124182935234135,-0.20597539785613062,-0.10003978466957636
0.0,-0.1775198412084476,-0.13113354812371852,-0.2239133281064678,-0.1777620616372211
2.0,-0.1775198412084476,-0.2158690239081442,-0.24207443984872162,-0.23222003431546773
1.0,-0.1775198412084476,-0.31929902788045145,-0.2404044509783307,-0.27237075338365757
-3.0,-0.1775198412084476,-0.3624207781240332,-0.44068859651284936,-0.32761252613249275
-2.0,-0.1775198412084476,-0.4965274571674879,-0.5008693619743426,-0.4138952376629457
-1.0,-0.1775198412084476,-0.2697037030877857,-0.30666430311291465,-0.300912977879063
3.0,-0.1775198412084476,-0.15147905546883889,-0.24162737056654307,-0.1522369010547199
0.0,-0.1667109963435939,-0.13113354812371852,-0.10773188531456866,-0.17853914410764585
2.0,-0.1667109963435939,-0.2158690239081442,-0.13321168359281,-0.2283297702742069
1.0,-0.1667109963435939,-0.31929902788045145,-0.19274551578014013,-0.2907895665643091
-3.0,-0.1667109963435939,-0.3624207781240332,-0.23467410609925768,-0.42787421911680024
-2.0,-0.1667109963435939,-0.4965274571674879,-0.30508703562286676,-0.5100860454382675
-1.0,-0.1667109963435939,-0.2697037030877857,-0.16990264980603195,-0.26342688696418126
3.0,-0.1667109963435939,-0.15147905546883889,-0.11482989470533671,-0.19133546514533584
0.0,-0.559292011557403,-0.13464844504313905,-0.375920359563856,-0.14828600145716833
2.0,-0.559292011557403,-0.25434051362660415,-0.41581606086165074,-0.22904672446763677
1.0,-0.559292011557403,-0.3016973392552003,-0.4422538599350852,-0.2152605695080151
-3.0,-0.559292011557403,-0.34741342470979086,-0.5745321272893541,-0.31315931881965564
-2.0,-0.559292011557403,-0.39823463783729185,-0.5833718327536662,-0.492682865536676
-1.0,-0.559292011557403,-0.25098287251662516,-0.5067838894182458,-0.2596568441846581
3.0,-0.559292011557403,-0.1527917404030331,-0.3993819742589954,-0.1599705743933757
0.0,-0.1614262644066755,-0.1495382553012391,-0.2264717973418507,-0.1921910206123403
2.0,-0.1614262644066755,-0.19999471808288555,-0.24006837380925608,-0.21093666925656393
1.0,-0.1614262644066755,-0.3120299100160875,-0.2870063532981179,-0.28895030117553505
-3.0,-0.1614262644066755,-0.35250420004736466,-0.4612434975210002,-0.39981144270432206
-2.0,-0.1614262644066755,-0.39521215385216596,-0.4588083853713816,-0.4190679710099714
-1.0,-0.1614262644066755,-0.2595863535234296,-0.3827308500930967,-0.2793612159768145
3.0,-0.1614262644066755,-0.11013919739357014,-0.2064668082753966,-0.12057026818288072
0.0,-0.13238187202707902,-0.16858963833740664,-0.12109680367739808,-0.18733468921360588
2.0,-0.13238187202707902,-0.1890756812280823,-0.12753893850466352,-0.19857646030225964
1.0,-0.13238187202707902,-0.3667148100510897,-0.20399207337995665,-0.3490631826430942
-3.0,-0.13238187202707902,-0.3690428951450828,-0.25373534342840576,-0.36154968947490884
-2.0,-0.13238187202707902,-0.4557719529644958,-0.28679263813988043,-0.5193177626373137
-1.0,-0.13238187202707902,-0.2794158702859811,-0.17062540960405026,-0.25351205596345777
3.0,-0.13238187202707902,-0.15497168345946413,-0.1274286939795654,-0.18578927147220187
0.0,-0.1122296164768459,-0.13113354812371852,-0.22165416713895839,-0.18463038086022557
2.0,-0.1122296164768459,-0.2158690239081442,-0.2398152788812122,-0.22379775641708433
1.0,-0.1122296164768459,-0.31929902788045145,-0.28844237793305455,-0.2861314823570522
-3.0,-0.1122296164768459,-0.3624207781240332,-0.3966602505294904,-0.3733402852127949
-2.0,-0.1122296164768459,-0.4965274571674879,-0.41546671228206095,-0.44393468015008025
-1.0,-0.1122296164768459,-0.2697037030877857,-0.3233092229428547,-0.303446304338156
3.0,-0.1122296164768459,-0.15147905546883889,-0.24261157620785087,-0.13258039370890204
0.0,-0.2443614164023811,-0.11982841630945931,-0.24304252601526122,-0.15962005068037252
2.0,-0.2443614164023811,-0.18955931866481004,-0.24762398504971686,-0.20952770731926812
1.0,-0.2443614164023811,-0.341601814550068,-0.28451158479276,-0.30681285724461693
-3.0,-0.2443614164023811,-0.37177673864449,-0.304798589528717,-0.3784483452141841
-2.0,-0.2443614164023811,-0.472427203586385,-0.3515496256499349,-0.3935204970177108
-1.0,-0.2443614164023811,-0.28023035369273785,-0.25073197100490546,-0.27398366971402155
3.0,-0.2443614164023811,-0.13124182935234135,-0.21977117291318174,-0.10428294116958173
0.0,-0.25413913040966496,-0.14845654630466107,-0.20567915624174016,-0.1763049602069206
2.0,-0.25413913040966496,-0.2141628270644277,-0.2325283348797505,-0.20909555924255557
1.0,-0.25413913040966496,-0.3164389898548998,-0.26602792875381764,-0.2866380275050816
-3.0,-0.25413913040966496,-0.3367380918490646,-0.34035020440544905,-0.2709998817594633
-2.0,-0.25413913040966496,-0.4332594108808095,-0.35857782842467556,-0.3919913393685061
-1.0,-0.25413913040966496,-0.2921700041394631,-0.2952661908674363,-0.3018183435429824
3.0,-0.25413913040966496,-0.11533590611731175,-0.20563342971470802,-0.10181585014034568
0.0,-0.25461715317297184,-0.1286190076428911,-0.13752070757779628,-0.1604212440884065
2.0,-0.25461715317297184,-0.19528389462988865,-0.1814127755006559,-0.1722799774732076
1.0,-0.25461715317297184,-0.3337830213176606,-0.2368939209522589,-0.28101495427569745
-3.0,-0.25461715317297184,-0.34556253517895924,-0.3300777383992983,-0.3437623503558517
-2.0,-0.25461715317297184,-0.43452084465711605,-0.3673406960396873,-0.4491880295723372
-1.0,-0.25461715317297184,-0.2509962799223888,-0.2204976928588458,-0.25413285947843756
3.0,-0.25461715317297184,-0.12721275852043384,-0.169114673295311,-0.17344263658778855
0.0,-0.2520872874068873,-0.11982841630945931,-0.17518168752181185,-0.15659998998444072
2.0,-0.2520872874068873,-0.18955931866481004,-0.17740041613035,-0.16988852295256254
1.0,-0.2520872874068873,-0.341601814550068,-0.24977678523869687,-0.30379279654868513
-3.0,-0.2520872874068873,-0.37177673864449,-0.4535159351084848,-0.35957069948508374
-2.0,-0.2520872874068873,-0.472427203586385,-0.5280669286436859,-0.3393882343868589
-1.0,-0.2520872874068873,-0.28023035369273785,-0.3474751270097263,-0.28679448794663115
3.0,-0.2520872874068873,-0.13124182935234135,-0.14360508054083718,-0.10028252781328387
0.0,-0.20149633738433262,-0.1517766242707708,-0.17882132926098662,-0.1577564414697304
2.0,-0.20149633738433262,-0.21899040790211344,-0.17139136670825306,-0.23762787129415056
1.0,-0.20149633738433262,-0.33164362248334733,-0.2205600086468805,-0.25832997344322817
-3.0,-0.20149633738433262,-0.367651914125288,-0.3120518192445496,-0.3457954441060594
-2.0,-0.20149633738433262,-0.4273975995947102,-0.2887752388263554,-0.44459784711793204
-1.0,-0.20149633738433262,-0.2927816786533208,-0.2429671249829045,-0.28786275499787234
3.0,-0.20149633738433262,-0.1446500474347673,-0.1700733103763355,-0.18098077541131766
0.0,-0.2678895212365671,-0.11982841630945931,-0.19161120044293728,-0.15962005068037252
2.0,-0.2678895212365671,-0.18955931866481004,-0.1800713715946425,-0.20952770731926812
1.0,-0.2678895212365671,-0.341601814550068,-0.2034021558154636,-0.30681285724461693
-3.0,-0.2678895212365671,-0.37177673864449,-0.30088460941019035,-0.3784483452141841
-2.0,-0.2678895212365671,-0.472427203586385,-0.4210495969452072,-0.3935204970177108
-1.0,-0.2678895212365671,-0.28023035369273785,-0.23748216982659975,-0.27398366971402155
3.0,-0.2678895212365671,-0.13124182935234135,-0.17947357443915293,-0.10428294116958173
0.0,-0.14666766039437854,-0.13464844504313905,-0.17406249515923405,-0.17866563413191253
2.0,-0.14666766039437854,-0.25434051362660415,-0.18168956306702322,-0.22984496949880562
1.0,-0.14666766039437854,-0.3016973392552003,-0.1663422348039987,-0.2792344682507332
-3.0,-0.14666766039437854,-0.34741342470979086,-0.23014654637556534,-0.34266129157690944
-2.0,-0.14666766039437854,-0.39823463783729185,-0.23670330530839065,-0.3866545430936254
-1.0,-0.14666766039437854,-0.25098287251662516,-0.23538926928760048,-0.2618444546179917
3.0,-0.14666766039437854,-0.1527917404030331,-0.16525547646436792,-0.18201888531309438
0.0,-0.20657405138316576,-0.16858963833740664,-0.11157306569440924,-0.21085016795306855
2.0,-0.20657405138316576,-0.1890756812280823,-0.09819974400091393,-0.20181485093328377
1.0,-0.20657405138316576,-0.3667148100510897,-0.20627348732934342,-0.35241992903702213
-3.0,-0.20657405138316576,-0.3690428951450828,-0.27786729115148634,-0.43301151652272646
-2.0,-0.20657405138316576,-0.4557719529644958,-0.27167739088202947,-0.5512345042109984
-1.0,-0.20657405138316576,-0.2794158702859811,-0.20481109722976756,-0.3302127016209981
3.0,-0.20657405138316576,-0.15497168345946413,-0.09272569352616448,-0.21159480909397962
0.0,-0.3301494154249148,-0.11982841630945931,-0.2638839480389169,-0.15463332242285577
2.0,-0.3301494154249148,-0.18955931866481004,-0.27573687414107656,-0.1679218553909776
1.0,-0.3301494154249148,-0.341601814550068,-0.2972293936578313,-0.30182612898710015
-3.0,-0.3301494154249148,-0.37177673864449,-0.3257596941397424,-0.2777944769803971
-2.0,-0.3301494154249148,-0.472427203586385,-0.4023139342579495,-0.3529321222079664
-1.0,-0.3301494154249148,-0.28023035369273785,-0.28034060612618855,-0.28482782038504617
3.0,-0.3301494154249148,-0.13124182935234135,-0.24895794728807938,-0.10028252781328387
0.0,-0.3545992336302288,-0.14845654630466107,-0.20649925158369545,-0.18000606975546615
2.0,-0.3545992336302288,-0.2141628270644277,-0.20227111460074085,-0.22212569321475173
1.0,-0.3545992336302288,-0.3164389898548998,-0.23953848836144542,-0.2631020688516646
-3.0,-0.3545992336302288,-0.3367380918490646,-0.35127018837000457,-0.32301666542645074
-2.0,-0.3545992336302288,-0.4332594108808095,-0.4087089998392943,-0.27126116956017393
-1.0,-0.3545992336302288,-0.2921700041394631,-0.3054536300397753,-0.2878181359393605
3.0,-0.3545992336302288,-0.11533590611731175,-0.17256129802299508,-0.11224701997645234
0.0,-0.388956332416586,-0.14876081932543736,-0.18061321083298346,-0.19301464770487753
2.0,-0.388956332416586,-0.23533945634425507,-0.19954678144587878,-0.21875098604286486
1.0,-0.388956332416586,-0.31007595141633093,-0.24211733837884822,-0.28938669705698317
-3.0,-0.388956332416586,-0.3468966731737389,-0.33961876286900616,-0.3666214074005604
-2.0,-0.388956332416586,-0.4294159648157887,-0.416933468526708,-0.47828152798388546
-1.0,-0.388956332416586,-0.2601468074988807,-0.27933430041263624,-0.2743517488234478
3.0,-0.388956332416586,-0.14882138505255077,-0.17795960929444252,-0.1803163356184509
0.0,-0.3745961681816203,-0.16858963833740664,-0.14067671581835814,-0.21085016795306855
2.0,-0.3745961681816203,-0.1890756812280823,-0.12793054649466146,-0.20181485093328377
1.0,-0.3745961681816203,-0.3667148100510897,-0.20772721178429904,-0.35241992903702213
-3.0,-0.3745961681816203,-0.3690428951450828,-0.3142214101083842,-0.43301151652272646
-2.0,-0.3745961681816203,-0.4557719529644958,-0.34844592221239457,-0.5512345042109984
-1.0,-0.3745961681816203,-0.2794158702859811,-0.22835575914898598,-0.3302127016209981
3.0,-0.3745961681816203,-0.15497168345946413,-0.12782030196956337,-0.21159480909397962
0.0,-0.3600914311619593,-0.14845654630466107,-0.18652599001719947,-0.18000606975546615
2.0,-0.3600914311619593,-0.2141628270644277,-0.18229785303424487,-0.22212569321475173
1.0,-0.3600914311619593,-0.3164389898548998,-0.24310270308439558,-0.2631020688516646
-3.0,-0.3600914311619593,-0.3367380918490646,-0.341046332905857,-0.32301666542645074
-2.0,-0.3600914311619593,-0.4332594108808095,-0.41042162737005333,-0.27126116956017393
-1.0,-0.3600914311619593,-0.2921700041394631,-0.27876186909046724,-0.2878181359393605
3.0,-0.3600914311619593,-0.11533590611731175,-0.16026250461174535,-0.11224701997645234
0.0,-0.3310764173768361,-0.13464844504313905,-0.14014628144229113,-0.18416846870045933
2.0,-0.3310764173768361,-0.25434051362660415,-0.14364867267983839,-0.24587649886598772
1.0,-0.3310764173768361,-0.3016973392552003,-0.18737398885778483,-0.28032952131697453
-3.0,-0.3310764173768361,-0.34741342470979086,-0.2503667054564904,-0.34375634464315064
-2.0,-0.3310764173768361,-0.39823463783729185,-0.2569234643893157,-0.3877495961598667
-1.0,-0.3310764173768361,-0.25098287251662516,-0.22829189334128555,-0.2673472891865385
3.0,-0.3310764173768361,-0.1527917404030331,-0.13072719008866654,-0.18752171988164118
0.0,-0.32761632545857644,-0.14845654630466107,-0.2370829684303353,-0.19574703221895431
2.0,-0.32761632545857644,-0.2141628270644277,-0.21828051976851126,-0.2320406223246681
1.0,-0.32761632545857644,-0.3164389898548998,-0.232987182052101,-0.29225111311942154
-3.0,-0.32761632545857644,-0.3367380918490646,-0.3901050507186414,-0.40981707117542826
-2.0,-0.32761632545857644,-0.4332594108808095,-0.37379433862618283,-0.43316794244726775
-1.0,-0.32761632545857644,-0.2921700041394631,-0.3510233360759978,-0.3264443304353126
3.0,-0.32761632545857644,-0.11533590611731175,-0.2382313050913328,-0.1597217143567813
0.0,-0.23653163163833768,-0.14876081932543736,-0.12427360057679665,-0.19208085576072717
2.0,-0.23653163163833768,-0.23533945634425507,-0.14320717118969203,-0.2147193808692131
1.0,-0.23653163163833768,-0.31007595141633093,-0.16567475178258945,-0.28535509188333147
-3.0,-0.23653163163833768,-0.3468966731737389,-0.2737081828252171,-0.36512680470332387
-2.0,-0.23653163163833768,-0.4294159648157887,-0.3579626198347596,-0.4773477360397351
-1.0,-0.23653163163833768,-0.2601468074988807,-0.22339810815474273,-0.2734179568792975
3.0,-0.23653163163833768,-0.14882138505255077,-0.11225716629153383,-0.17046046202408655
0.0,-0.34708466922291176,-0.1495382553012391,-0.25249836700033657,-0.1921910206123403
2.0,-0.34708466922291176,-0.19999471808288555,-0.26063136549489685,-0.21093666925656393
1.0,-0.34708466922291176,-0.3120299100160875,-0.31288301426763904,-0.28895030117553505
-3.0,-0.34708466922291176,-0.35250420004736466,-0.3758668596364274,-0.39981144270432206
-2.0,-0.34708466922291176,-0.39521215385216596,-0.39989653670588315,-0.4190679710099714
-1.0,-0.34708466922291176,-0.2595863535234296,-0.301286092015065,-0.2793612159768145
3.0,-0.34708466922291176,-0.11013919739357014,-0.23524675317479737,-0.12057026818288072
0.0,-0.30185197764984945,-0.1517766242707708,-0.22205627701624514,-0.18652191521649897
2.0,-0.30185197764984945,-0.21899040790211344,-0.21248138565085034,-0.24273057103633483
1.0,-0.30185197764984945,-0.33164362248334733,-0.2572515548451019,-0.23933752763819618
-3.0,-0.30185197764984945,-0.367651914125288,-0.34902899195161774,-0.3321167703070511
-2.0,-0.30185197764984945,-0.4273975995947102,-0.41654900947911516,-0.4474630358360122
-1.0,-0.30185197764984945,-0.2927816786533208,-0.2864876992470101,-0.322415399055163
3.0,-0.30185197764984945,-0.1446500474347673,-0.21116332931893278,-0.14969084390804394
0.0,-0.2641674161311115,-0.1286190076428911,-0.16603580091284875,-0.1642941624717952
2.0,-0.2641674161311115,-0.19528389462988865,-0.16147957998705345,-0.2021804561082135
1.0,-0.2641674161311115,-0.3337830213176606,-0.24355153941145727,-0.30142836300760606
-3.0,-0.2641674161311115,-0.34556253517895924,-0.3432331078473072,-0.3735644355621545
-2.0,-0.2641674161311115,-0.43452084465711605,-0.3715249051444468,-0.47142279575299434
-1.0,-0.2641674161311115,-0.2509962799223888,-0.23963510398985163,-0.2681599726685512
3.0,-0.2641674161311115,-0.12721275852043384,-0.14586625249571047,-0.11798350807667726
0.0,-0.20434273209145176,-0.16858963833740664,-0.16796686437864763,-0.17439885562566718
2.0,-0.20434273209145176,-0.1890756812280823,-0.15298606684028868,-0.1653635386058824
1.0,-0.20434273209145176,-0.3667148100510897,-0.2585524509992575,-0.32505077676016847
-3.0,-0.20434273209145176,-0.3690428951450828,-0.35050622502290285,-0.40712630691519364
-2.0,-0.20434273209145176,-0.4557719529644958,-0.38530033083829013,-0.378863274003253
-1.0,-0.20434273209145176,-0.2794158702859811,-0.26914835620636857,-0.25173414878559186
3.0,-0.20434273209145176,-0.15497168345946413,-0.1475120163655393,-0.1544137953431441
0.0,-0.17305779985254788,-0.13464844504313905,-0.09905253383977357,-0.1847084216561982
2.0,-0.17305779985254788,-0.25434051362660415,-0.11798630189796122,-0.23588775702309128
1.0,-0.17305779985254788,-0.3016973392552003,-0.15539219200034055,-0.30288566448074056
-3.0,-0.17305779985254788,-0.34741342470979086,-0.2613476801799884,-0.3431938787894468
-2.0,-0.17305779985254788,-0.39823463783729185,-0.2587983358885266,-0.4821257880440628
-1.0,-0.17305779985254788,-0.25098287251662516,-0.18105859267436683,-0.26788724214227744
3.0,-0.17305779985254788,-0.1527917404030331,-0.10673900144608649,-0.19397265292257326
0.0,-0.2190219198423991,-0.1517766242707708,-0.12591625643771084,-0.1577564414697304
2.0,-0.2190219198423991,-0.21899040790211344,-0.11848629388497725,-0.23762787129415056
1.0,-0.2190219198423991,-0.33164362248334733,-0.16953558409160363,-0.25832997344322817
-3.0,-0.2190219198423991,-0.367651914125288,-0.269607161674246,-0.3457954441060594
-2.0,-0.2190219198423991,-0.4273975995947102,-0.225854564818673,-0.44459784711793204
-1.0,-0.2190219198423991,-0.2927816786533208,-0.19864181914460166,-0.28786275499787234
3.0,-0.2190219198423991,-0.1446500474347673,-0.11716823755305965,-0.18098077541131766
0.0,-0.2354961421383942,-0.11982841630945931,-0.19332225495156524,-0.15962005068037252
2.0,-0.2354961421383942,-0.18955931866481004,-0.19944503520366091,-0.20952770731926812
1.0,-0.2354961421383942,-0.341601814550068,-0.265725347161223,-0.30681285724461693
-3.0,-0.2354961421383942,-0.37177673864449,-0.3473963461135806,-0.3784483452141841
-2.0,-0.2354961421383942,-0.472427203586385,-0.36123759641818853,-0.4010052475206318
-1.0,-0.2354961421383942,-0.28023035369273785,-0.29469952524188614,-0.27398366971402155
3.0,-0.2354961421383942,-0.13124182935234135,-0.16564969961414808,-0.10003978466957636
0.0,-0.24462248799068972,-0.1495382553012391,-0.0891149213082057,-0.19393229915547233
2.0,-0.24462248799068972,-0.19999471808288555,-0.12501920194828983,-0.20773280654255102
1.0,-0.24462248799068972,-0.3120299100160875,-0.19936176620583185,-0.2906915797186671
-3.0,-0.24462248799068972,-0.35250420004736466,-0.27779625785183004,-0.3536730011050974
-2.0,-0.24462248799068972,-0.39521215385216596,-0.35109887011403296,-0.4796106968797161
-1.0,-0.24462248799068972,-0.2595863535234296,-0.18849620257614497,-0.3246776569521709
3.0,-0.24462248799068972,-0.11013919739357014,-0.06923239176086993,-0.1648537927885868
0.0,-0.2043926696654492,-0.13464844504313905,-0.17121760461145383,-0.1784635031891706
2.0,-0.2043926696654492,-0.25434051362660415,-0.18744120360400202,-0.24017153335469899
1.0,-0.2043926696654492,-0.3016973392552003,-0.2651283459230054,-0.2746245558056858
-3.0,-0.2043926696654492,-0.34741342470979086,-0.31331199450869274,-0.38815623043246517
-2.0,-0.2043926696654492,-0.39823463783729185,-0.3231466930394766,-0.32784264929804907
-1.0,-0.2043926696654492,-0.25098287251662516,-0.2426597539968632,-0.26164232367524975
3.0,-0.2043926696654492,-0.1527917404030331,-0.16715527636910074,-0.1796215457275256
0.0,-0.2840814878904022,-0.13464844504313905,-0.14903389397395503,-0.17866563413191253
2.0,-0.2840814878904022,-0.25434051362660415,-0.15675604997289533,-0.22984496949880562
1.0,-0.2840814878904022,-0.3016973392552003,-0.2527782376237539,-0.2932494065370286
-3.0,-0.2840814878904022,-0.34741342470979086,-0.3408909967208142,-0.38771773583720104
-2.0,-0.2840814878904022,-0.39823463783729185,-0.33120079467121294,-0.40066948137992076
-1.0,-0.2840814878904022,-0.25098287251662516,-0.2407631355664356,-0.2618444546179917
3.0,-0.2840814878904022,-0.1527917404030331,-0.15132252694928452,-0.18201888531309438
0.0,-0.24172466591660666,-0.13464844504313905,-0.23915247974583945,-0.1466396461190337
2.0,-0.24172466591660666,-0.25434051362660415,-0.2426548709833867,-0.2591384561616777
1.0,-0.24172466591660666,-0.3016973392552003,-0.24878651584190578,-0.2801558796122422
-3.0,-0.24172466591660666,-0.34741342470979086,-0.372950430551604,-0.28368407658850586
-2.0,-0.24172466591660666,-0.39823463783729185,-0.3917228040992056,-0.3035789615387893
-1.0,-0.24172466591660666,-0.25098287251662516,-0.3249034170907409,-0.2601257121537216
3.0,-0.24172466591660666,-0.1527917404030331,-0.24334567962579332,-0.15462493325960688
0.0,-0.2542033811917157,-0.1286190076428911,-0.2372334703392159,-0.1577972791470646
2.0,-0.2542033811917157,-0.19528389462988865,-0.2326772494134206,-0.2275094787923975
1.0,-0.2542033811917157,-0.3337830213176606,-0.2626001573000205,-0.29217793630561484
-3.0,-0.2542033811917157,-0.34556253517895924,-0.4227534463717432,-0.34111774421072477
-2.0,-0.2542033811917157,-0.43452084465711605,-0.43147655042773964,-0.26495972217854635
-1.0,-0.2542033811917157,-0.2509962799223888,-0.3531450659272234,-0.23608327355105513
3.0,-0.2542033811917157,-0.12721275852043384,-0.2102875207601371,-0.16480095876354095
0.0,-0.23867882332076115,-0.13807162749935406,-0.22186653792731925,-0.16294538525313756
2.0,-0.23867882332076115,-0.21725183335490159,-0.22414982574200618,-0.2084511163082325
1.0,-0.23867882332076115,-0.31468892427074324,-0.2722519567899788,-0.24429760370197012
-3.0,-0.23867882332076115,-0.3521084463767993,-0.3400473377390351,-0.3401515361785839
-2.0,-0.23867882332076115,-0.4703707887956064,-0.40408448964609905,-0.2779279485426641
-1.0,-0.23867882332076115,-0.2594724659184924,-0.2729743130876731,-0.2729145486521821
3.0,-0.23867882332076115,-0.13427246705295745,-0.2137927722323959,-0.12911106759450824
0.0,-0.19197882595354307,-0.1286190076428911,-0.1715280163318808,-0.1642941624717952
2.0,-0.19197882595354307,-0.19528389462988865,-0.18194506670630017,-0.2021804561082135
1.0,-0.19197882595354307,-0.3337830213176606,-0.2490437548304892,-0.30142836300760606
-3.0,-0.19197882595354307,-0.34556253517895924,-0.3103633341780345,-0.37739799217971826
-2.0,-0.19197882595354307,-0.43452084465711605,-0.3754145026296098,-0.4626223979505434
-1.0,-0.19197882595354307,-0.2509962799223888,-0.21279735865599678,-0.2548941514489435
3.0,-0.19197882595354307,-0.12721275852043384,-0.1663317392149572,-0.12254587692320126
0.0,-0.256546615673925,-0.14876081932543736,-0.156325108282404,-0.19208085576072717
2.0,-0.256546615673925,-0.23533945634425507,-0.16756224770405828,-0.2147193808692131
1.0,-0.256546615673925,-0.31007595141633093,-0.20792511748073086,-0.28535509188333147
-3.0,-0.256546615673925,-0.3468966731737389,-0.2920198567575245,-0.36512680470332387
-2.0,-0.256546615673925,-0.4294159648157887,-0.33968258254152484,-0.4773477360397351
-1.0,-0.256546615673925,-0.2601468074988807,-0.22945055648089446,-0.2734179568792975
3.0,-0.256546615673925,-0.14882138505255077,-0.13944553432895615,-0.17046046202408655
0.0,-0.28220590077848823,-0.14845654630466107,-0.12095451331421632,-0.1713876776406441
2.0,-0.28220590077848823,-0.2141628270644277,-0.15767858912680618,-0.21685055318321111
1.0,-0.28220590077848823,-0.3164389898548998,-0.19232085071043445,-0.27955462708219986
-3.0,-0.28220590077848823,-0.3367380918490646,-0.26051031327458696,-0.36353414068703
-2.0,-0.28220590077848823,-0.4332594108808095,-0.330547487574805,-0.5378775610120512
-1.0,-0.28220590077848823,-0.2921700041394631,-0.21570017839919942,-0.2807096918533256
3.0,-0.28220590077848823,-0.11533590611731175,-0.12229097451485782,-0.13844981027832626
0.0,-0.3575589494165854,-0.13807162749935406,-0.27330737755950474,-0.1418051211470287
2.0,-0.3575589494165854,-0.21725183335490159,-0.2755906653741917,-0.21145058290146024
1.0,-0.3575589494165854,-0.31468892427074324,-0.2634017496394371,-0.21549815032429162
-3.0,-0.3575589494165854,-0.3521084463767993,-0.42800232402988825,-0.20520776848077996
-2.0,-0.3575589494165854,-0.4703707887956064,-0.4450043405411295,-0.2532882368385184
-1.0,-0.3575589494165854,-0.2594724659184924,-0.364855339938498,-0.19848778699060057
3.0,-0.3575589494165854,-0.13427246705295745,-0.29191439852324796,-0.13817968836993322
0.0,-0.39681331581156815,-0.13807162749935406,-0.248368177280852,-0.16294538525313756
2.0,-0.39681331581156815,-0.21725183335490159,-0.25065146509553893,-0.2084511163082325
1.0,-0.39681331581156815,-0.31468892427074324,-0.29875359614351155,-0.24429760370197012
-3.0,-0.39681331581156815,-0.3521084463767993,-0.4000741176298674,-0.3401515361785839
-2.0,-0.39681331581156815,-0.4703707887956064,-0.4894624697549557,-0.2779279485426641
-1.0,-0.39681331581156815,-0.2594724659184924,-0.33585062734292487,-0.2729145486521821
3.0,-0.39681331581156815,-0.13427246705295745,-0.23061185083075797,-0.12911106759450824
0.0,-0.35378386269791945,-0.1286190076428911,-0.2623086865101995,-0.17111737722153547
2.0,-0.35378386269791945,-0.19528389462988865,-0.28283261384582337,-0.16577682522556816
1.0,-0.35378386269791945,-0.3337830213176606,-0.34565949785564165,-0.24851133000632203
-3.0,-0.35378386269791945,-0.34556253517895924,-0.46524760040083185,-0.2138612813977352
-2.0,-0.35378386269791945,-0.43452084465711605,-0.5013438662231045,-0.3967057261853731
-1.0,-0.35378386269791945,-0.2509962799223888,-0.3807261335665705,-0.2800447935236999
3.0,-0.35378386269791945,-0.12721275852043384,-0.2672192863544805,-0.1786758205606081
0.0,-0.34234374052880373,-0.14876081932543736,-0.2291219817049089,-0.18785082160171182
2.0,-0.34234374052880373,-0.23533945634425507,-0.24035912112656319,-0.21756769421793368
1.0,-0.34234374052880373,-0.31007595141633093,-0.2807219909032358,-0.2840484565567995
-3.0,-0.34234374052880373,-0.3468966731737389,-0.3705055375949206,-0.28929689662174923
-2.0,-0.34234374052880373,-0.4294159648157887,-0.42461119563830074,-0.4670866953294339
-1.0,-0.34234374052880373,-0.2601468074988807,-0.3124287622948475,-0.2585310282279367
3.0,-0.34234374052880373,-0.14882138505255077,-0.2062357405716085,-0.14475883229457617
0.0,-0.32386445515339973,-0.11982841630945931,-0.2134325216292524,-0.17268109727730718
2.0,-0.32386445515339973,-0.18955931866481004,-0.26149381163812685,-0.1603510281058143
1.0,-0.32386445515339973,-0.341601814550068,-0.32425202724567675,-0.30182612898710015
-3.0,-0.32386445515339973,-0.37177673864449,-0.46696445518962476,-0.38609244970288964
-2.0,-0.32386445515339973,-0.472427203586385,-0.4853171519323093,-0.3334491515306898
-1.0,-0.32386445515339973,-0.28023035369273785,-0.4092425251347138,-0.30093135928908077
3.0,-0.32386445515339973,-0.13124182935234135,-0.23605488464562394,-0.1559583495007453
0.0,-0.23448839522936388,-0.1495382553012391,-0.14186742634881905,-0.1921910206123403
2.0,-0.23448839522936388,-0.19999471808288555,-0.15546400281622444,-0.21093666925656393
1.0,-0.23448839522936388,-0.3120299100160875,-0.21179779778830427,-0.28895030117553505
-3.0,-0.23448839522936388,-0.35250420004736466,-0.4223833181775036,-0.39981144270432206
-2.0,-0.23448839522936388,-0.39521215385216596,-0.4790330328383549,-0.4190679710099714
-1.0,-0.23448839522936388,-0.2595863535234296,-0.29685190959453567,-0.2793612159768145
3.0,-0.23448839522936388,-0.11013919739357014,-0.1378171033951669,-0.12057026818288072
0.0,-0.27214679306178247,-0.16858963833740664,-0.20249300830434847,-0.16752360087138712
2.0,-0.27214679306178247,-0.1890756812280823,-0.1875122107659895,-0.17703081682992733
1.0,-0.27214679306178247,-0.3667148100510897,-0.30013073454783346,-0.28962023520199437
-3.0,-0.27214679306178247,-0.3690428951450828,-0.33628875468062946,-0.40526634860239136
-2.0,-0.27214679306178247,-0.4557719529644958,-0.3653786214387134,-0.37700331569045076
-1.0,-0.27214679306178247,-0.2794158702859811,-0.2476742107540812,-0.2498741904727897
3.0,-0.27214679306178247,-0.15497168345946413,-0.18203816029124012,-0.13110100582292392
0.0,-0.2769506212591248,-0.13113354812371852,-0.1765319661263989,-0.1777620616372211
2.0,-0.2769506212591248,-0.2158690239081442,-0.18761130358345582,-0.23222003431546773
1.0,-0.2769506212591248,-0.31929902788045145,-0.2198067241021801,-0.2676082346662949
-3.0,-0.2769506212591248,-0.3624207781240332,-0.30950323472313424,-0.3675382777139941
-2.0,-0.2769506212591248,-0.4965274571674879,-0.29360661692262763,-0.4138952376629457
-1.0,-0.2769506212591248,-0.2697037030877857,-0.2625893989526136,-0.300912977879063
3.0,-0.2769506212591248,-0.15147905546883889,-0.18434506465092013,-0.1522369010547199
0.0,-0.5806503769672499,-0.1495382553012391,-0.37473721303278384,-0.17632551717777922
2.0,-0.5806503769672499,-0.19999471808288555,-0.3873920398015344,-0.15966735936213602
1.0,-0.5806503769672499,-0.3120299100160875,-0.401373431295837,-0.2688181711649067
-3.0,-0.5806503769672499,-0.35250420004736466,-0.4797415320901609,-0.30790150081904194
-2.0,-0.5806503769672499,-0.39521215385216596,-0.4980074234760439,-0.36918142677825033
-1.0,-0.5806503769672499,-0.2595863535234296,-0.4157529745731872,-0.2658988758126256
3.0,-0.5806503769672499,-0.11013919739357014,-0.38237824255245084,-0.12041773788992739
0.0,-0.35865148514251616,-0.16858963833740664,-0.16753177791447407,-0.1922729445160631
2.0,-0.35865148514251616,-0.1890756812280823,-0.15341792212127475,-0.19098827045840466
1.0,-0.35865148514251616,-0.3667148100510897,-0.28724168564868147,-0.29536229603362585
-3.0,-0.35865148514251616,-0.3690428951450828,-0.3722525287722551,-0.37193876393693737
-2.0,-0.35865148514251616,-0.4557719529644958,-0.4262091289677126,-0.37275590665351416
-1.0,-0.35865148514251616,-0.2794158702859811,-0.23068469334834246,-0.2834458647905289
3.0,-0.35865148514251616,-0.15497168345946413,-0.15330767759617667,-0.16063407404167668
0.0,-0.30945680917620155,-0.13113354812371852,-0.24381879282485613,-0.1567964076838736
2.0,-0.30945680917620155,-0.2158690239081442,-0.26798902156943955,-0.22203313673100888
1.0,-0.30945680917620155,-0.31929902788045145,-0.26236595287848136,-0.2556651262415045
-3.0,-0.30945680917620155,-0.3624207781240332,-0.4502412080077008,-0.36283547435277014
-2.0,-0.30945680917620155,-0.4965274571674879,-0.4500454882594992,-0.37821910562788374
-1.0,-0.30945680917620155,-0.2697037030877857,-0.36552021769076076,-0.28691597930354984
3.0,-0.30945680917620155,-0.15147905546883889,-0.26948758015717006,-0.17639411742844657
0.0,-0.4007581590098772,-0.11982841630945931,-0.27139598545347143,-0.1514169719157117
2.0,-0.4007581590098772,-0.18955931866481004,-0.2731212707161408,-0.1603510281058143
1.0,-0.4007581590098772,-0.341601814550068,-0.3127592736595704,-0.30182612898710015
-3.0,-0.4007581590098772,-0.37177673864449,-0.44686419280229434,-0.39566737196037727
-2.0,-0.4007581590098772,-0.472427203586385,-0.5444391691257626,-0.3315697173254461
-1.0,-0.4007581590098772,-0.28023035369273785,-0.3842528945249984,-0.29905192508383704
3.0,-0.4007581590098772,-0.13124182935234135,-0.25991256861267525,-0.1145770671518462
0.0,-0.2460911674736867,-0.14845654630466107,-0.16451069983198907,-0.18267264815745854
2.0,-0.2460911674736867,-0.2141628270644277,-0.16028256284903447,-0.22552844349498313
1.0,-0.2460911674736867,-0.3164389898548998,-0.21308169257709905,-0.2678620997739063
-3.0,-0.2460911674736867,-0.3367380918490646,-0.32302815286586223,-0.32149985802061765
-2.0,-0.2460911674736867,-0.4332594108808095,-0.34900209543173827,-0.4853373855093337
-1.0,-0.2460911674736867,-0.2921700041394631,-0.26354322355634174,-0.2911209249813955
3.0,-0.2460911674736867,-0.11533590611731175,-0.13590068535948002,-0.10336895319890058
0.0,-0.2843595052774335,-0.11982841630945931,-0.22383110539224657,-0.15962005068037252
2.0,-0.2843595052774335,-0.18955931866481004,-0.2360377722975673,-0.20915444767446736
1.0,-0.2843595052774335,-0.341601814550068,-0.2657779406295481,-0.31507433850520933
-3.0,-0.2843595052774335,-0.37177673864449,-0.32581341480636566,-0.3784483452141841
-2.0,-0.2843595052774335,-0.472427203586385,-0.2735349689345738,-0.3935204970177108
-1.0,-0.2843595052774335,-0.28023035369273785,-0.295441037487808,-0.25762581719241195
3.0,-0.2843595052774335,-0.13124182935234135,-0.21136991451304024,-0.1097258934363439
0.0,-0.36448259607630157,-0.13464844504313905,-0.268918632614906,-0.1466396461190337
2.0,-0.36448259607630157,-0.25434051362660415,-0.2724210238524532,-0.26096994057696465
1.0,-0.36448259607630157,-0.3016973392552003,-0.2988588229258877,-0.2627598454900809
-3.0,-0.36448259607630157,-0.34741342470979086,-0.37463883099857415,-0.36535357052738004
-2.0,-0.36448259607630157,-0.39823463783729185,-0.3792361063786966,-0.3556193391292283
-1.0,-0.36448259607630157,-0.25098287251662516,-0.32414614912745576,-0.29399260056911625
3.0,-0.36448259607630157,-0.1527917404030331,-0.2543624384948289,-0.15985147496456437
0.0,-0.4144579660420498,-0.16858963833740664,-0.2736499985301594,-0.19476208188206318
2.0,-0.4144579660420498,-0.1890756812280823,-0.2586692009918004,-0.20032909143744437
1.0,-0.4144579660420498,-0.3667148100510897,-0.3495754424284768,-0.30628620976327736
-3.0,-0.4144579660420498,-0.3690428951450828,-0.425159179510813,-0.25395841334918395
-2.0,-0.4144579660420498,-0.4557719529644958,-0.4560264439534137,-0.5229265386737322
-1.0,-0.4144579660420498,-0.2794158702859811,-0.36937104424149475,-0.2834458647905289
3.0,-0.4144579660420498,-0.15497168345946413,-0.2752298158060417,-0.18734002972479114
0.0,-0.33441657679097037,-0.13807162749935406,-0.3231406364064008,-0.15874062388264149
2.0,-0.33441657679097037,-0.21725183335490159,-0.31709799717638915,-0.21314313566882664
1.0,-0.33441657679097037,-0.31468892427074324,-0.3379335228363728,-0.23405112266585726
-3.0,-0.33441657679097037,-0.3521084463767993,-0.4477836665499552,-0.1781801533013694
-2.0,-0.33441657679097037,-0.4703707887956064,-0.5042978992701299,-0.2706419936273925
-1.0,-0.33441657679097037,-0.2594724659184924,-0.40182260082617827,-0.22544197826455437
3.0,-0.33441657679097037,-0.13427246705295745,-0.30534042567781094,-0.13087487506129158
0.0,-0.28241903397445167,-0.11982841630945931,-0.19084844474976342,-0.15962005068037252
2.0,-0.28241903397445167,-0.18955931866481004,-0.19661748419869807,-0.22306100882095004
1.0,-0.28241903397445167,-0.341601814550068,-0.263251536959421,-0.3298546704412669
-3.0,-0.28241903397445167,-0.37177673864449,-0.3849702518142263,-0.3784483452141841
-2.0,-0.28241903397445167,-0.472427203586385,-0.4458272672908977,-0.45292935265305906
-1.0,-0.28241903397445167,-0.28023035369273785,-0.2919063197286861,-0.2781824589601852
3.0,-0.28241903397445167,-0.13124182935234135,-0.17388268036651805,-0.1097258934363439
0.0,-0.26223968612399545,-0.1286190076428911,-0.2525356723240193,-0.16037651713161588
2.0,-0.26223968612399545,-0.19528389462988865,-0.26110209936026296,-0.15503596513564852
1.0,-0.26223968612399545,-0.3337830213176606,-0.2914634874161335,-0.2947571742901661
-3.0,-0.26223968612399545,-0.34556253517895924,-0.4288046139839888,-0.2713744248320161
-2.0,-0.26223968612399545,-0.43452084465711605,-0.4743064016731824,-0.445115721560875
-1.0,-0.26223968612399545,-0.2509962799223888,-0.344374381854317,-0.2955261267871689
3.0,-0.26223968612399545,-0.12721275852043384,-0.24548877186891996,-0.1659926351999464
0.0,-0.4629482346284728,-0.14845654630466107,-0.17476078402576564,-0.1763049602069206
2.0,-0.4629482346284728,-0.2141628270644277,-0.17053264704281104,-0.22259746643897146
1.0,-0.4629482346284728,-0.3164389898548998,-0.17467362248018717,-0.2607976978248249
-3.0,-0.4629482346284728,-0.3367380918490646,-0.36342241809111403,-0.3274596142703845
-2.0,-0.4629482346284728,-0.4332594108808095,-0.3671848372250988,-0.26895679853333426
-1.0,-0.4629482346284728,-0.2921700041394631,-0.294442036128865,-0.27816789243691864
3.0,-0.4629482346284728,-0.11533590611731175,-0.18890449371575432,-0.10181585014034568
0.0,-0.409387935650882,-0.16858963833740664,-0.12771487231800124,-0.1968815894172939
2.0,-0.409387935650882,-0.1890756812280823,-0.12737072357855808,-0.18784627239750912
1.0,-0.409387935650882,-0.3667148100510897,-0.21149141676558755,-0.34753351055179527
-3.0,-0.409387935650882,-0.3690428951450828,-0.30144327272202776,-0.4346243371482982
-2.0,-0.409387935650882,-0.4557719529644958,-0.325298321446478,-0.4063613042363576
-1.0,-0.409387935650882,-0.2794158702859811,-0.1810149846689454,-0.2792321790186964
3.0,-0.409387935650882,-0.15497168345946413,-0.12934408832539543,-0.1675483324552942
1.0,-0.3446744081547229,-0.13845675909723007,-0.1799754193917766,-0.12710516255163645
-3.0,-0.3446744081547229,-0.15752031124510937,-0.2737885588590367,-0.15217233701309674
0.0,-0.3446744081547229,-0.16271982031367477,-0.1691381783255211,-0.12331142545085623
1.0,-0.3446744081547229,-0.21686732804729608,-0.1854097379620827,-0.1487623435549558
2.0,-0.3446744081547229,-0.08510431914298806,-0.1805666782135611,-0.08957194228731008
-1.0,-0.3446744081547229,-0.22330523904724428,-0.21689563546560378,-0.17785302289112562
1.0,-0.36878121086811483,-0.16022894981632582,-0.12211654753429567,-0.152535911452095
-3.0,-0.36878121086811483,-0.15092396306877456,-0.20938514819860307,-0.21607143985169122
0.0,-0.36878121086811483,-0.15134244977567865,-0.124039495368774,-0.15774043028687146
1.0,-0.36878121086811483,-0.19106022436367914,-0.12059236427827047,-0.15012914456935114
2.0,-0.36878121086811483,-0.10185419334286,-0.12059236427827047,-0.10714090529859456
-1.0,-0.36878121086811483,-0.19504793323678388,-0.16373555115654712,-0.1998867000417833
1.0,-0.2346341766092388,-0.16236386861798227,-0.21852198688218333,-0.147551405407156
-1.0,-0.2346341766092388,-0.19689526040068492,-0.23693862593737322,-0.1760619759319103
0.0,-0.2346341766092388,-0.17991681657523506,-0.2071748287652241,-0.16060367092179526
1.0,-0.2346341766092388,-0.1857780671458396,-0.20544775870849494,-0.16245506127853027
2.0,-0.2346341766092388,-0.07699500746521294,-0.17245011619959444,-0.0493823974977684
-1.0,-0.2346341766092388,-0.22240723515849958,-0.24997595921802923,-0.1952673984955532
1.0,-0.17734661729066617,-0.15758609790491157,-0.16285021103098174,-0.1696677027176967
-3.0,-0.17734661729066617,-0.17115571799582135,-0.22104467147833468,-0.16335124769008952
0.0,-0.17734661729066617,-0.15129247253105463,-0.19912952989642682,-0.15974155868815887
1.0,-0.17734661729066617,-0.1859142012284954,-0.19912952989642682,-0.16713386367199448
2.0,-0.17734661729066617,-0.07245716144891914,-0.16292067462467916,-0.11217987031665283
-1.0,-0.17734661729066617,-0.20497886144153393,-0.24451591950220963,-0.19193651574309262
1.0,-0.23646227654947738,-0.16579612301807867,-0.16782308362129963,-0.20405494210640926
-1.0,-0.23646227654947738,-0.1628207684941407,-0.19223259425240158,-0.1822920466724868
0.0,-0.23646227654947738,-0.1642935147146521,-0.17275268290325305,-0.19505453475466158
1.0,-0.23646227654947738,-0.2150871943765041,-0.16998632220615215,-0.21100696583997697
2.0,-0.23646227654947738,-0.08437113148780069,-0.15330406800915866,-0.11917794145815568
-1.0,-0.23646227654947738,-0.20381370877992344,-0.19463549733152746,-0.18572279685201343
1.0,-0.26460970432937014,-0.1286465173001481,-0.07505127024956011,-0.15378326716331225
-3.0,-0.26460970432937014,-0.1595822932229689,-0.24482212061333142,-0.1686438069903655
0.0,-0.26460970432937014,-0.16090637516819395,-0.1085580999385326,-0.18614206498833014
1.0,-0.26460970432937014,-0.20361901845798355,-0.1085580999385326,-0.19260334594096637
2.0,-0.26460970432937014,-0.0976214209236029,-0.12467851680866335,-0.13029209605043715
-1.0,-0.26460970432937014,-0.2293947924473561,-0.19133213348024067,-0.19671427670766714
1.0,-0.2810137624371231,-0.1286465173001481,-0.16551497874143778,-0.148266508451324
-1.0,-0.2810137624371231,-0.17143663106036172,-0.23713096673254846,-0.15953511995319336
0.0,-0.2810137624371231,-0.16090637516819395,-0.16565147392921314,-0.13739532619743267
1.0,-0.2810137624371231,-0.20361901845798355,-0.16565147392921314,-0.14118365527942783
2.0,-0.2810137624371231,-0.0976214209236029,-0.17078962368562656,-0.11110981342163047
-1.0,-0.2810137624371231,-0.2293947924473561,-0.24607209381125356,-0.19187943620950798
1.0,-0.3873181017412046,-0.16236386861798227,-0.2483669075064896,-0.15476258718533534
-1.0,-0.3873181017412046,-0.19689526040068492,-0.31860207005286617,-0.2069236088161534
0.0,-0.3873181017412046,-0.17991681657523506,-0.23605733670790957,-0.16781485269997462
1.0,-0.3873181017412046,-0.1857780671458396,-0.2404947128560664,-0.16966624305670963
2.0,-0.3873181017412046,-0.07699500746521294,-0.19473147202589644,-0.05659357927594777
-1.0,-0.3873181017412046,-0.22240723515849958,-0.3316394033335225,-0.20247858027373256
1.0,-0.36177485098335205,-0.15426362686401543,-0.2088912266439889,-0.13558384039722918
-1.0,-0.36177485098335205,-0.18024578045514206,-0.191002470517802,-0.14755099877266353
0.0,-0.36177485098335205,-0.1858583643382276,-0.2042145037524741,-0.14978595178900792
1.0,-0.36177485098335205,-0.20308463345480285,-0.20207469600388012,-0.17118756318787764
2.0,-0.36177485098335205,-0.10382532688474211,-0.20332746970511006,-0.10535883945637523
-1.0,-0.36177485098335205,-0.20868967006709166,-0.22473700448977865,-0.17958520329932778
1.0,-0.3625484776871577,-0.15758609790491157,-0.2017565411306038,-0.14155148220029412
-3.0,-0.3625484776871577,-0.17115571799582135,-0.22257243773425964,-0.1612518259062982
0.0,-0.3625484776871577,-0.15129247253105463,-0.2017565411306038,-0.13849348356221747
1.0,-0.3625484776871577,-0.1859142012284954,-0.2017565411306038,-0.16021349535024315
2.0,-0.3625484776871577,-0.07245716144891914,-0.15768772467357664,-0.05438613964599635
-1.0,-0.3625484776871577,-0.20497886144153393,-0.22970954757138834,-0.16074171997654849
1.0,-0.37759862687248663,-0.1286465173001481,-0.2542331715734573,-0.1269252131744858
-1.0,-0.37759862687248663,-0.17143663106036172,-0.37063545066709375,-0.1616880830783293
0.0,-0.37759862687248663,-0.16090637516819395,-0.2437912283689547,-0.15734458909476964
1.0,-0.37759862687248663,-0.20361901845798355,-0.2437912283689547,-0.1642307314062662
2.0,-0.37759862687248663,-0.0976214209236029,-0.24157836140081576,-0.11778186142467825
-1.0,-0.37759862687248663,-0.2293947924473561,-0.372535827245119,-0.19457342167704597
1.0,-0.2871370706701681,-0.1286465173001481,-0.2821459122417261,-0.1259041338286134
-1.0,-0.2871370706701681,-0.17143663106036172,-0.3255051613619711,-0.1606670037324569
0.0,-0.2871370706701681,-0.16090637516819395,-0.28387655512001425,-0.15632350974889725
1.0,-0.2871370706701681,-0.20361901845798355,-0.28387655512001425,-0.1632096520603938
2.0,-0.2871370706701681,-0.0976214209236029,-0.28901470487642766,-0.11676078207880587
-1.0,-0.2871370706701681,-0.2293947924473561,-0.33739096097219123,-0.18949105988939297
1.0,-0.23728500281546408,-0.16562003298202616,-0.21483180754358513,-0.14258468610839486
-3.0,-0.23728500281546408,-0.1460945709757441,-0.23669140076216263,-0.15135881902675985
0.0,-0.23728500281546408,-0.15767380627474142,-0.2098975856523993,-0.1430293070444164
1.0,-0.23728500281546408,-0.19509511090326412,-0.2098975856523993,-0.14900943991808727
2.0,-0.23728500281546408,-0.10224533434471424,-0.20761429783771237,-0.12042728454856949
-1.0,-0.23728500281546408,-0.19247002319657192,-0.23238389974599452,-0.15847044635431717
1.0,-0.1263369940896413,-0.16236386861798227,-0.27345476375675526,-0.16173051149184245
-1.0,-0.1263369940896413,-0.19689526040068492,-0.25627432982886944,-0.19024108201659676
0.0,-0.1263369940896413,-0.17991681657523506,-0.2590095846159041,-0.1747827770064817
1.0,-0.1263369940896413,-0.1857780671458396,-0.26038053558306695,-0.17663416736321672
2.0,-0.1263369940896413,-0.07699500746521294,-0.2564843458892915,-0.07073997778020737
-1.0,-0.1263369940896413,-0.22240723515849958,-0.2693116631095257,-0.20944650458023964
1.0,-0.15165122110140683,-0.1286465173001481,-0.09553965262587952,-0.15378326716331225
-3.0,-0.15165122110140683,-0.1595822932229689,-0.12487341032799552,-0.16392386960282038
0.0,-0.15165122110140683,-0.16090637516819395,-0.09727029550416767,-0.18614206498833014
1.0,-0.15165122110140683,-0.20361901845798355,-0.09727029550416767,-0.19260334594096637
2.0,-0.15165122110140683,-0.0976214209236029,-0.10240844526058104,-0.1510849472325364
-1.0,-0.15165122110140683,-0.2293947924473561,-0.14232918427954044,-0.19671427670766714
1.0,-0.1381106142073866,-0.13845675909723007,-0.11234909053542855,-0.19073657621383144
-1.0,-0.1381106142073866,-0.17332509746712163,-0.15133377243982224,-0.24708884626538632
0.0,-0.1381106142073866,-0.16271982031367477,-0.09358316176807173,-0.21850375071597655
1.0,-0.1381106142073866,-0.21686732804729608,-0.11042147472250723,-0.22780681858384783
2.0,-0.1381106142073866,-0.08510431914298806,-0.10234831844211124,-0.16717621358687973
-1.0,-0.1381106142073866,-0.22330523904724428,-0.13712842947298398,-0.2780904781223636
1.0,-0.18874717524475323,-0.16562003298202616,-0.08602524556598655,-0.23589994466119063
-1.0,-0.18874717524475323,-0.14685376940446732,-0.1013506941521135,-0.19817514258946684
0.0,-0.18874717524475323,-0.15767380627474142,-0.08422253954958119,-0.24707648000499555
1.0,-0.18874717524475323,-0.19509511090326412,-0.08109102367480071,-0.24232469847088303
2.0,-0.18874717524475323,-0.10224533434471424,-0.06985840166913486,-0.10832683695625989
-1.0,-0.18874717524475323,-0.19247002319657192,-0.10946179579481606,-0.23597218652952542
1.0,-0.1525354138263176,-0.13845675909723007,-0.026509410528747862,-0.19018109450741935
-1.0,-0.1525354138263176,-0.17332509746712163,-0.12136700656354919,-0.23277974620699735
0.0,-0.1525354138263176,-0.16271982031367477,-0.0196250269356762,-0.24226056020323739
1.0,-0.1525354138263176,-0.21686732804729608,-0.02458179471582652,-0.22725133687743573
2.0,-0.1525354138263176,-0.08510431914298806,-0.01305703326461962,-0.15040982301165498
-1.0,-0.1525354138263176,-0.22330523904724428,-0.1071616635967109,-0.26475582972850176
1.0,-0.1496836317297715,-0.13845675909723007,-0.00958674201335373,-0.19018109450741935
-3.0,-0.1496836317297715,-0.15752031124510937,-0.09894920862907892,-0.16369022175838627
0.0,-0.1496836317297715,-0.16271982031367477,-0.0027023584202820862,-0.24226056020323739
1.0,-0.1496836317297715,-0.21686732804729608,-0.007659126200432376,-0.22725133687743573
2.0,-0.1496836317297715,-0.08510431914298806,0.0008561257782310879,-0.15040982301165498
-1.0,-0.1496836317297715,-0.22330523904724428,-0.08771328821805437,-0.26475582972850176
1.0,-0.2020968285089565,-0.15662208229219687,-0.21655310171528253,-0.1694886259334149
-1.0,-0.2020968285089565,-0.16277527473615197,-0.23554906102450615,-0.18900329362533014
0.0,-0.2020968285089565,-0.15726610704243024,-0.20319270228196049,-0.17594956022190505
1.0,-0.2020968285089565,-0.2021187130920377,-0.20763733140675397,-0.1549612070941856
2.0,-0.2020968285089565,-0.10732727596797348,-0.19758178123866327,-0.12452286704376432
-1.0,-0.2020968285089565,-0.20127812510454712,-0.23996909349367376,-0.19471913414208275
1.0,-0.1955273779162341,-0.16579612301807867,-0.1401931518296961,-0.20326925190384595
-3.0,-0.1955273779162341,-0.16908509647639725,-0.15876914305979975,-0.15217078788898625
0.0,-0.1955273779162341,-0.1642935147146521,-0.1353647623465845,-0.2276800962417045
1.0,-0.1955273779162341,-0.2150871943765041,-0.1325984016494836,-0.2157070174421598
2.0,-0.1955273779162341,-0.08437113148780069,-0.1104975503552842,-0.1109064246014922
-1.0,-0.1955273779162341,-0.20381370877992344,-0.16102214446453186,-0.21366100652378617
1.0,-0.18695655565251376,-0.16022894981632582,-0.12610993958241146,-0.169518652041722
-3.0,-0.18695655565251376,-0.15092396306877456,-0.15762293848024372,-0.1572898861082313
0.0,-0.18695655565251376,-0.15134244977567865,-0.11812656226633572,-0.1510322834707572
1.0,-0.18695655565251376,-0.19106022436367914,-0.12458575632638624,-0.16711188515897812
2.0,-0.18695655565251376,-0.10185419334286,-0.12458575632638624,-0.10649668895376628
-1.0,-0.18695655565251376,-0.19504793323678388,-0.16866035492125522,-0.09053155190229119
1.0,-0.12195733761225647,-0.13641751331642388,-0.1728106273397408,-0.15904037641170352
-1.0,-0.12195733761225647,-0.13497404515110797,-0.2397378320049502,-0.17007622208569728
0.0,-0.12195733761225647,-0.15126246714816144,-0.18472192357027617,-0.15316303069063647
1.0,-0.12195733761225647,-0.22047984617526478,-0.17486224488263197,-0.22017705930154435
2.0,-0.12195733761225647,-0.07165967976866774,-0.1739449008558722,-0.10433842868077324
-1.0,-0.12195733761225647,-0.20763095937962484,-0.25601640986130736,-0.2177868328758307
1.0,-0.07352553191809882,-0.16022894981632582,-0.06284724929447094,-0.21813575087059506
-1.0,-0.07352553191809882,-0.12516166268769346,-0.10291608396224258,-0.26777383410200767
0.0,-0.07352553191809882,-0.15134244977567865,-0.05107109222857509,-0.25248233570679546
1.0,-0.07352553191809882,-0.19106022436367914,-0.05107109222857509,-0.2673661868338504
2.0,-0.07352553191809882,-0.10185419334286,-0.03631430320786416,-0.20316201364295453
-1.0,-0.07352553191809882,-0.19504793323678388,-0.09019139357834394,-0.3245711320124056
1.0,-0.09557155586795893,-0.13641751331642388,-0.24544881086918227,-0.0996788495989672
-3.0,-0.09557155586795893,-0.15422817690448773,-0.17616451848346992,-0.08769668295507503
0.0,-0.09557155586795893,-0.15126246714816144,-0.23257109628249006,-0.06705547519675735
1.0,-0.09557155586795893,-0.22047984617526478,-0.24195603820584172,-0.14286744798346568
2.0,-0.09557155586795893,-0.07165967976866774,-0.21836806436407127,-0.03299535413062679
-1.0,-0.09557155586795893,-0.20763095937962484,-0.23232378810262017,-0.1444907356232723
1.0,-0.047978071461699114,-0.15426362686401543,-0.0570721527466944,-0.21175001639820568
-1.0,-0.047978071461699114,-0.18024578045514206,-0.055445745023331314,-0.24446305735872254
0.0,-0.047978071461699114,-0.1858583643382276,-0.04666922442712279,-0.27038149013062746
1.0,-0.047978071461699114,-0.20308463345480285,-0.05025562210658563,-0.3080542019011417
2.0,-0.047978071461699114,-0.10382532688474211,-0.031381384573107726,-0.24127606066051258
-1.0,-0.047978071461699114,-0.20868967006709166,-0.0628653708262288,-0.27353941693912837
1.0,-0.10899425007736914,-0.13641751331642388,-0.11239528255503442,-0.1912313004536163
-3.0,-0.10899425007736914,-0.15422817690448773,-0.05019488015071286,-0.130097538708177
0.0,-0.10899425007736914,-0.15126246714816144,-0.0995175679683422,-0.25188673092995884
1.0,-0.10899425007736914,-0.22047984617526478,-0.10890250989169384,-0.23914150787094085
2.0,-0.10899425007736914,-0.07165967976866774,-0.06823291873191313,-0.07008657120544211
-1.0,-0.10899425007736914,-0.20763095937962484,-0.11411234190762791,-0.24738363742497296
1.0,-0.06307690442863505,-0.13845675909723007,-0.08853225789462461,-0.22222440098208351
-3.0,-0.06307690442863505,-0.15752031124510937,-0.11523624377135484,-0.2071964384639792
0.0,-0.06307690442863505,-0.16271982031367477,-0.07102370913904621,-0.3373276518360562
1.0,-0.06307690442863505,-0.21686732804729608,-0.09396657646493077,-0.2776924559830075
2.0,-0.06307690442863505,-0.08510431914298806,-0.0895760011565092,-0.19498593670320585
-1.0,-0.06307690442863505,-0.22330523904724428,-0.1306584129316251,-0.27636663058440986
1.0,-0.07169601549198269,-0.13845675909723007,-0.15316529757412717,-0.1857026079744228
-1.0,-0.07169601549198269,-0.17332509746712163,-0.22878345040969106,-0.2787158756817619
0.0,-0.07169601549198269,-0.16271982031367477,-0.1356567488185487,-0.23731712364805793
1.0,-0.07169601549198269,-0.21686732804729608,-0.1585996161444333,-0.23632179396471528
2.0,-0.07169601549198269,-0.08510431914298806,-0.15119953136346834,-0.1912666604795529
-1.0,-0.07169601549198269,-0.22330523904724428,-0.22416011937359256,-0.3157760191611164
1.0,-0.1845230987488897,-0.16022894981632582,-0.14569399499976535,-0.23851465510842812
-1.0,-0.1845230987488897,-0.12516166268769346,-0.15444792352910475,-0.26777383410200767
0.0,-0.1845230987488897,-0.15134244977567865,-0.13934265389199432,-0.29379571059970355
1.0,-0.1845230987488897,-0.19106022436367914,-0.13934265389199432,-0.30867956172675853
2.0,-0.1845230987488897,-0.10185419334286,-0.12458586487128342,-0.23191163394177466
-1.0,-0.1845230987488897,-0.19504793323678388,-0.166668048147403,-0.3245711320124056
1.0,-0.20271899527447887,-0.16236386861798227,-0.11430246428572192,-0.1840785049782411
-3.0,-0.20271899527447887,-0.17960137196579512,-0.11970193037292463,-0.18187666430408234
0.0,-0.20271899527447887,-0.17991681657523506,-0.0967908599638767,-0.21147310592415064
1.0,-0.20271899527447887,-0.1857780671458396,-0.10122823611203353,-0.19729426469638722
2.0,-0.20271899527447887,-0.07699500746521294,-0.07810549077771277,-0.15081646639404248
-1.0,-0.20271899527447887,-0.22240723515849958,-0.14702188800788357,-0.2409085471529954
1.0,-0.12658129278953612,-0.15662208229219687,-0.05801002218825791,-0.24201349287305515
-1.0,-0.12658129278953612,-0.16277527473615197,-0.06664524083181021,-0.2804898279905021
0.0,-0.12658129278953612,-0.15726610704243024,-0.05142602391687638,-0.2840197148055612
1.0,-0.12658129278953612,-0.2021187130920377,-0.055870653041669875,-0.27589184224590985
2.0,-0.12658129278953612,-0.10732727596797348,-0.045815102873579164,-0.18688312736894236
-1.0,-0.12658129278953612,-0.20127812510454712,-0.07594170426031069,-0.30460894314630493
1.0,-0.12320096068440821,-0.1286465173001481,-0.16381572123587526,-0.14352438675018703
-1.0,-0.12320096068440821,-0.17143663106036172,-0.22190280607862917,-0.1500429577633704
0.0,-0.12320096068440821,-0.16090637516819395,-0.1655463641141634,-0.1603148266222212
1.0,-0.12320096068440821,-0.20361901845798355,-0.1655463641141634,-0.16677610757485745
2.0,-0.12320096068440821,-0.0976214209236029,-0.16333349714602446,-0.12083988580811877
-1.0,-0.12320096068440821,-0.2293947924473561,-0.22147820768939502,-0.18953582432963312
1.0,-0.11815300257745491,-0.16579612301807867,-0.15732711472825134,-0.2720442081769991
-3.0,-0.11815300257745491,-0.16908509647639725,-0.19672958102266538,-0.1985105886181422
0.0,-0.11815300257745491,-0.1642935147146521,-0.15249872524513974,-0.30433136857437276
1.0,-0.11815300257745491,-0.2150871943765041,-0.14973236454803884,-0.2864220066950426
2.0,-0.11815300257745491,-0.08437113148780069,-0.13305011035104536,-0.21203477236614496
-1.0,-0.11815300257745491,-0.20381370877992344,-0.19762266657262256,-0.2984736905955679
1.0,-0.07287938765488348,-0.13845675909723007,-0.17704296147165252,-0.17725181499535522
-1.0,-0.07287938765488348,-0.17332509746712163,-0.21083432485469591,-0.21458466594117617
0.0,-0.07287938765488348,-0.16271982031367477,-0.1666459738670974,-0.1734324139376285
1.0,-0.07287938765488348,-0.21686732804729608,-0.17958509383301702,-0.19890899599867456
2.0,-0.07287938765488348,-0.08510431914298806,-0.16308748966858422,-0.12555870300852268
-1.0,-0.07287938765488348,-0.22330523904724428,-0.19662898188785755,-0.23323384917072976
1.0,-0.061685288916000204,-0.1286465173001481,-0.20645590655268933,-0.148266508451324
-1.0,-0.061685288916000204,-0.17143663106036172,-0.23843544075025166,-0.15953511995319336
0.0,-0.061685288916000204,-0.16090637516819395,-0.2081865494309775,-0.13739532619743267
1.0,-0.061685288916000204,-0.20361901845798355,-0.2081865494309775,-0.14118365527942783
2.0,-0.061685288916000204,-0.0976214209236029,-0.21332469918739091,-0.11110981342163047
-1.0,-0.061685288916000204,-0.2293947924473561,-0.2380108430167426,-0.19187943620950798
1.0,-0.03157315112612753,-0.15758609790491157,-0.11344235281864704,-0.14613714133597047
-1.0,-0.03157315112612753,-0.1747687959936367,-0.11016556786276421,-0.14436107094090944
0.0,-0.03157315112612753,-0.15129247253105463,-0.11344235281864704,-0.16908444491803107
1.0,-0.03157315112612753,-0.1859142012284954,-0.11344235281864704,-0.14360330229026821
2.0,-0.03157315112612753,-0.07245716144891914,-0.07114284599055204,-0.05293433597362237
-1.0,-0.03157315112612753,-0.20497886144153393,-0.13189126117195957,-0.23067706447797726
1.0,-0.07501538860264681,-0.1286465173001481,-0.10831226500496414,-0.23713464551802257
-3.0,-0.07501538860264681,-0.1595822932229689,-0.09019222536946143,-0.26283536509452887
0.0,-0.07501538860264681,-0.16090637516819395,-0.10844876019273951,-0.3466289388293271
1.0,-0.07501538860264681,-0.20361901845798355,-0.10844876019273951,-0.3047421522801446
2.0,-0.07501538860264681,-0.0976214209236029,-0.11358690994915295,-0.26235850589401766
-1.0,-0.07501538860264681,-0.2293947924473561,-0.12482611255700021,-0.383931182094461
1.0,-0.11300400776772368,-0.1286465173001481,-0.24764238484846776,-0.1259041338286134
-1.0,-0.11300400776772368,-0.17143663106036172,-0.27065326030366976,-0.1606670037324569
0.0,-0.11300400776772368,-0.16090637516819395,-0.2493730277267559,-0.15632350974889725
1.0,-0.11300400776772368,-0.20361901845798355,-0.2493730277267559,-0.1632096520603938
2.0,-0.11300400776772368,-0.0976214209236029,-0.25451117748316937,-0.11676078207880587
-1.0,-0.11300400776772368,-0.2293947924473561,-0.2702286625701607,-0.18949105988939297
1.0,-0.11980528834396807,-0.13845675909723007,-0.08077619594638841,-0.24655411303351357
-1.0,-0.11980528834396807,-0.17332509746712163,-0.10546522298078806,-0.3139310947951217
0.0,-0.11980528834396807,-0.16271982031367477,-0.07037920834183319,-0.35525886442196203
1.0,-0.11980528834396807,-0.21686732804729608,-0.07884858013346706,-0.3020221680344375
2.0,-0.11980528834396807,-0.08510431914298806,-0.0642533103690441,-0.21948474528241196
-1.0,-0.11980528834396807,-0.22330523904724428,-0.09125988001394979,-0.29661447747220315
1.0,-0.11618632934798924,-0.1286465173001481,-0.12389518346527657,-0.15031898816937853
-3.0,-0.11618632934798924,-0.1595822932229689,-0.12555323228497842,-0.1501322306364293
0.0,-0.11618632934798924,-0.16090637516819395,-0.13142545329578384,-0.1603148266222212
1.0,-0.11618632934798924,-0.20361901845798355,-0.13142545329578384,-0.16677610757485745
2.0,-0.11618632934798924,-0.0976214209236029,-0.13656360305219728,-0.10446485768432816
-1.0,-0.11618632934798924,-0.2293947924473561,-0.15297946263841553,-0.1860505869156648
1.0,-0.06312529363559366,-0.13641751331642388,-0.057762897049451284,-0.13901078060822644
-3.0,-0.06312529363559366,-0.15422817690448773,-0.06160633579527574,-0.1482259161151777
0.0,-0.06312529363559366,-0.15126246714816144,-0.060039760254813,-0.17817627922383494
1.0,-0.06312529363559366,-0.22047984617526478,-0.05981451459234244,-0.19022944164234218
2.0,-0.06312529363559366,-0.07165967976866774,-0.029497008654283598,-0.08748724072913333
-1.0,-0.06312529363559366,-0.20763095937962484,-0.10580804454310061,-0.19042383674415403
1.0,-0.09758702953750907,-0.16579612301807867,-0.1599534323341037,-0.1629582227218681
-1.0,-0.09758702953750907,-0.1628207684941407,-0.18906289130994378,-0.17375000761305792
0.0,-0.09758702953750907,-0.1642935147146521,-0.1523586821538912,-0.1539578153701204
1.0,-0.09758702953750907,-0.2150871943765041,-0.1598539366413948,-0.17438693173601758
2.0,-0.09758702953750907,-0.08437113148780069,-0.1373986337946806,-0.06421060196818335
-1.0,-0.09758702953750907,-0.20381370877992344,-0.18053498874053156,-0.17850684939772354
1.0,-0.08094140826509731,-0.16562003298202616,-0.1499946301100613,-0.14258468610839486
-3.0,-0.08094140826509731,-0.1460945709757441,-0.16754243829629745,-0.15135881902675985
0.0,-0.08094140826509731,-0.15767380627474142,-0.14819192409365595,-0.1430293070444164
1.0,-0.08094140826509731,-0.19509511090326412,-0.14506040821887545,-0.14900943991808727
2.0,-0.08094140826509731,-0.10224533434471424,-0.14142288864470887,-0.12042728454856949
-1.0,-0.08094140826509731,-0.19247002319657192,-0.17788152187039724,-0.15847044635431717
1.0,-0.09650841043566813,-0.15758609790491157,-0.1462051168495029,-0.16362556262027161
-1.0,-0.09650841043566813,-0.1747687959936367,-0.13948376359014109,-0.19675411531555645
0.0,-0.09650841043566813,-0.15129247253105463,-0.13687168457261167,-0.16460219238671406
1.0,-0.09650841043566813,-0.1859142012284954,-0.1462051168495029,-0.16109172357456938
2.0,-0.09650841043566813,-0.07245716144891914,-0.10390561002140793,-0.11482417409902596
-1.0,-0.09650841043566813,-0.20497886144153393,-0.1518760246224451,-0.2050088114160111
1.0,-0.18180763738806907,-0.16022894981632582,-0.16110204208300466,-0.1262650598883175
-3.0,-0.18180763738806907,-0.15092396306877456,-0.21722413032735285,-0.20172407951014687
0.0,-0.18180763738806907,-0.15134244977567865,-0.1547507009752336,-0.1433930699453271
1.0,-0.18180763738806907,-0.19106022436367914,-0.1547507009752336,-0.12385829300557356
2.0,-0.18180763738806907,-0.10185419334286,-0.1547507009752336,-0.09279354495705021
-1.0,-0.18180763738806907,-0.19504793323678388,-0.1820760952306423,-0.18553933970023895
1.0,-0.25494850646235706,-0.15426362686401543,-0.19665470161840462,-0.16404115054659968
-1.0,-0.25494850646235706,-0.18024578045514206,-0.19864612372271948,-0.1790135400880506
0.0,-0.25494850646235706,-0.1858583643382276,-0.18625177329883297,-0.16345445376879472
1.0,-0.25494850646235706,-0.20308463345480285,-0.18983817097829583,-0.16737536587428528
2.0,-0.25494850646235706,-0.10382532688474211,-0.15643434408935702,-0.11172426532390552
-1.0,-0.25494850646235706,-0.20868967006709166,-0.20606574952561696,-0.1770646144872666
1.0,-0.3145492436265215,-0.16236386861798227,-0.2969644363539425,-0.14446570824615018
-1.0,-0.3145492436265215,-0.19689526040068492,-0.3180066272659488,-0.19958515467459226
0.0,-0.3145492436265215,-0.17991681657523506,-0.273135897708083,-0.15751797376078946
1.0,-0.3145492436265215,-0.1857780671458396,-0.2838902081802542,-0.15936936411752448
2.0,-0.3145492436265215,-0.07699500746521294,-0.2576377407829986,-0.0672586145659804
-1.0,-0.3145492436265215,-0.22240723515849958,-0.3185625800177046,-0.20017420924689286
1.0,-0.1510524025676026,-0.13845675909723007,-0.12353066779141764,-0.1984191892830747
-1.0,-0.1510524025676026,-0.17332509746712163,-0.1542374811694783,-0.2547714593346297
0.0,-0.1510524025676026,-0.16271982031367477,-0.10915458043505093,-0.22618636378521983
1.0,-0.1510524025676026,-0.21686732804729608,-0.1289649863617238,-0.23548943165309108
2.0,-0.1510524025676026,-0.08510431914298806,-0.12462502115214226,-0.17485882665612296
-1.0,-0.1510524025676026,-0.22330523904724428,-0.1480108751564363,-0.2857730911916068
1.0,-0.16117185344821677,-0.16236386861798227,-0.3144002987322688,-0.14496068341015614
-3.0,-0.16117185344821677,-0.17960137196579512,-0.4294048321450478,-0.22082385432063137
0.0,-0.16117185344821677,-0.17991681657523506,-0.27355852720631824,-0.1627941584687039
1.0,-0.16117185344821677,-0.1857780671458396,-0.29047728388337546,-0.17808144278715457
2.0,-0.16117185344821677,-0.07699500746521294,-0.23223266252430513,-0.056574145901423394
-1.0,-0.16117185344821677,-0.22240723515849958,-0.3663664230787464,-0.19660059800383772
1.0,-0.17654130927555603,-0.15758609790491157,-0.180942665268864,-0.1696677027176967
-1.0,-0.17654130927555603,-0.1747687959936367,-0.1707011818429059,-0.20279625541298155
0.0,-0.17654130927555603,-0.15129247253105463,-0.17549935173403736,-0.15974155868815887
1.0,-0.17654130927555603,-0.1859142012284954,-0.180942665268864,-0.16713386367199448
2.0,-0.17654130927555603,-0.07245716144891914,-0.14060863301761414,-0.11217987031665283
-1.0,-0.17654130927555603,-0.20497886144153393,-0.19242687515210116,-0.1944277995197714
1.0,-0.2837387036570467,-0.16236386861798227,-0.1446394357854444,-0.15115260870520636
-1.0,-0.2837387036570467,-0.19689526040068492,-0.21111730359806719,-0.17515246808047194
0.0,-0.2837387036570467,-0.17991681657523506,-0.12712783146359916,-0.15403918868459082
1.0,-0.2837387036570467,-0.1857780671458396,-0.131565207611756,-0.15589057904132583
2.0,-0.2837387036570467,-0.07699500746521294,-0.0985675651028555,-0.08357625136237791
-1.0,-0.2837387036570467,-0.22240723515849958,-0.21111730359806719,-0.18711274733808325
1.0,-0.30046949813404455,-0.15758609790491157,-0.16566098880361935,-0.1696677027176967
-3.0,-0.30046949813404455,-0.17115571799582135,-0.24588196948905439,-0.16754607287581957
0.0,-0.30046949813404455,-0.15129247253105463,-0.16021767526879271,-0.15974155868815887
1.0,-0.30046949813404455,-0.1859142012284954,-0.16566098880361935,-0.16713386367199448
2.0,-0.30046949813404455,-0.07245716144891914,-0.12159217234659224,-0.09492278795523046
-1.0,-0.30046949813404455,-0.20497886144153393,-0.21339238619708006,-0.2001481777174559
1.0,-0.26949469089646877,-0.13845675909723007,-0.12735169589387849,-0.18437358561597933
-3.0,-0.26949469089646877,-0.15752031124510937,-0.21270073122659722,-0.17306138081662936
0.0,-0.26949469089646877,-0.16271982031367477,-0.12844604925460315,-0.2145402613803578
1.0,-0.26949469089646877,-0.21686732804729608,-0.13278601446418467,-0.2214438279859957
2.0,-0.26949469089646877,-0.08510431914298806,-0.11840508851298558,-0.16321272425126096
-1.0,-0.26949469089646877,-0.22330523904724428,-0.14962379608364948,-0.2741269887867448
1.0,-0.26451304170056317,-0.13641751331642388,-0.1842258163111043,-0.15829355328653275
-1.0,-0.26451304170056317,-0.13497404515110797,-0.2331828867155052,-0.15633446718309515
0.0,-0.26451304170056317,-0.15126246714816144,-0.18158812750914102,-0.12567017888432283
1.0,-0.26451304170056317,-0.22047984617526478,-0.18627743385399545,-0.20148215167103126
2.0,-0.26451304170056317,-0.07165967976866774,-0.16543532539814484,-0.08653283565303542
-1.0,-0.26451304170056317,-0.20763095937962484,-0.2683604159730508,-0.19502956599185173
1.0,-0.17830172351238402,-0.16236386861798227,-0.2104354491472422,-0.18027620281027207
-1.0,-0.17830172351238402,-0.19689526040068492,-0.22070933657905442,-0.1922586698434553
0.0,-0.17830172351238402,-0.17991681657523506,-0.19908829103028297,-0.17114539044757418
1.0,-0.17830172351238402,-0.1857780671458396,-0.1973612209735538,-0.1729967808043092
2.0,-0.17830172351238402,-0.07699500746521294,-0.1643635784646533,-0.10661935404442949
-1.0,-0.17830172351238402,-0.22240723515849958,-0.23374666985971082,-0.2042189491010666
1.0,-0.1653916227785929,-0.15758609790491157,-0.1270428830618628,-0.16704034302371878
-3.0,-0.1653916227785929,-0.17115571799582135,-0.12387048819708453,-0.16845438890956863
0.0,-0.1653916227785929,-0.15129247253105463,-0.12159956952703617,-0.15711419899418094
1.0,-0.1653916227785929,-0.1859142012284954,-0.1270428830618628,-0.16450650397801653
2.0,-0.1653916227785929,-0.07245716144891914,-0.09298782507387834,-0.10385181672223934
-1.0,-0.1653916227785929,-0.20497886144153393,-0.16151222808169058,-0.18930915604911466
1.0,-0.13534970834611434,-0.15426362686401543,-0.08397617583619432,-0.21325761927474332
-1.0,-0.13534970834611434,-0.18024578045514206,-0.08346946241617342,-0.24446305735872254
0.0,-0.13534970834611434,-0.1858583643382276,-0.07715964519608554,-0.2718890930071651
1.0,-0.13534970834611434,-0.20308463345480285,-0.07715964519608554,-0.3095618047776793
2.0,-0.13534970834611434,-0.10382532688474211,-0.07535455101867838,-0.24127606066051258
-1.0,-0.13534970834611434,-0.20868967006709166,-0.08874928047047692,-0.2749819519721871
1.0,-0.1687744632102935,-0.15662208229219687,-0.1596950106547353,-0.14986520894342625
-1.0,-0.1687744632102935,-0.16277527473615197,-0.13485695900936095,-0.17764676504148186
0.0,-0.1687744632102935,-0.15726610704243024,-0.15311101238335378,-0.12806844783352744
1.0,-0.1687744632102935,-0.2021187130920377,-0.15755564150814727,-0.135337790104197
2.0,-0.1687744632102935,-0.10732727596797348,-0.14750009134005657,-0.12452286704376432
-1.0,-0.1687744632102935,-0.20127812510454712,-0.14795647675246154,-0.19471913414208275
1.0,-0.16202939274217465,-0.15758609790491157,-0.11963700018979885,-0.16362556262027161
-3.0,-0.16202939274217465,-0.17115571799582135,-0.09876451505229335,-0.16150393277839448
0.0,-0.16202939274217465,-0.15129247253105463,-0.11419368665497219,-0.16460219238671406
1.0,-0.16202939274217465,-0.1859142012284954,-0.11963700018979885,-0.16109172357456938
2.0,-0.16202939274217465,-0.07245716144891914,-0.06404684105868913,-0.11482417409902596
-1.0,-0.16202939274217465,-0.20497886144153393,-0.13075751691999055,-0.2050088114160111
1.0,-0.11574459772403164,-0.16236386861798227,-0.13515662646128018,-0.1840785049782411
-1.0,-0.11574459772403164,-0.19689526040068492,-0.13461070127764446,-0.2098730270936879
0.0,-0.11574459772403164,-0.17991681657523506,-0.11136885794418962,-0.21147310592415064
1.0,-0.11574459772403164,-0.1857780671458396,-0.11658282201373442,-0.19729426469638722
2.0,-0.11574459772403164,-0.07699500746521294,-0.09346007667941364,-0.15081646639404248
-1.0,-0.11574459772403164,-0.22240723515849958,-0.14764803455830072,-0.2409085471529954
1.0,-0.0795152795798929,-0.16579612301807867,-0.06899099423340097,-0.2810764980762624
-3.0,-0.0795152795798929,-0.16908509647639725,-0.0390331875832217,-0.23053690791963238
0.0,-0.0795152795798929,-0.1642935147146521,-0.05755901065545863,-0.3300713763029403
1.0,-0.0795152795798929,-0.2150871943765041,-0.061396244053188484,-0.31216201442361013
2.0,-0.0795152795798929,-0.08437113148780069,-0.043137496818514955,-0.24922460030688978
-1.0,-0.0795152795798929,-0.20381370877992344,-0.08566120312597587,-0.32421369832413544
1.0,-0.057462743785212864,-0.1286465173001481,-0.12404659472329009,-0.14806205760438004
-1.0,-0.057462743785212864,-0.17143663106036172,-0.12858099340231088,-0.14777569444579464
0.0,-0.057462743785212864,-0.16090637516819395,-0.12316639512267588,-0.1767597701149437
1.0,-0.057462743785212864,-0.20361901845798355,-0.12316639512267588,-0.18322105106757994
2.0,-0.057462743785212864,-0.0976214209236029,-0.12830454487908935,-0.12090980117705072
-1.0,-0.057462743785212864,-0.2293947924473561,-0.14243059090112556,-0.1873319818342807
1.0,-0.47487147584906286,-0.15426362686401543,-0.3707452879461789,-0.13558384039722918
-3.0,-0.47487147584906286,-0.1633374648161582,-0.4256817503694271,-0.19915511391710644
0.0,-0.47487147584906286,-0.1858583643382276,-0.36606856505466406,-0.14978595178900792
1.0,-0.47487147584906286,-0.20308463345480285,-0.3639287573060701,-0.17118756318787764
2.0,-0.47487147584906286,-0.10382532688474211,-0.3540640932212802,-0.10573209910117598
-1.0,-0.47487147584906286,-0.20868967006709166,-0.4008276263067449,-0.17958520329932778
1.0,-0.1371642360261815,-0.1286465173001481,-0.15998126816187527,-0.14352438675018703
-1.0,-0.1371642360261815,-0.17143663106036172,-0.16795222666201587,-0.1500429577633704
0.0,-0.1371642360261815,-0.16090637516819395,-0.15750692087074827,-0.1603148266222212
1.0,-0.1371642360261815,-0.20361901845798355,-0.15750692087074827,-0.16677610757485745
2.0,-0.1371642360261815,-0.0976214209236029,-0.15529405390260934,-0.10446485768432816
-1.0,-0.1371642360261815,-0.2293947924473561,-0.188274140648406,-0.2007615509629884
1.0,-0.4647030899087434,-0.13845675909723007,-0.18445900291622644,-0.1322205387806658
-1.0,-0.4647030899087434,-0.17332509746712163,-0.26812790060154496,-0.1643192158906014
0.0,-0.4647030899087434,-0.16271982031367477,-0.17053934970345416,-0.12842680167988557
1.0,-0.4647030899087434,-0.21686732804729608,-0.18989332148653257,-0.15387771978398515
2.0,-0.4647030899087434,-0.08510431914298806,-0.18550274617811102,-0.09468731851633945
-1.0,-0.4647030899087434,-0.22330523904724428,-0.2588411750171195,-0.18296839912015497
1.0,-0.26086718900702144,-0.15426362686401543,-0.157964574381938,-0.1736452798228732
-3.0,-0.26086718900702144,-0.1633374648161582,-0.11386915960036666,-0.15331808351738932
0.0,-0.26086718900702144,-0.1858583643382276,-0.11895670039908998,-0.21376477586742026
1.0,-0.26086718900702144,-0.20308463345480285,-0.15114804374182922,-0.23181490660528747
2.0,-0.26086718900702144,-0.10382532688474211,-0.14898920876126107,-0.13619545265332322
-1.0,-0.26086718900702144,-0.20868967006709166,-0.1295921689020917,-0.2059703516921601
1.0,-0.3943705961515235,-0.16579612301807867,-0.2274683465796532,-0.16959676507247745
-1.0,-0.3943705961515235,-0.1628207684941407,-0.2211783304663766,-0.18413628508578272
0.0,-0.3943705961515235,-0.1642935147146521,-0.22363111318192336,-0.16613726612448595
1.0,-0.3943705961515235,-0.2150871943765041,-0.2274683465796532,-0.18656638249038313
2.0,-0.3943705961515235,-0.08437113148780069,-0.19156023865839433,-0.08013778784466435
-1.0,-0.3943705961515235,-0.20381370877992344,-0.22840962302861406,-0.19443403527420455
1.0,-0.2521035399632646,-0.1286465173001481,-0.16872146347814274,-0.14352438675018703
-1.0,-0.2521035399632646,-0.17143663106036172,-0.19122578949565971,-0.1500429577633704
0.0,-0.2521035399632646,-0.16090637516819395,-0.17726842809703955,-0.1603148266222212
1.0,-0.2521035399632646,-0.20361901845798355,-0.17726842809703955,-0.16677610757485745
2.0,-0.2521035399632646,-0.0976214209236029,-0.18240657785345302,-0.12083988580811877
-1.0,-0.2521035399632646,-0.2293947924473561,-0.21722238745450534,-0.18953582432963312
1.0,-0.22109927801411938,-0.16562003298202616,-0.17127187491626614,-0.14258468610839486
-1.0,-0.22109927801411938,-0.14685376940446732,-0.19778820566692465,-0.15017877699685145
0.0,-0.22109927801411938,-0.15767380627474142,-0.16946916889986077,-0.1430293070444164
1.0,-0.22109927801411938,-0.19509511090326412,-0.16633765302508033,-0.14900943991808727
2.0,-0.22109927801411938,-0.10224533434471424,-0.16270013345091375,-0.12042728454856949
-1.0,-0.22109927801411938,-0.19247002319657192,-0.2058993073096272,-0.15847044635431717
1.0,-0.4128927318412715,-0.16236386861798227,-0.1956286825460911,-0.15476258718533534
-1.0,-0.4128927318412715,-0.19689526040068492,-0.25866390600738204,-0.18327315771008967
0.0,-0.4128927318412715,-0.17991681657523506,-0.18243818342744184,-0.16781485269997462
1.0,-0.4128927318412715,-0.1857780671458396,-0.1825544543724027,-0.16966624305670963
2.0,-0.4128927318412715,-0.07699500746521294,-0.13679121354223273,-0.05659357927594777
-1.0,-0.4128927318412715,-0.22240723515849958,-0.25866390600738204,-0.20247858027373256
1.0,-0.22420590029087833,-0.16579612301807867,-0.1629310986653882,-0.1629582227218681
-1.0,-0.22420590029087833,-0.1628207684941407,-0.17903616642190456,-0.17375000761305792
0.0,-0.22420590029087833,-0.1642935147146521,-0.15810270918227662,-0.1539578153701204
1.0,-0.22420590029087833,-0.2150871943765041,-0.15533634848517572,-0.17438693173601758
2.0,-0.22420590029087833,-0.08437113148780069,-0.14261092834062739,-0.06421060196818335
-1.0,-0.22420590029087833,-0.20381370877992344,-0.17327462454959325,-0.17850684939772354
1.0,-0.23138813803322425,-0.13845675909723007,-0.10405605602840702,-0.19018109450741935
-3.0,-0.23138813803322425,-0.15752031124510937,-0.12101417850350416,-0.16369022175838627
0.0,-0.23138813803322425,-0.16271982031367477,-0.10408112237846279,-0.24226056020323739
1.0,-0.23138813803322425,-0.21686732804729608,-0.10949037459871312,-0.22725133687743573
2.0,-0.23138813803322425,-0.08510431914298806,-0.10163780537764813,-0.15040982301165498
-1.0,-0.23138813803322425,-0.22330523904724428,-0.14630263624092682,-0.26475582972850176
1.0,-0.18022233941320992,-0.1286465173001481,-0.14726335944403396,-0.16905935963342325
-1.0,-0.18022233941320992,-0.17143663106036172,-0.2259684919116088,-0.15953511995319336
0.0,-0.18022233941320992,-0.16090637516819395,-0.17505104622402212,-0.15818817737953192
1.0,-0.18022233941320992,-0.20361901845798355,-0.17505104622402212,-0.1619765064615271
2.0,-0.18022233941320992,-0.0976214209236029,-0.19117146309415278,-0.11110981342163047
-1.0,-0.18022233941320992,-0.2293947924473561,-0.2295148640396082,-0.19187943620950798
1.0,-0.18642090822551258,-0.16562003298202616,-0.22287415036678038,-0.23589994466119063
-1.0,-0.18642090822551258,-0.14685376940446732,-0.24250966338137653,-0.19817514258946684
0.0,-0.18642090822551258,-0.15767380627474142,-0.221071444350375,-0.24707648000499555
1.0,-0.18642090822551258,-0.19509511090326412,-0.21793992847559454,-0.24232469847088303
2.0,-0.18642090822551258,-0.10224533434471424,-0.21089016433165922,-0.12377072804164108
-1.0,-0.18642090822551258,-0.19247002319657192,-0.2506207650240791,-0.23597218652952542
1.0,-0.18618938566213816,-0.16022894981632582,-0.1834871687210265,-0.17084782099651424
-3.0,-0.18618938566213816,-0.15092396306877456,-0.2620512024439958,-0.11231158395942899
0.0,-0.18618938566213816,-0.15134244977567865,-0.18541011655550482,-0.14948612747139664
1.0,-0.18618938566213816,-0.19106022436367914,-0.18196298546500128,-0.17138593464635274
2.0,-0.18618938566213816,-0.10185419334286,-0.18196298546500128,-0.12132091382317572
-1.0,-0.18618938566213816,-0.19504793323678388,-0.2666428150488072,-0.21991558472145448
1.0,-0.21133674253383541,-0.15758609790491157,-0.052082962243736985,-0.38594049614595627
-1.0,-0.21133674253383541,-0.1747687959936367,-0.07285872758991953,-0.2827739156471546
0.0,-0.21133674253383541,-0.15129247253105463,-0.052082962243736985,-0.4088877997280168
1.0,-0.21133674253383541,-0.1859142012284954,-0.052082962243736985,-0.383406657100254
2.0,-0.21133674253383541,-0.07245716144891914,-0.04549570763940354,-0.31704218947284646
-1.0,-0.21133674253383541,-0.20497886144153393,-0.0945844208991148,-0.3390650322972996
1.0,-0.21888711503850966,-0.16579612301807867,-0.16002467192557385,-0.1868065443239595
-3.0,-0.21888711503850966,-0.16908509647639725,-0.14036319034169775,-0.13983521426562337
0.0,-0.21888711503850966,-0.1642935147146521,-0.15519628244246225,-0.16768452009281995
1.0,-0.21888711503850966,-0.2150871943765041,-0.15242992174536135,-0.19823525333810899
2.0,-0.21888711503850966,-0.08437113148780069,-0.13647940422278493,-0.1061364617804856
-1.0,-0.21888711503850966,-0.20381370877992344,-0.1861276852970306,-0.16282946747075358
1.0,-0.6335246072411441,-0.16579612301807867,-0.44756555605053827,-0.11712209508442634
-3.0,-0.6335246072411441,-0.16908509647639725,-0.45119414073352027,-0.23975827684349443
0.0,-0.6335246072411441,-0.1642935147146521,-0.43997080587032583,-0.12360445958221634
1.0,-0.6335246072411441,-0.2150871943765041,-0.43997080587032583,-0.13128877550613258
2.0,-0.6335246072411441,-0.08437113148780069,-0.4478347771438661,-0.08947030715095226
-1.0,-0.6335246072411441,-0.20381370877992344,-0.42746312178850815,-0.1578468258122234
1.0,-0.32578469940187643,-0.16579612301807867,-0.1529640612662523,-0.14541805422604223
-1.0,-0.32578469940187643,-0.1628207684941407,-0.15383263454004448,-0.13435780166941716
0.0,-0.32578469940187643,-0.1642935147146521,-0.1529640612662523,-0.1262960299949027
1.0,-0.32578469940187643,-0.2150871943765041,-0.1529640612662523,-0.15684676324019173
2.0,-0.32578469940187643,-0.08437113148780069,-0.13628180706925883,-0.08328217255694252
-1.0,-0.32578469940187643,-0.20381370877992344,-0.16106392710228198,-0.13214362025013374
1.0,-0.3137497870803202,-0.13845675909723007,-0.17251529824383724,-0.13201840783792387
-1.0,-0.3137497870803202,-0.17332509746712163,-0.20211447198157315,-0.16411708494785945
0.0,-0.3137497870803202,-0.16271982031367477,-0.17009704759307837,-0.12822467073714364
1.0,-0.3137497870803202,-0.21686732804729608,-0.1824193649884292,-0.15367558884124322
2.0,-0.3137497870803202,-0.08510431914298806,-0.17310655706562178,-0.09448518757359751
-1.0,-0.3137497870803202,-0.22330523904724428,-0.19588786596853114,-0.18276626817741304
1.0,-0.3372795052260751,-0.13641751331642388,-0.10589657533904533,-0.25869445948256964
-1.0,-0.3372795052260751,-0.13497404515110797,-0.1538255234699319,-0.22916925035965421
0.0,-0.3372795052260751,-0.15126246714816144,-0.10325888653708204,-0.32711800838639105
1.0,-0.3372795052260751,-0.22047984617526478,-0.10794819288193648,-0.30660466689989424
2.0,-0.3372795052260751,-0.07165967976866774,-0.08050841912649008,-0.1741069885267697
-1.0,-0.3372795052260751,-0.20763095937962484,-0.16083894732765444,-0.3062923275114545
1.0,-0.3436921429408614,-0.16236386861798227,-0.27944942656901034,-0.14496068341015614
-3.0,-0.3436921429408614,-0.17960137196579512,-0.3870196767692632,-0.22082385432063137
0.0,-0.3436921429408614,-0.17991681657523506,-0.28226972611304807,-0.1627941584687039
1.0,-0.3436921429408614,-0.1857780671458396,-0.2805426560563189,-0.17808144278715457
2.0,-0.3436921429408614,-0.07699500746521294,-0.24754501354741845,-0.056574145901423394
-1.0,-0.3436921429408614,-0.22240723515849958,-0.39486739081817446,-0.19660059800383772
1.0,-0.38334395270645216,-0.15426362686401543,-0.21847980986339402,-0.14990630398888805
-1.0,-0.38334395270645216,-0.18024578045514206,-0.22388755617048417,-0.17422550752162844
0.0,-0.38334395270645216,-0.1858583643382276,-0.21380308697187922,-0.15690586524698616
1.0,-0.38334395270645216,-0.20308463345480285,-0.21166327922328523,-0.16082677735247672
2.0,-0.38334395270645216,-0.10382532688474211,-0.2098581850458781,-0.11439831627574862
-1.0,-0.38334395270645216,-0.20868967006709166,-0.23130718197338163,-0.18570307028051947
1.0,-0.3786905876328715,-0.13845675909723007,-0.1958658924909693,-0.17223048616181308
-3.0,-0.3786905876328715,-0.15752031124510937,-0.18249597034012185,-0.14787825517404338
0.0,-0.3786905876328715,-0.16271982031367477,-0.19090780617802874,-0.16841108510408637
1.0,-0.3786905876328715,-0.21686732804729608,-0.20130021106127544,-0.19388766716513242
2.0,-0.3786905876328715,-0.08510431914298806,-0.19278495908261195,-0.1124776002134895
-1.0,-0.3786905876328715,-0.22330523904724428,-0.19732069745703384,-0.2282125203371876
1.0,-0.2916991477899788,-0.16236386861798227,-0.2258912846152768,-0.18027620281027207
-3.0,-0.2916991477899788,-0.17960137196579512,-0.21337276492583354,-0.20820723267798694
0.0,-0.2916991477899788,-0.17991681657523506,-0.20206274596941728,-0.1747827770064817
1.0,-0.2916991477899788,-0.1857780671458396,-0.2128170564415884,-0.17663416736321672
2.0,-0.2916991477899788,-0.07699500746521294,-0.1772129305783673,-0.10660167840204574
-1.0,-0.2916991477899788,-0.22240723515849958,-0.23335455667001853,-0.20785633565997413
1.0,-0.23223492192355139,-0.1286465173001481,-0.08520931949929283,-0.1826002859011955
-1.0,-0.23223492192355139,-0.17143663106036172,-0.07600849663489867,-0.18445655706753075
0.0,-0.23223492192355139,-0.16090637516819395,-0.07476737629479031,-0.27273685721743485
1.0,-0.23223492192355139,-0.20361901845798355,-0.07476737629479031,-0.23277171557859475
2.0,-0.23223492192355139,-0.0976214209236029,-0.07990552605120374,-0.17701978620223496
-1.0,-0.23223492192355139,-0.2293947924473561,-0.0957919267782424,-0.283309068936772
1.0,-0.6138517308214337,-0.15758609790491157,-0.21947050714560074,-0.1550776153331565
-3.0,-0.6138517308214337,-0.17115571799582135,-0.2823309030495584,-0.15649166121900634
0.0,-0.6138517308214337,-0.15129247253105463,-0.2140271936107741,-0.14515147130361866
1.0,-0.6138517308214337,-0.1859142012284954,-0.21947050714560074,-0.15862273966659934
2.0,-0.6138517308214337,-0.07245716144891914,-0.17540169068857359,-0.09188908903167707
-1.0,-0.6138517308214337,-0.20497886144153393,-0.254863211299382,-0.17734642835855244
1.0,-0.19054244348608834,-0.16562003298202616,-0.10223246233634674,-0.23589994466119063
-1.0,-0.19054244348608834,-0.14685376940446732,-0.10050886244912038,-0.19817514258946684
0.0,-0.19054244348608834,-0.15767380627474142,-0.10042975631994142,-0.24707648000499555
1.0,-0.19054244348608834,-0.19509511090326412,-0.09729824044516094,-0.24232469847088303
2.0,-0.19054244348608834,-0.10224533434471424,-0.09784357873272488,-0.10832683695625989
-1.0,-0.19054244348608834,-0.19247002319657192,-0.12095970617112087,-0.23597218652952542
1.0,-0.17789487336515197,-0.13845675909723007,-0.12633844931259838,-0.1676245221783233
-3.0,-0.17789487336515197,-0.15752031124510937,-0.13162541468612526,-0.17799932181677525
0.0,-0.17789487336515197,-0.16271982031367477,-0.12636351566265408,-0.20842730052836134
1.0,-0.17789487336515197,-0.21686732804729608,-0.13177276788290448,-0.20469476454833968
2.0,-0.17789487336515197,-0.08510431914298806,-0.12436229436010696,-0.1535811194408
-1.0,-0.17789487336515197,-0.22330523904724428,-0.15497422053189036,-0.2780904781223636
1.0,-0.20112849277634182,-0.1286465173001481,-0.18105694799168878,-0.11170809416703283
-1.0,-0.20112849277634182,-0.17143663106036172,-0.26167515375560296,-0.16284599219466697
0.0,-0.20112849277634182,-0.16090637516819395,-0.1801767483910746,-0.14212747008731677
1.0,-0.20112849277634182,-0.20361901845798355,-0.1801767483910746,-0.14901361239881333
2.0,-0.20112849277634182,-0.0976214209236029,-0.18531489814748803,-0.11893977054101594
-1.0,-0.20112849277634182,-0.2293947924473561,-0.2538407389759173,-0.19319906350364582
1.0,-0.1885523552893036,-0.16236386861798227,-0.2589612335672359,-0.17167643113594497
-1.0,-0.1885523552893036,-0.19689526040068492,-0.36893931955812015,-0.19958515467459226
0.0,-0.1885523552893036,-0.17991681657523506,-0.24761407545027672,-0.1700228319130503
1.0,-0.1885523552893036,-0.1857780671458396,-0.24588700539354755,-0.19913910262919468
2.0,-0.1885523552893036,-0.07699500746521294,-0.2128893628846472,-0.05375670736956447
-1.0,-0.1885523552893036,-0.22240723515849958,-0.36893931955812015,-0.20017420924689286
1.0,-0.13413176841537877,-0.13641751331642388,-0.20296920932452936,-0.15263087522312896
-3.0,-0.13413176841537877,-0.15422817690448773,-0.2844183710324982,-0.18295846314376268
0.0,-0.13413176841537877,-0.15126246714816144,-0.2003315205225661,-0.1467535295020619
1.0,-0.13413176841537877,-0.22047984617526478,-0.2050208268674205,-0.2137675581129698
2.0,-0.13413176841537877,-0.07165967976866774,-0.19071418415567165,-0.0979289274921987
-1.0,-0.13413176841537877,-0.20763095937962484,-0.28076666777970616,-0.22477873865236273
1.0,-0.1754367680623923,-0.15662208229219687,-0.08605357550846644,-0.22469307370116584
-1.0,-0.1754367680623923,-0.16277527473615197,-0.09351698267631765,-0.26437191823637546
0.0,-0.1754367680623923,-0.15726610704243024,-0.07946957723708493,-0.25575800028701645
1.0,-0.1754367680623923,-0.2021187130920377,-0.08391420636187842,-0.25857142307402037
2.0,-0.1754367680623923,-0.10732727596797348,-0.07385865619378773,-0.19890611758965226
-1.0,-0.1754367680623923,-0.20127812510454712,-0.11590645711304708,-0.29125994079108486
1.0,-0.2548809462111655,-0.15662208229219687,-0.18756227723116797,-0.16249435165438147
-1.0,-0.2548809462111655,-0.16277527473615197,-0.1992794178807814,-0.16209491629746936
0.0,-0.2548809462111655,-0.15726610704243024,-0.18097827895978646,-0.16253385823414435
1.0,-0.2548809462111655,-0.2021187130920377,-0.18542290808457995,-0.15447683483271507
2.0,-0.2548809462111655,-0.10732727596797348,-0.17536735791648925,-0.12403849478229381
-1.0,-0.2548809462111655,-0.20127812510454712,-0.20369945034994902,-0.1893962930078582
1.0,-0.24481645439282834,-0.16022894981632582,-0.17949997357069852,-0.16532153219959533
-3.0,-0.24481645439282834,-0.15092396306877456,-0.2114925774386317,-0.15177480584583872
0.0,-0.24481645439282834,-0.15134244977567865,-0.16772381650480264,-0.14982196605996323
1.0,-0.24481645439282834,-0.19106022436367914,-0.16772381650480264,-0.16291476531685145
2.0,-0.24481645439282834,-0.10185419334286,-0.16772381650480264,-0.10528637154297235
-1.0,-0.24481645439282834,-0.19504793323678388,-0.18458679371259198,-0.08932123449149726
1.0,-0.29943124432031015,-0.16579612301807867,-0.30044985380779304,-0.11607953610596239
-3.0,-0.29943124432031015,-0.16908509647639725,-0.27864598835514065,-0.10456960816912884
0.0,-0.29943124432031015,-0.1642935147146521,-0.2735867990356907,-0.13492346187960358
1.0,-0.29943124432031015,-0.2150871943765041,-0.2708204383385898,-0.13024621652766863
2.0,-0.29943124432031015,-0.08437113148780069,-0.26127898707658515,-0.08433250171027744
-1.0,-0.29943124432031015,-0.20381370877992344,-0.3268865981803614,-0.16009798846418455
1.0,-0.27305059596274533,-0.16236386861798227,-0.22356098299407262,-0.16173051149184245
-1.0,-0.27305059596274533,-0.19689526040068492,-0.35046695372408576,-0.19024108201659676
0.0,-0.27305059596274533,-0.17991681657523506,-0.20695710510655188,-0.1747827770064817
1.0,-0.27305059596274533,-0.1857780671458396,-0.20707337605151274,-0.17663416736321672
2.0,-0.27305059596274533,-0.07699500746521294,-0.16131013522134277,-0.06356150358245492
-1.0,-0.27305059596274533,-0.22240723515849958,-0.35046695372408576,-0.20944650458023964
1.0,-0.23314802918367386,-0.16022894981632582,-0.17652806504651883,-0.16216556199846116
-1.0,-0.23314802918367386,-0.12516166268769346,-0.2050463666240171,-0.1736739298310425
0.0,-0.23314802918367386,-0.15134244977567865,-0.16303188442498576,-0.14080386847334356
1.0,-0.23314802918367386,-0.19106022436367914,-0.15958475333448222,-0.16270367564829966
2.0,-0.23314802918367386,-0.10185419334286,-0.15958475333448222,-0.11263865482512263
-1.0,-0.23314802918367386,-0.19504793323678388,-0.2197124613243201,-0.20601794771591164
1.0,-0.1901834143127411,-0.13845675909723007,-0.168133456073975,-0.12710516255163645
-3.0,-0.1901834143127411,-0.15752031124510937,-0.2659789070918935,-0.1852122216773857
0.0,-0.1901834143127411,-0.16271982031367477,-0.1692278094346996,-0.12331142545085623
1.0,-0.1901834143127411,-0.21686732804729608,-0.1780375228185669,-0.1487623435549558
2.0,-0.1901834143127411,-0.08510431914298806,-0.1692278094346996,-0.08957194228731008
-1.0,-0.1901834143127411,-0.22330523904724428,-0.23957317904249467,-0.17785302289112562
1.0,-0.22513084726496316,-0.16562003298202616,-0.2295258745778574,-0.19871695292002642
-1.0,-0.22513084726496316,-0.14685376940446732,-0.24783953213445795,-0.17586104570829586
0.0,-0.22513084726496316,-0.15767380627474142,-0.22772316856145203,-0.21984757163319973
1.0,-0.22513084726496316,-0.19509511090326412,-0.22459165268667156,-0.20514170672971885
2.0,-0.22513084726496316,-0.10224533434471424,-0.21812550701025413,-0.09826128057637634
-1.0,-0.22513084726496316,-0.19247002319657192,-0.24944867184674113,-0.21743201945363538
1.0,-0.23073865171122737,-0.13641751331642388,-0.12693475181730837,-0.15468317507143867
-3.0,-0.23073865171122737,-0.15422817690448773,-0.16469399772791557,-0.15484857697434334
0.0,-0.23073865171122737,-0.15126246714816144,-0.12429706301534511,-0.18959021698895595
1.0,-0.23073865171122737,-0.22047984617526478,-0.12898636936019953,-0.2059018361055544
2.0,-0.23073865171122737,-0.07165967976866774,-0.09653772157646773,-0.10315963519234556
-1.0,-0.23073865171122737,-0.20763095937962484,-0.172668783655508,-0.20183777450927504
1.0,-0.2592763222867214,-0.16562003298202616,-0.13466567139805224,-0.23589994466119063
-1.0,-0.2592763222867214,-0.14685376940446732,-0.15440439757678698,-0.19817514258946684
0.0,-0.2592763222867214,-0.15767380627474142,-0.12973144950686644,-0.24707648000499555
1.0,-0.2592763222867214,-0.19509511090326412,-0.12973144950686644,-0.24232469847088303
2.0,-0.2592763222867214,-0.10224533434471424,-0.12268168536293104,-0.11344982308616242
-1.0,-0.2592763222867214,-0.19247002319657192,-0.16522176349358753,-0.23597218652952542
1.0,-0.21765883365475266,-0.13641751331642388,-0.15522026106303974,-0.15829355328653275
-1.0,-0.21765883365475266,-0.13497404515110797,-0.19336420003967034,-0.15633446718309515
0.0,-0.21765883365475266,-0.15126246714816144,-0.15749712426840148,-0.12567017888432283
1.0,-0.21765883365475266,-0.22047984617526478,-0.1572718786059309,-0.20148215167103126
2.0,-0.21765883365475266,-0.07165967976866774,-0.12157986421338184,-0.08653283565303542
-1.0,-0.21765883365475266,-0.20763095937962484,-0.22854172929721575,-0.19502956599185173
1.0,-0.24084851413914293,-0.16022894981632582,-0.1680996821269499,-0.16216556199846116
-3.0,-0.24084851413914293,-0.15092396306877456,-0.14103903549630228,-0.10362932496137592
0.0,-0.24084851413914293,-0.15134244977567865,-0.18583034206796373,-0.14080386847334356
1.0,-0.24084851413914293,-0.19106022436367914,-0.16174834101917882,-0.16270367564829966
2.0,-0.24084851413914293,-0.10185419334286,-0.1469915519984679,-0.11263865482512263
-1.0,-0.24084851413914293,-0.19504793323678388,-0.20711659726044718,-0.20601794771591164
1.0,-0.24518352181476652,-0.15426362686401543,-0.27376970683085594,-0.1590616675729534
-1.0,-0.24518352181476652,-0.18024578045514206,-0.2658451996355402,-0.17155145656978538
0.0,-0.24518352181476652,-0.1858583643382276,-0.2510370749383442,-0.15847497079514844
1.0,-0.24518352181476652,-0.20308463345480285,-0.2488972671897502,-0.162395882900639
2.0,-0.24518352181476652,-0.10382532688474211,-0.2426589694626194,-0.11172426532390552
-1.0,-0.24518352181476652,-0.20868967006709166,-0.279061578588419,-0.2069789294783627
1.0,-0.1508949038637458,-0.16579612301807867,-0.2850720061580978,-0.17873966122790486
-3.0,-0.1508949038637458,-0.16908509647639725,-0.29724333670967024,-0.20945470223232257
0.0,-0.1508949038637458,-0.1642935147146521,-0.2797088108062947,-0.17528016227991333
1.0,-0.1508949038637458,-0.2150871943765041,-0.27673287546869235,-0.1957092786458105
2.0,-0.1508949038637458,-0.08437113148780069,-0.2747136088102199,-0.08928068400009176
-1.0,-0.1508949038637458,-0.20381370877992344,-0.30315362001416757,-0.20357693142963193
1.0,-0.21848830921637788,-0.15426362686401543,-0.20166199054887307,-0.1590616675729534
-3.0,-0.21848830921637788,-0.1633374648161582,-0.19211463236676296,-0.13323035596114463
0.0,-0.21848830921637788,-0.1858583643382276,-0.17892935865636125,-0.15847497079514844
1.0,-0.21848830921637788,-0.20308463345480285,-0.17678955090776727,-0.162395882900639
2.0,-0.21848830921637788,-0.10382532688474211,-0.17012897901193647,-0.11172426532390552
-1.0,-0.21848830921637788,-0.20868967006709166,-0.21178460582315514,-0.17518262295640957
1.0,-0.1991271904741857,-0.15758609790491157,-0.13929662347874977,-0.16362556262027161
-1.0,-0.1991271904741857,-0.1747687959936367,-0.19527445361219783,-0.19675411531555645
0.0,-0.1991271904741857,-0.15129247253105463,-0.13929662347874977,-0.16460219238671406
1.0,-0.1991271904741857,-0.1859142012284954,-0.13929662347874977,-0.16109172357456938
2.0,-0.1991271904741857,-0.07245716144891914,-0.10308776820700222,-0.11960498774035883
-1.0,-0.1991271904741857,-0.20497886144153393,-0.21222553859279036,-0.2050088114160111
1.0,-0.33625815304736206,-0.15662208229219687,-0.12110498164686384,-0.16586694879235997
-3.0,-0.33625815304736206,-0.16581061816800702,-0.09263391312192701,-0.14509702324787643
0.0,-0.33625815304736206,-0.15726610704243024,-0.08771409705520952,-0.17232788308085012
1.0,-0.33625815304736206,-0.2021187130920377,-0.09215872618000301,-0.1513395299531307
2.0,-0.33625815304736206,-0.10732727596797348,-0.08210317601191232,-0.12090118990270941
-1.0,-0.33625815304736206,-0.20127812510454712,-0.10961766710777221,-0.19109745700102782
1.0,-0.21857074861183293,-0.13641751331642388,-0.10560015820235372,-0.10943034345330119
-1.0,-0.21857074861183293,-0.13497404515110797,-0.17199466691521778,-0.13028506208936302
0.0,-0.21857074861183293,-0.15126246714816144,-0.11751145443288909,-0.07680696905109134
1.0,-0.21857074861183293,-0.22047984617526478,-0.10765177574524487,-0.1526189418377997
2.0,-0.21857074861183293,-0.07165967976866774,-0.09155287522562632,-0.03678660409796546
-1.0,-0.21857074861183293,-0.20763095937962484,-0.1735299719362441,-0.16668911026369623
1.0,-0.25075729379773076,-0.13641751331642388,-0.23928193392749222,-0.12695291607588094
-3.0,-0.25075729379773076,-0.15422817690448773,-0.33141440022923413,-0.148576050469024
0.0,-0.25075729379773076,-0.15126246714816144,-0.2511932301580275,-0.12107557035481388
1.0,-0.25075729379773076,-0.22047984617526478,-0.24133355147038338,-0.18808959896572178
2.0,-0.25075729379773076,-0.07165967976866774,-0.2231997579395553,-0.0636108407948726
-1.0,-0.25075729379773076,-0.20763095937962484,-0.3822139893969751,-0.17119525384815285
1.0,-0.23297163931040635,-0.15662208229219687,-0.2287517832920629,-0.17223257706648276
-1.0,-0.23297163931040635,-0.16277527473615197,-0.23521163419384952,-0.1818179070694086
0.0,-0.23297163931040635,-0.15726610704243024,-0.21539138385874085,-0.14517704410779253
1.0,-0.23297163931040635,-0.2021187130920377,-0.21983601298353433,-0.1705452949709627
2.0,-0.23297163931040635,-0.10732727596797348,-0.20978046281544363,-0.1342518301985058
-1.0,-0.23297163931040635,-0.20127812510454712,-0.24831115193695008,-0.18494932077657883
1.0,-0.24782307241226004,-0.16579612301807867,-0.18536526495183359,-0.13777666525971086
-3.0,-0.24782307241226004,-0.16908509647639725,-0.16921183098441903,-0.18429548592512815
0.0,-0.24782307241226004,-0.1642935147146521,-0.1881316256489345,-0.143665362991196
1.0,-0.24782307241226004,-0.2150871943765041,-0.18536526495183359,-0.16409447935709318
2.0,-0.24782307241226004,-0.08437113148780069,-0.1658535612405766,-0.08192083793618081
-1.0,-0.24782307241226004,-0.20381370877992344,-0.20635911140981822,-0.17196213214091458
1.0,-0.2509717461066947,-0.16022894981632582,-0.169348569439904,-0.1394061601258625
-3.0,-0.2509717461066947,-0.15092396306877456,-0.18860518934324272,-0.2148651797476919
0.0,-0.2509717461066947,-0.15134244977567865,-0.16299722833213295,-0.15653417018287213
1.0,-0.2509717461066947,-0.19106022436367914,-0.16299722833213295,-0.13699939324311863
2.0,-0.2509717461066947,-0.10185419334286,-0.16299722833213295,-0.10593464519459521
-1.0,-0.2509717461066947,-0.19504793323678388,-0.18094941392429958,-0.19868043993778398
1.0,-0.29525106700959136,-0.1286465173001481,-0.157360751375806,-0.1826002859011955
-1.0,-0.29525106700959136,-0.17143663106036172,-0.13261190616874993,-0.18445655706753075
0.0,-0.29525106700959136,-0.16090637516819395,-0.1564805517751918,-0.27273685721743485
1.0,-0.29525106700959136,-0.20361901845798355,-0.1564805517751918,-0.23277171557859475
2.0,-0.29525106700959136,-0.0976214209236029,-0.15426768480705286,-0.17701978620223496
-1.0,-0.29525106700959136,-0.2293947924473561,-0.1597556561145471,-0.283309068936772
1.0,-0.37813367074066934,-0.13641751331642388,-0.23325347670184537,-0.10775472291795339
-1.0,-0.37813367074066934,-0.13497404515110797,-0.2722936652015285,-0.1057956368145158
0.0,-0.37813367074066934,-0.15126246714816144,-0.2586301227212983,-0.07513134851574349
1.0,-0.37813367074066934,-0.22047984617526478,-0.26186173727563833,-0.15094332130245183
2.0,-0.37813367074066934,-0.07165967976866774,-0.25670004628957854,-0.03599400528445597
-1.0,-0.37813367074066934,-0.20763095937962484,-0.25908217351441826,-0.1444907356232723
1.0,-0.3703997293231984,-0.15758609790491157,-0.2025774451013016,-0.1550776153331565
-3.0,-0.3703997293231984,-0.17115571799582135,-0.18994966985601172,-0.15649166121900634
0.0,-0.3703997293231984,-0.15129247253105463,-0.21000456906066267,-0.14515147130361866
1.0,-0.3703997293231984,-0.1859142012284954,-0.2025774451013016,-0.15862273966659934
2.0,-0.3703997293231984,-0.07245716144891914,-0.17679173396684844,-0.09188908903167707
-1.0,-0.3703997293231984,-0.20497886144153393,-0.2350185336999788,-0.17734642835855244
1.0,-0.44137041517708286,-0.1286465173001481,-0.3070684760662437,0.03557392707024771
-1.0,-0.44137041517708286,-0.17143663106036172,-0.3764631325476795,-0.08857055158872681
0.0,-0.44137041517708286,-0.16090637516819395,-0.30720497125401913,0.020595499769842415
1.0,-0.44137041517708286,-0.20361901845798355,-0.30720497125401913,0.011908483192223401
2.0,-0.44137041517708286,-0.0976214209236029,-0.31234312101043255,0.06015822743993365
-1.0,-0.44137041517708286,-0.2293947924473561,-0.3854042596263847,-0.054438088004347254
1.0,-0.4546893197088187,-0.16562003298202616,-0.24294124111656848,-0.14488419413865858
-3.0,-0.4546893197088187,-0.1460945709757441,-0.2809972244059967,-0.22807373872690478
0.0,-0.4546893197088187,-0.15767380627474142,-0.2529995273667042,-0.1356447679247692
1.0,-0.4546893197088187,-0.19509511090326412,-0.23800701922538262,-0.1422999256052451
2.0,-0.4546893197088187,-0.10224533434471424,-0.23855235751294654,-0.11371777023572731
-1.0,-0.4546893197088187,-0.19247002319657192,-0.2965460264294664,-0.15998200078563307
1.0,-0.3472345355538323,-0.16022894981632582,-0.19392913387118724,-0.1538993271520454
-1.0,-0.3472345355538323,-0.12516166268769346,-0.21559322649635157,-0.160400298910997
0.0,-0.3472345355538323,-0.15134244977567865,-0.18757779276341618,-0.13546279308533238
1.0,-0.3472345355538323,-0.19106022436367914,-0.18757779276341618,-0.1544374408018839
2.0,-0.3472345355538323,-0.10185419334286,-0.19031449111982057,-0.09386416649542231
-1.0,-0.3472345355538323,-0.19504793323678388,-0.20877362141041328,-0.20589225033539021
1.0,-0.2955998071288346,-0.16022894981632582,-0.17434130284779042,-0.16216556199846116
-1.0,-0.2955998071288346,-0.12516166268769346,-0.2511767179661147,-0.1736739298310425
0.0,-0.2955998071288346,-0.15134244977567865,-0.16897927031131646,-0.14080386847334356
1.0,-0.2955998071288346,-0.19106022436367914,-0.1579956492421328,-0.16270367564829966
2.0,-0.2955998071288346,-0.10185419334286,-0.1579956492421328,-0.11263865482512263
-1.0,-0.2955998071288346,-0.19504793323678388,-0.23953574754426094,-0.20601794771591164
1.0,-0.25544361028284723,-0.16022894981632582,-0.12404179306990369,-0.16020651832436378
-3.0,-0.25544361028284723,-0.15092396306877456,-0.12818847813281997,-0.11977907894208163
0.0,-0.25544361028284723,-0.15134244977567865,-0.11769045196213258,-0.1388448247992462
1.0,-0.25544361028284723,-0.19106022436367914,-0.11769045196213258,-0.1607446319742023
2.0,-0.25544361028284723,-0.10185419334286,-0.12042715031853694,-0.11067961115102529
-1.0,-0.25544361028284723,-0.19504793323678388,-0.12526492931490435,-0.20620400804862807
1.0,-0.3057050305786056,-0.13641751331642388,-0.11587950669582658,-0.15829355328653275
-1.0,-0.3057050305786056,-0.13497404515110797,-0.10184880933176743,-0.15633446718309515
0.0,-0.3057050305786056,-0.15126246714816144,-0.097547201842516,-0.12567017888432283
1.0,-0.3057050305786056,-0.22047984617526478,-0.11126854626880495,-0.20148215167103126
2.0,-0.3057050305786056,-0.07165967976866774,-0.10634211418473788,-0.08653283565303542
-1.0,-0.3057050305786056,-0.20763095937962484,-0.10187339256293299,-0.19502956599185173
1.0,-0.2557017662571158,-0.16022894981632582,-0.16336205246521088,-0.1691065424533822
-3.0,-0.2557017662571158,-0.15092396306877456,-0.14797495470866365,-0.17582243665096553
0.0,-0.2557017662571158,-0.15134244977567865,-0.17566789644809985,-0.14774484892826462
1.0,-0.2557017662571158,-0.19106022436367914,-0.15158589539931497,-0.16964465610322071
2.0,-0.2557017662571158,-0.10185419334286,-0.14612231742646983,-0.1195796352800437
-1.0,-0.2557017662571158,-0.19504793323678388,-0.18966209749615612,-0.21510403217764648
1.0,-0.2634028084025811,-0.13845675909723007,-0.2686947072716274,-0.13201840783792387
-1.0,-0.2634028084025811,-0.17332509746712163,-0.27706641142124033,-0.16411708494785945
0.0,-0.2634028084025811,-0.16271982031367477,-0.27427255970513964,-0.12822467073714364
1.0,-0.2634028084025811,-0.21686732804729608,-0.28281427332460163,-0.15367558884124322
2.0,-0.2634028084025811,-0.08510431914298806,-0.25487680959937775,-0.09448518757359751
-1.0,-0.2634028084025811,-0.22330523904724428,-0.2702230028376296,-0.18276626817741304
1.0,-0.2489024770787021,-0.15758609790491157,-0.1863242286471628,-0.17995515517229907
-3.0,-0.2489024770787021,-0.17115571799582135,-0.19757349464498386,-0.17783352533042193
0.0,-0.2489024770787021,-0.15129247253105463,-0.1863242286471628,-0.17002901114276123
1.0,-0.2489024770787021,-0.1859142012284954,-0.1863242286471628,-0.17742131612659684
2.0,-0.2489024770787021,-0.07245716144891914,-0.16030858608027396,-0.13149300754652768
-1.0,-0.2489024770787021,-0.20497886144153393,-0.20787102606287786,-0.21043563017205827
1.0,-0.36431374239716297,-0.13641751331642388,-0.24701299559241205,-0.15904037641170352
-1.0,-0.36431374239716297,-0.13497404515110797,-0.2729487462166254,-0.17007622208569728
0.0,-0.36431374239716297,-0.15126246714816144,-0.24437530679044878,-0.15316303069063647
1.0,-0.36431374239716297,-0.22047984617526478,-0.2490646131353032,-0.22017705930154435
2.0,-0.36431374239716297,-0.07165967976866774,-0.22932489943680884,-0.10433842868077324
-1.0,-0.36431374239716297,-0.20763095937962484,-0.300005555644556,-0.2177868328758307
1.0,-0.39736371137151544,-0.16022894981632582,-0.2132553480427256,-0.16608631025378978
-3.0,-0.39736371137151544,-0.15092396306877456,-0.19968510773138073,-0.15032394706839863
0.0,-0.39736371137151544,-0.15134244977567865,-0.20690400693495456,-0.14472461672867218
1.0,-0.39736371137151544,-0.19106022436367914,-0.20690400693495456,-0.16662442390362828
2.0,-0.39736371137151544,-0.10185419334286,-0.20690400693495456,-0.11655940308045122
-1.0,-0.39736371137151544,-0.19504793323678388,-0.22696779903441147,-0.21208379997805404
1.0,-0.3885634675026309,-0.16579612301807867,-0.2894009130089824,-0.12812331120516487
-1.0,-0.3885634675026309,-0.1628207684941407,-0.31154515252970366,-0.1575772878474669
0.0,-0.3885634675026309,-0.1642935147146521,-0.2894009130089824,-0.13957826888617014
1.0,-0.3885634675026309,-0.2150871943765041,-0.30338895910299174,-0.14228999162687114
2.0,-0.3885634675026309,-0.08437113148780069,-0.2803594174643663,-0.09637627680947998
-1.0,-0.3885634675026309,-0.20381370877992344,-0.3047883989979318,-0.1647527954707511
1.0,-0.35452896208606965,-0.16562003298202616,-0.14296313536452412,-0.10780381881309918
-3.0,-0.35452896208606965,-0.1460945709757441,-0.11345357906278762,-0.0588834901201942
0.0,-0.35452896208606965,-0.15767380627474142,-0.1380289134733383,-0.11199878489545441
1.0,-0.35452896208606965,-0.19509511090326412,-0.1380289134733383,-0.11422857262279155
2.0,-0.35452896208606965,-0.10224533434471424,-0.13574562565865136,-0.05021293804810291
-1.0,-0.35452896208606965,-0.19247002319657192,-0.14881414669685375,-0.11470621884579264
1.0,-0.361293573428576,-0.16022894981632582,-0.20857095136557774,-0.1691065424533822
-1.0,-0.361293573428576,-0.12516166268769346,-0.22242552248902284,-0.1827600142927773
0.0,-0.361293573428576,-0.15134244977567865,-0.20221961025780671,-0.14774484892826462
1.0,-0.361293573428576,-0.19106022436367914,-0.20221961025780671,-0.16964465610322071
2.0,-0.361293573428576,-0.10185419334286,-0.19675603228496158,-0.1195796352800437
-1.0,-0.361293573428576,-0.19504793323678388,-0.22625293025447046,-0.21510403217764648
1.0,-0.3475968484082737,-0.1286465173001481,-0.19261879322775527,-0.16905935963342325
-1.0,-0.3475968484082737,-0.17143663106036172,-0.20967688544094706,-0.15953511995319336
0.0,-0.3475968484082737,-0.16090637516819395,-0.1943494361060434,-0.15818817737953192
1.0,-0.3475968484082737,-0.20361901845798355,-0.1943494361060434,-0.1619765064615271
2.0,-0.3475968484082737,-0.0976214209236029,-0.19213656913790447,-0.11110981342163047
-1.0,-0.3475968484082737,-0.2293947924473561,-0.2166621040978895,-0.19187943620950798
1.0,-0.35911274843543883,-0.16022894981632582,-0.20644851945059883,-0.16216556199846116
-3.0,-0.35911274843543883,-0.15092396306877456,-0.20803640125535186,-0.10362932496137592
0.0,-0.35911274843543883,-0.15134244977567865,-0.19467236238470295,-0.14080386847334356
1.0,-0.35911274843543883,-0.19106022436367914,-0.19467236238470295,-0.16270367564829966
2.0,-0.35911274843543883,-0.10185419334286,-0.19467236238470295,-0.11263865482512263
-1.0,-0.35911274843543883,-0.19504793323678388,-0.2352590564026331,-0.20601794771591164
1.0,-0.2992339364939926,-0.13845675909723007,-0.2230084985680335,-0.1232113296663564
-1.0,-0.2992339364939926,-0.17332509746712163,-0.28014576240793854,-0.15531000677629203
0.0,-0.2992339364939926,-0.16271982031367477,-0.23305391861562685,-0.11941759256557617
1.0,-0.2992339364939926,-0.21686732804729608,-0.24255277639789127,-0.1448685106696758
2.0,-0.2992339364939926,-0.08510431914298806,-0.22956777624494198,-0.08567810940203009
-1.0,-0.2992339364939926,-0.22330523904724428,-0.2829425649095936,-0.17395919000584562
1.0,-0.3120917185007457,-0.1286465173001481,-0.23472133513263954,-0.1259041338286134
-3.0,-0.3120917185007457,-0.1595822932229689,-0.2542447487964302,-0.15673188379132644
0.0,-0.3120917185007457,-0.16090637516819395,-0.23645197801092768,-0.15632350974889725
1.0,-0.3120917185007457,-0.20361901845798355,-0.23645197801092768,-0.1632096520603938
2.0,-0.3120917185007457,-0.0976214209236029,-0.23423911104278874,-0.11676078207880587
-1.0,-0.3120917185007457,-0.2293947924473561,-0.27866413129887596,-0.18949105988939297
1.0,-0.33951701727225164,-0.15758609790491157,-0.18909975548835783,-0.1696677027176967
-1.0,-0.33951701727225164,-0.1747687959936367,-0.21593381060729722,-0.19546162837416745
0.0,-0.33951701727225164,-0.15129247253105463,-0.18909975548835783,-0.15974155868815887
1.0,-0.33951701727225164,-0.1859142012284954,-0.18909975548835783,-0.16713386367199448
2.0,-0.33951701727225164,-0.07245716144891914,-0.15466020984554232,-0.11217987031665283
-1.0,-0.33951701727225164,-0.20497886144153393,-0.24013694754365633,-0.19193651574309262
1.0,-0.40741339102685487,-0.15662208229219687,-0.13808755714864443,-0.13575170879687531
-3.0,-0.40741339102685487,-0.16581061816800702,-0.15702690638893219,-0.19436591831478217
0.0,-0.40741339102685487,-0.15726610704243024,-0.13150355887726292,-0.1703956183864728
1.0,-0.40741339102685487,-0.2021187130920377,-0.1359481880020564,-0.18546542089914436
2.0,-0.40741339102685487,-0.10732727596797348,-0.1258926378339657,-0.16198064338454074
-1.0,-0.40741339102685487,-0.20127812510454712,-0.1619679877359209,-0.25114050929986387
1.0,-0.33422767130378683,-0.15662208229219687,-0.1701876177424909,-0.13575170879687531
-3.0,-0.33422767130378683,-0.16581061816800702,-0.14326599115434688,-0.19436591831478217
0.0,-0.33422767130378683,-0.15726610704243024,-0.16360361947110938,-0.1703956183864728
1.0,-0.33422767130378683,-0.2021187130920377,-0.16804824859590287,-0.18546542089914436
2.0,-0.33422767130378683,-0.10732727596797348,-0.15799269842781216,-0.16198064338454074
-1.0,-0.33422767130378683,-0.20127812510454712,-0.17448883042594193,-0.25114050929986387
1.0,-0.3900946973034587,-0.1286465173001481,-0.20375242463698762,-0.10767648899338109
-1.0,-0.3900946973034587,-0.17143663106036172,-0.2484076225978148,-0.1619122002505166
0.0,-0.3900946973034587,-0.16090637516819395,-0.20548306751527576,-0.1411936781431664
1.0,-0.3900946973034587,-0.20361901845798355,-0.20548306751527576,-0.14498200722516158
2.0,-0.3900946973034587,-0.0976214209236029,-0.20327020054713682,-0.1090838969466516
-1.0,-0.3900946973034587,-0.2293947924473561,-0.25539284125475736,-0.19642022023474784
1.0,-0.4186900269398611,-0.1286465173001481,-0.23307753251774632,-0.1269252131744858
-1.0,-0.4186900269398611,-0.17143663106036172,-0.28176480226303746,-0.1616880830783293
0.0,-0.4186900269398611,-0.16090637516819395,-0.23480817539603446,-0.15734458909476964
1.0,-0.4186900269398611,-0.20361901845798355,-0.23480817539603446,-0.1642307314062662
2.0,-0.4186900269398611,-0.0976214209236029,-0.23994632515244804,-0.11778186142467825
-1.0,-0.4186900269398611,-0.2293947924473561,-0.2887500209199799,-0.19051213923526536
1.0,-0.3050906782055498,-0.16022894981632582,-0.0994851426821464,-0.152535911452095
-1.0,-0.3050906782055498,-0.12516166268769346,-0.10516047964703891,-0.16672771099951328
0.0,-0.3050906782055498,-0.15134244977567865,-0.10140809051662472,-0.15774043028687146
1.0,-0.3050906782055498,-0.19106022436367914,-0.0979609594261212,-0.15012914456935114
2.0,-0.3050906782055498,-0.10185419334286,-0.0979609594261212,-0.10714090529859456
-1.0,-0.3050906782055498,-0.19504793323678388,-0.12401848679926682,-0.1998867000417833
1.0,-0.3337584019510816,-0.13845675909723007,-0.21906466036374092,-0.13847635721166665
-1.0,-0.3337584019510816,-0.17332509746712163,-0.23128313343912385,-0.1665835211123133
0.0,-0.3337584019510816,-0.16271982031367477,-0.21595726531458492,-0.13468262011088641
1.0,-0.3337584019510816,-0.21686732804729608,-0.22449897893404708,-0.160133538214986
2.0,-0.3337584019510816,-0.08510431914298806,-0.216595799614142,-0.09919420288689616
-1.0,-0.3337584019510816,-0.22330523904724428,-0.22443972485551306,-0.18747528349071163
1.0,-0.3373985040149299,-0.16562003298202616,-0.24320138206573635,-0.14258468610839486
-3.0,-0.3373985040149299,-0.1460945709757441,-0.2523567593953907,-0.15135881902675985
0.0,-0.3373985040149299,-0.15767380627474142,-0.23826716017455052,-0.1430293070444164
1.0,-0.3373985040149299,-0.19509511090326412,-0.23826716017455052,-0.14900943991808727
2.0,-0.3373985040149299,-0.10224533434471424,-0.2359838723598636,-0.12042728454856949
-1.0,-0.3373985040149299,-0.19247002319657192,-0.242159777743925,-0.15847044635431717
1.0,-0.3044057217196511,-0.13641751331642388,-0.21907773805320413,-0.1817112936077538
-1.0,-0.3044057217196511,-0.13497404515110797,-0.2660065462018484,-0.17007622208569728
0.0,-0.3044057217196511,-0.15126246714816144,-0.22072312771078723,-0.17583394788668674
1.0,-0.3044057217196511,-0.22047984617526478,-0.22541243405564165,-0.24284797649759463
2.0,-0.3044057217196511,-0.07165967976866774,-0.2061762457674575,-0.10433842868077324
-1.0,-0.3044057217196511,-0.20763095937962484,-0.2874753858916234,-0.2177868328758307
1.0,-0.32265811373595815,-0.13845675909723007,-0.2707676442668594,-0.13396101034125493
-1.0,-0.32265811373595815,-0.17332509746712163,-0.3538918919309061,-0.1886727093875595
0.0,-0.32265811373595815,-0.16271982031367477,-0.27430531462839874,-0.12906173524259087
1.0,-0.32265811373595815,-0.21686732804729608,-0.28067171101145133,-0.15807441895410726
2.0,-0.32265811373595815,-0.08510431914298806,-0.2748715071001274,-0.10553424841384682
-1.0,-0.32265811373595815,-0.22330523904724428,-0.3501086029186788,-0.18823771079665236
1.0,-0.33312841935131626,-0.16022894981632582,-0.187448176324161,-0.16805836812518554
-3.0,-0.33312841935131626,-0.15092396306877456,-0.29905330581788775,-0.13429323494682766
0.0,-0.33312841935131626,-0.15134244977567865,-0.18937112415863933,-0.14669667460006797
1.0,-0.33312841935131626,-0.19106022436367914,-0.1925237362581362,-0.16859648177502407
2.0,-0.33312841935131626,-0.10185419334286,-0.18592399306813578,-0.11067961115102529
-1.0,-0.33312841935131626,-0.19504793323678388,-0.25699740935569915,-0.21405585784944983
1.0,-0.3935843701805715,-0.16022894981632582,-0.20411287876434606,-0.16608631025378978
-3.0,-0.3935843701805715,-0.15092396306877456,-0.32561842945959907,-0.15032394706839863
0.0,-0.3935843701805715,-0.15134244977567865,-0.20603582659882438,-0.14472461672867218
1.0,-0.3935843701805715,-0.19106022436367914,-0.20918843869832127,-0.16662442390362828
2.0,-0.3935843701805715,-0.10185419334286,-0.20258869550832084,-0.11655940308045122
-1.0,-0.3935843701805715,-0.19504793323678388,-0.2777323304559434,-0.21208379997805404
1.0,-0.42094110589252764,-0.13641751331642388,-0.17083634610798318,-0.16706745604391346
-1.0,-0.42094110589252764,-0.13497404515110797,-0.22303037467218992,-0.16728164375314908
0.0,-0.42094110589252764,-0.15126246714816144,-0.1681986573060199,-0.14630461423295255
1.0,-0.42094110589252764,-0.22047984617526478,-0.17288796365087433,-0.21331864284386043
2.0,-0.42094110589252764,-0.07165967976866774,-0.14874028903071246,-0.09748001222308934
-1.0,-0.42094110589252764,-0.20763095937962484,-0.23363137699569192,-0.20597674256190565
1.0,-0.41113250585340827,-0.16022894981632582,-0.18048181416360917,-0.16216556199846116
-1.0,-0.41113250585340827,-0.12516166268769346,-0.21426486648064666,-0.1736739298310425
0.0,-0.41113250585340827,-0.15134244977567865,-0.1824047619980875,-0.14080386847334356
1.0,-0.41113250585340827,-0.19106022436367914,-0.17895763090758396,-0.16270367564829966
2.0,-0.41113250585340827,-0.10185419334286,-0.17895763090758396,-0.11263865482512263
-1.0,-0.41113250585340827,-0.19504793323678388,-0.2305674238316633,-0.20601794771591164
2.0,-0.3072370199223954,-0.22552812322063337,-0.18380261912544335,-0.22049574076503525
-3.0,-0.3072370199223954,-0.36243986323313165,-0.38214257934642215,-0.36675384318517545
-2.0,-0.3072370199223954,-0.31240121751668254,-0.33968116271171955,-0.3330963511435101
-2.0,-0.3072370199223954,-0.3471893161881607,-0.3564857460501817,-0.3127648306836245
1.0,-0.3072370199223954,-0.16386997521983104,-0.15628808056852805,-0.16958322127600162
2.0,-0.16376930366177883,-0.2138761723589086,-0.13165247350425835,-0.21328873551554614
-3.0,-0.16376930366177883,-0.32662203896432046,-0.3047190085986321,-0.3840270873664942
-2.0,-0.16376930366177883,-0.326556105301415,-0.24689425136958323,-0.30377596076929253
-2.0,-0.16376930366177883,-0.36181702615133415,-0.29958988459462055,-0.35402472358760523
1.0,-0.16376930366177883,-0.15926053853877375,-0.0759747886444235,-0.13312020373779865
2.0,-0.3832213861688287,-0.22646330954729477,-0.19574619867779566,-0.2138432696584905
-3.0,-0.3832213861688287,-0.3396139164361927,-0.2873015065392487,-0.3381059010891981
-2.0,-0.3832213861688287,-0.33439112189800874,-0.28295962002529573,-0.3060165920482521
-2.0,-0.3832213861688287,-0.34087663584237765,-0.2794521588517356,-0.2982780945283311
1.0,-0.3832213861688287,-0.1636084077103808,-0.15319424137110382,-0.14513436745788919
2.0,-0.3755848914484112,-0.22646330954729477,-0.28135794816529536,-0.21140456889902523
-3.0,-0.3755848914484112,-0.3396139164361927,-0.3723032075812904,-0.25756753544449357
-2.0,-0.3755848914484112,-0.33439112189800874,-0.35863302454828705,-0.3304532654111814
-2.0,-0.3755848914484112,-0.34087663584237765,-0.3468942423768681,-0.3522409745862231
1.0,-0.3755848914484112,-0.1636084077103808,-0.24746942970322833,-0.19774345394864484
2.0,-0.2535856269578107,-0.2281914733005009,-0.1019576243797348,-0.23150260155099128
-3.0,-0.2535856269578107,-0.34992492247827645,-0.26838292945091763,-0.39561129997384803
-2.0,-0.2535856269578107,-0.31261767841404126,-0.2169335785183494,-0.33414243130163207
-2.0,-0.2535856269578107,-0.35334365512457694,-0.20302764801899265,-0.3494421354314764
1.0,-0.2535856269578107,-0.1845064846173219,-0.07678708805177575,-0.23357167966974102
2.0,-0.35814109129421107,-0.19767836528747995,-0.19650008085663256,-0.20297488933159477
-3.0,-0.35814109129421107,-0.3266813306565052,-0.4494178225409312,-0.2902174747236368
-2.0,-0.35814109129421107,-0.2963363617171833,-0.3810878551571177,-0.29508746797649354
-2.0,-0.35814109129421107,-0.3567990932055087,-0.45252413390325175,-0.2977046238259934
1.0,-0.35814109129421107,-0.18462808450390836,-0.2333120750277727,-0.17092069119738307
2.0,-0.14699859313989672,-0.22552812322063337,-0.2516242814791872,-0.24106980778019474
-3.0,-0.14699859313989672,-0.36243986323313165,-0.4210865691448315,-0.3726853299651232
-2.0,-0.14699859313989672,-0.31240121751668254,-0.37722185869331454,-0.2878409788416212
-2.0,-0.14699859313989672,-0.3471893161881607,-0.3943082302348888,-0.41030794467148085
1.0,-0.14699859313989672,-0.16386997521983104,-0.2453497297608747,-0.2457392570865716
2.0,-0.12281733559777346,-0.2138761723589086,-0.0883572690783068,-0.21328873551554614
-3.0,-0.12281733559777346,-0.32662203896432046,-0.3340265603647386,-0.38966121261946596
-2.0,-0.12281733559777346,-0.326556105301415,-0.20917949483241063,-0.3094100860222643
-2.0,-0.12281733559777346,-0.36181702615133415,-0.24419856950053578,-0.359658848840577
1.0,-0.12281733559777346,-0.15926053853877375,-0.08303135014715665,-0.13312020373779865
2.0,-0.1322064891682487,-0.19565640445447768,-0.21777777104535886,-0.19130653184568114
-3.0,-0.1322064891682487,-0.34536786912419015,-0.3609087795652444,-0.36469645047572835
-2.0,-0.1322064891682487,-0.3265549379041261,-0.30498027720533033,-0.30477173225326765
-2.0,-0.1322064891682487,-0.33755363252506804,-0.3064649755954427,-0.29787524325830617
1.0,-0.1322064891682487,-0.19263448158367508,-0.21085950279102164,-0.18910183047053222
2.0,-0.053558892631385004,-0.22552812322063337,-0.0702348698833759,-0.21397385909470804
-3.0,-0.053558892631385004,-0.36243986323313165,-0.23943363659153669,-0.36727112990313543
-2.0,-0.053558892631385004,-0.31240121751668254,-0.20201407956061473,-0.2808120807479141
-2.0,-0.053558892631385004,-0.3471893161881607,-0.23314810045593856,-0.2979666330387781
1.0,-0.053558892631385004,-0.16386997521983104,-0.039841924738931146,-0.1883613915502299
2.0,-0.1449628978106339,-0.2275181046288893,-0.18681852809008487,-0.22128200356026811
-3.0,-0.1449628978106339,-0.35047127179225485,-0.30499821185881587,-0.363241366389997
-2.0,-0.1449628978106339,-0.3300929232071375,-0.2632655139180543,-0.3508102007783525
-2.0,-0.1449628978106339,-0.36330138453664856,-0.288638531135955,-0.34411598436650465
1.0,-0.1449628978106339,-0.1816261281986085,-0.15653515872249207,-0.12060231183283968
2.0,-0.08060146689507852,-0.19767836528747995,-0.161126142944383,-0.1913852570519928
-3.0,-0.08060146689507852,-0.3266813306565052,-0.3017095639160337,-0.3575135954412845
-2.0,-0.08060146689507852,-0.2963363617171833,-0.27608412536168314,-0.28569332853820817
-2.0,-0.08060146689507852,-0.3567990932055087,-0.30547228561590706,-0.3477398190974652
1.0,-0.08060146689507852,-0.18462808450390836,-0.17625248847897607,-0.17239323179802937
2.0,-0.1333349889497355,-0.21096541540683478,-0.15675035128379833,-0.19593499999586123
-3.0,-0.1333349889497355,-0.3653509378592085,-0.3303310240012324,-0.3345348686394512
-2.0,-0.1333349889497355,-0.32017726618244563,-0.24318498274013392,-0.3299373974355291
-2.0,-0.1333349889497355,-0.3741191253006229,-0.29676001158880944,-0.3723344207031593
1.0,-0.1333349889497355,-0.17870575746389397,-0.13583117147010537,-0.17348504407843748
2.0,-0.131894229855678,-0.22646330954729477,-0.19439872031795416,-0.21882275263213677
-3.0,-0.131894229855678,-0.3396139164361927,-0.3139958752831621,-0.3672678886254713
-2.0,-0.131894229855678,-0.33439112189800874,-0.2700116731495138,-0.3485202436933971
-2.0,-0.131894229855678,-0.34087663584237765,-0.23941364124559997,-0.33580226319982986
1.0,-0.131894229855678,-0.1636084077103808,-0.13847714112665135,-0.1492141209432181
2.0,-0.07725906619127011,-0.19565640445447768,-0.12552108181065563,-0.1849007183723344
-3.0,-0.07725906619127011,-0.34536786912419015,-0.2324649350014726,-0.33359432591546617
-2.0,-0.07725906619127011,-0.3265549379041261,-0.22196695819661116,-0.30468729505996567
-2.0,-0.07725906619127011,-0.33755363252506804,-0.22592596142945723,-0.30641989347791326
1.0,-0.07725906619127011,-0.19263448158367508,-0.12592889549264932,-0.17256462727950675
2.0,-0.04713924640313851,-0.2138761723589086,-0.16676205366863112,-0.2118919969938403
-3.0,-0.04713924640313851,-0.32662203896432046,-0.31769612705891964,-0.3084988719471926
-2.0,-0.04713924640313851,-0.326556105301415,-0.2568744477315455,-0.2994207165154809
-2.0,-0.04713924640313851,-0.36181702615133415,-0.30957008095658284,-0.30089685733176325
1.0,-0.04713924640313851,-0.15926053853877375,-0.12513239567835324,-0.13064934924506708
2.0,-0.02810284327691034,-0.19767836528747995,-0.10210979568372756,-0.22462280575814048
-3.0,-0.02810284327691034,-0.3266813306565052,-0.2702437099317045,-0.43438747445731274
-2.0,-0.02810284327691034,-0.2963363617171833,-0.2030757351356561,-0.3397250801593622
-2.0,-0.02810284327691034,-0.3567990932055087,-0.23417998332084963,-0.40819529018603945
1.0,-0.02810284327691034,-0.18462808450390836,-0.09491912478509472,-0.23267045429617947
2.0,-0.031503565969110206,-0.19767836528747995,-0.10174968675985044,-0.21433535330353812
-3.0,-0.031503565969110206,-0.3266813306565052,-0.23914117734419715,-0.42410002200271035
-2.0,-0.031503565969110206,-0.2963363617171833,-0.21396711306441768,-0.36801191397017036
-2.0,-0.031503565969110206,-0.3567990932055087,-0.23141147780915874,-0.41052387582089217
1.0,-0.031503565969110206,-0.18462808450390836,-0.1131922371735897,-0.2223830018415771
2.0,-0.05421096322237852,-0.2281914733005009,-0.0733977632547408,-0.1810010391202569
-3.0,-0.05421096322237852,-0.34992492247827645,-0.23843965441338147,-0.3560755253203545
-2.0,-0.05421096322237852,-0.31261767841404126,-0.19607098529988112,-0.3040905505655296
-2.0,-0.05421096322237852,-0.35334365512457694,-0.18113518807447587,-0.31107678295036933
1.0,-0.05421096322237852,-0.1845064846173219,-0.05830113243112208,-0.18823908540792783
2.0,-0.12748720213038978,-0.19767836528747995,-0.10783169865909559,-0.21433535330353812
-3.0,-0.12748720213038978,-0.3266813306565052,-0.28852165634511545,-0.42410002200271035
-2.0,-0.12748720213038978,-0.2963363617171833,-0.2213536815490669,-0.34686016121182933
-2.0,-0.12748720213038978,-0.3567990932055087,-0.2505888835951847,-0.41052387582089217
1.0,-0.12748720213038978,-0.18462808450390836,-0.10278595657312398,-0.2223830018415771
2.0,-0.11579107378998231,-0.2275181046288893,-0.1725110848040304,-0.23078378431740382
-3.0,-0.11579107378998231,-0.35047127179225485,-0.3240011799370928,-0.3609724198845424
-2.0,-0.11579107378998231,-0.3300929232071375,-0.27448923172953016,-0.36031198153548816
-2.0,-0.11579107378998231,-0.36330138453664856,-0.2699863761470242,-0.3536177651236403
1.0,-0.11579107378998231,-0.1816261281986085,-0.1579839262502691,-0.17949253698664974
2.0,-0.13192202500794406,-0.23375202743229506,-0.18107682392729554,-0.22588562958465547
-3.0,-0.13192202500794406,-0.3489034718357135,-0.27572896794474283,-0.34667442690456957
-2.0,-0.13192202500794406,-0.3187844326090005,-0.25874108620312164,-0.31585697778375404
-2.0,-0.13192202500794406,-0.3401215977914696,-0.21323416704533513,-0.31535463822661935
1.0,-0.13192202500794406,-0.1676731320037597,-0.15006124158738396,-0.16622190109130866
2.0,-0.10025838508517348,-0.2275181046288893,-0.18554331878243352,-0.22128200356026811
-3.0,-0.10025838508517348,-0.35047127179225485,-0.3073862158439173,-0.3514706391274067
-2.0,-0.10025838508517348,-0.3300929232071375,-0.292492246599316,-0.3508102007783525
-2.0,-0.10025838508517348,-0.36330138453664856,-0.2998475593145722,-0.34411598436650465
1.0,-0.10025838508517348,-0.1816261281986085,-0.17101616022867222,-0.12060231183283968
2.0,-0.11917341207971778,-0.19565640445447768,-0.10402424205901027,-0.1849007183723344
-3.0,-0.11917341207971778,-0.34536786912419015,-0.33158250958818286,-0.3537960599100957
-2.0,-0.11917341207971778,-0.3265549379041261,-0.27068888201697067,-0.30468729505996567
-2.0,-0.11917341207971778,-0.33755363252506804,-0.2785826466676548,-0.30641989347791326
1.0,-0.11917341207971778,-0.19263448158367508,-0.1169214303254338,-0.17256462727950675
2.0,-0.12323769156189418,-0.19767836528747995,-0.14783796241264174,-0.21433535330353812
-3.0,-0.12323769156189418,-0.3266813306565052,-0.2696158777697265,-0.42410002200271035
-2.0,-0.12323769156189418,-0.2963363617171833,-0.24742254978015665,-0.34686016121182933
-2.0,-0.12323769156189418,-0.3567990932055087,-0.24087220261653797,-0.41052387582089217
1.0,-0.12323769156189418,-0.18462808450390836,-0.15713558401371974,-0.2223830018415771
2.0,-0.1233659166439806,-0.2281914733005009,-0.16593197630779613,-0.21479223501195832
-3.0,-0.1233659166439806,-0.34992492247827645,-0.2775803861502208,-0.3704857319359742
-2.0,-0.1233659166439806,-0.31261767841404126,-0.2498499417605254,-0.2994932813919949
-2.0,-0.1233659166439806,-0.35334365512457694,-0.25278883835657523,-0.30856265358945634
1.0,-0.1233659166439806,-0.1845064846173219,-0.14812337436306458,-0.1763274583722467
2.0,-0.11447259154148284,-0.23375202743229506,-0.2691266643838853,-0.2208343816884521
-3.0,-0.11447259154148284,-0.3489034718357135,-0.4324195321140071,-0.34209133531636543
-2.0,-0.11447259154148284,-0.3187844326090005,-0.36392335863228975,-0.3108057298875506
-2.0,-0.11447259154148284,-0.3401215977914696,-0.36392335863228975,-0.32238035301019025
1.0,-0.11447259154148284,-0.1676731320037597,-0.22880184920425586,-0.1611706531951053
2.0,-0.09549682311293362,-0.2275181046288893,-0.20361865338035467,-0.23078378431740382
-3.0,-0.09549682311293362,-0.35047127179225485,-0.34111890042672677,-0.3609724198845424
-2.0,-0.09549682311293362,-0.3300929232071375,-0.2958348495148266,-0.36031198153548816
-2.0,-0.09549682311293362,-0.36330138453664856,-0.29363551366035384,-0.3536177651236403
1.0,-0.09549682311293362,-0.1816261281986085,-0.16639753184959233,-0.13010409258997538
2.0,-0.1087323962972198,-0.20785204861870943,-0.23382662656233735,-0.24246924432298797
-3.0,-0.1087323962972198,-0.3476095597882477,-0.4022221904044073,-0.3919706841980398
-2.0,-0.1087323962972198,-0.31893744193952794,-0.34360622135273894,-0.33314206254623413
-2.0,-0.1087323962972198,-0.3612645258668181,-0.3302545831103189,-0.3308087584076048
1.0,-0.1087323962972198,-0.1749994263081873,-0.22826884923908508,-0.1887906073468923
2.0,-0.165914532751932,-0.21096541540683478,-0.20604272539621643,-0.19844998746959477
-3.0,-0.165914532751932,-0.3653509378592085,-0.35362746230080194,-0.4332262518915813
-2.0,-0.165914532751932,-0.32017726618244563,-0.28159426425639233,-0.33675019666679856
-2.0,-0.165914532751932,-0.3741191253006229,-0.27618782312143275,-0.3554886493228922
1.0,-0.165914532751932,-0.17870575746389397,-0.2113645991065674,-0.1859296409714385
2.0,-0.23395020691166754,-0.2275181046288893,-0.2444666609885935,-0.2551792064068447
-3.0,-0.23395020691166754,-0.35047127179225485,-0.35173556347987645,-0.3510568549019339
-2.0,-0.23395020691166754,-0.3300929232071375,-0.318865718999066,-0.3667739296896821
-2.0,-0.23395020691166754,-0.36330138453664856,-0.33096408232648833,-0.40626066684656076
1.0,-0.23395020691166754,-0.1816261281986085,-0.23687725459800177,-0.25368959165669247
2.0,-0.19243252203423158,-0.2275181046288893,-0.28575291595975555,-0.21235049416085247
-3.0,-0.19243252203423158,-0.35047127179225485,-0.4185232185559386,-0.2768073337743906
-2.0,-0.19243252203423158,-0.3300929232071375,-0.37969771935670404,-0.29170026358757434
-2.0,-0.19243252203423158,-0.36330138453664856,-0.3917960826841264,-0.3730303733129171
1.0,-0.19243252203423158,-0.1816261281986085,-0.3102645428062971,-0.21086087941070022
2.0,-0.1622062491522494,-0.20785204861870943,-0.2133416432447747,-0.15426483478495143
-3.0,-0.1622062491522494,-0.3476095597882477,-0.44941256816876474,-0.3355023148021952
-2.0,-0.1622062491522494,-0.31893744193952794,-0.38899104068990303,-0.3015094634136093
-2.0,-0.1622062491522494,-0.3612645258668181,-0.3874401810424401,-0.3855100362820113
1.0,-0.1622062491522494,-0.1749994263081873,-0.19245545322780583,-0.20534866517904904
2.0,-0.22574396851798648,-0.19767836528747995,-0.21820922624712424,-0.20297488933159477
-3.0,-0.22574396851798648,-0.3266813306565052,-0.40457212428076383,-0.2796104968477338
-2.0,-0.22574396851798648,-0.2963363617171833,-0.37033277218079014,-0.29508746797649354
-2.0,-0.22574396851798648,-0.3567990932055087,-0.39956797422690776,-0.2977046238259934
1.0,-0.22574396851798648,-0.18462808450390836,-0.24415666517326515,-0.17092069119738307
2.0,-0.26518523594585275,-0.22552812322063337,-0.23568633534026087,-0.21262405646404434
-3.0,-0.26518523594585275,-0.36243986323313165,-0.336167894363218,-0.3216640667133034
-2.0,-0.26518523594585275,-0.31240121751668254,-0.3042093566585804,-0.3264795257319849
-2.0,-0.26518523594585275,-0.3471893161881607,-0.328803565259205,-0.33188490043656305
1.0,-0.26518523594585275,-0.16386997521983104,-0.21842868861769194,-0.16793875325021226
2.0,-0.2541850116447532,-0.2138761723589086,-0.20546714500851349,-0.2118919969938403
-3.0,-0.2541850116447532,-0.32662203896432046,-0.2951935685408106,-0.2950715943030857
-2.0,-0.2541850116447532,-0.326556105301415,-0.2777049526450125,-0.2994207165154809
-2.0,-0.2541850116447532,-0.36181702615133415,-0.2992793553609387,-0.30089685733176325
1.0,-0.2541850116447532,-0.15926053853877375,-0.2011891353643585,-0.13064934924506708
2.0,-0.2541850116447532,-0.2138761723589086,-0.2350305448468439,-0.18518699877493716
-3.0,-0.2541850116447532,-0.32662203896432046,-0.3339321257779554,-0.3125400199260562
-2.0,-0.2541850116447532,-0.326556105301415,-0.31809715954124845,-0.2813052504258364
-2.0,-0.2541850116447532,-0.36181702615133415,-0.33967156225717465,-0.4031167598481965
1.0,-0.2541850116447532,-0.15926053853877375,-0.23060990662369618,-0.20615525772271626
2.0,-0.2886814392705488,-0.20785204861870943,-0.24708818379408334,-0.2563182996780767
-3.0,-0.2886814392705488,-0.3476095597882477,-0.43364393397631434,-0.319619603614764
-2.0,-0.2886814392705488,-0.31893744193952794,-0.39910527228422543,-0.31971418480241476
-2.0,-0.2886814392705488,-0.3612645258668181,-0.4103064443801353,-0.31738088066378545
1.0,-0.2886814392705488,-0.1749994263081873,-0.2562952062288828,-0.19031852230324692
2.0,-0.2897226786515051,-0.23375202743229506,-0.21322100205263525,-0.22860843301423633
-3.0,-0.2897226786515051,-0.3489034718357135,-0.39997236874214875,-0.4033900223443367
-2.0,-0.2897226786515051,-0.3187844326090005,-0.31032353225780096,-0.31857978121333486
-2.0,-0.2897226786515051,-0.3401215977914696,-0.31032353225780096,-0.31807744165620017
1.0,-0.2897226786515051,-0.1676731320037597,-0.2180480450193417,-0.16894470452088953
2.0,-0.33961887982549505,-0.22552812322063337,-0.13532344546911365,-0.21397385909470804
-3.0,-0.33961887982549505,-0.36243986323313165,-0.37229733784181507,-0.37264144247914904
-2.0,-0.33961887982549505,-0.31240121751668254,-0.2868170970948311,-0.2808120807479141
-2.0,-0.33961887982549505,-0.3471893161881607,-0.3179511179901549,-0.2979666330387781
1.0,-0.33961887982549505,-0.16386997521983104,-0.10776736571321863,-0.18277097843719922
2.0,-0.2989058603488205,-0.20785204861870943,-0.19579719586551222,-0.1997142203142289
-3.0,-0.2989058603488205,-0.3476095597882477,-0.35322023587636525,-0.3796171270322987
-2.0,-0.2989058603488205,-0.31893744193952794,-0.30585042967108583,-0.33314206254623413
-2.0,-0.2989058603488205,-0.3612645258668181,-0.3016674867431823,-0.3308087584076048
1.0,-0.2989058603488205,-0.1749994263081873,-0.16124689850770246,-0.18526788665483865
2.0,-0.3119223717108455,-0.19767836528747995,-0.16827433535491232,-0.16618519226676992
-3.0,-0.3119223717108455,-0.3266813306565052,-0.3362638509023508,-0.42410002200271035
-2.0,-0.3119223717108455,-0.2963363617171833,-0.3051668563996702,-0.36801191397017036
-2.0,-0.3119223717108455,-0.3567990932055087,-0.29840358949587087,-0.4066177669953978
1.0,-0.3119223717108455,-0.18462808450390836,-0.17934126658492247,-0.2223830018415771
2.0,-0.31006845488158086,-0.22552812322063337,-0.1944939357318589,-0.21184720985201874
-3.0,-0.31006845488158086,-0.36243986323313165,-0.2805800233797247,-0.37051479323645975
-2.0,-0.31006845488158086,-0.31240121751668254,-0.2769001891930407,-0.31819024604681173
-2.0,-0.31006845488158086,-0.3471893161881607,-0.305562835728312,-0.346537274152026
1.0,-0.31006845488158086,-0.16386997521983104,-0.15162006884968834,-0.17459807199422284
2.0,-0.2440009975990781,-0.2281914733005009,-0.20602882918844403,-0.2145901040692164
-3.0,-0.2440009975990781,-0.34992492247827645,-0.40150010261455393,-0.3635179943198951
-2.0,-0.2440009975990781,-0.31261767841404126,-0.3591335795830504,-0.3324419413127534
-2.0,-0.2440009975990781,-0.35334365512457694,-0.3637538358485275,-0.3159201636962143
1.0,-0.2440009975990781,-0.1845064846173219,-0.17942942648860957,-0.18135186913446225
2.0,-0.2277140659002858,-0.2275181046288893,-0.19551767217831192,-0.22128200356026811
-3.0,-0.2277140659002858,-0.35047127179225485,-0.4147360837002629,-0.3514706391274067
-2.0,-0.2277140659002858,-0.3300929232071375,-0.36051756592311557,-0.3508102007783525
-2.0,-0.2277140659002858,-0.36330138453664856,-0.3534446717152814,-0.34411598436650465
1.0,-0.2277140659002858,-0.1816261281986085,-0.18099051362455063,-0.12060231183283968
2.0,-0.18659318414258247,-0.23375202743229506,-0.2164661890331833,-0.2216674525593153
-3.0,-0.18659318414258247,-0.3489034718357135,-0.3966818426385869,-0.36845891712592865
-2.0,-0.18659318414258247,-0.3187844326090005,-0.3171942145230866,-0.2992973447432063
-2.0,-0.18659318414258247,-0.3401215977914696,-0.33856833566902533,-0.2832790200729911
1.0,-0.18659318414258247,-0.1676731320037597,-0.19195047335335322,-0.16893175224108506
2.0,-0.12773687683399057,-0.22646330954729477,-0.17727679839925117,-0.2138432696584905
-3.0,-0.12773687683399057,-0.3396139164361927,-0.2537679509036698,-0.3381059010891981
-2.0,-0.12773687683399057,-0.33439112189800874,-0.2503723615435598,-0.3060165920482521
-2.0,-0.12773687683399057,-0.34087663584237765,-0.2468649003699996,-0.2982780945283311
1.0,-0.12773687683399057,-0.1636084077103808,-0.13288471867829463,-0.14513436745788919
2.0,-0.1622714406441537,-0.21096541540683478,-0.23424628206472256,-0.19823450802612494
-3.0,-0.1622714406441537,-0.3653509378592085,-0.3600929021128074,-0.3800534271953317
-2.0,-0.1622714406441537,-0.32017726618244563,-0.2868137104040348,-0.2971246796474986
-2.0,-0.1622714406441537,-0.3741191253006229,-0.3046218297703417,-0.3620328207183002
1.0,-0.1622714406441537,-0.17870575746389397,-0.22008974955435393,-0.16677552976559532
2.0,-0.14850981647024228,-0.20785204861870943,-0.13664459746023633,-0.19270117035501474
-3.0,-0.14850981647024228,-0.3476095597882477,-0.2842246542465521,-0.3428131309971137
-2.0,-0.14850981647024228,-0.31893744193952794,-0.2128071055345393,-0.3140955685720908
-2.0,-0.14850981647024228,-0.3612645258668181,-0.23166857844776167,-0.33231962360485956
1.0,-0.14850981647024228,-0.1749994263081873,-0.12579841591987725,-0.17982293647561517
2.0,-0.17176142740241632,-0.2275181046288893,-0.2568016498696147,-0.23078378431740382
-3.0,-0.17176142740241632,-0.35047127179225485,-0.3995552954677437,-0.3561527661165787
-2.0,-0.17176142740241632,-0.3300929232071375,-0.3472962430603934,-0.3554923277675245
-2.0,-0.17176142740241632,-0.36330138453664856,-0.35169564549167576,-0.3487981113556766
1.0,-0.17176142740241632,-0.1816261281986085,-0.2085099737402665,-0.17949253698664974
2.0,-0.10969198409318018,-0.19565640445447768,-0.1658414308761206,-0.1943605065928415
-3.0,-0.10969198409318018,-0.34536786912419015,-0.31595112567801653,-0.357495264751067
-2.0,-0.10969198409318018,-0.3265549379041261,-0.2727552033747534,-0.328317079097138
-2.0,-0.10969198409318018,-0.33755363252506804,-0.28064896802543754,-0.3214205901021765
1.0,-0.10969198409318018,-0.19263448158367508,-0.16953270913336688,-0.18756532390377
2.0,-0.12695438795606268,-0.19565640445447768,-0.1375157821983414,-0.18882261744560266
-3.0,-0.12695438795606268,-0.34536786912419015,-0.33118477232032556,-0.34979687392069636
-2.0,-0.12695438795606268,-0.3265549379041261,-0.2812979985705316,-0.3030222622534484
-2.0,-0.12695438795606268,-0.33755363252506804,-0.28738045831130654,-0.27556159354273846
1.0,-0.12695438795606268,-0.19263448158367508,-0.12893348462467563,-0.18929694792101215
2.0,-0.1831634816277416,-0.23375202743229506,-0.2323780803171468,-0.22588562958465547
-3.0,-0.1831634816277416,-0.3489034718357135,-0.3613739237435607,-0.34667442690456957
-2.0,-0.1831634816277416,-0.3187844326090005,-0.3082158973552606,-0.31585697778375404
-2.0,-0.1831634816277416,-0.3401215977914696,-0.3082158973552606,-0.31535463822661935
1.0,-0.1831634816277416,-0.1676731320037597,-0.2157721190349417,-0.16622190109130866
2.0,-0.16109909081440077,-0.22646330954729477,-0.22088759163681332,-0.2231432642815664
-3.0,-0.16109909081440077,-0.3396139164361927,-0.27351291162270935,-0.3563419694730368
-2.0,-0.16109909081440077,-0.33439112189800874,-0.2550477078314094,-0.3335605594634545
-2.0,-0.16109909081440077,-0.34087663584237765,-0.24330892565999052,-0.3386762016568884
1.0,-0.16109909081440077,-0.1636084077103808,-0.18074601447939156,-0.1561194284560383
2.0,-0.13356127351309818,-0.21096541540683478,-0.17251529268283503,-0.19844998746959477
-3.0,-0.13356127351309818,-0.3653509378592085,-0.3470983231085519,-0.438888285116055
-2.0,-0.13356127351309818,-0.32017726618244563,-0.26181814223499095,-0.33675019666679856
-2.0,-0.13356127351309818,-0.3741191253006229,-0.2759894875927003,-0.3554886493228922
1.0,-0.13356127351309818,-0.17870575746389397,-0.1527190300481173,-0.1859296409714385
2.0,-0.08473036443218189,-0.2138761723589086,-0.1888489629253623,-0.23454121019042645
-3.0,-0.08473036443218189,-0.32662203896432046,-0.24665320805632326,-0.4047717623411913
-2.0,-0.08473036443218189,-0.326556105301415,-0.2402652434186692,-0.3270075677828144
-2.0,-0.08473036443218189,-0.36181702615133415,-0.24927144629298426,-0.34929644614494054
1.0,-0.08473036443218189,-0.15926053853877375,-0.16385838579180795,-0.18815823419500927
2.0,-0.09014796667095512,-0.2138761723589086,-0.20509144087198442,-0.21328873551554614
-3.0,-0.09014796667095512,-0.32662203896432046,-0.2557578607322341,-0.3840270873664942
-2.0,-0.09014796667095512,-0.326556105301415,-0.21264969701917402,-0.3429238836414614
-2.0,-0.09014796667095512,-0.36181702615133415,-0.24978069710171463,-0.35402472358760523
1.0,-0.09014796667095512,-0.15926053853877375,-0.18899885406948425,-0.12397249520828764
2.0,-0.10592307431632624,-0.2281914733005009,-0.23877150932445343,-0.21479223501195832
-3.0,-0.10592307431632624,-0.34992492247827645,-0.29286067583353137,-0.3704857319359742
-2.0,-0.10592307431632624,-0.31261767841404126,-0.2728469618388062,-0.2994932813919949
-2.0,-0.10592307431632624,-0.35334365512457694,-0.2816007591191867,-0.3434200471344479
1.0,-0.10592307431632624,-0.1845064846173219,-0.20472190035786836,-0.1763274583722467
2.0,-0.14666049192675465,-0.21096541540683478,-0.1019829869317146,-0.24642246749468094
-3.0,-0.14666049192675465,-0.3653509378592085,-0.2546744068399386,-0.47432769208078135
-2.0,-0.14666049192675465,-0.32017726618244563,-0.20667753807544043,-0.3736238575716373
-2.0,-0.14666049192675465,-0.3741191253006229,-0.2327581085388561,-0.43093949563091777
1.0,-0.14666049192675465,-0.17870575746389397,-0.0824643251069898,-0.21113134243273257
2.0,-0.10778224892954676,-0.2281914733005009,-0.10572472218639627,-0.20603865648572833
-3.0,-0.10778224892954676,-0.34992492247827645,-0.2787475799723124,-0.36467048883799563
-2.0,-0.10778224892954676,-0.31261767841404126,-0.20062908557425452,-0.32205667314141373
-2.0,-0.10778224892954676,-0.35334365512457694,-0.20112466516948957,-0.3198188485334707
1.0,-0.10778224892954676,-0.1845064846173219,-0.08766613682877192,-0.2173683288091457
2.0,-0.06554670708947333,-0.2275181046288893,-0.09593482358013963,-0.2218578207131493
-3.0,-0.06554670708947333,-0.35047127179225485,-0.3055804024776141,-0.376889481642394
-2.0,-0.06554670708947333,-0.3300929232071375,-0.2593121958825627,-0.2885673870511988
-2.0,-0.06554670708947333,-0.36330138453664856,-0.25429369037773275,-0.27762947965679635
1.0,-0.06554670708947333,-0.1816261281986085,-0.08140766502637833,-0.13553851380677742
2.0,-0.07854168732675906,-0.21096541540683478,-0.14591910618993043,-0.19844998746959477
-3.0,-0.07854168732675906,-0.3653509378592085,-0.31028970138444395,-0.4332262518915813
-2.0,-0.07854168732675906,-0.32017726618244563,-0.2548323983651364,-0.33675019666679856
-2.0,-0.07854168732675906,-0.3741191253006229,-0.2907492667936099,-0.3554886493228922
1.0,-0.07854168732675906,-0.17870575746389397,-0.11221629829662517,-0.1859296409714385
2.0,-0.10388857074398819,-0.2281914733005009,-0.14750027995019258,-0.21097659748587422
-3.0,-0.10388857074398819,-0.34992492247827645,-0.3268241563295692,-0.36863397817361443
-2.0,-0.10388857074398819,-0.31261767841404126,-0.23752518224308106,-0.3269946141415596
-2.0,-0.10388857074398819,-0.35334365512457694,-0.24627897952346164,-0.3237823378690895
1.0,-0.10388857074398819,-0.1845064846173219,-0.12522192983117517,-0.22133181814476446
2.0,-0.07183159420497495,-0.21096541540683478,-0.15603634494333385,-0.19593499999586123
-3.0,-0.07183159420497495,-0.3653509378592085,-0.3217334899148228,-0.33436892441139093
-2.0,-0.07183159420497495,-0.32017726618244563,-0.24551598623409707,-0.3299373974355291
-2.0,-0.07183159420497495,-0.3741191253006229,-0.24284497034669753,-0.3567018152648241
1.0,-0.07183159420497495,-0.17870575746389397,-0.10608695944032145,-0.17348504407843748
2.0,-0.10562257892865008,-0.23375202743229506,-0.16893370058463617,-0.22189844446690155
-3.0,-0.10562257892865008,-0.3489034718357135,-0.2999268666578016,-0.3533347869805763
-2.0,-0.10562257892865008,-0.3187844326090005,-0.22566690749251134,-0.3004897856504213
-2.0,-0.10562257892865008,-0.3401215977914696,-0.21091011847180044,-0.2844714609802061
1.0,-0.10562257892865008,-0.1676731320037597,-0.12449377717662902,-0.1720879036070759
2.0,-0.1898032836138059,-0.22646330954729477,-0.2207477998177226,-0.2138432696584905
-3.0,-0.1898032836138059,-0.3396139164361927,-0.31571077449561274,-0.3381059010891981
-2.0,-0.1898032836138059,-0.33439112189800874,-0.2856882223489843,-0.3060165920482521
-2.0,-0.1898032836138059,-0.34087663584237765,-0.27394944017756534,-0.2982780945283311
1.0,-0.1898032836138059,-0.1636084077103808,-0.1374917138901468,-0.14513436745788919
2.0,-0.2074947049170523,-0.2281914733005009,-0.169756755126635,-0.19543838101343855
-3.0,-0.2074947049170523,-0.34992492247827645,-0.22282689604295103,-0.33371602422891483
-2.0,-0.2074947049170523,-0.31261767841404126,-0.18737410748325484,-0.2801394273934751
-2.0,-0.2074947049170523,-0.35334365512457694,-0.19199436374873197,-0.28944966195458594
1.0,-0.2074947049170523,-0.1845064846173219,-0.143256651584917,-0.16370915684443213
2.0,-0.25483777588629297,-0.19767836528747995,-0.3307466729579913,-0.17437953358129502
-3.0,-0.25483777588629297,-0.3266813306565052,-0.47091457568334405,-0.2829305013301795
-2.0,-0.25483777588629297,-0.2963363617171833,-0.4452891371289935,-0.283070025694024
-2.0,-0.25483777588629297,-0.3567990932055087,-0.4745243391751111,-0.32799456664207505
1.0,-0.25483777588629297,-0.18462808450390836,-0.3389366414588647,-0.19072007529375729
2.0,-0.22689522559685418,-0.21096541540683478,-0.188792146414625,-0.19823450802612494
-3.0,-0.22689522559685418,-0.3653509378592085,-0.3899343887700918,-0.3923207873465897
-2.0,-0.22689522559685418,-0.32017726618244563,-0.3032653513448952,-0.2971246796474986
-2.0,-0.22689522559685418,-0.3741191253006229,-0.3002175615754804,-0.3620328207183002
1.0,-0.22689522559685418,-0.17870575746389397,-0.15420977297240773,-0.16677552976559532
2.0,-0.21152413560920225,-0.22552812322063337,-0.197702946907702,-0.21967716697140424
-3.0,-0.21152413560920225,-0.36243986323313165,-0.3043252471430888,-0.36980124614999577
-2.0,-0.21152413560920225,-0.31240121751668254,-0.2284794056227936,-0.32292238993669575
-2.0,-0.21152413560920225,-0.3471893161881607,-0.21522334536201085,-0.30259086947681013
1.0,-0.21152413560920225,-0.16386997521983104,-0.16021807361141463,-0.16163517793150908
2.0,-0.2188108436362961,-0.22552812322063337,-0.24232128956112597,-0.19380609378210398
-3.0,-0.2188108436362961,-0.36243986323313165,-0.41224094225029995,-0.33070880878906084
-2.0,-0.2188108436362961,-0.31240121751668254,-0.3243369143625768,-0.2970513167473955
-2.0,-0.2188108436362961,-0.3471893161881607,-0.37098607948772966,-0.27671979628750987
1.0,-0.2188108436362961,-0.16386997521983104,-0.19310614478954324,-0.13566566645676553
2.0,-0.24791332387962228,-0.19767836528747995,-0.17443691671794415,-0.20297488933159477
-3.0,-0.24791332387962228,-0.3266813306565052,-0.3202586261504581,-0.3672834910586226
-2.0,-0.24791332387962228,-0.2963363617171833,-0.2677691036192719,-0.29047957773524097
-2.0,-0.24791332387962228,-0.3567990932055087,-0.28141541455378716,-0.3032101083140868
1.0,-0.24791332387962228,-0.18462808450390836,-0.16901555544824343,-0.17092069119738307
2.0,-0.22841784252349687,-0.19767836528747995,-0.17832055840554298,-0.1913852570519928
-3.0,-0.22841784252349687,-0.3266813306565052,-0.3265432895970315,-0.3592960339365171
-2.0,-0.22841784252349687,-0.2963363617171833,-0.2954745375078543,-0.28747576703344074
-2.0,-0.22841784252349687,-0.3567990932055087,-0.2925093244142806,-0.3495222575926978
1.0,-0.22841784252349687,-0.18462808450390836,-0.18761818000662098,-0.17239323179802937
2.0,-0.21038180534907644,-0.2138761723589086,-0.21091340783847176,-0.2118919969938403
-3.0,-0.21038180534907644,-0.32662203896432046,-0.3578653355102641,-0.3147757102752674
-2.0,-0.21038180534907644,-0.326556105301415,-0.3102070332819622,-0.2994207165154809
-2.0,-0.21038180534907644,-0.36181702615133415,-0.32617379209941977,-0.30089685733176325
1.0,-0.21038180534907644,-0.15926053853877375,-0.17019153228627246,-0.13064934924506708
2.0,-0.22694289764808587,-0.22646330954729477,-0.2114729026570725,-0.2231432642815664
-3.0,-0.22694289764808587,-0.3396139164361927,-0.3553983115748985,-0.3563419694730368
-2.0,-0.22694289764808587,-0.33439112189800874,-0.29992659771130015,-0.3335605594634545
-2.0,-0.22694289764808587,-0.34087663584237765,-0.29641913653774,-0.3386762016568884
1.0,-0.22694289764808587,-0.1636084077103808,-0.141047205423945,-0.1561194284560383
2.0,-0.20696978530928106,-0.23375202743229506,-0.23275857331678967,-0.2372309398511364
-3.0,-0.20696978530928106,-0.3489034718357135,-0.38221213085443567,-0.3805362261863842
-2.0,-0.20696978530928106,-0.3187844326090005,-0.3122979148124853,-0.3272022880502349
-2.0,-0.20696978530928106,-0.3401215977914696,-0.3122979148124853,-0.3322552038697933
1.0,-0.20696978530928106,-0.1676731320037597,-0.19404084223191242,-0.17756721135778958
2.0,-0.429952373743706,-0.23375202743229506,-0.14554326069110973,-0.22860843301423633
-3.0,-0.429952373743706,-0.3489034718357135,-0.330152696774001,-0.4033900223443367
-2.0,-0.429952373743706,-0.3187844326090005,-0.29572872433144676,-0.31857978121333486
-2.0,-0.429952373743706,-0.3401215977914696,-0.29572872433144676,-0.31807744165620017
1.0,-0.429952373743706,-0.1676731320037597,-0.13635949398668834,-0.16894470452088953
2.0,-0.2085186768133073,-0.19565640445447768,-0.1359283132903813,-0.18925438703972897
-3.0,-0.2085186768133073,-0.34536786912419015,-0.3423413073678217,-0.35882186883057887
-2.0,-0.2085186768133073,-0.3265549379041261,-0.2769375249814243,-0.29889715060811817
-2.0,-0.2085186768133073,-0.33755363252506804,-0.27629876686360777,-0.2920006616131567
1.0,-0.2085186768133073,-0.19263448158367508,-0.13586694542694103,-0.18322724882538274
2.0,-0.17190839271120587,-0.20785204861870943,-0.11783211013296256,-0.1997142203142289
-3.0,-0.17190839271120587,-0.3476095597882477,-0.28388617350574474,-0.3444923222088219
-2.0,-0.17190839271120587,-0.31893744193952794,-0.2052441705649128,-0.31577475978379904
-2.0,-0.17190839271120587,-0.3612645258668181,-0.27862119805478447,-0.3339988148165678
1.0,-0.17190839271120587,-0.1749994263081873,-0.09445172529512187,-0.1815021276873234
2.0,-0.19359462114533219,-0.2275181046288893,-0.11989538651898533,-0.208811890721789
-3.0,-0.19359462114533219,-0.35047127179225485,-0.3022104473051043,-0.376889481642394
-2.0,-0.19359462114533219,-0.3300929232071375,-0.28369699019318817,-0.2880817705650645
-2.0,-0.19359462114533219,-0.36330138453664856,-0.2786784846883583,-0.2771438631706621
1.0,-0.19359462114533219,-0.1816261281986085,-0.10536822796522403,-0.1284501350722498
2.0,-0.2038053176887207,-0.2275181046288893,-0.22159466258516528,-0.21235049416085247
-3.0,-0.2038053176887207,-0.35047127179225485,-0.38496454871684394,-0.366629741473788
-2.0,-0.2038053176887207,-0.3300929232071375,-0.35736202428608094,-0.32189132729296716
-2.0,-0.2038053176887207,-0.36330138453664856,-0.36815403597020996,-0.38478426818703554
1.0,-0.2038053176887207,-0.1816261281986085,-0.20706750403140398,-0.20880698925997734
2.0,-0.27205591967038345,-0.2281914733005009,-0.1577690415756043,-0.2145901040692164
-3.0,-0.27205591967038345,-0.34992492247827645,-0.3130952771527556,-0.34474969467063254
-2.0,-0.27205591967038345,-0.31261767841404126,-0.27439674173411527,-0.2860163977252125
-2.0,-0.27205591967038345,-0.35334365512457694,-0.2819024106986745,-0.3083605226467144
1.0,-0.27205591967038345,-0.1845064846173219,-0.14652174112372954,-0.17612532742950476
2.0,-0.2959526460649965,-0.22646330954729477,-0.20277443023912067,-0.21140456889902523
-3.0,-0.2959526460649965,-0.3396139164361927,-0.442368257688795,-0.25756753544449357
-2.0,-0.2959526460649965,-0.33439112189800874,-0.38436197128013677,-0.3304532654111814
-2.0,-0.2959526460649965,-0.34087663584237765,-0.3808545101065766,-0.3522409745862231
1.0,-0.2959526460649965,-0.1636084077103808,-0.1625367307765801,-0.19774345394864484
2.0,-0.3298676251034789,-0.19767836528747995,-0.19170980712802216,-0.20297488933159477
-3.0,-0.3298676251034789,-0.3266813306565052,-0.33350909446803095,-0.3476203395176713
-2.0,-0.3298676251034789,-0.2963363617171833,-0.2757711479071799,-0.29047957773524097
-2.0,-0.3298676251034789,-0.3567990932055087,-0.2894174588416951,-0.3032101083140868
1.0,-0.3298676251034789,-0.18462808450390836,-0.18451913622938929,-0.17092069119738307
2.0,-0.3557877120466817,-0.2281914733005009,-0.1382978048251691,-0.23955517471277413
-3.0,-0.3557877120466817,-0.34992492247827645,-0.295006965009189,-0.3784548699480397
-2.0,-0.3557877120466817,-0.31261767841404126,-0.19979529730588846,-0.3215212546681266
-2.0,-0.3557877120466817,-0.35334365512457694,-0.19778587352118285,-0.33418850767371083
1.0,-0.3557877120466817,-0.1845064846173219,-0.12826347690966253,-0.211182968988241
2.0,-0.3626393175170285,-0.21096541540683478,-0.20780706583330025,-0.19823450802612494
-3.0,-0.3626393175170285,-0.3653509378592085,-0.41801752843466394,-0.3923207873465897
-2.0,-0.3626393175170285,-0.32017726618244563,-0.30832436427673166,-0.2971246796474986
-2.0,-0.3626393175170285,-0.3741191253006229,-0.30933920193595593,-0.32712749998593565
1.0,-0.3626393175170285,-0.17870575746389397,-0.21876866966800027,-0.16677552976559532
2.0,-0.30011463706704417,-0.22646330954729477,-0.21912237866414638,-0.2231432642815664
-3.0,-0.30011463706704417,-0.3396139164361927,-0.3993128466449352,-0.3563419694730368
-2.0,-0.30011463706704417,-0.33439112189800874,-0.34512614280140314,-0.3335605594634545
-2.0,-0.30011463706704417,-0.34087663584237765,-0.341618681627843,-0.3386762016568884
1.0,-0.30011463706704417,-0.1636084077103808,-0.19126958237270114,-0.1561194284560383
2.0,-0.33332198178565287,-0.2138761723589086,-0.19705199621600847,-0.20713196607159876
-3.0,-0.33332198178565287,-0.32662203896432046,-0.32648959722161547,-0.2829656909052418
-2.0,-0.33332198178565287,-0.326556105301415,-0.2942900822087931,-0.31424290278586353
-2.0,-0.33332198178565287,-0.36181702615133415,-0.31021822739310867,-0.33092607911196376
1.0,-0.33332198178565287,-0.15926053853877375,-0.20828702763445267,-0.13952741602261873
2.0,-0.26889913393300563,-0.20785204861870943,-0.24594356370452594,-0.22216785911202827
-3.0,-0.26889913393300563,-0.3476095597882477,-0.3715080649599285,-0.3238134355685399
-2.0,-0.26889913393300563,-0.31893744193952794,-0.35892996335776095,-0.3054117587617799
-2.0,-0.26889913393300563,-0.3612645258668181,-0.3943432117892679,-0.38717686262222667
1.0,-0.26889913393300563,-0.1749994263081873,-0.24038578638127384,-0.17535597871798797
2.0,-0.35192645010825524,-0.23375202743229506,-0.23815346967011464,-0.2223888277598416
-3.0,-0.35192645010825524,-0.3489034718357135,-0.37351933300974327,-0.33606963401389356
-2.0,-0.35192645010825524,-0.3187844326090005,-0.3000673568912084,-0.31581093260520293
-2.0,-0.35192645010825524,-0.3401215977914696,-0.3111172499070788,-0.36444984917957823
1.0,-0.35192645010825524,-0.1676731320037597,-0.21356043627394222,-0.17265804855368364
2.0,-0.15326333462657785,-0.2275181046288893,-0.2182755880986072,-0.2551792064068447
-3.0,-0.15326333462657785,-0.35047127179225485,-0.3767497418004666,-0.3510568549019339
-2.0,-0.15326333462657785,-0.3300929232071375,-0.32169090725605365,-0.3667739296896821
-2.0,-0.15326333462657785,-0.36330138453664856,-0.3194915714015808,-0.40626066684656076
1.0,-0.15326333462657785,-0.1816261281986085,-0.2037484295448459,-0.25368959165669247
2.0,-0.19620662139160827,-0.22646330954729477,-0.21457453389710898,-0.21196680369883614
-3.0,-0.19620662139160827,-0.3396139164361927,-0.4018379513044312,-0.3563419694730368
-2.0,-0.19620662139160827,-0.33439112189800874,-0.35033163910400344,-0.3354399936686982
-2.0,-0.19620662139160827,-0.34087663584237765,-0.3468241779304433,-0.3386762016568884
1.0,-0.19620662139160827,-0.1636084077103808,-0.1810397562382028,-0.19750071080493733
2.0,-0.20685382630915805,-0.19767836528747995,-0.22854512524363252,-0.20297488933159477
-3.0,-0.20685382630915805,-0.3266813306565052,-0.3566982722771077,-0.2902174747236368
-2.0,-0.20685382630915805,-0.2963363617171833,-0.3145134478389568,-0.29508746797649354
-2.0,-0.20685382630915805,-0.3567990932055087,-0.3058811347960817,-0.2977046238259934
1.0,-0.20685382630915805,-0.18462808450390836,-0.23961205647364267,-0.17092069119738307
2.0,-0.20105720010649772,-0.22552812322063337,-0.20260889186469555,-0.22049574076503525
-3.0,-0.20105720010649772,-0.36243986323313165,-0.3534608720451765,-0.36675384318517545
-2.0,-0.20105720010649772,-0.31240121751668254,-0.33562233189744584,-0.3330963511435101
-2.0,-0.20105720010649772,-0.3471893161881607,-0.34814373858821873,-0.3127648306836245
1.0,-0.20105720010649772,-0.16386997521983104,-0.1876305617112987,-0.16958322127600162
2.0,-0.3875367703367645,-0.2138761723589086,-0.24872610852228458,-0.21328873551554614
-3.0,-0.3875367703367645,-0.32662203896432046,-0.3853996539804557,-0.3084988719471926
-2.0,-0.3875367703367645,-0.326556105301415,-0.33363013683379455,-0.2994207165154809
-2.0,-0.3875367703367645,-0.36181702615133415,-0.3508074138275603,-0.30089685733176325
1.0,-0.3875367703367645,-0.15926053853877375,-0.1896140468986178,-0.13064934924506708
2.0,-0.14808677030098957,-0.22552812322063337,-0.18588195602650473,-0.22049574076503525
-3.0,-0.14808677030098957,-0.36243986323313165,-0.2849819648635378,-0.36490557701313037
-2.0,-0.14808677030098957,-0.31240121751668254,-0.28367147149522637,-0.3673043058552125
-2.0,-0.14808677030098957,-0.3471893161881607,-0.2982377306216758,-0.3727096805597906
1.0,-0.14808677030098957,-0.16386997521983104,-0.17780245258189775,-0.16958322127600162
2.0,-0.4259340658825687,-0.22646330954729477,-0.2982351419197584,-0.21196680369883614
-3.0,-0.4259340658825687,-0.3396139164361927,-0.365146251820884,-0.3404843844398683
-2.0,-0.4259340658825687,-0.33439112189800874,-0.31790585895514445,-0.3354399936686982
-2.0,-0.4259340658825687,-0.34087663584237765,-0.3061670767837255,-0.3386762016568884
1.0,-0.4259340658825687,-0.1636084077103808,-0.24795705254203496,-0.19750071080493733
2.0,-0.19365034468690967,-0.2275181046288893,-0.15371094063130694,-0.23078378431740382
-3.0,-0.19365034468690967,-0.35047127179225485,-0.32702640750182005,-0.3609724198845424
-2.0,-0.19365034468690967,-0.3300929232071375,-0.28962105436671964,-0.36031198153548816
-2.0,-0.19365034468690967,-0.36330138453664856,-0.28730790316214205,-0.3536177651236403
1.0,-0.19365034468690967,-0.1816261281986085,-0.13918378207754564,-0.13010409258997538
2.0,-0.2678415357745265,-0.22646330954729477,-0.2324577426532533,-0.22351652392636714
-3.0,-0.2678415357745265,-0.3396139164361927,-0.35571640927162773,-0.3563419694730368
-2.0,-0.2678415357745265,-0.33439112189800874,-0.3002446954080294,-0.3335605594634545
-2.0,-0.2678415357745265,-0.34087663584237765,-0.2696466635041157,-0.3386762016568884
1.0,-0.2678415357745265,-0.1636084077103808,-0.18512178638744325,-0.1561194284560383
2.0,-0.2684686546649939,-0.21096541540683478,-0.15110577665808006,-0.19593499999586123
-3.0,-0.2684686546649939,-0.3653509378592085,-0.3124996831226352,-0.3345348686394512
-2.0,-0.2684686546649939,-0.32017726618244563,-0.2431372299040633,-0.3299373974355291
-2.0,-0.2684686546649939,-0.3741191253006229,-0.29671225875273866,-0.3567018152648241
1.0,-0.2684686546649939,-0.17870575746389397,-0.13398607584514552,-0.17348504407843748
2.0,-0.187282269306662,-0.2281914733005009,-0.235343029682226,-0.23355702687619506
-3.0,-0.187282269306662,-0.34992492247827645,-0.39845358080192683,-0.33301782776201005
-2.0,-0.187282269306662,-0.31261767841404126,-0.372950200170437,-0.3284160199477799
-2.0,-0.187282269306662,-0.35334365512457694,-0.3709337713254992,-0.4659162834848741
1.0,-0.187282269306662,-0.1845064846173219,-0.22410715132036138,-0.20013223905556526
2.0,-0.25473757926603974,-0.19767836528747995,-0.23582465754156848,-0.20297488933159477
-3.0,-0.25473757926603974,-0.3266813306565052,-0.35647430761878035,-0.3421148550295779
-2.0,-0.25473757926603974,-0.2963363617171833,-0.32483570122156724,-0.29047957773524097
-2.0,-0.25473757926603974,-0.3567990932055087,-0.35407090326768487,-0.2977046238259934
1.0,-0.25473757926603974,-0.18462808450390836,-0.24512227914264648,-0.17092069119738307
2.0,-0.2733764040244367,-0.20785204861870943,-0.15549643721817838,-0.1997142203142289
-3.0,-0.2733764040244367,-0.3476095597882477,-0.2822849484797993,-0.3444923222088219
-2.0,-0.2733764040244367,-0.31893744193952794,-0.2461013279006356,-0.31577475978379904
-2.0,-0.2733764040244367,-0.3612645258668181,-0.3074139556327591,-0.32816078169244667
1.0,-0.2733764040244367,-0.1749994263081873,-0.15325388518092417,-0.1815021276873234
2.0,-0.26689464330926194,-0.23375202743229506,-0.21315029407860792,-0.22860843301423633
-3.0,-0.26689464330926194,-0.3489034718357135,-0.3439468752600437,-0.3778915327617698
-2.0,-0.26689464330926194,-0.3187844326090005,-0.2898486707788377,-0.31857978121333486
-2.0,-0.26689464330926194,-0.3401215977914696,-0.2898486707788377,-0.31807744165620017
1.0,-0.26689464330926194,-0.1676731320037597,-0.17653194865130076,-0.17285250049641368
2.0,-0.21975756890201373,-0.21096541540683478,-0.09051090282756934,-0.19593499999586123
-3.0,-0.21975756890201373,-0.3653509378592085,-0.22903309847662576,-0.3345348686394512
-2.0,-0.21975756890201373,-0.32017726618244563,-0.18752088783919998,-0.3299373974355291
-2.0,-0.21975756890201373,-0.3741191253006229,-0.21769821828916566,-0.3723344207031593
1.0,-0.21975756890201373,-0.17870575746389397,-0.0474882243878763,-0.17348504407843748
2.0,-0.19354154910122534,-0.20785204861870943,-0.14688701031231718,-0.19412912032438914
-3.0,-0.19354154910122534,-0.3476095597882477,-0.2687407937057661,-0.37901338125917605
-2.0,-0.19354154910122534,-0.31893744193952794,-0.19948295029175447,-0.30976802771568795
-2.0,-0.19354154910122534,-0.3612645258668181,-0.25980771718045664,-0.3590264482622519
1.0,-0.19354154910122534,-0.1749994263081873,-0.12111768885151603,-0.15783207098165017
2.0,-0.15939004806453919,-0.2275181046288893,-0.184193402181392,-0.21792521483798227
-3.0,-0.15939004806453919,-0.35047127179225485,-0.28082606379674685,-0.33908209067662753
-2.0,-0.15939004806453919,-0.3300929232071375,-0.30836123852430425,-0.3384216523275733
-2.0,-0.15939004806453919,-0.36330138453664856,-0.3048335938616728,-0.377908389484452
1.0,-0.15939004806453919,-0.1816261281986085,-0.17660399579080024,-0.2193770704075883
2.0,-0.22671366236396837,-0.23375202743229506,-0.20187392249760291,-0.22588562958465547
-3.0,-0.22671366236396837,-0.3489034718357135,-0.38243382066900844,-0.34667442690456957
-2.0,-0.22671366236396837,-0.3187844326090005,-0.29486542302523794,-0.31585697778375404
-2.0,-0.22671366236396837,-0.3401215977914696,-0.31623954417117667,-0.31535463822661935
1.0,-0.22671366236396837,-0.1676731320037597,-0.1470275344643664,-0.16622190109130866
2.0,-0.20136380033632803,-0.22552812322063337,-0.18339071949642002,-0.2156455617977525
-3.0,-0.20136380033632803,-0.36243986323313165,-0.3320402684925662,-0.36830664345275926
-2.0,-0.20136380033632803,-0.31240121751668254,-0.26004802234036994,-0.3219885979925454
-2.0,-0.20136380033632803,-0.3471893161881607,-0.24306656243859198,-0.3530564224984754
1.0,-0.20136380033632803,-0.16386997521983104,-0.14665649646256299,-0.15760357275785733
2.0,-0.2071274547929392,-0.19565640445447768,-0.19841534819114123,-0.19479808487173847
-3.0,-0.2071274547929392,-0.34536786912419015,-0.3974151572281672,-0.3608238470599678
-2.0,-0.2071274547929392,-0.3265549379041261,-0.3420192559937961,-0.3179882744834755
-2.0,-0.2071274547929392,-0.33755363252506804,-0.34597825922664216,-0.4253044637316466
1.0,-0.2071274547929392,-0.19263448158367508,-0.20594873050791346,-0.18729664141267088
2.0,-0.15524631223994245,-0.19565640445447768,-0.2605977952297819,-0.19200412399446132
-3.0,-0.15524631223994245,-0.34536786912419015,-0.43337702192348343,-0.30342066385096694
-2.0,-0.15524631223994245,-0.3265549379041261,-0.3813882909219066,-0.3151943136061984
-2.0,-0.15524631223994245,-0.33755363252506804,-0.38534729415475266,-0.4225105028543695
1.0,-0.15524631223994245,-0.19263448158367508,-0.25575442203883203,-0.18450268053539373
2.0,-0.31260919756248945,-0.2275181046288893,-0.13530559007437004,-0.22128200356026811
-3.0,-0.31260919756248945,-0.35047127179225485,-0.3286720645888172,-0.3514706391274067
-2.0,-0.31260919756248945,-0.3300929232071375,-0.2771949572313688,-0.3508102007783525
-2.0,-0.31260919756248945,-0.36330138453664856,-0.282448905739798,-0.34411598436650465
1.0,-0.31260919756248945,-0.1816261281986085,-0.12077843152060873,-0.12060231183283968
2.0,-0.17011149451872812,-0.2281914733005009,-0.1898289221237341,-0.23355702687619506
-3.0,-0.17011149451872812,-0.34992492247827645,-0.34985256380060364,-0.33301782776201005
-2.0,-0.17011149451872812,-0.31261767841404126,-0.33972898376781135,-0.34407392974166917
-2.0,-0.17011149451872812,-0.35334365512457694,-0.3401558719236883,-0.4659162834848741
1.0,-0.17011149451872812,-0.1845064846173219,-0.20887596943869824,-0.20013223905556526
2.0,-0.19436705266250764,-0.22646330954729477,-0.2167631517620985,-0.2231432642815664
-3.0,-0.19436705266250764,-0.3396139164361927,-0.36583124421194696,-0.3563419694730368
-2.0,-0.19436705266250764,-0.33439112189800874,-0.332384908372776,-0.3335605594634545
-2.0,-0.19436705266250764,-0.34087663584237765,-0.32887744719921586,-0.3386762016568884
1.0,-0.19436705266250764,-0.1636084077103808,-0.19370975574584354,-0.1561194284560383
2.0,-0.22545329991634636,-0.2138761723589086,-0.24545423732149121,-0.20713196607159876
-3.0,-0.22545329991634636,-0.32662203896432046,-0.3380636545066718,-0.2829656909052418
-2.0,-0.22545329991634636,-0.326556105301415,-0.3331859044077471,-0.31424290278586353
-2.0,-0.22545329991634636,-0.36181702615133415,-0.34939607761056635,-0.33092607911196376
1.0,-0.22545329991634636,-0.15926053853877375,-0.2642260123021551,-0.13952741602261873
2.0,-0.21505998911868762,-0.23375202743229506,-0.24336959756209148,-0.22829856545663746
-3.0,-0.21505998911868762,-0.3489034718357135,-0.41518753975101846,-0.30970504309188523
-2.0,-0.21505998911868762,-0.3187844326090005,-0.3600813244935102,-0.2986366345348993
-2.0,-0.21505998911868762,-0.3401215977914696,-0.3600813244935102,-0.3417202957325815
1.0,-0.21505998911868762,-0.1676731320037597,-0.2238223625853782,-0.13879564016994897
2.0,-0.18928307102337796,-0.22646330954729477,-0.2796750537069601,-0.21196680369883614
-3.0,-0.18928307102337796,-0.3396139164361927,-0.3856454451266656,-0.3563419694730368
-2.0,-0.18928307102337796,-0.33439112189800874,-0.333014700238605,-0.3354399936686982
-2.0,-0.18928307102337796,-0.34087663584237765,-0.32950723906504487,-0.3386762016568884
1.0,-0.18928307102337796,-0.1636084077103808,-0.2531576745417862,-0.19750071080493733
2.0,-0.20216351486142878,-0.2281914733005009,-0.19915582968836873,-0.20578302589764896
-3.0,-0.20216351486142878,-0.34992492247827645,-0.3677720259501559,-0.33594261649906515
-2.0,-0.20216351486142878,-0.31261767841404126,-0.30749174520074635,-0.2904840722776855
-2.0,-0.20216351486142878,-0.35334365512457694,-0.3145553184670381,-0.299553444475147
1.0,-0.20216351486142878,-0.1845064846173219,-0.18415736390212786,-0.16731824925793734
2.0,-0.2117474634424982,-0.19565640445447768,-0.18539233927808707,-0.19479808487173847
-3.0,-0.2117474634424982,-0.34536786912419015,-0.3201635869832896,-0.34065470770357875
-2.0,-0.2117474634424982,-0.3265549379041261,-0.2689902299568885,-0.3179882744834755
-2.0,-0.2117474634424982,-0.33755363252506804,-0.2729492331897345,-0.4253044637316466
1.0,-0.2117474634424982,-0.19263448158367508,-0.16545896141942118,-0.18729664141267088
2.0,-0.2609796434434595,-0.19565640445447768,-0.18961347752526966,-0.1943605065928415
-3.0,-0.2609796434434595,-0.34536786912419015,-0.38609045255514185,-0.3546168243960477
-2.0,-0.2609796434434595,-0.3265549379041261,-0.3264909679362633,-0.3196879916842289
-2.0,-0.2609796434434595,-0.33755363252506804,-0.33257342767703824,-0.3214205901021765
1.0,-0.2609796434434595,-0.19263448158367508,-0.1804040275818053,-0.18756532390377
2.0,-0.34215170645229726,-0.23375202743229506,-0.2416582756789434,-0.22588562958465547
-3.0,-0.34215170645229726,-0.3489034718357135,-0.37857882148061955,-0.34667442690456957
-2.0,-0.34215170645229726,-0.3187844326090005,-0.31749609271705737,-0.31585697778375404
-2.0,-0.34215170645229726,-0.3401215977914696,-0.31203251474421223,-0.31535463822661935
1.0,-0.34215170645229726,-0.1676731320037597,-0.2040556303175085,-0.16622190109130866
2.0,-0.35801435314764996,-0.2138761723589086,-0.34375715985189176,-0.18518699877493716
-3.0,-0.35801435314764996,-0.32662203896432046,-0.41230628878151365,-0.3125400199260562
-2.0,-0.35801435314764996,-0.326556105301415,-0.3953578047867791,-0.2813052504258364
-2.0,-0.35801435314764996,-0.36181702615133415,-0.3862631563288687,-0.3234809538965656
1.0,-0.35801435314764996,-0.15926053853877375,-0.35117949348185057,-0.20615525772271626
2.0,-0.45567445002349577,-0.19565640445447768,-0.23488685755218794,-0.2013992310189891
-3.0,-0.45567445002349577,-0.34536786912419015,-0.424568108915394,-0.3465882732912524
-2.0,-0.45567445002349577,-0.3265549379041261,-0.38284787143668497,-0.3530962453569608
-2.0,-0.45567445002349577,-0.33755363252506804,-0.35935202276925987,-0.4475100386280275
1.0,-0.45567445002349577,-0.19263448158367508,-0.2375194874807535,-0.1955038966561323
2.0,-0.24105083379811873,-0.23375202743229506,-0.19331726518577141,-0.22860843301423633
-3.0,-0.24105083379811873,-0.3489034718357135,-0.3974528681306995,-0.4033900223443367
-2.0,-0.24105083379811873,-0.3187844326090005,-0.34429484174239944,-0.31857978121333486
-2.0,-0.24105083379811873,-0.3401215977914696,-0.3388312637695543,-0.31807744165620017
1.0,-0.24105083379811873,-0.1676731320037597,-0.16309546741315936,-0.16894470452088953
2.0,-0.31410289563605487,-0.21096541540683478,-0.2379761592201791,-0.19711846676706818
-3.0,-0.31410289563605487,-0.3653509378592085,-0.4627833457214885,-0.3526931044922404
-2.0,-0.31410289563605487,-0.32017726618244563,-0.33614059072711516,-0.30421485860239705
-2.0,-0.31410289563605487,-0.3741191253006229,-0.36894121823474363,-0.3592690776578863
1.0,-0.31410289563605487,-0.17870575746389397,-0.20719326477872024,-0.16565948850653855
2.0,-0.2653931060590824,-0.22646330954729477,-0.2278045114196647,-0.2231432642815664
-3.0,-0.2653931060590824,-0.3396139164361927,-0.3633249312765218,-0.35848719527439415
-2.0,-0.2653931060590824,-0.33439112189800874,-0.30821181160203476,-0.3335605594634545
-2.0,-0.2653931060590824,-0.34087663584237765,-0.3047043504284746,-0.33679676745164466
1.0,-0.2653931060590824,-0.1636084077103808,-0.17689730658372854,-0.1561194284560383
2.0,-0.26894714566994443,-0.19565640445447768,-0.19624211956719143,-0.19479808487173847
-3.0,-0.26894714566994443,-0.34536786912419015,-0.3411390378785345,-0.3608238470599678
-2.0,-0.26894714566994443,-0.3265549379041261,-0.29766795668831186,-0.3179882744834755
-2.0,-0.26894714566994443,-0.33755363252506804,-0.3037504164290868,-0.4253044637316466
1.0,-0.26894714566994443,-0.19263448158367508,-0.20690467961895267,-0.18139582291981465
2.0,-0.3864818690260778,-0.21096541540683478,-0.32352883872057697,-0.19999831549290828
-3.0,-0.3864818690260778,-0.3653509378592085,-0.5105583466361178,-0.3526931044922404
-2.0,-0.3864818690260778,-0.32017726618244563,-0.4859235113884965,-0.3025601859018655
-2.0,-0.3864818690260778,-0.3741191253006229,-0.4663778886759585,-0.35358713208123893
1.0,-0.3864818690260778,-0.17870575746389397,-0.3342128417452842,-0.16565948850653855
2.0,-0.2512054018057288,-0.22646330954729477,-0.19262742708397634,-0.2231432642815664
-3.0,-0.2512054018057288,-0.3396139164361927,-0.3313440071919049,-0.3563419694730368
-2.0,-0.2512054018057288,-0.33439112189800874,-0.2906976882238383,-0.3335605594634545
-2.0,-0.2512054018057288,-0.34087663584237765,-0.28719022705027814,-0.3386762016568884
1.0,-0.2512054018057288,-0.1636084077103808,-0.17977724253579833,-0.1561194284560383
2.0,-0.36922070157355885,-0.22646330954729477,-0.11713545289059822,-0.21801081584696289
-3.0,-0.36922070157355885,-0.3396139164361927,-0.39140360093950805,-0.3376004417632537
-2.0,-0.36922070157355885,-0.33439112189800874,-0.3301893788531466,-0.33602563630829363
-2.0,-0.36922070157355885,-0.34087663584237765,-0.2995913469492329,-0.3282871387883726
1.0,-0.36922070157355885,-0.1636084077103808,-0.1893106686305339,-0.14930191364636158
2.0,-0.2459038140883422,-0.22552812322063337,-0.2825858993794143,-0.22049574076503525
-3.0,-0.2459038140883422,-0.36243986323313165,-0.4107001478914274,-0.36675384318517545
-2.0,-0.2459038140883422,-0.31240121751668254,-0.34182199281650877,-0.3691525720272576
-2.0,-0.2459038140883422,-0.3471893161881607,-0.3344705951265945,-0.3127648306836245
1.0,-0.2459038140883422,-0.16386997521983104,-0.2634436133478533,-0.16958322127600162
2.0,-0.38592908555229105,-0.19767836528747995,-0.1848697693556744,-0.20297488933159477
-3.0,-0.38592908555229105,-0.3266813306565052,-0.35354828707756686,-0.3672834910586226
-2.0,-0.38592908555229105,-0.2963363617171833,-0.3275541970809975,-0.29047957773524097
-2.0,-0.38592908555229105,-0.3567990932055087,-0.3761066587971587,-0.3032101083140868
1.0,-0.38592908555229105,-0.18462808450390836,-0.21081720828181527,-0.17092069119738307
2.0,-0.34213333183193706,-0.19767836528747995,-0.20413384860854358,-0.20297488933159477
-3.0,-0.34213333183193706,-0.3266813306565052,-0.36523424741962146,-0.2902174747236368
-2.0,-0.34213333183193706,-0.2963363617171833,-0.31169806147144447,-0.29508746797649354
-2.0,-0.34213333183193706,-0.3567990932055087,-0.3409332635175621,-0.2977046238259934
1.0,-0.34213333183193706,-0.18462808450390836,-0.22831197790575233,-0.17092069119738307
2.0,-0.3154371905565033,-0.19767836528747995,-0.22095318595287486,-0.21679271214158716
-3.0,-0.3154371905565033,-0.3266813306565052,-0.3786729702966132,-0.28276567331452457
-2.0,-0.3154371905565033,-0.2963363617171833,-0.3522573530946813,-0.282905197678369
-2.0,-0.3154371905565033,-0.3567990932055087,-0.3445198537218023,-0.2964979766756481
1.0,-0.3154371905565033,-0.18462808450390836,-0.24727624406274484,-0.1828406377869991
2.0,-0.3146821643309758,-0.21096541540683478,-0.22494329529449528,-0.19823450802612494
-3.0,-0.3146821643309758,-0.3653509378592085,-0.37037507211957305,-0.3923207873465897
-2.0,-0.3146821643309758,-0.32017726618244563,-0.3029667384824336,-0.2971246796474986
-2.0,-0.3146821643309758,-0.3741191253006229,-0.348025850036501,-0.3620328207183002
1.0,-0.3146821643309758,-0.17870575746389397,-0.19949766743686215,-0.16677552976559532
2.0,-0.30805389476838585,-0.2138761723589086,-0.334305951647394,-0.21779700136163135
-3.0,-0.30805389476838585,-0.32662203896432046,-0.4425971041384314,-0.3315184646151124
-2.0,-0.30805389476838585,-0.326556105301415,-0.4184631651423848,-0.31193853175902386
-2.0,-0.30805389476838585,-0.36181702615133415,-0.4270112377015229,-0.3234809538965656
1.0,-0.30805389476838585,-0.15926053853877375,-0.2922743672157729,-0.12413801824442543
2.0,-0.2685220229758079,-0.21096541540683478,-0.26337632836807884,-0.19709940688860061
-3.0,-0.2685220229758079,-0.3653509378592085,-0.4114337532384283,-0.2918431482627615
-2.0,-0.2685220229758079,-0.32017726618244563,-0.36886841502061535,-0.2515867392078837
-2.0,-0.2685220229758079,-0.3741191253006229,-0.36872053224007684,-0.35038161186662325
1.0,-0.2685220229758079,-0.17870575746389397,-0.2432928298248021,-0.18341155933129502
2.0,-0.4056567927438706,-0.22646330954729477,-0.20057045957498187,-0.2231432642815664
-3.0,-0.4056567927438706,-0.3396139164361927,-0.3429211846177014,-0.35417760838859663
-2.0,-0.4056567927438706,-0.33439112189800874,-0.28809843422241344,-0.3335605594634545
-2.0,-0.4056567927438706,-0.34087663584237765,-0.2845909730488533,-0.33679676745164466
1.0,-0.4056567927438706,-0.1636084077103808,-0.14554228338187372,-0.14182488911747596
2.0,-0.41472760780057255,-0.2138761723589086,-0.22222260767033825,-0.21779700136163135
-3.0,-0.41472760780057255,-0.32662203896432046,-0.3664382011116775,-0.29275455979788806
-2.0,-0.41472760780057255,-0.326556105301415,-0.32000185279861326,-0.31193853175902386
-2.0,-0.41472760780057255,-0.36181702615133415,-0.34992504007963166,-0.3234809538965656
1.0,-0.41472760780057255,-0.15926053853877375,-0.17089282237315795,-0.12413801824442543
2.0,-0.36435418265691094,-0.22646330954729477,-0.19343610028882585,-0.2138432696584905
-3.0,-0.36435418265691094,-0.3396139164361927,-0.2627539912897165,-0.3381059010891981
-2.0,-0.36435418265691094,-0.33439112189800874,-0.26605646702265207,-0.3060165920482521
-2.0,-0.36435418265691094,-0.34087663584237765,-0.23545843511873835,-0.2982780945283311
1.0,-0.36435418265691094,-0.1636084077103808,-0.14645388482617683,-0.14513436745788919
2.0,-0.41456915562203356,-0.2281914733005009,-0.27511937852780577,-0.22852059266360214
-3.0,-0.41456915562203356,-0.34992492247827645,-0.4471714698667065,-0.3551735368621839
-2.0,-0.41456915562203356,-0.31261767841404126,-0.4391030358727806,-0.41707532869808417
-2.0,-0.41456915562203356,-0.35334365512457694,-0.4415463528735953,-0.4659162834848741
1.0,-0.41456915562203356,-0.1845064846173219,-0.2605733971816649,-0.20013223905556526
2.0,-0.2982415788409774,-0.19767836528747995,-0.26008542644569976,-0.20297488933159477
-3.0,-0.2982415788409774,-0.3266813306565052,-0.4544625682622147,-0.2902174747236368
-2.0,-0.2982415788409774,-0.2963363617171833,-0.4009670673208675,-0.29508746797649354
-2.0,-0.2982415788409774,-0.3567990932055087,-0.412744332116307,-0.2977046238259934
1.0,-0.2982415788409774,-0.18462808450390836,-0.25466406517599904,-0.17092069119738307
2.0,-0.30615294831103773,-0.2138761723589086,-0.18717792598117403,-0.2118919969938403
-3.0,-0.30615294831103773,-0.32662203896432046,-0.36018133090464743,-0.3147757102752674
-2.0,-0.30615294831103773,-0.326556105301415,-0.30926897903724254,-0.2994207165154809
-2.0,-0.30615294831103773,-0.36181702615133415,-0.33794303450881075,-0.30089685733176325
1.0,-0.30615294831103773,-0.15926053853877375,-0.14645605042897472,-0.13064934924506708
2.0,-0.35324554304446654,-0.22552812322063337,-0.24105748558337523,-0.22049574076503525
-3.0,-0.35324554304446654,-0.36243986323313165,-0.41442365015821425,-0.36490557701313037
-2.0,-0.35324554304446654,-0.31240121751668254,-0.39393427911368833,-0.3673043058552125
-2.0,-0.35324554304446654,-0.3471893161881607,-0.38067821885290565,-0.3109165645115794
1.0,-0.35324554304446654,-0.16386997521983104,-0.20786368131680463,-0.16958322127600162
2.0,-0.3605693816551917,-0.2275181046288893,-0.3287233114094703,-0.21235049416085247
-3.0,-0.3605693816551917,-0.35047127179225485,-0.4756190832994407,-0.27381641435091275
-2.0,-0.3605693816551917,-0.3300929232071375,-0.46500558593916785,-0.28155041667341124
-2.0,-0.3605693816551917,-0.36330138453664856,-0.46823932107144056,-0.37003945388943926
1.0,-0.3605693816551917,-0.1816261281986085,-0.3141961528557091,-0.21086087941070022
2.0,-0.4403420082540523,-0.19767836528747995,-0.36367864054562415,-0.04269262381038469
-3.0,-0.4403420082540523,-0.3266813306565052,-0.5320652689754105,-0.1913199976091028
-2.0,-0.4403420082540523,-0.2963363617171833,-0.5231731563487731,-0.1712051553996207
-2.0,-0.4403420082540523,-0.3567990932055087,-0.5542774045339666,-0.3122319793977111
1.0,-0.4403420082540523,-0.18462808450390836,-0.37186860904649754,-0.03646005877435832
2.0,-0.40363088564694494,-0.19767836528747995,-0.16349162384263966,-0.20297488933159477
-3.0,-0.40363088564694494,-0.3266813306565052,-0.34741581255347725,-0.3672834910586226
-2.0,-0.40363088564694494,-0.2963363617171833,-0.3063471779210668,-0.29047957773524097
-2.0,-0.40363088564694494,-0.3567990932055087,-0.3393804337774101,-0.3032101083140868
1.0,-0.40363088564694494,-0.18462808450390836,-0.18441717122698248,-0.17092069119738307
2.0,-0.5897553274970033,-0.2281914733005009,-0.2607356439861971,-0.22852059266360214
-3.0,-0.5897553274970033,-0.34992492247827645,-0.38169551947912217,-0.3551735368621839
-2.0,-0.5897553274970033,-0.31261767841404126,-0.3599708229159091,-0.3851309362356611
-2.0,-0.5897553274970033,-0.35334365512457694,-0.3728492968665316,-0.4659162834848741
1.0,-0.5897553274970033,-0.1845064846173219,-0.22571298349585714,-0.20013223905556526
1.0,-0.14511246298860522,-0.1729932242158682,-0.1685258177591102,-0.1825221723825914
-1.0,-0.14511246298860522,-0.32307396658159143,-0.24391853037878164,-0.28302560889369316
2.0,-0.14511246298860522,-0.19737270668441106,-0.15290120535322932,-0.18958295509933865
-1.0,-0.14511246298860522,-0.2900659540864225,-0.24391853037878164,-0.2695895898044877
-1.0,-0.14511246298860522,-0.23686820826878432,-0.22087569451586947,-0.2640124475773124
1.0,-0.14511246298860522,-0.16961626916116498,-0.15975641761353193,-0.18101672363980667
1.0,-0.35676514429752404,-0.16319516327238284,-0.23335989145644534,-0.17116087652304496
-1.0,-0.35676514429752404,-0.2967515375798342,-0.33914902026022553,-0.27412684788169833
2.0,-0.35676514429752404,-0.16817769498291352,-0.22617537126648873,-0.18328838910082315
-1.0,-0.35676514429752404,-0.284919423181059,-0.33525043030259283,-0.24886560399236893
-1.0,-0.35676514429752404,-0.23304138824152515,-0.31938072178995447,-0.22399976440033573
1.0,-0.35676514429752404,-0.16149594570313164,-0.22237106324401304,-0.15701297683640553
1.0,-0.3641300018748138,-0.17791731556878104,-0.30896575227561135,-0.17754368070868265
-1.0,-0.3641300018748138,-0.3050110348140433,-0.415930813894593,-0.276890385453257
2.0,-0.3641300018748138,-0.16287108406017461,-0.3133696768538515,-0.1779682519713336
-1.0,-0.3641300018748138,-0.2543049709401529,-0.41308508292139906,-0.23749183868028026
-1.0,-0.3641300018748138,-0.20214036181944237,-0.37903098212859654,-0.18508715869473516
1.0,-0.3641300018748138,-0.1969391642264339,-0.3126286827391029,-0.20700315323445204
1.0,-0.13140326070107547,-0.1846378189208287,-0.18941336594639668,-0.18662498220115384
-1.0,-0.13140326070107547,-0.2739376804008673,-0.27123165596997895,-0.3010535167843823
2.0,-0.13140326070107547,-0.2041216722666447,-0.21997689200181228,-0.2034200746879574
-1.0,-0.13140326070107547,-0.2528761557922126,-0.22958202932334293,-0.2498388501152851
-1.0,-0.13140326070107547,-0.22184684929150136,-0.25039971355749985,-0.22941827518300567
1.0,-0.13140326070107547,-0.19195996902059134,-0.19002543860515514,-0.19249441093175762
1.0,-0.03820946629547608,-0.17791731556878104,-0.08265931947143483,-0.21594498567200698
-1.0,-0.03820946629547608,-0.3050110348140433,-0.18754947871022296,-0.2806792219043741
2.0,-0.03820946629547608,-0.16287108406017461,-0.08706324404967498,-0.24549975488567122
-1.0,-0.03820946629547608,-0.2543049709401529,-0.16672652578166103,-0.3097221556186909
-1.0,-0.03820946629547608,-0.20214036181944237,-0.14561372800380795,-0.32851246328518546
1.0,-0.03820946629547608,-0.1969391642264339,-0.08632224993492632,-0.3130922531265769
1.0,-0.25524397125347326,-0.17791731556878104,-0.27177548403265306,-0.18633899746075547
-1.0,-0.25524397125347326,-0.3050110348140433,-0.3937152063514477,-0.3089736970139471
2.0,-0.25524397125347326,-0.16287108406017461,-0.2761794086108932,-0.19259144113683058
-1.0,-0.25524397125347326,-0.2543049709401529,-0.42297050861538693,-0.2739101430048815
-1.0,-0.25524397125347326,-0.20214036181944237,-0.40562286735894587,-0.22820102431949696
1.0,-0.25524397125347326,-0.1969391642264339,-0.27868178110496183,-0.21579846998652485
1.0,-0.6335246072411441,-0.21602376650684937,-0.48189241163169705,-0.10091930830044162
-1.0,-0.6335246072411441,-0.314628556686868,-0.47107690894282295,-0.21873747257568052
2.0,-0.6335246072411441,-0.19026448648870517,-0.4917297476520746,-0.11891705683533439
-1.0,-0.6335246072411441,-0.30517593488887323,-0.47107690894282295,-0.2956809064552728
-1.0,-0.6335246072411441,-0.24349384424161563,-0.44750511296387757,-0.1813576015401056
1.0,-0.6335246072411441,-0.1940751451385919,-0.478501970428883,-0.09973472472530841
1.0,-0.2429172507382297,-0.1729932242158682,-0.15783847039640356,-0.18299506352875378
-1.0,-0.2429172507382297,-0.32307396658159143,-0.2770792925261589,-0.30819044859586914
2.0,-0.2429172507382297,-0.19737270668441106,-0.17447385555627928,-0.1961021034457881
-1.0,-0.2429172507382297,-0.2900659540864225,-0.2770792925261589,-0.2834869540762583
-1.0,-0.2429172507382297,-0.23686820826878432,-0.24116983494879193,-0.2600092634449868
1.0,-0.2429172507382297,-0.16961626916116498,-0.14490428648212175,-0.17664216914256403
1.0,-0.20653898766108478,-0.18837996776808627,-0.1350811903638768,-0.22755833437403905
-1.0,-0.20653898766108478,-0.29371585643358167,-0.23132542104307013,-0.3339850451518774
2.0,-0.20653898766108478,-0.2049222304746595,-0.14227186126250968,-0.15641434841124252
-1.0,-0.20653898766108478,-0.28817623598173375,-0.23132542104307013,-0.3258758440824756
-1.0,-0.20653898766108478,-0.2134290159992434,-0.2013355526808803,-0.2710390698376485
1.0,-0.20653898766108478,-0.18137109437078697,-0.1350811903638768,-0.22983613949518808
1.0,-0.25873052937658003,-0.18837996776808627,-0.20397553771748766,-0.1785322709843771
-1.0,-0.25873052937658003,-0.29371585643358167,-0.279963706207665,-0.2933975674305791
2.0,-0.25873052937658003,-0.2049222304746595,-0.17802809879134676,-0.20786584495026364
-1.0,-0.25873052937658003,-0.28817623598173375,-0.279963706207665,-0.23147261895113583
-1.0,-0.25873052937658003,-0.2134290159992434,-0.2658388893096732,-0.2206403609380873
1.0,-0.25873052937658003,-0.18137109437078697,-0.20397553771748766,-0.16801268954127765
1.0,-0.30161093462222544,-0.18837996776808627,-0.16890798907201626,-0.26137537262987365
-1.0,-0.30161093462222544,-0.29371585643358167,-0.25567528441565623,-0.3629150960399721
2.0,-0.30161093462222544,-0.2049222304746595,-0.15746543865827703,-0.19023138666707715
-1.0,-0.30161093462222544,-0.28817623598173375,-0.25567528441565623,-0.3548058949705703
-1.0,-0.30161093462222544,-0.2134290159992434,-0.21556736640008178,-0.2999691207257432
1.0,-0.30161093462222544,-0.18137109437078697,-0.16890798907201626,-0.2636531777510227
1.0,-0.16062661556585317,-0.1729932242158682,-0.1779312545143961,-0.18381455765577856
-1.0,-0.16062661556585317,-0.32307396658159143,-0.27346233530241243,-0.3192982017468338
2.0,-0.16062661556585317,-0.19737270668441106,-0.1699897801024944,-0.20095228241307087
-1.0,-0.16062661556585317,-0.2900659540864225,-0.27346233530241243,-0.294594707227223
-1.0,-0.16062661556585317,-0.23686820826878432,-0.24783201600763022,-0.26623189030533223
1.0,-0.16062661556585317,-0.16961626916116498,-0.16499707060011426,-0.1682161046966598
1.0,-0.24957867268362927,-0.21602376650684937,-0.08836144924505274,-0.1888575238048505
-1.0,-0.24957867268362927,-0.314628556686868,-0.16405630057144036,-0.25879425786455224
2.0,-0.24957867268362927,-0.19026448648870517,-0.09583212690200278,-0.16907559254229537
-1.0,-0.24957867268362927,-0.30517593488887323,-0.16021906717371054,-0.2461591382582278
-1.0,-0.24957867268362927,-0.24349384424161563,-0.14300473484905232,-0.206994333007573
1.0,-0.24957867268362927,-0.1940751451385919,-0.08288739877030332,-0.1906079514475108
1.0,-0.20491230580635403,-0.18837996776808627,-0.159612544467619,-0.22474972125576556
-1.0,-0.20491230580635403,-0.29371585643358167,-0.2431759166822138,-0.3339850451518774
2.0,-0.20491230580635403,-0.2049222304746595,-0.16163667963051093,-0.2045645094480107
-1.0,-0.20491230580635403,-0.28817623598173375,-0.2431759166822138,-0.3258758440824756
-1.0,-0.20491230580635403,-0.2134290159992434,-0.2454047790512257,-0.2710390698376485
1.0,-0.20491230580635403,-0.18137109437078697,-0.159612544467619,-0.2270275263769146
1.0,-0.2166563644253956,-0.1729932242158682,-0.2285848502703783,-0.18702666870240553
-1.0,-0.2166563644253956,-0.32307396658159143,-0.2989202664893467,-0.30912424054001947
2.0,-0.2166563644253956,-0.19737270668441106,-0.2408907100013867,-0.20013370861943985
-1.0,-0.2166563644253956,-0.2900659540864225,-0.2989202664893467,-0.2844207460204086
-1.0,-0.2166563644253956,-0.23686820826878432,-0.2964661952584451,-0.26541331651170125
1.0,-0.2166563644253956,-0.16961626916116498,-0.24242819633482054,-0.18067377431621578
1.0,-0.4398756546690916,-0.18837996776808627,-0.31573748975897253,-0.22893126746002135
-1.0,-0.4398756546690916,-0.29371585643358167,-0.5090958508085391,-0.32856082431024186
2.0,-0.4398756546690916,-0.2049222304746595,-0.3046705585289623,-0.21150715066781148
-1.0,-0.4398756546690916,-0.28817623598173375,-0.5223555323794546,-0.2898698211460177
-1.0,-0.4398756546690916,-0.2134290159992434,-0.4395643583207747,-0.27879849022934144
1.0,-0.4398756546690916,-0.18137109437078697,-0.31573748975897253,-0.21055161494248795
1.0,-0.3150183244525,-0.18837996776808627,-0.2389661949526311,-0.21755157100634817
-1.0,-0.3150183244525,-0.29371585643358167,-0.36550171933861203,-0.2619819123906273
2.0,-0.3150183244525,-0.2049222304746595,-0.2296685733515531,-0.22602870470750483
-1.0,-0.3150183244525,-0.28817623598173375,-0.36550171933861203,-0.23862835599131862
-1.0,-0.3150183244525,-0.2134290159992434,-0.3343560213196552,-0.23940750174500433
1.0,-0.3150183244525,-0.18137109437078697,-0.2389661949526311,-0.17290574230193875
1.0,-0.2738369561170581,-0.1846378189208287,-0.19212490431733215,-0.17678659331469998
-1.0,-0.2738369561170581,-0.2739376804008673,-0.31940371090510605,-0.2808465916454542
2.0,-0.2738369561170581,-0.2041216722666447,-0.21250627307584627,-0.1971751562209298
-1.0,-0.2738369561170581,-0.2528761557922126,-0.3116981436140589,-0.24359393164825752
-1.0,-0.2738369561170581,-0.22184684929150136,-0.281493331331324,-0.21831333715493142
1.0,-0.2738369561170581,-0.19195996902059134,-0.2091496792501077,-0.18265602204530376
1.0,-0.4061329096797926,-0.1729932242158682,-0.2023364228603281,-0.18381455765577856
-1.0,-0.4061329096797926,-0.32307396658159143,-0.3382570048692433,-0.31744993557478873
2.0,-0.4061329096797926,-0.19737270668441106,-0.20807498179227688,-0.20095228241307087
-1.0,-0.4061329096797926,-0.2900659540864225,-0.3382570048692433,-0.2927464410551779
-1.0,-0.4061329096797926,-0.23686820826878432,-0.3345032649094635,-0.2643836241332871
1.0,-0.4061329096797926,-0.16961626916116498,-0.20454928982846704,-0.1682161046966598
1.0,-0.3264787089609302,-0.18173478855779115,-0.22791763722459024,-0.14682816219850395
-1.0,-0.3264787089609302,-0.2945993755156667,-0.2794224141644713,-0.24434233714749368
2.0,-0.3264787089609302,-0.15417531512236488,-0.23231382124118613,-0.14457521912629906
-1.0,-0.3264787089609302,-0.28911442111857594,-0.2794224141644713,-0.22896653119392757
-1.0,-0.3264787089609302,-0.1770969168171637,-0.27285321126158596,-0.18324586927052697
1.0,-0.3264787089609302,-0.17247182856797527,-0.22092391772370087,-0.15796754198090993
1.0,-0.22634421394030105,-0.17791731556878104,-0.14324893280352358,-0.1740420043575566
-1.0,-0.22634421394030105,-0.3050110348140433,-0.23494263196936574,-0.3021889750357136
2.0,-0.22634421394030105,-0.16287108406017461,-0.14765285738176373,-0.16717962852620796
-1.0,-0.22634421394030105,-0.2543049709401529,-0.2260092325435789,-0.2458926233511051
-1.0,-0.22634421394030105,-0.20214036181944237,-0.21530890729445837,-0.20414035993838855
1.0,-0.22634421394030105,-0.1969391642264339,-0.15516410390411772,-0.20350147688332598
1.0,-0.34442672348862574,-0.18173478855779115,-0.26558854894953093,-0.19353829858952282
-1.0,-0.34442672348862574,-0.2945993755156667,-0.39672485427358767,-0.30035238028045474
2.0,-0.34442672348862574,-0.15417531512236488,-0.2664377404423972,-0.20571000302012818
-1.0,-0.34442672348862574,-0.28911442111857594,-0.39672485427358767,-0.29211433027563344
-1.0,-0.34442672348862574,-0.1770969168171637,-0.3274739401574582,-0.24021062793330022
1.0,-0.34442672348862574,-0.17247182856797527,-0.25643909088866407,-0.19097643296237624
1.0,-0.3185476314676869,-0.1846990869763644,-0.28079001019495475,-0.2022867509915623
1.0,-0.3185476314676869,-0.3223959327849322,-0.2788992041047322,-0.2554614892959946
-3.0,-0.3185476314676869,-0.19090110342258523,-0.3060089269419794,-0.20728111972910712
0.0,-0.3185476314676869,-0.2291474712532217,-0.2812704492830104,-0.18336793689215358
1.0,-0.3185476314676869,-0.2069768522435728,-0.2998474818272139,-0.20286718752940128
0.0,-0.3185476314676869,-0.2094526980444235,-0.2696535401892912,-0.19636626985345312
-2.0,-0.3185476314676869,-0.28167144154953977,-0.3538608901661671,-0.26819858511039596
1.0,-0.3682734953502223,-0.1891820591584253,-0.2691878963583886,-0.2241435683977342
1.0,-0.3682734953502223,-0.3331797632767926,-0.24659669678078458,-0.29871748203897003
-3.0,-0.3682734953502223,-0.1655121339680992,-0.27008048597494744,-0.24493384661092377
0.0,-0.3682734953502223,-0.2243783428521218,-0.27180574394364254,-0.2259629039627411
1.0,-0.3682734953502223,-0.2092632113578886,-0.2616846419618883,-0.25077408771686827
0.0,-0.3682734953502223,-0.22739296310655985,-0.2683117743710502,-0.267375276544725
-2.0,-0.3682734953502223,-0.23350462339287972,-0.32612886107753786,-0.25850935237832273
1.0,-0.37178918067685335,-0.13187227697129522,-0.18722703769153343,-0.1339452986831075
1.0,-0.37178918067685335,-0.3117344509174294,-0.21571904433590278,-0.26109616707681266
-3.0,-0.37178918067685335,-0.1404332930874412,-0.19020810371442295,-0.12640421492144707
0.0,-0.37178918067685335,-0.23679452408996138,-0.1815787822924282,-0.18730750304706228
1.0,-0.37178918067685335,-0.21376910746098138,-0.2079695999034423,-0.21951411274313531
0.0,-0.37178918067685335,-0.1939512718080184,-0.1976456080897734,-0.15988548974717484
-2.0,-0.37178918067685335,-0.24354718245721857,-0.2858815087917655,-0.22483193491998663
1.0,-0.3659743530036559,-0.1424684600698949,-0.1961364973761073,-0.16051606283100672
1.0,-0.3659743530036559,-0.3312282929015869,-0.23318859454456917,-0.24088607492066502
-3.0,-0.3659743530036559,-0.18623678665067075,-0.20263235941310484,-0.21427554344354632
0.0,-0.3659743530036559,-0.24573699235577565,-0.22665402904292892,-0.22339937222430098
1.0,-0.3659743530036559,-0.17939559017215387,-0.2116702152530458,-0.17988405621548165
0.0,-0.3659743530036559,-0.2027499812533634,-0.20969685050620845,-0.19616447573597073
-2.0,-0.3659743530036559,-0.24572584398308933,-0.24820931224817597,-0.23494143090614805
1.0,-0.2642695850434276,-0.1846990869763644,-0.36919237282075756,-0.183435125562613
1.0,-0.2642695850434276,-0.3223959327849322,-0.36183798875768985,-0.2460285298264689
-3.0,-0.2642695850434276,-0.19090110342258523,-0.5269174964360918,-0.18193542234400484
0.0,-0.2642695850434276,-0.2291474712532217,-0.3642092339359681,-0.17054687847308117
1.0,-0.2642695850434276,-0.2069768522435728,-0.3922362338044862,-0.18616995453826637
0.0,-0.2642695850434276,-0.2094526980444235,-0.35803040759567156,-0.18230557396270328
-2.0,-0.2642695850434276,-0.28167144154953977,-0.5657951574936481,-0.31103855880012815
1.0,-0.08591532414123561,-0.18867219873505672,-0.15133813281985392,-0.24010320333229812
1.0,-0.08591532414123561,-0.3456566864046793,-0.191879046146254,-0.41827933170671433
-3.0,-0.08591532414123561,-0.18635800387395435,-0.1049193234092721,-0.23921015106744373
0.0,-0.08591532414123561,-0.24942555851282627,-0.15686816404561124,-0.2852849461568452
1.0,-0.08591532414123561,-0.23343661617548678,-0.15133813281985392,-0.3067592664914001
0.0,-0.08591532414123561,-0.24453952171236493,-0.14822555324289477,-0.33654957449438955
-2.0,-0.08591532414123561,-0.2781584124362156,-0.19032980646314454,-0.36803984484825764
1.0,-0.1807852662107956,-0.1891820591584253,-0.205703091911769,-0.189191918285647
1.0,-0.1807852662107956,-0.3331797632767926,-0.205703091911769,-0.2861680932226626
-3.0,-0.1807852662107956,-0.1655121339680992,-0.13997601425533404,-0.14015913412496256
0.0,-0.1807852662107956,-0.2243783428521218,-0.19957160148337721,-0.20253381827220304
1.0,-0.1807852662107956,-0.2092632113578886,-0.205703091911769,-0.20758418153203043
0.0,-0.1807852662107956,-0.22739296310655985,-0.20356372276518098,-0.22154288228314392
-2.0,-0.1807852662107956,-0.23350462339287972,-0.21140903613894904,-0.2563136091035291
1.0,-0.04833540193785001,-0.18867219873505672,-0.17732291136646577,-0.2492740016157315
1.0,-0.04833540193785001,-0.3456566864046793,-0.21309734836361752,-0.4274501299901477
-3.0,-0.04833540193785001,-0.18635800387395435,-0.15184321165000536,-0.26405469606276855
0.0,-0.04833540193785001,-0.24942555851282627,-0.17155856129485283,-0.29445574444027856
1.0,-0.04833540193785001,-0.23343661617548678,-0.17732291136646577,-0.3159300647748335
0.0,-0.04833540193785001,-0.24453952171236493,-0.20028803977286264,-0.3457203727778229
-2.0,-0.04833540193785001,-0.2781584124362156,-0.234339975232038,-0.377210643131691
1.0,-0.24311837118847346,-0.15500105068923437,-0.20751675403151731,-0.16085111380526643
1.0,-0.24311837118847346,-0.27954868321443255,-0.21499984507683895,-0.25342660828922586
-3.0,-0.24311837118847346,-0.1734706603039054,-0.17527807683231902,-0.15387441548042574
0.0,-0.24311837118847346,-0.2341098724280541,-0.21072226399494834,-0.21663265062282072
1.0,-0.24311837118847346,-0.19668352075079074,-0.2146794432997064,-0.20133310759477344
0.0,-0.24311837118847346,-0.19697882198999145,-0.20632246142662042,-0.19099357842578973
-2.0,-0.24311837118847346,-0.2254805333314718,-0.241336588033947,-0.23390838834851949
1.0,-0.10549920716086113,-0.15535861727785052,-0.1517308181339347,-0.24003720023552774
1.0,-0.10549920716086113,-0.27389170005842284,-0.1520613145614967,-0.3620276274880055
-3.0,-0.10549920716086113,-0.1523423940317934,-0.15093780213687655,-0.19336681693987426
0.0,-0.10549920716086113,-0.24009049185903575,-0.1520613145614967,-0.2816681136088119
1.0,-0.10549920716086113,-0.19567046895523726,-0.1514446514514349,-0.27966652539086373
0.0,-0.10549920716086113,-0.1781595243694859,-0.13161882868044564,-0.26072361678065353
-2.0,-0.10549920716086113,-0.24353412750411338,-0.22262813352596938,-0.27557367753004536
1.0,-0.09577041630065448,-0.1891820591584253,-0.23586118256326083,-0.1930648366690357
1.0,-0.09577041630065448,-0.3331797632767926,-0.22960409586570169,-0.27973731516020517
-3.0,-0.09577041630065448,-0.1655121339680992,-0.25046244214453206,-0.19124830433735046
0.0,-0.09577041630065448,-0.2243783428521218,-0.23009337561491655,-0.20032016971893232
1.0,-0.09577041630065448,-0.2092632113578886,-0.23586118256326083,-0.21532451385623883
0.0,-0.09577041630065448,-0.22739296310655985,-0.2337218134166728,-0.23192570268409554
-2.0,-0.09577041630065448,-0.23350462339287972,-0.2915625187763478,-0.2693444062196388
1.0,-0.1853248149920391,-0.1846990869763644,-0.14092195825519807,-0.2031210457198142
1.0,-0.1853248149920391,-0.3223959327849322,-0.14666774425130397,-0.2562957840242468
-3.0,-0.1853248149920391,-0.19090110342258523,-0.12229456608852608,-0.21952450408478158
0.0,-0.1853248149920391,-0.2291474712532217,-0.12534250657235632,-0.23802594606514452
1.0,-0.1853248149920391,-0.2069768522435728,-0.13113216235630645,-0.22733746092197288
0.0,-0.1853248149920391,-0.2094526980444235,-0.13113216235630645,-0.22771772194125878
-2.0,-0.1853248149920391,-0.28167144154953977,-0.20431859974584599,-0.3354720951186167
1.0,-0.07779696827551857,-0.1891820591584253,-0.21782454259397732,-0.1930648366690357
1.0,-0.07779696827551857,-0.3331797632767926,-0.21782454259397732,-0.27973731516020517
-3.0,-0.07779696827551857,-0.1655121339680992,-0.2260597343191907,-0.1676633969491198
0.0,-0.07779696827551857,-0.2243783428521218,-0.21831382234319222,-0.19974416929054772
1.0,-0.07779696827551857,-0.2092632113578886,-0.21782454259397732,-0.21532451385623883
0.0,-0.07779696827551857,-0.22739296310655985,-0.2156851734473893,-0.23192570268409554
-2.0,-0.07779696827551857,-0.23350462339287972,-0.26715981095100627,-0.2693444062196388
1.0,-0.17817923001790245,-0.15076439052234156,-0.2447500244460541,-0.1462083688836108
1.0,-0.17817923001790245,-0.31868502765022816,-0.2644453967973743,-0.2473379119067123
-3.0,-0.17817923001790245,-0.1787532744717101,-0.2291099356087931,-0.19276896354188122
0.0,-0.17817923001790245,-0.24076026374995452,-0.24864134956295542,-0.19529282668596337
1.0,-0.17817923001790245,-0.20484325045511034,-0.2447500244460541,-0.20918954859739522
0.0,-0.17817923001790245,-0.2172833123351961,-0.2447500244460541,-0.20126291264144083
-2.0,-0.17817923001790245,-0.2572456545400185,-0.2963522562559609,-0.2958890439840586
1.0,-0.17722489327785584,-0.1891820591584253,-0.15932243115912836,-0.2046477075875083
1.0,-0.17722489327785584,-0.3331797632767926,-0.15932243115912836,-0.2708526234756788
-3.0,-0.17722489327785584,-0.1655121339680992,-0.18173901611689564,-0.18072755580201577
0.0,-0.17722489327785584,-0.2243783428521218,-0.15981171090834326,-0.20615549541325795
1.0,-0.17722489327785584,-0.2092632113578886,-0.15932243115912836,-0.2112058586730853
0.0,-0.17722489327785584,-0.22739296310655985,-0.15718306201254034,-0.2251645594241988
-2.0,-0.17722489327785584,-0.23350462339287972,-0.23112313489332897,-0.2807088822471993
1.0,-0.1679171267482448,-0.1846990869763644,-0.22810980760755334,-0.20774259649047358
1.0,-0.1679171267482448,-0.3223959327849322,-0.22332091272009452,-0.2609173347949059
-3.0,-0.1679171267482448,-0.19090110342258523,-0.17026127713326297,-0.1628175679570201
0.0,-0.1679171267482448,-0.2291474712532217,-0.22225595899700312,-0.2386031391523457
1.0,-0.1679171267482448,-0.2069768522435728,-0.22239023036872102,-0.20832303302831254
0.0,-0.1679171267482448,-0.2094526980444235,-0.21889035244938587,-0.2018221153523644
-2.0,-0.1679171267482448,-0.28167144154953977,-0.23280732297728196,-0.2831107008113204
1.0,-0.5690574392145427,-0.15535861727785052,-0.299015640435156,-0.16161699456987458
1.0,-0.5690574392145427,-0.27389170005842284,-0.31006697321210247,-0.2758983562035511
-3.0,-0.5690574392145427,-0.1523423940317934,-0.44511663484536246,-0.24530567962662647
0.0,-0.5690574392145427,-0.24009049185903575,-0.3051106329292671,-0.23669631125104237
1.0,-0.5690574392145427,-0.19567046895523726,-0.2987294737526562,-0.21205344869028675
0.0,-0.5690574392145427,-0.1781595243694859,-0.28440322725552425,-0.19809530259074395
-2.0,-0.5690574392145427,-0.24353412750411338,-0.45574959266176907,-0.2825145396516547
1.0,-0.2305505446032414,-0.1891820591584253,-0.2384246256070947,-0.1930648366690357
1.0,-0.2305505446032414,-0.3331797632767926,-0.2384246256070947,-0.293908425546871
-3.0,-0.2305505446032414,-0.1655121339680992,-0.2604247704560189,-0.12603143653262117
0.0,-0.2305505446032414,-0.2243783428521218,-0.23229313517870295,-0.19974416929054772
1.0,-0.2305505446032414,-0.2092632113578886,-0.2289845309358972,-0.21532451385623883
0.0,-0.2305505446032414,-0.22739296310655985,-0.2137138541400943,-0.23192570268409554
-2.0,-0.2305505446032414,-0.23350462339287972,-0.3032971966777488,-0.26669642950448064
1.0,-0.22850475491507208,-0.1579493719678662,-0.2614475805082706,-0.18685441053072363
1.0,-0.22850475491507208,-0.32560944934733144,-0.29358405505894497,-0.26910785734847087
-3.0,-0.22850475491507208,-0.1663943715419075,-0.3213350776736009,-0.19366350428561607
0.0,-0.22850475491507208,-0.2337728550915391,-0.285018285557243,-0.2227750135791347
1.0,-0.22850475491507208,-0.21791777572329182,-0.28098450886089454,-0.2212084483655993
0.0,-0.22850475491507208,-0.20818929811155237,-0.2712590421382287,-0.21116497242033067
-2.0,-0.22850475491507208,-0.24849524084311495,-0.38918757307353413,-0.315815315358555
1.0,-0.08201790975102298,-0.13187227697129522,-0.2628474371739913,-0.1119899109147763
1.0,-0.08201790975102298,-0.3117344509174294,-0.273428373567478,-0.26044035214895006
-3.0,-0.08201790975102298,-0.1404332930874412,-0.23570467712683468,-0.1685754699226314
0.0,-0.08201790975102298,-0.23679452408996138,-0.29345999887194096,-0.21463830889076263
1.0,-0.08201790975102298,-0.21376910746098138,-0.26241055463056223,-0.22261570586708135
0.0,-0.08201790975102298,-0.1939512718080184,-0.22784429008268658,-0.1885153602490311
-2.0,-0.08201790975102298,-0.24354718245721857,-0.31419777572140356,-0.24710370350775068
1.0,-0.10442886338691844,-0.13187227697129522,-0.19829258002951106,-0.1387668531143627
1.0,-0.10442886338691844,-0.3117344509174294,-0.21671781332716655,-0.26109616707681266
-3.0,-0.10442886338691844,-0.1404332930874412,-0.1327962624626583,-0.12773958202148122
0.0,-0.10442886338691844,-0.23679452408996138,-0.16555375390005228,-0.20094617256169917
1.0,-0.10442886338691844,-0.21376910746098138,-0.20896836889470607,-0.21453462976948903
0.0,-0.10442886338691844,-0.1939512718080184,-0.19864437708103722,-0.15666913924003079
-2.0,-0.10442886338691844,-0.24354718245721857,-0.23450501549293779,-0.22483193491998663
1.0,-0.12465202597459371,-0.15535861727785052,-0.29083278713885935,-0.1334222544766391
1.0,-0.12465202597459371,-0.27389170005842284,-0.3018841199158057,-0.2142634318320247
-3.0,-0.12465202597459371,-0.1523423940317934,-0.3150049004549248,-0.1793148189004312
0.0,-0.12465202597459371,-0.24009049185903575,-0.3018841199158057,-0.18428863174978677
1.0,-0.12465202597459371,-0.19567046895523726,-0.29054662045635954,-0.17901948854554123
0.0,-0.12465202597459371,-0.1781595243694859,-0.2762203739592276,-0.16371396649423847
-2.0,-0.12465202597459371,-0.24353412750411338,-0.36976628735277517,-0.22140432755399772
1.0,-0.14671943140391955,-0.15535861727785052,-0.15228452304521575,-0.13049515879834217
1.0,-0.14671943140391955,-0.27389170005842284,-0.1633331109581829,-0.23822223853569088
-3.0,-0.14671943140391955,-0.1523423940317934,-0.12179801750692229,-0.14797865093297036
0.0,-0.14671943140391955,-0.24009049185903575,-0.15680149928153916,-0.22013650000323448
1.0,-0.14671943140391955,-0.19567046895523726,-0.17149930246406334,-0.17609239286724432
0.0,-0.14671943140391955,-0.1781595243694859,-0.1345607289733632,-0.15714948425703404
-2.0,-0.14671943140391955,-0.24353412750411338,-0.21720824840344477,-0.2218707090914708
1.0,-0.1662800543272149,-0.1846990869763644,-0.21302290745267535,-0.21468357694539464
1.0,-0.1662800543272149,-0.3223959327849322,-0.20823401256521656,-0.267858315249827
-3.0,-0.1662800543272149,-0.19090110342258523,-0.18325970034910416,-0.226808633675492
0.0,-0.1662800543272149,-0.2291474712532217,-0.19611916582625477,-0.24554411960726677
1.0,-0.1662800543272149,-0.2069768522435728,-0.2081957496009295,-0.2152640134832336
0.0,-0.1662800543272149,-0.2094526980444235,-0.20829422106301618,-0.20876309580728547
-2.0,-0.1662800543272149,-0.28167144154953977,-0.25001678911237524,-0.29290808821590936
1.0,-0.15399204359275373,-0.13187227697129522,-0.22824309543186308,-0.14748090268425706
1.0,-0.15399204359275373,-0.3117344509174294,-0.26073291507412716,-0.25201500703026447
-3.0,-0.15399204359275373,-0.1404332930874412,-0.19848584482759324,-0.20527090402689063
0.0,-0.15399204359275373,-0.23679452408996138,-0.24801962107847417,-0.20633067398267602
1.0,-0.15399204359275373,-0.21376910746098138,-0.25298347064166665,-0.22753623709061377
0.0,-0.15399204359275373,-0.1939512718080184,-0.24265947882799777,-0.19343589147256351
-2.0,-0.15399204359275373,-0.24354718245721857,-0.2753596841938969,-0.2773887398886731
1.0,-0.08654755588057761,-0.1424684600698949,-0.09290970656995616,-0.21774878091973737
1.0,-0.08654755588057761,-0.3312282929015869,-0.11431183850016179,-0.30202170204318113
-3.0,-0.08654755588057761,-0.18623678665067075,-0.0870141290127685,-0.22443041386161236
0.0,-0.08654755588057761,-0.24573699235577565,-0.10777727299852152,-0.2670428673073472
1.0,-0.08654755588057761,-0.17939559017215387,-0.1020238742517824,-0.23318288082839594
0.0,-0.08654755588057761,-0.2027499812533634,-0.10005050950494507,-0.23440216186635496
-2.0,-0.08654755588057761,-0.24572584398308933,-0.1279395041805264,-0.2761249632488644
1.0,-0.11169654003755049,-0.1846990869763644,-0.10267714644072723,-0.2031210457198142
1.0,-0.11169654003755049,-0.3223959327849322,-0.10842293243683312,-0.2562957840242468
-3.0,-0.11169654003755049,-0.19090110342258523,-0.09333442851048203,-0.21952450408478158
0.0,-0.11169654003755049,-0.2291474712532217,-0.09630808569787135,-0.23802594606514452
1.0,-0.11169654003755049,-0.2069768522435728,-0.10267714644072723,-0.22733746092197288
0.0,-0.11169654003755049,-0.2094526980444235,-0.10267714644072723,-0.22771772194125878
-2.0,-0.11169654003755049,-0.28167144154953977,-0.1809957804402105,-0.3354720951186167
1.0,-0.11144053076288571,-0.1891820591584253,-0.20955047499826704,-0.1930648366690357
1.0,-0.11144053076288571,-0.3331797632767926,-0.20955047499826704,-0.27973731516020517
-3.0,-0.11144053076288571,-0.1655121339680992,-0.15465132358744765,-0.1676633969491198
0.0,-0.11144053076288571,-0.2243783428521218,-0.20341898456987526,-0.19974416929054772
1.0,-0.11144053076288571,-0.2092632113578886,-0.20955047499826704,-0.21532451385623883
0.0,-0.11144053076288571,-0.22739296310655985,-0.20741110585167902,-0.23192570268409554
-2.0,-0.11144053076288571,-0.23350462339287972,-0.23476383074499568,-0.2693444062196388
1.0,-0.2131594837717893,-0.15076439052234156,-0.2511907431484782,-0.14303048671547477
1.0,-0.2131594837717893,-0.31868502765022816,-0.27774758791434073,-0.24602388905915007
-3.0,-0.2131594837717893,-0.1787532744717101,-0.2969893593523856,-0.14645900719836485
0.0,-0.2131594837717893,-0.24076026374995452,-0.26194354067992187,-0.19114605473029803
1.0,-0.2131594837717893,-0.20484325045511034,-0.2580522155630205,-0.17690390587748636
0.0,-0.2131594837717893,-0.2172833123351961,-0.2580522155630205,-0.17480186132743428
-2.0,-0.2131594837717893,-0.2572456545400185,-0.355541509941917,-0.24822909343988797
1.0,-0.24701397667407501,-0.1424684600698949,-0.23434103017675073,-0.17712421497748398
1.0,-0.24701397667407501,-0.3312282929015869,-0.24124236382232603,-0.2574942270671422
-3.0,-0.24701397667407501,-0.18623678665067075,-0.25044679706056183,-0.22153549891054697
0.0,-0.24701397667407501,-0.24573699235577565,-0.23470779832068578,-0.24000752437077824
1.0,-0.24701397667407501,-0.17939559017215387,-0.24345519785857697,-0.19993742936120923
0.0,-0.24701397667407501,-0.2027499812533634,-0.24148183311173962,-0.20342443120297138
-2.0,-0.24701397667407501,-0.24572584398308933,-0.27114647928191543,-0.24879440905769637
1.0,-0.2274328557505127,-0.1846990869763644,-0.21484342948613985,-0.21468357694539464
1.0,-0.2274328557505127,-0.3223959327849322,-0.22058921548224575,-0.267858315249827
-3.0,-0.2274328557505127,-0.19090110342258523,-0.21583510178722662,-0.226808633675492
0.0,-0.2274328557505127,-0.2291474712532217,-0.20847436874328396,-0.24554411960726677
1.0,-0.2274328557505127,-0.2069768522435728,-0.21484342948613985,-0.2152640134832336
0.0,-0.2274328557505127,-0.2094526980444235,-0.21484342948613985,-0.20876309580728547
-2.0,-0.2274328557505127,-0.28167144154953977,-0.2896580383190989,-0.29290808821590936
1.0,-0.42610679220405084,-0.1846990869763644,-0.15195609798036852,-0.20774259649047358
1.0,-0.42610679220405084,-0.3223959327849322,-0.15770188397647442,-0.2609173347949059
-3.0,-0.42610679220405084,-0.19090110342258523,-0.18461346759526845,-0.1628175679570201
0.0,-0.42610679220405084,-0.2291474712532217,-0.1511334353182377,-0.2386031391523457
1.0,-0.42610679220405084,-0.2069768522435728,-0.15195609798036852,-0.20832303302831254
0.0,-0.42610679220405084,-0.2094526980444235,-0.1637372424208665,-0.2018221153523644
-2.0,-0.42610679220405084,-0.28167144154953977,-0.24280683661355518,-0.28636411999418304
1.0,-0.21663882228929396,-0.1579493719678662,-0.2461666794968178,-0.18432108407163056
1.0,-0.21663882228929396,-0.32560944934733144,-0.2510748338435512,-0.26223953812546646
-3.0,-0.21663882228929396,-0.1663943715419075,-0.22829888002280674,-0.19264443341538492
0.0,-0.21663882228929396,-0.2337728550915391,-0.25490921580233994,-0.22770394691123802
1.0,-0.21663882228929396,-0.21791777572329182,-0.24633683729696867,-0.2243562400383168
0.0,-0.21663882228929396,-0.20818929811155237,-0.22803026526327677,-0.21431276409304817
-2.0,-0.21663882228929396,-0.24849524084311495,-0.301827380469477,-0.28705666692763576
1.0,-0.3417160554312503,-0.14350295938075355,-0.22236247024209665,-0.16612881667955207
1.0,-0.3417160554312503,-0.31640514378148876,-0.28349916722045726,-0.3282205559579789
-3.0,-0.3417160554312503,-0.1648678981717974,-0.19475509923440584,-0.22959690927822332
0.0,-0.3417160554312503,-0.22236927552953892,-0.24723521396966563,-0.21574791422815193
1.0,-0.3417160554312503,-0.19981170556084124,-0.22971348696664903,-0.21891113419020553
0.0,-0.3417160554312503,-0.19052502638452876,-0.2271026444877467,-0.2189489463701202
-2.0,-0.3417160554312503,-0.232053100800658,-0.24336582659579895,-0.2635634194145411
1.0,-0.3433678790410229,-0.1424684600698949,-0.168503156220645,-0.17817581592024714
1.0,-0.3433678790410229,-0.3312282929015869,-0.1828269693445161,-0.256962995238945
-3.0,-0.3433678790410229,-0.18623678665067075,-0.18543099356204926,-0.184304410103597
0.0,-0.3433678790410229,-0.24573699235577565,-0.17629240384287584,-0.239476292542581
1.0,-0.3433678790410229,-0.17939559017215387,-0.1776173239024712,-0.1813379080794577
0.0,-0.3433678790410229,-0.2027499812533634,-0.18313921364313746,-0.18255718911741672
-2.0,-0.3433678790410229,-0.24572584398308933,-0.23873711056437116,-0.24601945316551005
1.0,-0.22176419487226554,-0.1579493719678662,-0.10503799817653316,-0.17735262977358796
1.0,-0.22176419487226554,-0.32560944934733144,-0.11740332805816567,-0.3013571395002445
-3.0,-0.22176419487226554,-0.1663943715419075,-0.12594600808500295,-0.18416172352848037
0.0,-0.22176419487226554,-0.2337728550915391,-0.10966743186180128,-0.213273232821999
1.0,-0.22176419487226554,-0.21791777572329182,-0.10939209955519222,-0.2117066676084636
0.0,-0.22176419487226554,-0.20818929811155237,-0.1285212160275747,-0.20166319166319496
-2.0,-0.22176419487226554,-0.24849524084311495,-0.19388805310866744,-0.3102703898740873
1.0,-0.30931196679123774,-0.14350295938075355,-0.17812129875445196,-0.1404029014086732
1.0,-0.30931196679123774,-0.31640514378148876,-0.19947122045427726,-0.3055924539166014
-3.0,-0.30931196679123774,-0.1648678981717974,-0.18929014601964947,-0.13881905445295373
0.0,-0.30931196679123774,-0.22236927552953892,-0.16320726720348563,-0.1983897813750939
1.0,-0.30931196679123774,-0.19981170556084124,-0.18547231547900436,-0.19318521891932666
0.0,-0.30931196679123774,-0.19052502638452876,-0.18547231547900436,-0.19632084432874272
-2.0,-0.30931196679123774,-0.232053100800658,-0.21022526124187704,-0.2409353173731635
1.0,-0.2525248560856711,-0.14350295938075355,-0.2536953541055247,-0.14044344293843627
1.0,-0.2525248560856711,-0.31640514378148876,-0.2691406132344814,-0.22240481372330456
-3.0,-0.2525248560856711,-0.1648678981717974,-0.21581479174890492,-0.17747098391735835
0.0,-0.2525248560856711,-0.22236927552953892,-0.23287665998368987,-0.18562746207363467
1.0,-0.2525248560856711,-0.19981170556084124,-0.2610463708300769,-0.19322576044908973
0.0,-0.2525248560856711,-0.19052502638452876,-0.25843552835117456,-0.1932635726290044
-2.0,-0.2525248560856711,-0.232053100800658,-0.2664291764388947,-0.21963666110958904
1.0,-0.20696127792399124,-0.1424684600698949,-0.16954433311185993,-0.17817581592024714
1.0,-0.20696127792399124,-0.3312282929015869,-0.18913516013215628,-0.256962995238945
-3.0,-0.20696127792399124,-0.18623678665067075,-0.19882113644910587,-0.184304410103597
0.0,-0.20696127792399124,-0.24573699235577565,-0.18260059463051603,-0.239476292542581
1.0,-0.20696127792399124,-0.17939559017215387,-0.17865850079368614,-0.1813379080794577
0.0,-0.20696127792399124,-0.2027499812533634,-0.1766851360468488,-0.18255718911741672
-2.0,-0.20696127792399124,-0.24572584398308933,-0.2516875903883309,-0.24601945316551005
1.0,-0.19675026893838413,-0.14350295938075355,-0.10728971843984905,-0.15638207778797591
1.0,-0.19675026893838413,-0.31640514378148876,-0.12806355169798303,-0.2889235760886183
-3.0,-0.19675026893838413,-0.1648678981717974,-0.14058896603586804,-0.12540103206153713
0.0,-0.19675026893838413,-0.22236927552953892,-0.11204255916001483,-0.24980136842571476
1.0,-0.19675026893838413,-0.19981170556084124,-0.11464073516440143,-0.19418646808692328
0.0,-0.19675026893838413,-0.19052502638452876,-0.11202989268549907,-0.19464914162569827
-2.0,-0.19675026893838413,-0.232053100800658,-0.202167991116754,-0.19469800774639812
1.0,-0.19483937538729013,-0.14350295938075355,-0.16688314850412014,-0.13660454946293946
1.0,-0.19483937538729013,-0.31640514378148876,-0.1935616443331226,-0.3017941019708677
-3.0,-0.19483937538729013,-0.1648678981717974,-0.14868049867968847,-0.13502070250721998
0.0,-0.19483937538729013,-0.22236927552953892,-0.17754065179515446,-0.2675879922025697
1.0,-0.19483937538729013,-0.19981170556084124,-0.17423416522867252,-0.18938686697359292
0.0,-0.19483937538729013,-0.19052502638452876,-0.17162332274977019,-0.19252249238300898
-2.0,-0.19483937538729013,-0.232053100800658,-0.2219460517254555,-0.23713696542742976
1.0,-0.16975349027595674,-0.15535861727785052,-0.29689641452901677,-0.2238698520359716
1.0,-0.16975349027595674,-0.27389170005842284,-0.29097633765774117,-0.3533746561828301
-3.0,-0.16975349027595674,-0.1523423940317934,-0.42329243230965835,-0.32278197960590554
0.0,-0.16975349027595674,-0.24009049185903575,-0.29097633765774117,-0.30849852657554777
1.0,-0.16975349027595674,-0.19567046895523726,-0.31447310763562547,-0.2895297486695659
0.0,-0.16975349027595674,-0.1781595243694859,-0.2788706225805136,-0.2755716025700231
-2.0,-0.16975349027595674,-0.24353412750411338,-0.43571520309425965,-0.36041212894744173
1.0,-0.2867309056137776,-0.18867219873505672,-0.21501209707622923,-0.14927676212306626
1.0,-0.2867309056137776,-0.3456566864046793,-0.2403315713736456,-0.27096629836066566
-3.0,-0.2867309056137776,-0.18635800387395435,-0.2202428706475395,-0.17147221044284439
0.0,-0.2867309056137776,-0.24942555851282627,-0.20532068927300312,-0.23253318921657878
1.0,-0.2867309056137776,-0.23343661617548678,-0.21501209707622923,-0.2243478830333786
0.0,-0.2867309056137776,-0.24453952171236493,-0.2260959476717845,-0.21333619766788442
-2.0,-0.2867309056137776,-0.2781584124362156,-0.24754676279914575,-0.26265517156959217
1.0,-0.26539304872366093,-0.1846990869763644,-0.1780970428196892,-0.20774259649047358
1.0,-0.26539304872366093,-0.3223959327849322,-0.18384282881579508,-0.2609173347949059
-3.0,-0.26539304872366093,-0.19090110342258523,-0.16649147339209194,-0.1831868063273415
0.0,-0.26539304872366093,-0.2291474712532217,-0.1717279820768333,-0.2386031391523457
1.0,-0.26539304872366093,-0.2069768522435728,-0.1780970428196892,-0.20832303302831254
0.0,-0.26539304872366093,-0.2094526980444235,-0.1780970428196892,-0.2018221153523644
-2.0,-0.26539304872366093,-0.28167144154953977,-0.24596890343327502,-0.2831107008113204
1.0,-0.20199055280854566,-0.14350295938075355,-0.05520792893870774,-0.2392725662998249
1.0,-0.20199055280854566,-0.31640514378148876,-0.06863074547228933,-0.37574680822503775
-3.0,-0.20199055280854566,-0.1648678981717974,-0.06222106566354295,-0.24122637704053945
0.0,-0.20199055280854566,-0.22236927552953892,-0.05260975293432123,-0.25400475304491693
1.0,-0.20199055280854566,-0.19981170556084124,-0.05520792893870774,-0.28469789151600405
0.0,-0.20199055280854566,-0.19052502638452876,-0.052597086459805445,-0.33411317888300734
-2.0,-0.20199055280854566,-0.232053100800658,-0.11665541014012057,-0.29711773957139903
1.0,-0.2030082200796412,-0.15535861727785052,-0.03819606617566872,-0.30885721947930794
1.0,-0.2030082200796412,-0.27389170005842284,-0.038526562603230764,-0.3868391324763008
-3.0,-0.2030082200796412,-0.1523423940317934,-0.01664195260443676,-0.24131631322190064
0.0,-0.2030082200796412,-0.24009049185903575,-0.038526562603230764,-0.3766452222837093
1.0,-0.2030082200796412,-0.19567046895523726,-0.03790989949316891,-0.2955368589297939
0.0,-0.2030082200796412,-0.1781595243694859,-0.023583652996037062,-0.29390689778778994
-2.0,-0.2030082200796412,-0.24353412750411338,-0.09705550445690667,-0.326221178820218
1.0,-0.24845762783871223,-0.1424684600698949,-0.24392176185239195,-0.15853010297110065
1.0,-0.24845762783871223,-0.3312282929015869,-0.24523034714966685,-0.23609717806455952
-3.0,-0.24845762783871223,-0.18623678665067075,-0.3211232454722173,-0.18085943608578395
0.0,-0.24845762783871223,-0.24573699235577565,-0.23869578164802663,-0.21473293835978516
1.0,-0.24845762783871223,-0.17939559017215387,-0.25303592953421816,-0.18171777788625174
0.0,-0.24845762783871223,-0.2027499812533634,-0.2510625647873808,-0.19475366868003693
-2.0,-0.24845762783871223,-0.24572584398308933,-0.35710496113700657,-0.24807285260695597
1.0,-0.263875863074809,-0.18867219873505672,-0.20891263955495856,-0.14927676212306626
1.0,-0.263875863074809,-0.3456566864046793,-0.24945355288135865,-0.27096629836066566
-3.0,-0.263875863074809,-0.18635800387395435,-0.19646209678136892,-0.17147221044284439
0.0,-0.263875863074809,-0.24942555851282627,-0.21444267078071588,-0.23253318921657878
1.0,-0.263875863074809,-0.23343661617548678,-0.20891263955495856,-0.2243478830333786
0.0,-0.263875863074809,-0.24453952171236493,-0.23664424429060377,-0.21333619766788442
-2.0,-0.263875863074809,-0.2781584124362156,-0.28479664051227954,-0.26265517156959217
1.0,-0.23183979663057305,-0.1891820591584253,-0.22346597471853488,-0.1930648366690357
1.0,-0.23183979663057305,-0.3331797632767926,-0.22346597471853488,-0.27973731516020517
-3.0,-0.23183979663057305,-0.1655121339680992,-0.2353653751778469,-0.20008848146169517
0.0,-0.23183979663057305,-0.2243783428521218,-0.23593571139272265,-0.20032016971893232
1.0,-0.23183979663057305,-0.2092632113578886,-0.22346597471853488,-0.22321807668022356
0.0,-0.23183979663057305,-0.22739296310655985,-0.22132660557194686,-0.23981926550808028
-2.0,-0.23183979663057305,-0.23350462339287972,-0.27646545180966264,-0.2693444062196388
1.0,-0.31583266090944834,-0.1424684600698949,-0.2190016924532727,-0.18299879662263346
1.0,-0.31583266090944834,-0.3312282929015869,-0.25010039997094613,-0.2633688087122915
-3.0,-0.31583266090944834,-0.18623678665067075,-0.24956398995908857,-0.22741008055569645
0.0,-0.31583266090944834,-0.24573699235577565,-0.24356583446930596,-0.24588210601592772
1.0,-0.31583266090944834,-0.17939559017215387,-0.22097505720011004,-0.2058120110063587
0.0,-0.31583266090944834,-0.2027499812533634,-0.20578028834598244,-0.20929901284812086
-2.0,-0.31583266090944834,-0.24572584398308933,-0.31427884211107693,-0.25466899070284577
1.0,-0.39815371575176894,-0.18867219873505672,-0.22961984740532598,-0.1504602288942732
1.0,-0.39815371575176894,-0.3456566864046793,-0.26880652897224633,-0.27214976513187267
-3.0,-0.39815371575176894,-0.18635800387395435,-0.24834159632517783,-0.1880877793457922
0.0,-0.39815371575176894,-0.24942555851282627,-0.23379564687160365,-0.228696595925551
1.0,-0.39815371575176894,-0.23343661617548678,-0.23244847350757683,-0.22817915524587218
0.0,-0.39815371575176894,-0.24453952171236493,-0.2601800782432221,-0.22405742206869947
-2.0,-0.39815371575176894,-0.2781584124362156,-0.3408622611007653,-0.20758937951449566
1.0,-0.2982584382569635,-0.1579493719678662,-0.18653857200483565,-0.1574363022828256
1.0,-0.2982584382569635,-0.32560944934733144,-0.201681381342158,-0.29766766029696184
-3.0,-0.2982584382569635,-0.1663943715419075,-0.17580470597456402,-0.14497211253157957
0.0,-0.2982584382569635,-0.2337728550915391,-0.19462414614845222,-0.21047306822149162
1.0,-0.2982584382569635,-0.21791777572329182,-0.19694338479557547,-0.20801718840518096
0.0,-0.2982584382569635,-0.20818929811155237,-0.1838856324956975,-0.19580043864723912
-2.0,-0.2982584382569635,-0.24849524084311495,-0.241797677496585,-0.2245301565404911
1.0,-0.27413863449664355,-0.15500105068923437,-0.20725347779244782,-0.14901250704573527
1.0,-0.27413863449664355,-0.27954868321443255,-0.2131061052159402,-0.23042488070436096
-3.0,-0.27413863449664355,-0.1734706603039054,-0.16719546857650844,-0.14201014476394808
0.0,-0.27413863449664355,-0.2341098724280541,-0.20531592012256608,-0.20476837990634308
1.0,-0.27413863449664355,-0.19668352075079074,-0.2144161670606369,-0.18949450083524227
0.0,-0.27413863449664355,-0.19697882198999145,-0.2044287215657217,-0.1791293077093121
-2.0,-0.27413863449664355,-0.2254805333314718,-0.25920349000434173,-0.22204411763204177
1.0,-0.23611996167585322,-0.15535861727785052,-0.3509531607202305,-0.1321233050049174
1.0,-0.23611996167585322,-0.27389170005842284,-0.35128365714779247,-0.2311815858659272
-3.0,-0.23611996167585322,-0.1523423940317934,-0.3708905198942993,-0.12121779354859122
0.0,-0.23611996167585322,-0.24009049185903575,-0.35128365714779247,-0.19147728121890337
1.0,-0.23611996167585322,-0.19567046895523726,-0.33818047133342377,-0.18906271378467696
0.0,-0.23611996167585322,-0.1781595243694859,-0.3082728094327084,-0.16862077724557814
-2.0,-0.23611996167585322,-0.24353412750411338,-0.39955131177386244,-0.22631113830533736
1.0,-0.30785334711630297,-0.18867219873505672,-0.1872759885062173,-0.14927676212306626
1.0,-0.30785334711630297,-0.3456566864046793,-0.22781690183261738,-0.27096629836066566
-3.0,-0.30785334711630297,-0.18635800387395435,-0.16642986574123786,-0.15336927351514468
0.0,-0.30785334711630297,-0.24942555851282627,-0.19280601973197461,-0.23253318921657878
1.0,-0.30785334711630297,-0.23343661617548678,-0.1872759885062173,-0.2243478830333786
0.0,-0.30785334711630297,-0.24453952171236493,-0.2150075932418625,-0.21333619766788442
-2.0,-0.30785334711630297,-0.2781584124362156,-0.26315998946353847,-0.26265517156959217
1.0,-0.2695892881342017,-0.1424684600698949,-0.18467052814593007,-0.16051606283100672
1.0,-0.2695892881342017,-0.3312282929015869,-0.19893185714114675,-0.24088607492066502
-3.0,-0.2695892881342017,-0.18623678665067075,-0.2255084389504694,-0.21427554344354632
0.0,-0.2695892881342017,-0.24573699235577565,-0.1923972916395065,-0.22339937222430098
1.0,-0.2695892881342017,-0.17939559017215387,-0.18664389289276742,-0.17988405621548165
0.0,-0.2695892881342017,-0.2027499812533634,-0.18467052814593007,-0.19616447573597073
-2.0,-0.2695892881342017,-0.24572584398308933,-0.2521522274344185,-0.24153445359069572
1.0,-0.38179583106359877,-0.1846990869763644,-0.3182273534479775,-0.2022867509915623
1.0,-0.38179583106359877,-0.3223959327849322,-0.32397313944408324,-0.2554614892959946
-3.0,-0.38179583106359877,-0.19090110342258523,-0.33923561594695756,-0.217485049598301
0.0,-0.38179583106359877,-0.2291474712532217,-0.3118582927051215,-0.18336793689215358
1.0,-0.38179583106359877,-0.2069768522435728,-0.3182273534479775,-0.20286718752940128
0.0,-0.38179583106359877,-0.2094526980444235,-0.3182273534479775,-0.19636626985345312
-2.0,-0.38179583106359877,-0.28167144154953977,-0.3858251458122895,-0.27840251497958984
1.0,-0.41275045317939796,-0.15535861727785052,-0.24773060386238097,-0.14063343625481844
1.0,-0.41275045317939796,-0.27389170005842284,-0.248061100289943,-0.22147461361020407
-3.0,-0.41275045317939796,-0.1523423940317934,-0.3219213046649747,-0.18239562809264684
0.0,-0.41275045317939796,-0.24009049185903575,-0.2431047600071076,-0.19149981352796613
1.0,-0.41275045317939796,-0.19567046895523726,-0.24744443717988118,-0.1862306703237206
0.0,-0.41275045317939796,-0.1781595243694859,-0.23311819068274928,-0.17092514827241784
-2.0,-0.41275045317939796,-0.24353412750411338,-0.36185554531397385,-0.22861550933217706
1.0,-0.358556901664777,-0.15535861727785052,-0.16887425018926946,-0.14760136056132556
1.0,-0.358556901664777,-0.27389170005842284,-0.1692047466168315,-0.25532844029867424
-3.0,-0.358556901664777,-0.1523423940317934,-0.15519714522702346,-0.17130270150378077
0.0,-0.358556901664777,-0.24009049185903575,-0.1692047466168315,-0.2101614192805592
1.0,-0.358556901664777,-0.19567046895523726,-0.16858808350676968,-0.19319859463022768
0.0,-0.358556901664777,-0.1781595243694859,-0.1540870671419605,-0.17789307257892492
-2.0,-0.358556901664777,-0.24353412750411338,-0.23934414800520198,-0.23558343363868417
1.0,-0.33379951520410905,-0.1579493719678662,-0.12310737823677906,-0.15490549203108525
1.0,-0.33379951520410905,-0.32560944934733144,-0.1273495051855851,-0.29513685004522144
-3.0,-0.33379951520410905,-0.1663943715419075,-0.12386436905245482,-0.1424413022798392
0.0,-0.33379951520410905,-0.2337728550915391,-0.11138671665929728,-0.20794225796975124
1.0,-0.33379951520410905,-0.21791777572329182,-0.12056999288159438,-0.2054863781534406
0.0,-0.33379951520410905,-0.20818929811155237,-0.1318731529006907,-0.19326962839549874
-2.0,-0.33379951520410905,-0.24849524084311495,-0.20140340362833908,-0.22199934628875065
1.0,-0.3157766205563065,-0.15535861727785052,-0.30931290240882364,-0.13119117007220552
1.0,-0.3157766205563065,-0.27389170005842284,-0.2912411835363735,-0.21203234742759114
-3.0,-0.3157766205563065,-0.1523423940317934,-0.24773902650456214,-0.17708373449599762
0.0,-0.3157766205563065,-0.24009049185903575,-0.2847095718597298,-0.1820575473453532
1.0,-0.3157766205563065,-0.19567046895523726,-0.30218623205159206,-0.17678840414110766
0.0,-0.3157766205563065,-0.1781595243694859,-0.29106218610770335,-0.1614828820898049
-2.0,-0.3157766205563065,-0.24353412750411338,-0.31942935789365495,-0.21917324314956413
1.0,-0.34173000243104534,-0.1846990869763644,-0.26203378277944334,-0.20578355281637623
1.0,-0.34173000243104534,-0.3223959327849322,-0.2677795687755492,-0.2589582911208086
-3.0,-0.34173000243104534,-0.19090110342258523,-0.3027119898507335,-0.16819202115714815
0.0,-0.34173000243104534,-0.2291474712532217,-0.26121112011731246,-0.18686473871696746
1.0,-0.34173000243104534,-0.2069768522435728,-0.25313640626763806,-0.20636398935421515
0.0,-0.34173000243104534,-0.2094526980444235,-0.2634016468728067,-0.19986307167826706
-2.0,-0.34173000243104534,-0.28167144154953977,-0.32727879872260834,-0.27169538693520995
1.0,-0.2807689732096586,-0.15500105068923437,-0.27699698778048804,-0.1606489828625245
1.0,-0.2807689732096586,-0.27954868321443255,-0.2949570880997151,-0.2300267307149545
-3.0,-0.2807689732096586,-0.1734706603039054,-0.28337648638236557,-0.21736087955587421
0.0,-0.2807689732096586,-0.2341098724280541,-0.277805060930134,-0.2164305196800788
1.0,-0.2807689732096586,-0.19668352075079074,-0.29051200965234064,-0.2011309766520315
0.0,-0.2807689732096586,-0.19697882198999145,-0.2907494526237824,-0.1907914474830478
-2.0,-0.2807689732096586,-0.2254805333314718,-0.34122644616007664,-0.2344580216378698
1.0,-0.22893725330493975,-0.18867219873505672,-0.16537711551016515,-0.14927676212306626
1.0,-0.22893725330493975,-0.3456566864046793,-0.2087466549388161,-0.27096629836066566
-3.0,-0.22893725330493975,-0.18635800387395435,-0.18077461298426964,-0.16636138628556854
0.0,-0.22893725330493975,-0.24942555851282627,-0.17373577283817335,-0.23253318921657878
1.0,-0.22893725330493975,-0.23343661617548678,-0.16820574161241603,-0.2243478830333786
0.0,-0.22893725330493975,-0.24453952171236493,-0.19593734634806123,-0.21333619766788442
-2.0,-0.22893725330493975,-0.2781584124362156,-0.24867818697260635,-0.26265517156959217
1.0,-0.39601269212953893,-0.15535861727785052,-0.12778520304041271,-0.14760136056132556
1.0,-0.39601269212953893,-0.27389170005842284,-0.12811569946797474,-0.25532844029867424
-3.0,-0.39601269212953893,-0.1523423940317934,-0.13694166820947784,-0.14842036663017294
0.0,-0.39601269212953893,-0.24009049185903575,-0.12811569946797474,-0.2101614192805592
1.0,-0.39601269212953893,-0.19567046895523726,-0.12749903635791293,-0.19319859463022768
0.0,-0.39601269212953893,-0.1781595243694859,-0.11317278986078101,-0.1742556860200174
-2.0,-0.39601269212953893,-0.24353412750411338,-0.2086319995985708,-0.23897691085445433
1.0,-0.32740618006928174,-0.15500105068923437,-0.2276408646792205,-0.1606489828625245
1.0,-0.32740618006928174,-0.27954868321443255,-0.23924863239478408,-0.2300267307149545
-3.0,-0.32740618006928174,-0.1734706603039054,-0.2616114033042153,-0.313269445466941
0.0,-0.32740618006928174,-0.2341098724280541,-0.23497105131289348,-0.2164305196800788
1.0,-0.32740618006928174,-0.19668352075079074,-0.2348035539474096,-0.2011309766520315
0.0,-0.32740618006928174,-0.19697882198999145,-0.23057124874456558,-0.1907914474830478
-2.0,-0.32740618006928174,-0.2254805333314718,-0.33088333093900374,-0.23370625740577755
1.0,-0.3403600182373744,-0.13187227697129522,-0.2135999379202865,-0.13119953633550402
1.0,-0.3403600182373744,-0.3117344509174294,-0.23202517121794197,-0.26918763441979154
-3.0,-0.3403600182373744,-0.1404332930874412,-0.2231553939680958,-0.1417008857090358
0.0,-0.3403600182373744,-0.23679452408996138,-0.18086111179082773,-0.1826213361227274
1.0,-0.3403600182373744,-0.21376910746098138,-0.2242757267854815,-0.2194097466053239
0.0,-0.3403600182373744,-0.1939512718080184,-0.2139517349718126,-0.16785809802579896
-2.0,-0.3403600182373744,-0.24354718245721857,-0.28004614625869345,-0.2355324102260702
1.0,-0.48562765551261083,-0.15535861727785052,-0.2612188414498326,-0.13832906522797875
1.0,-0.48562765551261083,-0.27389170005842284,-0.2615493378773946,-0.21917024258336437
-3.0,-0.48562765551261083,-0.1523423940317934,-0.3637870120019514,-0.1450839405897733
0.0,-0.48562765551261083,-0.24009049185903575,-0.2615493378773946,-0.19513234342019461
1.0,-0.48562765551261083,-0.19567046895523726,-0.2609326747673328,-0.1839262992968809
0.0,-0.48562765551261083,-0.1781595243694859,-0.24660642827020102,-0.16862077724557814
-2.0,-0.48562765551261083,-0.24353412750411338,-0.39265647838049006,-0.22631113830533736
1.0,-0.48616066776910905,-0.15535861727785052,-0.2912756054755541,-0.135596313704338
1.0,-0.48616066776910905,-0.27389170005842284,-0.2916061019031161,-0.23465459456534782
-3.0,-0.48616066776910905,-0.1523423940317934,-0.40750303214954997,-0.13902451171684205
0.0,-0.48616066776910905,-0.24009049185903575,-0.2916061019031161,-0.19495028991832397
1.0,-0.48616066776910905,-0.19567046895523726,-0.2909894387930543,-0.19253572248409756
0.0,-0.48616066776910905,-0.1781595243694859,-0.27666319229592246,-0.17209378594499875
-2.0,-0.48616066776910905,-0.24353412750411338,-0.4268213004883093,-0.22978414700475797
1.0,-0.4420750546400028,-0.1846990869763644,-0.24175772906774953,-0.2076412105297542
1.0,-0.4420750546400028,-0.3223959327849322,-0.2475035150638554,-0.27224282159965607
-3.0,-0.4420750546400028,-0.19090110342258523,-0.3080533781744975,-0.2023962016968752
0.0,-0.4420750546400028,-0.2291474712532217,-0.23538866832489364,-0.18748868991861342
1.0,-0.4420750546400028,-0.2069768522435728,-0.23603815182891721,-0.2196485198330627
0.0,-0.4420750546400028,-0.2094526980444235,-0.24630339243408578,-0.2157841392574996
-2.0,-0.4420750546400028,-0.28167144154953977,-0.32893807792449015,-0.2992773472824461
-1.0,-0.3161879996102349,-0.36051004963553407,-0.1996096754287524,-0.28622247536265105
-2.0,-0.3161879996102349,-0.37464052306736556,-0.31249376738814577,-0.35330342813405874
-3.0,-0.3161879996102349,-0.29132494869863534,-0.2507557540968686,-0.2529033131278155
-2.0,-0.3161879996102349,-0.3046705276814591,-0.3101487119143341,-0.3012007530464896
-1.0,-0.3161879996102349,-0.2779104070556362,-0.21666530550068816,-0.2251321087891817
-1.0,-0.3161879996102349,-0.30940712787416186,-0.21666530550068816,-0.24959525998788293
-1.0,-0.3731911207185336,-0.3599538985449929,-0.28282695761144233,-0.35398907286616565
-3.0,-0.3731911207185336,-0.28818130258840385,-0.24234852437984994,-0.32008648325610056
-1.0,-0.3731911207185336,-0.2937907109835587,-0.2816943994723096,-0.3030883366849647
-2.0,-0.3731911207185336,-0.2865281312273826,-0.25425528114926554,-0.290750305973309
-1.0,-0.3731911207185336,-0.2563651755018811,-0.2698369153915909,-0.29244438670326234
-1.0,-0.3731911207185336,-0.3367515070552943,-0.2702070332127934,-0.30335532247160757
-1.0,-0.3428306236549818,-0.3582157204212125,-0.39337685461146893,-0.334652545612064
-2.0,-0.3428306236549818,-0.39008648027825893,-0.5064769807231714,-0.35485314864365863
-3.0,-0.3428306236549818,-0.28238077859950467,-0.4662244450685559,-0.26666962817796097
-2.0,-0.3428306236549818,-0.3157319162236349,-0.5084352563533687,-0.30101816925594416
-1.0,-0.3428306236549818,-0.2565845575254724,-0.39653546724302785,-0.2798555244631149
-1.0,-0.3428306236549818,-0.3062809430864555,-0.39456210249619056,-0.2894860769686563
-1.0,-0.11943212152082713,-0.3551205634637734,-0.2671732237963019,-0.3233142261015261
-2.0,-0.11943212152082713,-0.34691563583482066,-0.3280147916802805,-0.43786053325165686
-3.0,-0.11943212152082713,-0.3202026191880105,-0.26999203100699254,-0.2926974161012434
-2.0,-0.11943212152082713,-0.29631276417004365,-0.3199221597660186,-0.31020453673439863
-1.0,-0.11943212152082713,-0.2646480455761207,-0.28482394730496097,-0.30746975738787286
-1.0,-0.11943212152082713,-0.3732295089265574,-0.29208156217829195,-0.36425250218788796
-1.0,-0.18319402005513452,-0.3582157204212125,-0.19743245661278555,-0.31135854646658456
-2.0,-0.18319402005513452,-0.39008648027825893,-0.26869792865644077,-0.3179750204553481
-3.0,-0.18319402005513452,-0.28238077859950467,-0.21607919368932343,-0.26789052937336544
-2.0,-0.18319402005513452,-0.3157319162236349,-0.25731196054419647,-0.28158988975201954
-1.0,-0.18319402005513452,-0.2565845575254724,-0.22185182017515306,-0.254092564348912
-1.0,-0.18319402005513452,-0.3062809430864555,-0.21987845542831572,-0.2661920778231769
-1.0,-0.24609461592814602,-0.407137509643783,-0.324781098105263,-0.36266384276312846
-3.0,-0.24609461592814602,-0.34063637891163734,-0.286227106980718,-0.3574370444614561
-1.0,-0.24609461592814602,-0.25935525801274917,-0.3017408528148494,-0.3210073151806792
-2.0,-0.24609461592814602,-0.32437792518983366,-0.3282440824298608,-0.33893587091284477
-1.0,-0.24609461592814602,-0.2678802812206319,-0.3036085118631939,-0.33019805541523606
-1.0,-0.24609461592814602,-0.3540010560153201,-0.3036085118631939,-0.36556145528292383
-1.0,-0.2503795952071431,-0.3582157204212125,-0.21122536038028503,-0.300073021553615
-2.0,-0.2503795952071431,-0.39008648027825893,-0.23090808439719607,-0.35490162194253777
-3.0,-0.2503795952071431,-0.28238077859950467,-0.1652687059106688,-0.24177077703025526
-2.0,-0.2503795952071431,-0.3157319162236349,-0.21952211628495175,-0.2653585758005127
-1.0,-0.2503795952071431,-0.2565845575254724,-0.20606843318247536,-0.2452760004046659
-1.0,-0.2503795952071431,-0.3062809430864555,-0.20409506843563802,-0.2549065529102073
-1.0,-0.22350907628431463,-0.3551205634637734,-0.2985610544456064,-0.2148416995416191
-2.0,-0.22350907628431463,-0.34691563583482066,-0.32245023046961974,-0.2943055629796372
-3.0,-0.22350907628431463,-0.3202026191880105,-0.2727321238164473,-0.22755403798322832
-2.0,-0.22350907628431463,-0.29631276417004365,-0.312260464398743,-0.20876461027385051
-1.0,-0.22350907628431463,-0.2646480455761207,-0.29664222186606,-0.19508853939123838
-1.0,-0.22350907628431463,-0.3732295089265574,-0.3227798005008857,-0.2518712841912534
-1.0,-0.055316939738734805,-0.3599538985449929,-0.3282493870847296,-0.35441859438069495
-3.0,-0.055316939738734805,-0.28818130258840385,-0.2869449434142034,-0.31108440975283563
-1.0,-0.055316939738734805,-0.2937907109835587,-0.29881339382325495,-0.2940862631816998
-2.0,-0.055316939738734805,-0.2865281312273826,-0.2738201942794568,-0.28174823247004405
-1.0,-0.055316939738734805,-0.2563651755018811,-0.2760102330708985,-0.2834423131999974
-1.0,-0.055316939738734805,-0.3367515070552943,-0.2760102330708985,-0.29435324896834264
-1.0,-0.1272598868660612,-0.3842923681472359,-0.3181259025063626,-0.35585563906227546
-2.0,-0.1272598868660612,-0.3892683538702808,-0.29343494605290044,-0.47788339793248474
-3.0,-0.1272598868660612,-0.26708571352423993,-0.22050221064872497,-0.3263054541074975
-2.0,-0.1272598868660612,-0.30763484212403586,-0.2693614573561397,-0.3372879180976626
-1.0,-0.1272598868660612,-0.2673329718182943,-0.257866510927536,-0.31275557792624387
-1.0,-0.1272598868660612,-0.35781507294152604,-0.2543590497539759,-0.3635045239783313
-1.0,-0.13418488295971956,-0.407137509643783,-0.24063840931359537,-0.4319985535628549
-2.0,-0.13418488295971956,-0.3826264047099051,-0.23398057870836142,-0.3651695021016594
-3.0,-0.13418488295971956,-0.34063637891163734,-0.19615681404448462,-0.31270324875761546
-2.0,-0.13418488295971956,-0.32437792518983366,-0.22944327094000944,-0.3276619214367207
-1.0,-0.13418488295971956,-0.2678802812206319,-0.20667674651241802,-0.28483700304948206
-1.0,-0.13418488295971956,-0.3540010560153201,-0.21353821892696037,-0.31741160811981367
-1.0,-0.2458295245276045,-0.3253413659305528,-0.24548633414001933,-0.22747168856583566
-3.0,-0.2458295245276045,-0.30403809221878036,-0.23972454667767462,-0.2673890568054422
-1.0,-0.2458295245276045,-0.29619473348021547,-0.27805985920709775,-0.23711233382440627
-2.0,-0.2458295245276045,-0.27818760110895546,-0.27231052169170356,-0.22717828899191866
-1.0,-0.2458295245276045,-0.22725895409845256,-0.27065977442613276,-0.2329561878092054
-1.0,-0.2458295245276045,-0.3022685464985802,-0.27065977442613276,-0.24537954784246377
-1.0,-0.13681088899660027,-0.3352510326801416,-0.2800301720575929,-0.28524325506760817
-3.0,-0.13681088899660027,-0.29715808378001557,-0.21702180153050799,-0.2786898248505577
-1.0,-0.13681088899660027,-0.26677683585396655,-0.2867971760648438,-0.2528621753466333
-2.0,-0.13681088899660027,-0.30196007552612164,-0.29335572947338884,-0.25291799796925246
-1.0,-0.13681088899660027,-0.24070311044672335,-0.2969744605009093,-0.2358388894720612
-1.0,-0.13681088899660027,-0.3216342752794104,-0.26842647556739385,-0.26790770388493446
-1.0,-0.281026023917733,-0.3253413659305528,-0.2588250571858972,-0.3053311961610069
-2.0,-0.281026023917733,-0.3501839655103264,-0.29424681975873507,-0.37082965154346764
-3.0,-0.281026023917733,-0.30403809221878036,-0.2612316237616246,-0.3455774092079433
-2.0,-0.281026023917733,-0.27818760110895546,-0.27417087848099536,-0.30204288405019686
-1.0,-0.281026023917733,-0.22725895409845256,-0.2598820290030667,-0.3051381631781233
-1.0,-0.281026023917733,-0.3022685464985802,-0.2643517771773525,-0.31510529560184863
-1.0,-0.22060988252107844,-0.3867249580572901,-0.2917740365970264,-0.32939426612585176
-3.0,-0.22060988252107844,-0.29205028388281457,-0.2927725356487176,-0.2644536856081451
-1.0,-0.22060988252107844,-0.3093862132181755,-0.2604854138481442,-0.2875897827147653
-2.0,-0.22060988252107844,-0.32457771000442315,-0.31498483769361196,-0.2842926166054428
-1.0,-0.22060988252107844,-0.2630061366377659,-0.27296484548691385,-0.2866830565651175
-1.0,-0.22060988252107844,-0.3423041459730057,-0.27171282716347034,-0.2866830565651175
-1.0,-0.16882174835886582,-0.407137509643783,-0.28608025116366886,-0.3637153507244945
-2.0,-0.16882174835886582,-0.3826264047099051,-0.3243174878894345,-0.3614906780016471
-3.0,-0.16882174835886582,-0.34063637891163734,-0.2513466298017048,-0.35846316663012845
-2.0,-0.16882174835886582,-0.32437792518983366,-0.3039761328866636,-0.3121068532677982
-1.0,-0.16882174835886582,-0.2678802812206319,-0.2755201925574158,-0.27919711474964737
-1.0,-0.16882174835886582,-0.3540010560153201,-0.2755201925574158,-0.3226219102317752
-1.0,-0.15102629346267846,-0.3253413659305528,-0.2214575363038016,-0.3580555076774834
-3.0,-0.15102629346267846,-0.30403809221878036,-0.21244861458233383,-0.3661507309349353
-1.0,-0.15102629346267846,-0.29619473348021547,-0.25126318915818174,-0.3286886566725806
-2.0,-0.15102629346267846,-0.27818760110895546,-0.24226671738366448,-0.3180582500737864
-1.0,-0.15102629346267846,-0.22725895409845256,-0.24386310437721695,-0.3132018220850539
-1.0,-0.15102629346267846,-0.3022685464985802,-0.24386310437721695,-0.32316895450877925
-1.0,-0.1409872025365562,-0.36051004963553407,-0.20216936243618394,-0.28622247536265105
-2.0,-0.1409872025365562,-0.37464052306736556,-0.248396345580833,-0.35330342813405874
-3.0,-0.1409872025365562,-0.29132494869863534,-0.1794271637843109,-0.2529033131278155
-2.0,-0.1409872025365562,-0.3046705276814591,-0.2465108817776694,-0.2971547043376367
-1.0,-0.1409872025365562,-0.2779104070556362,-0.20380077897792298,-0.2251321087891817
-1.0,-0.1409872025365562,-0.30940712787416186,-0.18732265285352703,-0.24959525998788293
-1.0,-0.4684372925422268,-0.3352510326801416,-0.3617726803550718,-0.29037312926768183
-3.0,-0.4684372925422268,-0.29715808378001557,-0.41626675847514016,-0.30373417039574085
-1.0,-0.4684372925422268,-0.26677683585396655,-0.4147636131294195,-0.3055098316198665
-2.0,-0.4684372925422268,-0.30196007552612164,-0.4658320904523996,-0.31172050910424953
-1.0,-0.4684372925422268,-0.24070311044672335,-0.40988718217008663,-0.2901014048968389
-1.0,-0.4684372925422268,-0.3216342752794104,-0.4147636131294195,-0.32217021930971235
-1.0,-0.275776036288377,-0.3253413659305528,-0.24312828883334053,-0.3580555076774834
-2.0,-0.275776036288377,-0.3501839655103264,-0.2967937605005577,-0.37889331045039815
-3.0,-0.275776036288377,-0.30403809221878036,-0.24413184420878925,-0.3661507309349353
-2.0,-0.275776036288377,-0.27818760110895546,-0.276717819222818,-0.3180582500737864
-1.0,-0.275776036288377,-0.22725895409845256,-0.268301729119454,-0.3132018220850539
-1.0,-0.275776036288377,-0.3022685464985802,-0.268301729119454,-0.32316895450877925
-1.0,-0.2211533277081611,-0.3551205634637734,-0.19462631248531712,-0.314418691803928
-2.0,-0.2211533277081611,-0.34691563583482066,-0.25941411524566227,-0.354448926364562
-3.0,-0.2211533277081611,-0.3202026191880105,-0.20309626540248948,-0.26540948512949664
-2.0,-0.2211533277081611,-0.29631276417004365,-0.23493476741173064,-0.25194392057316
-1.0,-0.2211533277081611,-0.2646480455761207,-0.2278780698903244,-0.2728836619709115
-1.0,-0.2211533277081611,-0.3732295089265574,-0.24741590533514965,-0.3296664067709266
-1.0,-0.15462378328358264,-0.39752094971978535,-0.30273649565690885,-0.36170089306081993
-2.0,-0.15462378328358264,-0.3632801153311516,-0.21787741427132165,-0.3048515826837891
-3.0,-0.15462378328358264,-0.28999234749312314,-0.14978082593396416,-0.278603902939147
-2.0,-0.15462378328358264,-0.2976802440191792,-0.21595627508434728,-0.26826390924671356
-1.0,-0.15462378328358264,-0.25858682470204525,-0.17616450131107558,-0.29101830130952094
-1.0,-0.15462378328358264,-0.3570463212133226,-0.16630094775337256,-0.3034837865662489
-1.0,-0.3366387254017726,-0.3551205634637734,-0.38195865428101816,-0.31082819422266217
-2.0,-0.3366387254017726,-0.34691563583482066,-0.4121831567174024,-0.4337878981927527
-3.0,-0.3366387254017726,-0.3202026191880105,-0.36568980662461653,-0.288763574426315
-2.0,-0.3366387254017726,-0.29631276417004365,-0.39854412672241546,-0.29248054761918074
-1.0,-0.3366387254017726,-0.2646480455761207,-0.38122281781404543,-0.2910750340722814
-1.0,-0.3366387254017726,-0.3732295089265574,-0.39600405079622153,-0.3478577788722965
-1.0,-0.3459741021993266,-0.36051004963553407,-0.28873152929111184,-0.32812616415150636
-3.0,-0.3459741021993266,-0.29132494869863534,-0.27964776805322994,-0.3175695417164263
-1.0,-0.3459741021993266,-0.25517773080460104,-0.2898983849907912,-0.278352617495512
-2.0,-0.3459741021993266,-0.3046705276814591,-0.3496925292638176,-0.27223496763365534
-1.0,-0.3459741021993266,-0.2779104070556362,-0.29218167280547813,-0.258838677117472
-1.0,-0.3459741021993266,-0.30940712787416186,-0.29218167280547813,-0.2972616507982984
-1.0,-0.2601773216279086,-0.3253413659305528,-0.3580591329060463,-0.20174721609785715
-2.0,-0.2601773216279086,-0.3501839655103264,-0.467466623073881,-0.33816007652357016
-3.0,-0.2601773216279086,-0.30403809221878036,-0.4241928147907353,-0.2817944588609815
-2.0,-0.2601773216279086,-0.27818760110895546,-0.45301830183882974,-0.32473273692655447
-1.0,-0.2601773216279086,-0.22725895409845256,-0.3718241735256377,-0.25166332756220877
-1.0,-0.2601773216279086,-0.3022685464985802,-0.3718241735256377,-0.264086687595467
-1.0,-0.2443976406354112,-0.3842923681472359,-0.35830662342895014,-0.3277118471639898
-2.0,-0.2443976406354112,-0.3892683538702808,-0.3557549539252369,-0.4215428240088933
-3.0,-0.2443976406354112,-0.26708571352423993,-0.2848943639755593,-0.27572734353626555
-2.0,-0.2443976406354112,-0.30763484212403586,-0.3316814652284762,-0.28928551016307347
-1.0,-0.2443976406354112,-0.2673329718182943,-0.3281010023714527,-0.29229307253663545
-1.0,-0.2443976406354112,-0.35781507294152604,-0.3245935411978925,-0.321019638636778
-1.0,-0.24171384172160024,-0.3253413659305528,-0.25352539460359147,-0.3580555076774834
-2.0,-0.24171384172160024,-0.3501839655103264,-0.2968493106542631,-0.37889331045039815
-3.0,-0.24171384172160024,-0.30403809221878036,-0.24418739436249462,-0.4674662158203023
-2.0,-0.24171384172160024,-0.27818760110895546,-0.27677336937652347,-0.3180582500737864
-1.0,-0.24171384172160024,-0.22725895409845256,-0.2608002610094274,-0.3132018220850539
-1.0,-0.24171384172160024,-0.3022685464985802,-0.2566755843391854,-0.32316895450877925
-1.0,-0.16934237037894329,-0.39752094971978535,-0.2522488993887652,-0.3582300148438029
-3.0,-0.16934237037894329,-0.28999234749312314,-0.22671756840262472,-0.3442428382614042
-1.0,-0.16934237037894329,-0.24690356111649064,-0.2526176072317253,-0.2539813091323476
-2.0,-0.16934237037894329,-0.2976802440191792,-0.27384353218755914,-0.3208834755921856
-1.0,-0.16934237037894329,-0.25858682470204525,-0.2580882238160407,-0.28247809630053367
-1.0,-0.16934237037894329,-0.3570463212133226,-0.2510438399086949,-0.3103958288953225
-1.0,-0.20698333252394446,-0.3551205634637734,-0.2716298418850952,-0.27612279473924395
-2.0,-0.20698333252394446,-0.34691563583482066,-0.3276973297129842,-0.40746233588425573
-3.0,-0.20698333252394446,-0.3202026191880105,-0.3399457305489947,-0.27223663674837306
-2.0,-0.20698333252394446,-0.29631276417004365,-0.32834788148105215,-0.27980633936699756
-1.0,-0.20698333252394446,-0.2646480455761207,-0.2760411832641334,-0.2602783260255907
-1.0,-0.20698333252394446,-0.3732295089265574,-0.30217876189895915,-0.3234559665015102
-1.0,-0.1740532333377662,-0.3842923681472359,-0.25091962759912584,-0.3678956312878168
-2.0,-0.1740532333377662,-0.3892683538702808,-0.29325234393383004,-0.39512101168420255
-3.0,-0.1740532333377662,-0.26708571352423993,-0.20053814273440532,-0.291883787613891
-2.0,-0.1740532333377662,-0.30763484212403586,-0.2691788552370693,-0.3212733720361873
-1.0,-0.1740532333377662,-0.2673329718182943,-0.21424633267557544,-0.26661264725567285
-1.0,-0.1740532333377662,-0.35781507294152604,-0.21073887150201534,-0.3204378711684403
-1.0,-0.34488676587748357,-0.407137509643783,-0.3133121811217606,-0.3576195538601779
-2.0,-0.34488676587748357,-0.3826264047099051,-0.33809005733138753,-0.3614906780016471
-3.0,-0.34488676587748357,-0.34063637891163734,-0.2687043333137029,-0.34727839576606095
-2.0,-0.34488676587748357,-0.32437792518983366,-0.31774870232861663,-0.3121068532677982
-1.0,-0.34488676587748357,-0.2678802812206319,-0.3027521225155074,-0.2929648046310856
-1.0,-0.34488676587748357,-0.3540010560153201,-0.3027521225155074,-0.33638960011321345
-1.0,-0.37985253983985745,-0.3253413659305528,-0.3284101171450561,-0.2347072458010816
-3.0,-0.37985253983985745,-0.30403809221878036,-0.36925337798731467,-0.25869064034518363
-1.0,-0.37985253983985745,-0.29619473348021547,-0.3288662120664687,-0.24509965529174452
-2.0,-0.37985253983985745,-0.27818760110895546,-0.3700482677383752,-0.2615137422129248
-1.0,-0.37985253983985745,-0.22725895409845256,-0.3217924721682011,-0.24019174504445132
-1.0,-0.37985253983985745,-0.3022685464985802,-0.31482944217508885,-0.2526151050777096
-1.0,-0.3359641658651189,-0.36051004963553407,-0.26067807774073515,-0.32924220541056315
-2.0,-0.3359641658651189,-0.37464052306736556,-0.30131315401689124,-0.34325513225606274
-3.0,-0.3359641658651189,-0.29132494869863534,-0.22915691193306173,-0.34656778475904615
-2.0,-0.3359641658651189,-0.3046705276814591,-0.29244019357495765,-0.27335100889271213
-1.0,-0.3359641658651189,-0.2779104070556362,-0.2484447387235101,-0.2599547183765288
-1.0,-0.3359641658651189,-0.30940712787416186,-0.2484447387235101,-0.2983776920573552
-1.0,-0.37578114856652484,-0.3582157204212125,-0.35711676586491126,-0.3056973533906006
-3.0,-0.37578114856652484,-0.28238077859950467,-0.36984777233221977,-0.26100137668926005
-1.0,-0.37578114856652484,-0.24727983174130205,-0.3467394687770699,-0.2561171225779094
-2.0,-0.37578114856652484,-0.3157319162236349,-0.39395867974587967,-0.29942230107319767
-1.0,-0.37578114856652484,-0.2565845575254724,-0.34583546338769194,-0.25090033224165154
-1.0,-0.37578114856652484,-0.3062809430864555,-0.34386209864085465,-0.26053088474719294
-1.0,-0.3070774531960073,-0.3352510326801416,-0.34202643941929617,-0.281782692234068
-2.0,-0.3070774531960073,-0.3549621948423894,-0.3776001648622104,-0.3292650498972209
-3.0,-0.3070774531960073,-0.29715808378001557,-0.33932087446636977,-0.2929933103058212
-2.0,-0.3070774531960073,-0.30196007552612164,-0.37146867443381865,-0.30409127542721265
-1.0,-0.3070774531960073,-0.24070311044672335,-0.3466420131939191,-0.28766338895051785
-1.0,-0.3070774531960073,-0.3216342752794104,-0.3466420131939191,-0.3197322033633913
2.0,-0.2127665483888525,-0.1563055525424928,-0.18131750374969982,-0.2271309497904188
0.0,-0.2127665483888525,-0.19578669023638728,-0.2110003001099371,-0.2077390038501637
1.0,-0.2127665483888525,-0.3173332019924491,-0.2110003001099371,-0.24881402597398772
-2.0,-0.2127665483888525,-0.29205431215108807,-0.2728543304555345,-0.24674286298754686
-1.0,-0.2127665483888525,-0.4090073028298155,-0.31307300732897003,-0.3523409312949011
1.0,-0.2127665483888525,-0.199101316818009,-0.2110003001099371,-0.21372331431504832
2.0,-0.32870577111832894,-0.1356109576465309,-0.3325636768611104,-0.10311291881151068
0.0,-0.32870577111832894,-0.18893664185511005,-0.30801532828099054,-0.1849034420666989
1.0,-0.32870577111832894,-0.2304779916108476,-0.32515040491003017,-0.24650984646305163
-2.0,-0.32870577111832894,-0.2706451842723225,-0.4288767627897672,-0.2637592633596404
-1.0,-0.32870577111832894,-0.3335133642584751,-0.43519747412567256,-0.32302332133430806
1.0,-0.32870577111832894,-0.18959327327802675,-0.3176471505135299,-0.21417519089829695
2.0,-0.19614188018455725,-0.1790023998398533,-0.272125507081693,-0.21194812361695722
0.0,-0.19614188018455725,-0.20109329691108235,-0.233647143638513,-0.19381581484707763
1.0,-0.19614188018455725,-0.2010152904395119,-0.22879164524637224,-0.17819294244402525
-2.0,-0.19614188018455725,-0.27797061924806743,-0.29706878835384865,-0.2763749365574484
-1.0,-0.19614188018455725,-0.34435604472554093,-0.3914301877812527,-0.34437558348209873
1.0,-0.19614188018455725,-0.17696136624191267,-0.2275455802270739,-0.17615721614106938
2.0,-0.06782849210817637,-0.1683485873606428,-0.17404491698387403,-0.1703649961596156
0.0,-0.06782849210817637,-0.2035228450940393,-0.12270726581677224,-0.2176507060160713
1.0,-0.06782849210817637,-0.2821219542034898,-0.12423144907279744,-0.2432150775009715
-2.0,-0.06782849210817637,-0.28721983634987636,-0.13929236328272396,-0.27249868426503987
-1.0,-0.06782849210817637,-0.35052093777321564,-0.234723578116613,-0.34755269867590244
1.0,-0.06782849210817637,-0.19001444718386834,-0.12270726581677224,-0.20087349292955872
2.0,-0.1509388123078497,-0.1563055525424928,-0.30755579086435203,-0.2271309497904188
0.0,-0.1509388123078497,-0.19578669023638728,-0.26185284409180204,-0.2077390038501637
1.0,-0.1509388123078497,-0.3173332019924491,-0.26185284409180204,-0.24881402597398772
-2.0,-0.1509388123078497,-0.29205431215108807,-0.286081041755537,-0.2414659110173843
-1.0,-0.1509388123078497,-0.4090073028298155,-0.4011041682909144,-0.3523409312949011
1.0,-0.1509388123078497,-0.199101316818009,-0.26185284409180204,-0.21372331431504832
2.0,-0.14495342951212983,-0.1563055525424928,-0.169577869823846,-0.21117530123558068
0.0,-0.14495342951212983,-0.19578669023638728,-0.12193707282429811,-0.24829704951998766
1.0,-0.14495342951212983,-0.3173332019924491,-0.12193707282429811,-0.21215686192374705
-2.0,-0.14495342951212983,-0.29205431215108807,-0.14575130112108992,-0.2523486801098808
-1.0,-0.14495342951212983,-0.4090073028298155,-0.25761494661714146,-0.4198029391401082
1.0,-0.14495342951212983,-0.199101316818009,-0.12193707282429811,-0.19748047370903893
2.0,-0.06197804014759169,-0.14408356777564868,-0.1294489621855283,-0.1771267559776402
0.0,-0.06197804014759169,-0.17663928455206984,-0.10917496040651917,-0.192854503558974
1.0,-0.06197804014759169,-0.2757664633783642,-0.12427649531309848,-0.2057087351618909
-2.0,-0.06197804014759169,-0.27509439413908643,-0.17401592082197231,-0.276021833600925
-1.0,-0.06197804014759169,-0.30354553112906507,-0.23363478499970886,-0.30240087437251656
1.0,-0.06197804014759169,-0.17945650416288483,-0.11407774594289602,-0.1863130984101957
2.0,-0.09945275541133515,-0.1563055525424928,-0.21239509290752168,-0.2271309497904188
0.0,-0.09945275541133515,-0.19578669023638728,-0.17821120139330407,-0.2077390038501637
1.0,-0.09945275541133515,-0.3173332019924491,-0.17821120139330407,-0.24881402597398772
-2.0,-0.09945275541133515,-0.29205431215108807,-0.2089485779814381,-0.24674286298754686
-1.0,-0.09945275541133515,-0.4090073028298155,-0.34512468021017895,-0.3525731079800801
1.0,-0.09945275541133515,-0.199101316818009,-0.17821120139330407,-0.21372331431504832
2.0,-0.1776683675356862,-0.17855068879796765,-0.2098600665406598,-0.16245394240207056
0.0,-0.1776683675356862,-0.20155373708578406,-0.1887855563788277,-0.17310164509405063
1.0,-0.1776683675356862,-0.23159661987369115,-0.1887855563788277,-0.18009162525902653
-2.0,-0.1776683675356862,-0.2652328630021899,-0.21197321145643236,-0.2326398109890695
-1.0,-0.1776683675356862,-0.3421722515808982,-0.2871963001166626,-0.29211579038521773
1.0,-0.1776683675356862,-0.19803739382352484,-0.14791111335934667,-0.16675011288711222
2.0,-0.25709222247753144,-0.1356109576465309,-0.30760723684027313,-0.29222838953150876
0.0,-0.25709222247753144,-0.18893664185511005,-0.2905621426566536,-0.2227814186574522
1.0,-0.25709222247753144,-0.2304779916108476,-0.2905621426566536,-0.2559004919029337
-2.0,-0.25709222247753144,-0.2706451842723225,-0.35515775223617496,-0.3302200019050899
-1.0,-0.25709222247753144,-0.3335133642584751,-0.4195200479089216,-0.3555121960435468
1.0,-0.25709222247753144,-0.18959327327802675,-0.2905621426566536,-0.2338401304590798
2.0,-0.28921126602085623,-0.1790023998398533,-0.33912178587368663,-0.1963835739100829
0.0,-0.28921126602085623,-0.20109329691108235,-0.3034146949951324,-0.19381581484707763
1.0,-0.28921126602085623,-0.2010152904395119,-0.30466076001443076,-0.17819294244402525
-2.0,-0.28921126602085623,-0.27797061924806743,-0.32651446614196916,-0.2619989062509255
-1.0,-0.28921126602085623,-0.34435604472554093,-0.40304577484288745,-0.30392200129665936
1.0,-0.28921126602085623,-0.17696136624191267,-0.3034146949951324,-0.17615721614106938
2.0,-0.15920567859730878,-0.1524379973023288,-0.23406851225228661,-0.2017325757237209
0.0,-0.15920567859730878,-0.21175022482901984,-0.26212553288998514,-0.22463872671199783
1.0,-0.15920567859730878,-0.2523796497607855,-0.2373148570347391,-0.22933366938730934
-2.0,-0.15920567859730878,-0.2737732861181,-0.2811291947393655,-0.25750636911755986
-1.0,-0.15920567859730878,-0.35580288929245535,-0.3683668707323532,-0.33172858420726786
1.0,-0.15920567859730878,-0.19257681681810893,-0.2279267213232192,-0.1811719597633528
2.0,-0.14656496969827051,-0.17855068879796765,-0.24204151303487928,-0.18628556302379923
0.0,-0.14656496969827051,-0.20155373708578406,-0.23615188600768441,-0.18564906963212585
1.0,-0.14656496969827051,-0.23159661987369115,-0.23615188600768441,-0.19263904979710175
-2.0,-0.14656496969827051,-0.2652328630021899,-0.2960243053977464,-0.23701147760385208
-1.0,-0.14656496969827051,-0.3421722515808982,-0.32093722400664115,-0.3430590499720196
1.0,-0.14656496969827051,-0.19803739382352484,-0.22052442183837315,-0.16760385597910146
2.0,-0.1473362682805616,-0.1524379973023288,-0.2750341913442473,-0.21941651911484036
0.0,-0.1473362682805616,-0.21175022482901984,-0.28108163198815095,-0.22463872671199783
1.0,-0.1473362682805616,-0.2523796497607855,-0.27559919335280947,-0.22933366938730934
-2.0,-0.1473362682805616,-0.2737732861181,-0.2792654555506948,-0.25750636911755986
-1.0,-0.1473362682805616,-0.35580288929245535,-0.3674809809780755,-0.3365719274694032
1.0,-0.1473362682805616,-0.19257681681810893,-0.26621105764128977,-0.1811719597633528
2.0,-0.16170531243019137,-0.1524379973023288,-0.23564435723455146,-0.13819243000892567
0.0,-0.16170531243019137,-0.21175022482901984,-0.21530445000539825,-0.22123473175638586
1.0,-0.16170531243019137,-0.2523796497607855,-0.21530445000539825,-0.2210568058365976
-2.0,-0.16170531243019137,-0.2737732861181,-0.20289792265554055,-0.23594713389996536
-1.0,-0.16170531243019137,-0.35580288929245535,-0.28554379277628483,-0.3575243242043425
1.0,-0.16170531243019137,-0.19257681681810893,-0.18548828015864324,-0.19993931954767605
2.0,-0.07310942337627506,-0.17855068879796765,-0.19057238767919207,-0.2016335348862332
0.0,-0.07310942337627506,-0.20155373708578406,-0.16246102697203998,-0.1944776974713226
1.0,-0.07310942337627506,-0.23159661987369115,-0.17256423918795663,-0.2014676776362985
-2.0,-0.07310942337627506,-0.2652328630021899,-0.1702213979422937,-0.24529552832810783
-1.0,-0.07310942337627506,-0.3421722515808982,-0.2546566660454594,-0.31349184276248976
1.0,-0.07310942337627506,-0.19803739382352484,-0.14683356280272872,-0.1881261652643842
2.0,-0.09208950644914808,-0.16992174860191733,-0.21137699953561642,-0.18183336723307042
0.0,-0.09208950644914808,-0.1931108292211803,-0.1909761845927176,-0.20126044249198247
1.0,-0.09208950644914808,-0.25450195462218467,-0.19692958521865833,-0.21188426090098278
-2.0,-0.09208950644914808,-0.27185646059234064,-0.23204618472834732,-0.2700436226282882
-1.0,-0.09208950644914808,-0.3496203120409215,-0.28109210474166874,-0.34361923537968153
1.0,-0.09208950644914808,-0.20226586523169854,-0.19692958521865833,-0.1935644560029329
2.0,-0.12366899388621057,-0.1790023998398533,-0.2126744763513197,-0.20061885915771077
0.0,-0.12366899388621057,-0.20109329691108235,-0.1870976817927926,-0.20793240338036814
1.0,-0.12366899388621057,-0.2010152904395119,-0.17291236999145052,-0.18405229490806332
-2.0,-0.12366899388621057,-0.27797061924806743,-0.23551775545512255,-0.23026360865540843
-1.0,-0.12366899388621057,-0.34435604472554093,-0.2771617260723897,-0.34359748057441536
1.0,-0.12366899388621057,-0.17696136624191267,-0.17166630497215218,-0.15518539199985074
2.0,-0.242220693637565,-0.137713609989237,-0.2184542261935682,-0.1539857190164454
0.0,-0.242220693637565,-0.20585085496463773,-0.2104556983541379,-0.18657739223009537
1.0,-0.242220693637565,-0.22946509548925365,-0.2104556983541379,-0.19392438511307972
-2.0,-0.242220693637565,-0.2698967824015998,-0.22063622527507223,-0.19698520100160785
-1.0,-0.242220693637565,-0.31992984140295677,-0.31647599919753217,-0.32482153533260416
1.0,-0.242220693637565,-0.20190560018141718,-0.204900963607079,-0.1520189919887341
2.0,-0.19188273331113628,-0.14408356777564868,-0.17402641546808703,-0.1771267559776402
0.0,-0.19188273331113628,-0.17663928455206984,-0.15391624225777603,-0.192854503558974
1.0,-0.19188273331113628,-0.2757664633783642,-0.16366422318756071,-0.2057087351618909
-2.0,-0.19188273331113628,-0.27509439413908643,-0.19654007152300979,-0.276021833600925
-1.0,-0.19188273331113628,-0.30354553112906507,-0.26377132338876486,-0.30240087437251656
1.0,-0.19188273331113628,-0.17945650416288483,-0.13988737989560582,-0.1863130984101957
2.0,-0.22302206403129587,-0.18029909297661662,-0.24044692245123153,-0.2633964956932661
0.0,-0.22302206403129587,-0.21061630556830577,-0.23341708655637192,-0.23031393889481436
1.0,-0.22302206403129587,-0.27960706622487924,-0.23341708655637192,-0.2218794356598665
-2.0,-0.22302206403129587,-0.2863098293351453,-0.24034628121782228,-0.26544555335918246
-1.0,-0.22302206403129587,-0.29566841669512034,-0.3062154933435673,-0.32088327162719593
1.0,-0.22302206403129587,-0.18741272125649128,-0.21851411357144823,-0.21005270508682536
2.0,-0.1526234331260975,-0.1790023998398533,-0.28902169451121473,-0.1977912033015422
0.0,-0.1526234331260975,-0.20109329691108235,-0.25602032394220864,-0.2005529104093111
1.0,-0.1526234331260975,-0.2010152904395119,-0.2492579490093681,-0.18025669354589513
-2.0,-0.1526234331260975,-0.27797061924806743,-0.2975158997044833,-0.2529615483646444
-1.0,-0.1526234331260975,-0.34435604472554093,-0.37668018745207216,-0.3553659466162051
1.0,-0.1526234331260975,-0.17696136624191267,-0.25107200356145326,-0.17576473963340628
2.0,-0.14229863830087372,-0.14408356777564868,-0.1706108221007503,-0.1743265913771328
0.0,-0.14229863830087372,-0.17663928455206984,-0.1392589555274754,-0.1900543389584666
1.0,-0.14229863830087372,-0.2757664633783642,-0.1392589555274754,-0.20201925595860826
-2.0,-0.14229863830087372,-0.27509439413908643,-0.1684976951685645,-0.24869271187830908
-1.0,-0.14229863830087372,-0.30354553112906507,-0.24004387387090412,-0.28656531040656347
1.0,-0.14229863830087372,-0.17945650416288483,-0.1290602061572729,-0.16772604358396045
2.0,-0.32585308303318017,-0.1563055525424928,-0.2952199648895248,-0.19345970053935516
0.0,-0.32585308303318017,-0.19578669023638728,-0.268158105665814,-0.21503724430480747
1.0,-0.32585308303318017,-0.3173332019924491,-0.268158105665814,-0.2561122664286314
-2.0,-0.32585308303318017,-0.29205431215108807,-0.25688632977996384,-0.24375144165594112
-1.0,-0.32585308303318017,-0.4090073028298155,-0.4310516760206874,-0.42706957440280996
1.0,-0.32585308303318017,-0.199101316818009,-0.268158105665814,-0.2210215547696921
2.0,-0.33226832269341355,-0.1356109576465309,-0.18371806316330136,-0.17875254732036916
0.0,-0.33226832269341355,-0.18893664185511005,-0.21194821549361417,-0.17779143722422902
1.0,-0.33226832269341355,-0.2304779916108476,-0.21194821549361417,-0.20400427531517953
-2.0,-0.33226832269341355,-0.2706451842723225,-0.2405805066984407,-0.229154435901888
-1.0,-0.33226832269341355,-0.3335133642584751,-0.25108665786153095,-0.3244524142954936
1.0,-0.33226832269341355,-0.18959327327802675,-0.21194821549361417,-0.19076342581869266
2.0,-0.3300769998211074,-0.1356109576465309,-0.23923920160215634,-0.17061520871450403
0.0,-0.3300769998211074,-0.18893664185511005,-0.16269729649894493,-0.17277415948052233
1.0,-0.3300769998211074,-0.2304779916108476,-0.17553487726334352,-0.2140567305186919
-2.0,-0.3300769998211074,-0.2706451842723225,-0.19890627054040094,-0.22909317761314518
-1.0,-0.3300769998211074,-0.3335133642584751,-0.2894804410503533,-0.3383700422964384
1.0,-0.3300769998211074,-0.18959327327802675,-0.17553487726334352,-0.18940450450383983
2.0,-0.2299276789291672,-0.1356109576465309,-0.21818280639620602,-0.17875254732036916
0.0,-0.2299276789291672,-0.18893664185511005,-0.1916774332134261,-0.19196254761089493
1.0,-0.2299276789291672,-0.2304779916108476,-0.1916774332134261,-0.20400427531517953
-2.0,-0.2299276789291672,-0.2706451842723225,-0.21007485032038478,-0.229154435901888
-1.0,-0.2299276789291672,-0.3335133642584751,-0.2815139084686657,-0.3244524142954936
1.0,-0.2299276789291672,-0.18959327327802675,-0.1916774332134261,-0.19076342581869266
2.0,-0.25262910868527844,-0.18029909297661662,-0.21889076887348935,-0.23423042162391527
0.0,-0.25262910868527844,-0.21061630556830577,-0.17331544540741478,-0.2145992402952717
1.0,-0.25262910868527844,-0.27960706622487924,-0.17331544540741478,-0.21708382073763235
-2.0,-0.25262910868527844,-0.2863098293351453,-0.2211916122783689,-0.24843825168445002
-1.0,-0.25262910868527844,-0.29566841669512034,-0.27938464389979195,-0.30536181628780745
1.0,-0.25262910868527844,-0.18741272125649128,-0.1665420284713952,-0.16994149581480825
2.0,-0.22155929839950939,-0.16992174860191733,-0.23533776310893945,-0.17241731284991893
0.0,-0.22155929839950939,-0.1931108292211803,-0.18419747371045203,-0.20126044249198247
1.0,-0.22155929839950939,-0.25450195462218467,-0.18419747371045203,-0.20661429171266335
-2.0,-0.22155929839950939,-0.27185646059234064,-0.31747553100256753,-0.2700436226282882
-1.0,-0.22155929839950939,-0.3496203120409215,-0.34316518170381977,-0.34361923537968153
1.0,-0.22155929839950939,-0.20226586523169854,-0.18419747371045203,-0.1935644560029329
2.0,-0.18719896557499033,-0.17855068879796765,-0.11765371740862847,-0.1412302764711521
0.0,-0.18719896557499033,-0.20155373708578406,-0.11692335304836303,-0.24479890984873973
1.0,-0.18719896557499033,-0.23159661987369115,-0.11692335304836303,-0.21845030169689023
-2.0,-0.18719896557499033,-0.2652328630021899,-0.1791677339257961,-0.24788841838572725
-1.0,-0.18719896557499033,-0.3421722515808982,-0.25466258043572965,-0.32842109794824603
1.0,-0.18719896557499033,-0.19803739382352484,-0.13584506382049474,-0.22130693354093967
2.0,-0.252423659943589,-0.18029909297661662,-0.25575403066658403,-0.23791111056312
0.0,-0.252423659943589,-0.21061630556830577,-0.21718331656517684,-0.20482855376466816
1.0,-0.252423659943589,-0.27960706622487924,-0.21076376637006458,-0.17955978742543352
-2.0,-0.252423659943589,-0.2863098293351453,-0.27043642599019824,-0.22931936847436987
-1.0,-0.252423659943589,-0.29566841669512034,-0.4220835931954663,-0.2953978864970497
1.0,-0.252423659943589,-0.18741272125649128,-0.22278387206079767,-0.16773305685239237
2.0,-0.23741756423069726,-0.17855068879796765,-0.23532606961302666,-0.1973636842719446
0.0,-0.23741756423069726,-0.20155373708578406,-0.2216193194844854,-0.19020784685703399
1.0,-0.23741756423069726,-0.23159661987369115,-0.2216193194844854,-0.19719782702200989
-2.0,-0.23741756423069726,-0.2652328630021899,-0.2435162749507547,-0.24102567771381922
-1.0,-0.23741756423069726,-0.3421722515808982,-0.33235696275113974,-0.3092219921482011
1.0,-0.23741756423069726,-0.19803739382352484,-0.20599185531517414,-0.18385631465009558
2.0,-0.23156402886153715,-0.1356109576465309,-0.26405886975479553,-0.17875254732036916
0.0,-0.23156402886153715,-0.18893664185511005,-0.17248507724818704,-0.17779143722422902
1.0,-0.23156402886153715,-0.2304779916108476,-0.17248507724818704,-0.20400427531517953
-2.0,-0.23156402886153715,-0.2706451842723225,-0.21021958533784427,-0.2453641410295782
-1.0,-0.23156402886153715,-0.3335133642584751,-0.3358623591859282,-0.3244524142954936
1.0,-0.23156402886153715,-0.18959327327802675,-0.17248507724818704,-0.19076342581869266
2.0,-0.28529859657717194,-0.16992174860191733,-0.2446286081138807,-0.20740536257065947
0.0,-0.28529859657717194,-0.1931108292211803,-0.19993318495981946,-0.194741294145533
1.0,-0.28529859657717194,-0.25450195462218467,-0.19993318495981946,-0.21756344017686827
-2.0,-0.28529859657717194,-0.27185646059234064,-0.15653272913457378,-0.23248858652550808
-1.0,-0.28529859657717194,-0.3496203120409215,-0.2742947235770963,-0.34724053396531945
1.0,-0.28529859657717194,-0.20226586523169854,-0.19993318495981946,-0.1897182595271245
2.0,-0.3051719503647165,-0.137713609989237,-0.21606651836016832,-0.1651895572436679
0.0,-0.3051719503647165,-0.20585085496463773,-0.21245255664470758,-0.19377318904219062
1.0,-0.3051719503647165,-0.22946509548925365,-0.21245255664470758,-0.21641676774052387
-2.0,-0.3051719503647165,-0.2698967824015998,-0.1765134582730968,-0.2373575381722869
-1.0,-0.3051719503647165,-0.31992984140295677,-0.2924371007339103,-0.32490565559322493
1.0,-0.3051719503647165,-0.20190560018141718,-0.20689782189764871,-0.15921478880082934
2.0,-0.4052880034618938,-0.1563055525424928,-0.28095643527884584,-0.14079930156271708
0.0,-0.4052880034618938,-0.19578669023638728,-0.2675380220166403,-0.19991344827826477
1.0,-0.4052880034618938,-0.3173332019924491,-0.2745255186554102,-0.2409884704020888
-2.0,-0.4052880034618938,-0.29205431215108807,-0.3091892682678678,-0.2742554794834853
-1.0,-0.4052880034618938,-0.4090073028298155,-0.37594020901812036,-0.3870359270423692
1.0,-0.4052880034618938,-0.199101316818009,-0.2745255186554102,-0.2058977587431494
2.0,-0.30679270045598483,-0.1356109576465309,-0.3346532462954636,-0.2540297627026182
0.0,-0.30679270045598483,-0.18893664185511005,-0.26519995440198135,-0.18458279182856163
1.0,-0.30679270045598483,-0.2304779916108476,-0.26519995440198135,-0.21770186507404307
-2.0,-0.30679270045598483,-0.2706451842723225,-0.2746712585892813,-0.2957493802963624
-1.0,-0.30679270045598483,-0.3335133642584751,-0.3796152781389458,-0.33593279264334264
1.0,-0.30679270045598483,-0.18959327327802675,-0.26519995440198135,-0.19564150363018923
2.0,-0.29538337875607357,-0.17855068879796765,-0.2740091927615214,-0.19587071728849412
0.0,-0.29538337875607357,-0.20155373708578406,-0.20336035322649398,-0.19020784685703399
1.0,-0.29538337875607357,-0.23159661987369115,-0.19798671627673634,-0.19719782702200989
-2.0,-0.29538337875607357,-0.2652328630021899,-0.238814374189106,-0.23853078735088826
-1.0,-0.29538337875607357,-0.3421722515808982,-0.3375834923740492,-0.3506819466925813
1.0,-0.29538337875607357,-0.19803739382352484,-0.2123066440973547,-0.18385631465009558
2.0,-0.3176601587997363,-0.14408356777564868,-0.1917504215664555,-0.16560981941833872
0.0,-0.3176601587997363,-0.17663928455206984,-0.20246080647804784,-0.18133756699967252
1.0,-0.3176601587997363,-0.2757664633783642,-0.20905633211224678,-0.19330248399981417
-2.0,-0.3176601587997363,-0.27509439413908643,-0.21709145682050165,-0.2475661967523669
-1.0,-0.3176601587997363,-0.30354553112906507,-0.2456505764127651,-0.3022469991367062
1.0,-0.3176601587997363,-0.17945650416288483,-0.18227239366077203,-0.1640864937903233
2.0,-0.24672157131064798,-0.1790023998398533,-0.3500848561262321,-0.21194812361695722
0.0,-0.24672157131064798,-0.20109329691108235,-0.3161772133468722,-0.19381581484707763
1.0,-0.24672157131064798,-0.2010152904395119,-0.3174232783661705,-0.17819294244402525
-2.0,-0.24672157131064798,-0.27797061924806743,-0.33744619868171216,-0.2763749365574484
-1.0,-0.24672157131064798,-0.34435604472554093,-0.4076973336874645,-0.34437558348209873
1.0,-0.24672157131064798,-0.17696136624191267,-0.3161772133468722,-0.17615721614106938
2.0,-0.2757577728081317,-0.1790023998398533,-0.23268286856866638,-0.20666164668199644
0.0,-0.2757577728081317,-0.20109329691108235,-0.18871340697071512,-0.20281207007932012
1.0,-0.2757577728081317,-0.2010152904395119,-0.18689935241863,-0.190095082432349
-2.0,-0.2757577728081317,-0.27797061924806743,-0.2520858147415996,-0.2363063961796941
-1.0,-0.2757577728081317,-0.34435604472554093,-0.3222771808128808,-0.3496402680987011
1.0,-0.2757577728081317,-0.17696136624191267,-0.18871340697071512,-0.1612281795241364
2.0,-0.31427541367544465,-0.1683485873606428,-0.25010901434520866,-0.20510110537659404
0.0,-0.31427541367544465,-0.2035228450940393,-0.209571592592838,-0.20665829863738935
1.0,-0.31427541367544465,-0.2821219542034898,-0.21109577584886322,-0.2333198919911978
-2.0,-0.31427541367544465,-0.28721983634987636,-0.24286603712592414,-0.250528509127835
-1.0,-0.31427541367544465,-0.35052093777321564,-0.34712041383610165,-0.35996265634851793
1.0,-0.31427541367544465,-0.19001444718386834,-0.209571592592838,-0.18817486754766627
2.0,-0.24270198710163499,-0.137713609989237,-0.25068932688913886,-0.16365048028469936
0.0,-0.24270198710163499,-0.20585085496463773,-0.2547054560254518,-0.18430950644458272
1.0,-0.24270198710163499,-0.22946509548925365,-0.2547054560254518,-0.22958689730888876
-2.0,-0.24270198710163499,-0.2698967824015998,-0.2949649715754794,-0.2671574416618302
-1.0,-0.24270198710163499,-0.31992984140295677,-0.3693495766632691,-0.3330267623503585
1.0,-0.24270198710163499,-0.20190560018141718,-0.2547054560254518,-0.20350945196691925
2.0,-0.4080925174573801,-0.14408356777564868,-0.1758617915765429,-0.17772682252802227
0.0,-0.4080925174573801,-0.17663928455206984,-0.15303652150321004,-0.2023562843161097
1.0,-0.4080925174573801,-0.2757664633783642,-0.15303652150321004,-0.23517456697832936
-2.0,-0.4080925174573801,-0.27509439413908643,-0.2404252918304298,-0.2967123054777311
-1.0,-0.4080925174573801,-0.30354553112906507,-0.26155218480326536,-0.31002401524085393
1.0,-0.4080925174573801,-0.17945650416288483,-0.14314117694453704,-0.1958148791673314
2.0,-0.2817573501329983,-0.14408356777564868,-0.18278581558440585,-0.17772682252802227
0.0,-0.2817573501329983,-0.17663928455206984,-0.204396887305361,-0.2023562843161097
1.0,-0.2817573501329983,-0.2757664633783642,-0.21949842221194032,-0.22104752458713903
-2.0,-0.2817573501329983,-0.27509439413908643,-0.2681308568420979,-0.2967123054777311
-1.0,-0.2817573501329983,-0.30354553112906507,-0.2730466808708215,-0.31002401524085393
1.0,-0.2817573501329983,-0.17945650416288483,-0.19572157891998543,-0.1958148791673314
2.0,-0.3563933494765408,-0.18029909297661662,-0.3741443938113819,-0.25703048705860926
0.0,-0.3563933494765408,-0.21061630556830577,-0.31803678357509546,-0.22646667459309872
1.0,-0.3563933494765408,-0.27960706622487924,-0.31803678357509546,-0.2783158211508875
-2.0,-0.3563933494765408,-0.2863098293351453,-0.3415387795464847,-0.3762692723367807
-1.0,-0.3563933494765408,-0.29566841669512034,-0.4494553438506745,-0.31477465685085343
1.0,-0.3563933494765408,-0.18741272125649128,-0.3144069240275723,-0.2664890905778464
2.0,-0.3136722788083275,-0.1790023998398533,-0.311930945248344,-0.1963835739100829
0.0,-0.3136722788083275,-0.20109329691108235,-0.3020188385974361,-0.19381581484707763
1.0,-0.3136722788083275,-0.2010152904395119,-0.30799055467348796,-0.17819294244402525
-2.0,-0.3136722788083275,-0.27797061924806743,-0.4706086523484086,-0.2619989062509255
-1.0,-0.3136722788083275,-0.34435604472554093,-0.44736408769401725,-0.30392200129665936
1.0,-0.3136722788083275,-0.17696136624191267,-0.3007320929876171,-0.17615721614106938
2.0,-0.34177463753306425,-0.17855068879796765,-0.19915700222876254,-0.18915733180260416
0.0,-0.34177463753306425,-0.20155373708578406,-0.19596310956359636,-0.19020784685703399
1.0,-0.34177463753306425,-0.23159661987369115,-0.19596310956359636,-0.19719782702200989
-2.0,-0.34177463753306425,-0.2652328630021899,-0.2212910209122766,-0.27282772811038597
-1.0,-0.34177463753306425,-0.3421722515808982,-0.3160444298015218,-0.3439685612066913
1.0,-0.34177463753306425,-0.19803739382352484,-0.19956220103483038,-0.18385631465009558
2.0,-0.369493980709298,-0.1683485873606428,-0.3172195516538263,-0.18105433435256196
0.0,-0.369493980709298,-0.2035228450940393,-0.2718549720497099,-0.20491516834120643
1.0,-0.369493980709298,-0.2821219542034898,-0.27337915530573503,-0.23157676169501484
-2.0,-0.369493980709298,-0.28721983634987636,-0.3066860941114512,-0.2781189384043554
-1.0,-0.369493980709298,-0.35052093777321564,-0.39447270892355085,-0.36052048659851177
1.0,-0.369493980709298,-0.19001444718386834,-0.2718549720497099,-0.18643173725148335
2.0,-0.3973238345765055,-0.1683485873606428,-0.3126160341622375,-0.18942857754606707
0.0,-0.3973238345765055,-0.2035228450940393,-0.28831561823844465,-0.20737967383791564
1.0,-0.3973238345765055,-0.2821219542034898,-0.2966893013253814,-0.23527497370345607
-2.0,-0.3973238345765055,-0.28721983634987636,-0.3308660814191092,-0.2715876449800758
-1.0,-0.3973238345765055,-0.35052093777321564,-0.3936385987051483,-0.25686393238016786
1.0,-0.3973238345765055,-0.19001444718386834,-0.29516511806935625,-0.19491851978254632
2.0,-0.3391889715245551,-0.1524379973023288,-0.2216701948341601,-0.2017325757237209
0.0,-0.3391889715245551,-0.21175022482901984,-0.23679840858438217,-0.22463872671199783
1.0,-0.3391889715245551,-0.2523796497607855,-0.22099436134996328,-0.23100259643210788
-2.0,-0.3391889715245551,-0.2737732861181,-0.28655859758149826,-0.25628080314615664
-1.0,-0.3391889715245551,-0.35580288929245535,-0.3258709472305705,-0.31953798516872
1.0,-0.3391889715245551,-0.19257681681810893,-0.19903815268848776,-0.18083271886787863
2.0,-0.35443054633924986,-0.18029909297661662,-0.24909996508716567,-0.2339021327535934
0.0,-0.35443054633924986,-0.21061630556830577,-0.2512065975134886,-0.22646667459309872
1.0,-0.35443054633924986,-0.27960706622487924,-0.2512065975134886,-0.27080018442448645
-2.0,-0.35443054633924986,-0.2863098293351453,-0.36332801329671627,-0.3762692723367807
-1.0,-0.35443054633924986,-0.29566841669512034,-0.36117002110756435,-0.31477465685085343
1.0,-0.35443054633924986,-0.18741272125649128,-0.2475767379659652,-0.2589734538514453
-2.0,-0.16619780067429407,-0.2828863162794711,-0.17419973286862364,-0.3155214582871757
-3.0,-0.16619780067429407,-0.2524429286304493,-0.09780586991301589,-0.23080266828888454
2.0,-0.16619780067429407,-0.13246758774126005,-0.10594067835936002,-0.14417973796181738
-1.0,-0.16619780067429407,-0.2334248379174289,-0.15403071689118628,-0.2960753428299631
-1.0,-0.16619780067429407,-0.22434333997894074,-0.11508583046459857,-0.25551701184221465
-2.0,-0.15448739613239704,-0.2828837569254006,-0.30413059820843735,-0.24595454160410388
2.0,-0.15448739613239704,-0.15185242014720726,-0.15733407563734714,-0.19018774417002776
-1.0,-0.15448739613239704,-0.17425677256842556,-0.22217360050767362,-0.19517568966455726
-1.0,-0.15448739613239704,-0.21754226227849668,-0.24583712417761228,-0.21819555081449252
-1.0,-0.15448739613239704,-0.21493777608025044,-0.23729259374704764,-0.20419880495230439
-3.0,-0.15448739613239704,-0.16389538186245134,-0.2646939921347068,-0.18810183595041835
-2.0,-0.40321925422165783,-0.2692598130619595,-0.2569682791686654,-0.2525207512162038
-2.0,-0.40321925422165783,-0.2523731946300928,-0.1907819885498415,-0.2587527230765901
-2.0,-0.40321925422165783,-0.35488189064743053,-0.3047030671959601,-0.370105716365318
1.0,-0.40321925422165783,-0.1857780671458396,-0.1812560384309414,-0.17527861952208612
-2.0,-0.4118382738531276,-0.2692598130619595,-0.31067204396353043,-0.25808959102377926
-2.0,-0.4118382738531276,-0.2523731946300928,-0.25920278387357865,-0.2294898654318138
-2.0,-0.4118382738531276,-0.35488189064743053,-0.38818599693995676,-0.38483240022483156
1.0,-0.4118382738531276,-0.1857780671458396,-0.24878392331072308,-0.17891600608099364
-3.0,-0.4118382738531276,-0.21460852320008017,-0.28698000338660334,-0.23922459321009054
-2.0,-0.36322320583464385,-0.2692598130619595,-0.30450448782056266,-0.25808959102377926
-3.0,-0.36322320583464385,-0.2319407358332555,-0.2833646803783839,-0.25278481117376295
2.0,-0.36322320583464385,-0.1577573043495153,-0.20755430140502346,-0.15284425192924794
-1.0,-0.36322320583464385,-0.2685085248106807,-0.2553378319053891,-0.24777938231876317
-1.0,-0.36322320583464385,-0.24904450661371008,-0.24226360373170083,-0.23247386026746042
-2.0,-0.3449633884986469,-0.2886278216424887,-0.3654413933976755,-0.28737213406712225
2.0,-0.3449633884986469,-0.15017333794080256,-0.22120587786910315,-0.1948346182034018
-1.0,-0.3449633884986469,-0.24462215267318982,-0.32781592371001117,-0.23703207144825422
-1.0,-0.3449633884986469,-0.24019958967670685,-0.3413300526153357,-0.24479791949628948
-1.0,-0.3449633884986469,-0.2417220216558152,-0.3494562342594085,-0.23845122135486227
-3.0,-0.3449633884986469,-0.2168628541046433,-0.33153116464813975,-0.2622971804845573
-3.0,-0.0802586362155063,-0.2781520776769103,-0.14614403420050232,-0.25074387587552577
-2.0,-0.0802586362155063,-0.2886278216424887,-0.16397627588010855,-0.2501376600706448
0.0,-0.0802586362155063,-0.19375597170133965,-0.10934273165518801,-0.1099042885789213
-2.0,-0.0802586362155063,-0.28134632345838406,-0.13164981801412728,-0.16084731121885087
-2.0,-0.0802586362155063,-0.34160936201963904,-0.18007906496321763,-0.2822717964192921
-1.0,-0.0802586362155063,-0.24019958967670685,-0.14537225030814355,-0.24355539866612172
-2.0,-0.16309525146620008,-0.24735732947920525,-0.2652448085429305,-0.25194983687811945
-2.0,-0.16309525146620008,-0.28355263874781805,-0.24761889632571338,-0.277690415459739
-2.0,-0.16309525146620008,-0.3207053678128064,-0.34005583518110527,-0.35528775755505076
1.0,-0.16309525146620008,-0.18821210915820236,-0.2055940052418897,-0.20780842043540868
-2.0,-0.20594223374086723,-0.32734865677458325,-0.22288917136621503,-0.2765796798322685
2.0,-0.20594223374086723,-0.20045890270494476,-0.1200292147080134,-0.21862487581263063
-1.0,-0.20594223374086723,-0.18202288999166447,-0.14355031704424018,-0.21513905720899806
-1.0,-0.20594223374086723,-0.25247777251946957,-0.1875957654050886,-0.2510339413607036
-1.0,-0.20594223374086723,-0.2304852947032111,-0.1546268882485249,-0.2165779615097573
-3.0,-0.20594223374086723,-0.2237131267447088,-0.14650567921499758,-0.20054539873830945
-2.0,-0.16301156626844693,-0.32734865677458325,-0.24607551257984242,-0.3010902319018193
-3.0,-0.16301156626844693,-0.23431828721021442,-0.17138100152439098,-0.19650012381518286
2.0,-0.16301156626844693,-0.20045890270494476,-0.14284322512019643,-0.20067399152280244
-1.0,-0.16301156626844693,-0.25247777251946957,-0.22215104826989418,-0.28278769833653106
-1.0,-0.16301156626844693,-0.2304852947032111,-0.19374912761710242,-0.2268644088805176
-2.0,-0.029468371760759986,-0.24735732947920525,-0.16572168438782547,-0.2046275432005265
-3.0,-0.029468371760759986,-0.2679756007401241,-0.1498647575549913,-0.2133203963776374
2.0,-0.029468371760759986,-0.14258558691972487,-0.1492762369364219,-0.1872516369400204
-1.0,-0.029468371760759986,-0.22602728835403002,-0.16997262872305807,-0.19833719577227074
-1.0,-0.029468371760759986,-0.23340391925134388,-0.16997262872305807,-0.20757459454058985
-2.0,-0.06973077898772408,-0.32734865677458325,-0.1781785228697744,-0.2765796798322685
2.0,-0.06973077898772408,-0.20045890270494476,-0.13922530942365338,-0.21862487581263063
-1.0,-0.06973077898772408,-0.18202288999166447,-0.15776082313590234,-0.21513905720899806
-1.0,-0.06973077898772408,-0.25247777251946957,-0.1571114107516644,-0.2510339413607036
-1.0,-0.06973077898772408,-0.2304852947032111,-0.12870949009887264,-0.2165779615097573
-3.0,-0.06973077898772408,-0.2237131267447088,-0.16778370904401557,-0.20054539873830945
-2.0,-0.031233368130267614,-0.2845443091666134,-0.24332926498344915,-0.23093440178752528
-3.0,-0.031233368130267614,-0.26733966603057696,-0.18400727579273016,-0.23235683871696491
2.0,-0.031233368130267614,-0.15280355733084774,-0.20959170276322284,-0.16000336600571566
-1.0,-0.031233368130267614,-0.23726958213640206,-0.2093274190470391,-0.20110435443624178
-1.0,-0.031233368130267614,-0.23461188543828448,-0.20246054380599005,-0.1929924749015332
-2.0,-0.1837430448107163,-0.2692598130619595,-0.3013515519728479,-0.2613963466816708
-2.0,-0.1837430448107163,-0.2523731946300928,-0.3097556568898424,-0.2427278088796694
-2.0,-0.1837430448107163,-0.35488189064743053,-0.35231797760242406,-0.3825707564606439
1.0,-0.1837430448107163,-0.1857780671458396,-0.23496672880934988,-0.1741559751587521
-3.0,-0.1837430448107163,-0.21460852320008017,-0.31255941483280597,-0.24447000489662923
-2.0,-0.20177364286571547,-0.27273870436593545,-0.17252837966407575,-0.27883770069842856
-3.0,-0.20177364286571547,-0.23824808504223582,-0.13213951263936421,-0.19275620075789782
2.0,-0.20177364286571547,-0.14514133029077336,-0.15305489635121644,-0.1697174242076971
-1.0,-0.20177364286571547,-0.24327950313768473,-0.16031042088121625,-0.2917527239086393
-1.0,-0.20177364286571547,-0.2348692817093956,-0.1576995784023139,-0.28356577828405527
-3.0,-0.11871717615888376,-0.2827580293854171,-0.20595518156530407,-0.21013463821495093
-2.0,-0.11871717615888376,-0.2836786531356803,-0.2017055430794821,-0.1977304739232521
0.0,-0.11871717615888376,-0.2014465996887118,-0.13096962465724266,-0.131054396510485
-2.0,-0.11871717615888376,-0.2819499573505836,-0.23373446076909665,-0.21854290268892823
-2.0,-0.11871717615888376,-0.3541409390763989,-0.22839802954689117,-0.23283888964991606
-1.0,-0.11871717615888376,-0.23003422153048889,-0.14624343878295437,-0.16354474718397105
-2.0,-0.1104585439197831,-0.24735732947920525,-0.26515662094405806,-0.23392384845726935
-2.0,-0.1104585439197831,-0.28355263874781805,-0.2497050370759394,-0.27823314891972906
-2.0,-0.1104585439197831,-0.3207053678128064,-0.2933502426947657,-0.3138209104413172
1.0,-0.1104585439197831,-0.18821210915820236,-0.17956053008408984,-0.20605247835069612
-2.0,-0.28314818415848486,-0.32734865677458325,-0.3073728734944504,-0.31997216492875613
-3.0,-0.28314818415848486,-0.23431828721021442,-0.21565121258578057,-0.25555372499471424
2.0,-0.28314818415848486,-0.20045890270494476,-0.24736097812292043,-0.2455289988917205
-1.0,-0.28314818415848486,-0.25247777251946957,-0.2900106213447273,-0.25956661776955736
-1.0,-0.28314818415848486,-0.2304852947032111,-0.28067961179703677,-0.22511063791861094
-2.0,-0.30272860849442035,-0.280316555670497,-0.3485840176897749,-0.28390998405924384
-2.0,-0.30272860849442035,-0.27083252799569285,-0.34222241834056966,-0.2793838449268851
-2.0,-0.30272860849442035,-0.3538122183479261,-0.3718392242875765,-0.32210406733699776
1.0,-0.30272860849442035,-0.17167419495622757,-0.2185286387273164,-0.18298253390440353
-3.0,-0.30272860849442035,-0.16205383620504213,-0.3408152771874567,-0.29010378037591883
-2.0,-0.35576971332760415,-0.27273870436593545,-0.3358011419065561,-0.2736933822190225
-3.0,-0.35576971332760415,-0.23824808504223582,-0.29801555481188047,-0.298191466024988
2.0,-0.35576971332760415,-0.14514133029077336,-0.2296030683672166,-0.17140598960638967
-1.0,-0.35576971332760415,-0.24327950313768473,-0.30015881077753453,-0.22470049718290266
-1.0,-0.35576971332760415,-0.2348692817093956,-0.30015881077753453,-0.22158104336275403
-2.0,-0.28574405017100996,-0.24735732947920525,-0.18755965328653265,-0.2046275432005265
2.0,-0.28574405017100996,-0.14258558691972487,-0.18172623793380258,-0.1872516369400204
-1.0,-0.28574405017100996,-0.1812181153858535,-0.2060226006873991,-0.22706193539501524
-1.0,-0.28574405017100996,-0.22602728835403002,-0.20680162495825619,-0.19833719577227074
-1.0,-0.28574405017100996,-0.23340391925134388,-0.20680162495825619,-0.20757459454058985
-3.0,-0.28574405017100996,-0.17810405484094494,-0.18468430742922412,-0.202423706283515
-3.0,-0.13723474127343682,-0.2525695223883078,-0.2427230964335817,-0.23365072971706732
-2.0,-0.13723474127343682,-0.2692598130619595,-0.2363426963497063,-0.2567906018304924
0.0,-0.13723474127343682,-0.21895662226775653,-0.20605235777860675,-0.20407528599176958
-2.0,-0.13723474127343682,-0.2523731946300928,-0.21137158773247933,-0.26805665680560015
-2.0,-0.13723474127343682,-0.35488189064743053,-0.3230934363958636,-0.342787509234277
-1.0,-0.13723474127343682,-0.2685085248106807,-0.25749010403879613,-0.2477919551062428
-2.0,-0.11456574836574605,-0.24735732947920525,-0.1494686189386197,-0.2533414577087459
-2.0,-0.11456574836574605,-0.28355263874781805,-0.1469996849396605,-0.2999466522770515
-2.0,-0.11456574836574605,-0.3207053678128064,-0.19699200831562885,-0.3284377006568966
1.0,-0.11456574836574605,-0.18821210915820236,-0.1455898567139525,-0.2734761845816731
-3.0,-0.11456574836574605,-0.17810405484094494,-0.1462090883407138,-0.22865610820694052
-2.0,-0.11098816494060718,-0.24735732947920525,-0.16877267229539503,-0.21910418970963008
-3.0,-0.11098816494060718,-0.2679756007401241,-0.16145233568583173,-0.21550115037732992
2.0,-0.11098816494060718,-0.14258558691972487,-0.14873316753886517,-0.16507697138874664
-1.0,-0.11098816494060718,-0.22602728835403002,-0.15885842439591732,-0.24169052398921964
-1.0,-0.11098816494060718,-0.23340391925134388,-0.15885842439591732,-0.24575937173428583
-2.0,-0.23035960607690706,-0.27273870436593545,-0.21970313426788968,-0.26513450485107676
-3.0,-0.23035960607690706,-0.23824808504223582,-0.17110430334657317,-0.25045757407619473
2.0,-0.23035960607690706,-0.14514133029077336,-0.248293936370892,-0.13754174536408875
-1.0,-0.23035960607690706,-0.24327950313768473,-0.22756445822771373,-0.1947681415518218
-1.0,-0.23035960607690706,-0.2348692817093956,-0.2249536157488114,-0.20878897907215954
-2.0,-0.22557944835535218,-0.2828863162794711,-0.3164566966709168,-0.2651304508365155
-2.0,-0.22557944835535218,-0.28130261045982813,-0.2405374087142966,-0.25108282719436703
-2.0,-0.22557944835535218,-0.43651107517869003,-0.4455247831585277,-0.4397692717854363
1.0,-0.22557944835535218,-0.175605344030341,-0.20728267418155405,-0.17541585949273175
-3.0,-0.22557944835535218,-0.17745832285512358,-0.26773925956971184,-0.1837580809670928
-2.0,-0.1914162183915794,-0.2828863162794711,-0.2692583621636487,-0.2684324309733788
-2.0,-0.1914162183915794,-0.28130261045982813,-0.20813655457251293,-0.25108282719436703
-2.0,-0.1914162183915794,-0.43651107517869003,-0.37423305236628696,-0.4397692717854363
1.0,-0.1914162183915794,-0.175605344030341,-0.17503013136149856,-0.17541585949273175
-3.0,-0.1914162183915794,-0.17745832285512358,-0.21234291958164941,-0.19675019373751668
-2.0,-0.21544202801192033,-0.27273870436593545,-0.27570394633979195,-0.2736933822190225
2.0,-0.21544202801192033,-0.14514133029077336,-0.24332265308840736,-0.17140598960638967
-1.0,-0.21544202801192033,-0.19833439120220914,-0.25990437959177415,-0.1885410929401164
-1.0,-0.21544202801192033,-0.24327950313768473,-0.26348598755693253,-0.22470049718290266
-1.0,-0.21544202801192033,-0.2348692817093956,-0.2608751450780303,-0.21751976092097342
-3.0,-0.21544202801192033,-0.15246629765162464,-0.26383205806334337,-0.2462674173289662
-2.0,-0.320248888771901,-0.24735732947920525,-0.2445334916832897,-0.22603453646524188
2.0,-0.320248888771901,-0.14258558691972487,-0.18179442727570053,-0.16919552232274362
-1.0,-0.320248888771901,-0.1812181153858535,-0.21687873187216586,-0.22706193539501524
-1.0,-0.320248888771901,-0.22602728835403002,-0.228569650336925,-0.19833719577227074
-1.0,-0.320248888771901,-0.23340391925134388,-0.228569650336925,-0.20757459454058985
-3.0,-0.320248888771901,-0.17810405484094494,-0.2264400639027007,-0.202423706283515
-3.0,-0.32085895441252016,-0.24264918707170396,-0.2693100227341665,-0.300582178067337
-2.0,-0.32085895441252016,-0.27273870436593545,-0.29906461515886584,-0.28269545572228744
0.0,-0.32085895441252016,-0.19441122777532846,-0.2648810151603777,-0.18772767370063886
-2.0,-0.32085895441252016,-0.2640151722916019,-0.25422002075006733,-0.2540440432071647
-2.0,-0.32085895441252016,-0.3166673043110883,-0.33164902169968224,-0.31297921153651115
-1.0,-0.32085895441252016,-0.24327950313768473,-0.2868466563760063,-0.23370257068616754
-3.0,-0.3891055861328778,-0.2781520776769103,-0.1474563699748131,-0.26050253052783273
-2.0,-0.3891055861328778,-0.2886278216424887,-0.16528861165441927,-0.27126870887974497
0.0,-0.3891055861328778,-0.19375597170133965,-0.11134040767109202,-0.1991291318938958
-2.0,-0.3891055861328778,-0.28134632345838406,-0.13296215378843795,-0.22888615400317613
-2.0,-0.3891055861328778,-0.34160936201963904,-0.20851196948377326,-0.28220394599822846
-1.0,-0.3891055861328778,-0.24019958967670685,-0.14668458608245427,-0.243487548245058
-2.0,-0.36441392059099514,-0.32734865677458325,-0.2724750564792082,-0.31975012892173554
2.0,-0.36441392059099514,-0.20045890270494476,-0.19612751951324467,-0.23105299157690498
-1.0,-0.36441392059099514,-0.18202288999166447,-0.21754172078196335,-0.20500794207685824
-1.0,-0.36441392059099514,-0.25247777251946957,-0.24251625803771049,-0.2517470564830939
-1.0,-0.36441392059099514,-0.2304852947032111,-0.22861829198624808,-0.21729107663214767
-3.0,-0.36441392059099514,-0.2237131267447088,-0.24011323841485158,-0.2467026872115863
-3.0,-0.36186522040385927,-0.24628507810987318,-0.28693943031349123,-0.2603259051796439
-2.0,-0.36186522040385927,-0.32734865677458325,-0.3144806208077394,-0.31997216492875613
0.0,-0.36186522040385927,-0.21150080064527368,-0.21637587456712856,-0.21336769963309377
-2.0,-0.36186522040385927,-0.26796922006364715,-0.24849331120363635,-0.2641083818575871
-2.0,-0.36186522040385927,-0.3854497417659758,-0.3715710934477316,-0.41880419023345716
-1.0,-0.36186522040385927,-0.25247777251946957,-0.28666163011483575,-0.25956661776955736
-2.0,-0.32533950802120765,-0.32734865677458325,-0.24279749453626734,-0.2948114369832423
2.0,-0.32533950802120765,-0.20045890270494476,-0.15565707098220807,-0.21883052470222752
-1.0,-0.32533950802120765,-0.18202288999166447,-0.18027255945161594,-0.2066715279170897
-1.0,-0.32533950802120765,-0.25247777251946957,-0.1994503435573818,-0.25504159381288666
-1.0,-0.32533950802120765,-0.2304852947032111,-0.1855523775059194,-0.22058561396194049
-3.0,-0.32533950802120765,-0.2237131267447088,-0.21257548422050476,-0.2298795573733331
-3.0,-0.2812880433542908,-0.2514942155341174,-0.2781989445032882,-0.21003556706484663
-2.0,-0.2812880433542908,-0.2828863162794711,-0.26454877417962513,-0.2651304508365155
0.0,-0.2812880433542908,-0.19580021510154982,-0.1968294533618224,-0.19946012920845133
-2.0,-0.2812880433542908,-0.28130261045982813,-0.251705847592444,-0.25108282719436703
-2.0,-0.2812880433542908,-0.43651107517869003,-0.3392333035425605,-0.42854023534772984
-1.0,-0.2812880433542908,-0.2334248379174289,-0.23794240571230355,-0.2276696025664033
-2.0,-0.24768833349051766,-0.2886278216424887,-0.1966060743056413,-0.2955600304144775
-3.0,-0.24768833349051766,-0.26547538996698217,-0.1677576846162817,-0.23823337235027778
2.0,-0.24768833349051766,-0.15017333794080256,-0.11874988344364512,-0.14033331368380628
-1.0,-0.24768833349051766,-0.24019958967670685,-0.17800204873367637,-0.2398722634697613
-1.0,-0.24768833349051766,-0.2417220216558152,-0.17800204873367637,-0.23352556532833407
-2.0,-0.2724497629416868,-0.2836786531356803,-0.2502125516626127,-0.18380987948125482
2.0,-0.2724497629416868,-0.16006628303002435,-0.2098677614078909,-0.13429230749680657
-1.0,-0.2724497629416868,-0.19395731843706543,-0.21521421325482437,-0.17289106172001448
-1.0,-0.2724497629416868,-0.23003422153048889,-0.23454438395485683,-0.16831152395598964
-1.0,-0.2724497629416868,-0.2381320499989843,-0.2254271359738809,-0.1774685289595322
-3.0,-0.2724497629416868,-0.18519068606254593,-0.21358544155785764,-0.1556063007434158
-2.0,-0.26562283681586396,-0.2828837569254006,-0.22462742824736925,-0.30217374656358365
-3.0,-0.26562283681586396,-0.24762223124616858,-0.16409143237799093,-0.21858089850666626
2.0,-0.26562283681586396,-0.15185242014720726,-0.13752956481590803,-0.18834437534828696
-1.0,-0.26562283681586396,-0.21754226227849668,-0.19381296492069758,-0.21392366513156266
-1.0,-0.26562283681586396,-0.21493777608025044,-0.18526843449013294,-0.1999269192693746
-2.0,-0.30208768532433017,-0.2886278216424887,-0.2679288717025511,-0.3041752241538276
2.0,-0.30208768532433017,-0.15017333794080256,-0.18616620123403976,-0.1406288806107987
-1.0,-0.30208768532433017,-0.24462215267318982,-0.22553726930201776,-0.23734624488640133
-1.0,-0.30208768532433017,-0.24019958967670685,-0.24255126050936643,-0.2452790913658426
-1.0,-0.30208768532433017,-0.2417220216558152,-0.24255126050936643,-0.2389323932244154
-3.0,-0.30208768532433017,-0.2168628541046433,-0.24522069852884676,-0.2571070272069742
-3.0,-0.17259157400414676,-0.24264918707170396,-0.2655546826725214,-0.24743815383120715
-2.0,-0.17259157400414676,-0.27273870436593545,-0.2596761763145986,-0.2603517064199986
0.0,-0.17259157400414676,-0.19441122777532846,-0.1743775098988361,-0.17779180825322363
-2.0,-0.17259157400414676,-0.2640151722916019,-0.2655546826725214,-0.23015947242118165
-2.0,-0.17259157400414676,-0.3166673043110883,-0.30745378021715625,-0.2960444958901176
-1.0,-0.17259157400414676,-0.24327950313768473,-0.20532163618303964,-0.21293921909822514
-2.0,-0.2826006181252563,-0.2836786531356803,-0.3065897852782641,-0.33042498255851954
-2.0,-0.2826006181252563,-0.2819499573505836,-0.27040243250958423,-0.3170422626218986
-2.0,-0.2826006181252563,-0.3541409390763989,-0.34996221028393043,-0.3686399369269479
1.0,-0.2826006181252563,-0.18650475874248285,-0.2426644428027943,-0.21529587663010685
-3.0,-0.2826006181252563,-0.18519068606254593,-0.26257661262181237,-0.24472853482384951
-2.0,-0.2122414732533892,-0.24735732947920525,-0.21997280836279975,-0.22603453646524188
-2.0,-0.2122414732533892,-0.28355263874781805,-0.1966068166022729,-0.25731602345061766
-2.0,-0.2122414732533892,-0.3207053678128064,-0.2572636927924809,-0.32937245714217317
1.0,-0.2122414732533892,-0.18821210915820236,-0.16257558188030197,-0.1818931200225311
-3.0,-0.2122414732533892,-0.17810405484094494,-0.2009573053633569,-0.26122191176313353
-2.0,-0.27044559035276916,-0.280316555670497,-0.17299628149969962,-0.2464402393353069
2.0,-0.27044559035276916,-0.1307792805558205,-0.1013705246885482,-0.1765854968701933
-1.0,-0.27044559035276916,-0.18813510471031042,-0.15917534879253237,-0.23343429400091784
-1.0,-0.27044559035276916,-0.22754978953213442,-0.15483459840704486,-0.2288203193680898
-1.0,-0.27044559035276916,-0.220347922340337,-0.15133472048770982,-0.22808046793855688
-3.0,-0.27044559035276916,-0.16205383620504213,-0.11875288833911858,-0.1989663389106626
-3.0,-0.25985763377681714,-0.24628507810987318,-0.24357870362765455,-0.21442925944034613
-2.0,-0.25985763377681714,-0.32734865677458325,-0.27111989412190274,-0.29008043048760523
0.0,-0.25985763377681714,-0.21150080064527368,-0.18007038764506156,-0.19835234153453524
-2.0,-0.25985763377681714,-0.26796922006364715,-0.18511803062192794,-0.19152823722019208
-2.0,-0.25985763377681714,-0.3854497417659758,-0.33133002221548347,-0.39446849255379446
-1.0,-0.25985763377681714,-0.25247777251946957,-0.23311892704425433,-0.2556709776376004
-2.0,-0.40466833218209086,-0.2828837569254006,-0.25545446383287557,-0.2604499666982606
-2.0,-0.40466833218209086,-0.28170670899810885,-0.19109583536824218,-0.25105021767717595
-2.0,-0.40466833218209086,-0.3299268628947267,-0.2728591671583438,-0.3020561154758735
1.0,-0.40466833218209086,-0.17738122332701645,-0.18036840526654793,-0.1925974056885184
-3.0,-0.40466833218209086,-0.16389538186245134,-0.21512525474377636,-0.1936527254113471
-2.0,-0.18245990524303127,-0.2828863162794711,-0.2766745772800609,-0.2651304508365155
-2.0,-0.18245990524303127,-0.28130261045982813,-0.1965586642995005,-0.25108282719436703
-2.0,-0.18245990524303127,-0.43651107517869003,-0.3322868418435047,-0.42854023534772984
1.0,-0.18245990524303127,-0.175605344030341,-0.18650636197269393,-0.17541585949273175
-2.0,-0.17646464041065935,-0.2692598130619595,-0.25925250728729504,-0.2567906018304924
-2.0,-0.17646464041065935,-0.2523731946300928,-0.21797491744895264,-0.26805665680560015
-2.0,-0.17646464041065935,-0.35488189064743053,-0.27993846902899255,-0.342787509234277
1.0,-0.17646464041065935,-0.1857780671458396,-0.18584468221051514,-0.17954847013637473
-3.0,-0.17646464041065935,-0.21460852320008017,-0.2655285582989685,-0.2151563447254241
-2.0,-0.22584185933061576,-0.32734865677458325,-0.28763316287539153,-0.31997216492875613
-3.0,-0.22584185933061576,-0.23431828721021442,-0.2346023987404466,-0.25555372499471424
2.0,-0.22584185933061576,-0.20045890270494476,-0.1999689203821034,-0.23887255286336825
-1.0,-0.22584185933061576,-0.25247777251946957,-0.24552311211299677,-0.25956661776955736
-1.0,-0.22584185933061576,-0.2304852947032111,-0.24361758644933998,-0.22511063791861094
-2.0,-0.19392890451935726,-0.32734865677458325,-0.28141053741174926,-0.29008043048760523
-2.0,-0.19392890451935726,-0.26796922006364715,-0.24684267840359478,-0.19152823722019208
-2.0,-0.19392890451935726,-0.3854497417659758,-0.3330217427312861,-0.39446849255379446
1.0,-0.19392890451935726,-0.1927571902521498,-0.21898989373798547,-0.17576121433502237
-2.0,-0.1968915590540303,-0.2886278216424887,-0.2565772993753749,-0.2605177816827151
-2.0,-0.1968915590540303,-0.28134632345838406,-0.2264845942312606,-0.24030821501515265
-2.0,-0.1968915590540303,-0.34160936201963904,-0.277575906687699,-0.3017496845369926
1.0,-0.1968915590540303,-0.16398144984464108,-0.16168629842865193,-0.19117777933862015
-3.0,-0.1968915590540303,-0.2168628541046433,-0.2317122507462284,-0.2542984140887007
-2.0,-0.3183898511909693,-0.2828837569254006,-0.22698753282427545,-0.24116065477645862
-3.0,-0.3183898511909693,-0.24762223124616858,-0.16792562056991914,-0.22119762186374411
2.0,-0.3183898511909693,-0.15185242014720726,-0.11759572117689295,-0.19018774417002776
-1.0,-0.3183898511909693,-0.21754226227849668,-0.1794314378588599,-0.21819555081449252
-1.0,-0.3183898511909693,-0.21493777608025044,-0.13310185076634132,-0.2107087069698673
-2.0,-0.2536709461092697,-0.2828863162794711,-0.24426362434238538,-0.2651304508365155
-3.0,-0.2536709461092697,-0.2524429286304493,-0.19307285817861095,-0.21169946583114643
2.0,-0.2536709461092697,-0.13246758774126005,-0.1739037828730957,-0.1930965040766205
-1.0,-0.2536709461092697,-0.2334248379174289,-0.21978298510328817,-0.2276696025664033
-1.0,-0.2536709461092697,-0.22434333997894074,-0.20119062966935455,-0.20154836026067377
-2.0,-0.2773894451946766,-0.2692598130619595,-0.2210968991280102,-0.2567906018304924
2.0,-0.2773894451946766,-0.1577573043495153,-0.18092375999131693,-0.16933280265507633
-1.0,-0.2773894451946766,-0.22420893279558715,-0.18152992851247096,-0.19761886090097472
-1.0,-0.2773894451946766,-0.2685085248106807,-0.2293059832987489,-0.2477919551062428
-1.0,-0.2773894451946766,-0.24904450661371008,-0.2012506721326918,-0.22884904649603252
-3.0,-0.2773894451946766,-0.21460852320008017,-0.2165820372032149,-0.2151563447254241
-2.0,-0.2892864252281886,-0.2692598130619595,-0.25404546873804823,-0.2525207512162038
-2.0,-0.2892864252281886,-0.2523731946300928,-0.20207064787893328,-0.26378680619131156
-2.0,-0.2892864252281886,-0.35488189064743053,-0.2747314304797458,-0.3385176586199884
1.0,-0.2892864252281886,-0.1857780671458396,-0.1630805771651877,-0.17527861952208612
-3.0,-0.2892864252281886,-0.21460852320008017,-0.2407900244958962,-0.2108864941111355
-2.0,-0.30090916531946976,-0.2828837569254006,-0.2561180768061621,-0.2433543819481391
-3.0,-0.30090916531946976,-0.24762223124616858,-0.17631790770625183,-0.2196633438152615
2.0,-0.30090916531946976,-0.15185242014720726,-0.17703928605403865,-0.19238147134170827
-1.0,-0.30090916531946976,-0.21754226227849668,-0.22530361347949032,-0.220389277986173
-1.0,-0.30090916531946976,-0.21493777608025044,-0.19307487734922624,-0.21290243414154778
-2.0,-0.2938778208322982,-0.2692598130619595,-0.31710306302440433,-0.25808959102377926
2.0,-0.2938778208322982,-0.1577573043495153,-0.26927020559636294,-0.1753372986709101
-1.0,-0.2938778208322982,-0.22420893279558715,-0.2756553455668168,-0.2107245957390823
-1.0,-0.2938778208322982,-0.2685085248106807,-0.31280237055885285,-0.2435221044919542
-1.0,-0.2938778208322982,-0.24904450661371008,-0.28289470865813743,-0.22821658244065143
-3.0,-0.2938778208322982,-0.21460852320008017,-0.3038476187822526,-0.2325264655655077
-3.0,-0.2893759372702547,-0.2781520776769103,-0.3055727045250522,-0.28808271790490236
-2.0,-0.2893759372702547,-0.2886278216424887,-0.3211711934827914,-0.28737213406712225
0.0,-0.2893759372702547,-0.19375597170133965,-0.22994828887407592,-0.21069765080574054
-2.0,-0.2893759372702547,-0.28134632345838406,-0.29107848833867717,-0.26397929478884025
-2.0,-0.2893759372702547,-0.34160936201963904,-0.3339722308108042,-0.34756784209018887
-1.0,-0.2893759372702547,-0.24019958967670685,-0.29579358228960695,-0.24479791949628948
-3.0,-0.427704388342452,-0.2514942155341174,-0.35942292672958615,-0.25782417805270524
-2.0,-0.427704388342452,-0.2828863162794711,-0.38641336193918424,-0.260860490880567
0.0,-0.427704388342452,-0.19580021510154982,-0.3174650404331654,-0.19539842033689578
-2.0,-0.427704388342452,-0.28130261045982813,-0.34526104432004817,-0.264996908017894
-2.0,-0.427704388342452,-0.43651107517869003,-0.5139654505783593,-0.4073698180426353
-1.0,-0.427704388342452,-0.2334248379174289,-0.34739998406786626,-0.23679314602767976
-2.0,-0.2508868560163075,-0.27273870436593545,-0.3012527376898565,-0.28997588566196286
-2.0,-0.2508868560163075,-0.2640151722916019,-0.28026992124667693,-0.22357302577912105
-2.0,-0.2508868560163075,-0.3166673043110883,-0.3022204736714148,-0.3082240919973739
1.0,-0.2508868560163075,-0.16595397927526725,-0.26216593405574723,-0.16409552082107745
-2.0,-0.30023481172694505,-0.27273870436593545,-0.22609141091359483,-0.2768208727166528
-2.0,-0.30023481172694505,-0.2640151722916019,-0.18696071939241268,-0.23015947242118165
-2.0,-0.30023481172694505,-0.3166673043110883,-0.258675817454411,-0.3030433460890959
1.0,-0.30023481172694505,-0.16595397927526725,-0.17806398709042093,-0.1592453418537947
-2.0,-0.2791210217564085,-0.2828863162794711,-0.21805051896081531,-0.2651304508365155
2.0,-0.2791210217564085,-0.13246758774126005,-0.17119660933800257,-0.1930965040766205
-1.0,-0.2791210217564085,-0.18313528666678539,-0.1628863150990508,-0.1642838602151586
-1.0,-0.2791210217564085,-0.2334248379174289,-0.2009539329212003,-0.2276696025664033
-1.0,-0.2791210217564085,-0.22434333997894074,-0.1823615774872666,-0.20154836026067377
-3.0,-0.2791210217564085,-0.17745832285512358,-0.19609535673917802,-0.2246259499894068
-3.0,-0.24646578791502796,-0.25665761263228803,-0.32510085668235655,-0.2997806148993789
-2.0,-0.24646578791502796,-0.280316555670497,-0.33587028822986104,-0.28390998405924384
0.0,-0.24646578791502796,-0.18475853285416194,-0.2702733280954745,-0.20417608138032856
-2.0,-0.24646578791502796,-0.27083252799569285,-0.27628442489491695,-0.2793838449268851
-2.0,-0.24646578791502796,-0.3538122183479261,-0.38759858250489415,-0.3573103042084829
-1.0,-0.24646578791502796,-0.22754978953213442,-0.3034944562675797,-0.24303545020106557
-3.0,-0.2598718498018432,-0.25665761263228803,-0.20439086733010992,-0.32052332432826963
-2.0,-0.2598718498018432,-0.280316555670497,-0.22214778764180465,-0.27878093768800294
0.0,-0.2598718498018432,-0.18475853285416194,-0.18063282855620322,-0.19904703500908763
-2.0,-0.2598718498018432,-0.27083252799569285,-0.17101850269149688,-0.2605210440296364
-2.0,-0.2598718498018432,-0.3538122183479261,-0.2648560836319565,-0.343271649027217
-1.0,-0.2598718498018432,-0.22754978953213442,-0.18977195567952354,-0.23790640382982464
-2.0,-0.24072585798150062,-0.2845443091666134,-0.32267977377095686,-0.2527734692913935
-2.0,-0.24072585798150062,-0.3004358065957718,-0.27692641517570055,-0.26443406955800014
-2.0,-0.24072585798150062,-0.36498624213559006,-0.3450448355821049,-0.29438604460210843
1.0,-0.24072585798150062,-0.1650376670980073,-0.23038103108043645,-0.16143338923655162
-3.0,-0.24072585798150062,-0.1603114653565379,-0.27834951644926587,-0.26037034170853357
-2.0,-0.38522988140885994,-0.2836786531356803,-0.44276931013967524,-0.274849946797022
2.0,-0.38522988140885994,-0.16006628303002435,-0.3113302030616714,-0.15089112742184774
-1.0,-0.38522988140885994,-0.19395731843706543,-0.3788753054440748,-0.1551435856079901
-1.0,-0.38522988140885994,-0.23003422153048889,-0.39541298247581624,-0.18005214797685226
-1.0,-0.38522988140885994,-0.2381320499989843,-0.4183967677319734,-0.19227174139584327
-3.0,-0.38522988140885994,-0.18519068606254593,-0.4498661474721835,-0.264397677770508
-3.0,-0.3881363764690379,-0.27000062156610394,-0.3972772848499663,-0.2692517834533553
-2.0,-0.3881363764690379,-0.2845443091666134,-0.42526450125382875,-0.2789589017812646
0.0,-0.3881363764690379,-0.1918696903445272,-0.24097464368619212,-0.20529342107733764
-2.0,-0.3881363764690379,-0.3004358065957718,-0.41294211903647876,-0.2906195020478712
-2.0,-0.3881363764690379,-0.36498624213559006,-0.506482697292621,-0.3205714770919795
-1.0,-0.3881363764690379,-0.23726958213640206,-0.3379054326211724,-0.24475378096137243
-3.0,-0.32676677842345564,-0.2781520776769103,-0.20325313631357672,-0.2603538531255743
-2.0,-0.32676677842345564,-0.2886278216424887,-0.23412742994170505,-0.28616548691677696
0.0,-0.32676677842345564,-0.19375597170133965,-0.18447453556569643,-0.20949100365539527
-2.0,-0.32676677842345564,-0.28134632345838406,-0.1887589201272017,-0.26277264763849495
-2.0,-0.32676677842345564,-0.34160936201963904,-0.26626748771395503,-0.3463611949398436
-1.0,-0.32676677842345564,-0.24019958967670685,-0.21552340436974,-0.24655324247469554
-2.0,-0.3233234256482296,-0.2886278216424887,-0.24102854080407518,-0.28737213406712225
-2.0,-0.3233234256482296,-0.28134632345838406,-0.17888197718664317,-0.2673616190586896
-2.0,-0.3233234256482296,-0.34160936201963904,-0.24696051653819887,-0.3530733265782823
1.0,-0.3233234256482296,-0.16398144984464108,-0.17928985542640571,-0.19587316003583324
-2.0,-0.35118123802458767,-0.24735732947920525,-0.405281894603861,-0.28386108786002434
-2.0,-0.35118123802458767,-0.28355263874781805,-0.4161457658574568,-0.2660581755242278
-2.0,-0.35118123802458767,-0.3207053678128064,-0.43638138464590764,-0.3541006313857173
1.0,-0.35118123802458767,-0.18821210915820236,-0.3543873702311484,-0.1838510645882518
-3.0,-0.35118123802458767,-0.17810405484094494,-0.4000767541455503,-0.2651911284840802
-2.0,-0.3076132775322868,-0.2886278216424887,-0.3058299370287853,-0.2955600304144775
-2.0,-0.3076132775322868,-0.28134632345838406,-0.2628364419119955,-0.24258705800265173
-2.0,-0.3076132775322868,-0.34160936201963904,-0.33385847468716373,-0.3481476705517542
1.0,-0.3076132775322868,-0.16398144984464108,-0.22995477377888962,-0.19088221241162773
-2.0,-0.3966735898794382,-0.2828837569254006,-0.21618538599327075,-0.2382876040329042
-2.0,-0.3966735898794382,-0.28170670899810885,-0.15412544259638541,-0.24135256637591831
-2.0,-0.3966735898794382,-0.3299268628947267,-0.246497200831849,-0.3020561154758735
1.0,-0.3966735898794382,-0.17738122332701645,-0.1856373259434639,-0.1925974056885184
-3.0,-0.3966735898794382,-0.16389538186245134,-0.18683434724585254,-0.1936527254113471
-2.0,-0.3949402656138705,-0.2828837569254006,-0.2940404318465824,-0.2945652128802333
-2.0,-0.3949402656138705,-0.28170670899810885,-0.2289291162049878,-0.2762136137280341
-2.0,-0.3949402656138705,-0.3299268628947267,-0.30926091211856765,-0.32668210612468523
1.0,-0.3949402656138705,-0.17738122332701645,-0.19248993360704758,-0.19691861132915264
-2.0,-0.43224020754266446,-0.32734865677458325,-0.37504260702875086,-0.32008729448813705
-2.0,-0.43224020754266446,-0.26796922006364715,-0.29062735132168954,-0.23486784815171727
-2.0,-0.43224020754266446,-0.3854497417659758,-0.4116217883640663,-0.360100602714175
1.0,-0.43224020754266446,-0.1927571902521498,-0.2785475591704635,-0.19089170199296188
-3.0,-0.43224020754266446,-0.2237131267447088,-0.3368423881899713,-0.16974773814705282
-3.0,-0.3517973913263817,-0.24961167476761129,-0.33535955653824734,-0.32094250748607817
-2.0,-0.3517973913263817,-0.2828837569254006,-0.3483241194379796,-0.2963316642788471
0.0,-0.3517973913263817,-0.1977176303410718,-0.22968453811612935,-0.21416175153957398
-2.0,-0.3517973913263817,-0.28170670899810885,-0.3332008515284479,-0.3018563479718429
-2.0,-0.3517973913263817,-0.3299268628947267,-0.36944555931044715,-0.3237406151073539
-1.0,-0.3517973913263817,-0.21754226227849668,-0.27213098073262015,-0.22830455311331796
-2.0,-0.2654974676963321,-0.2828837569254006,-0.38797495883309363,-0.2709803054920027
-2.0,-0.2654974676963321,-0.28170670899810885,-0.3238084902628843,-0.2526287063398034
-2.0,-0.2654974676963321,-0.3299268628947267,-0.36619553098775875,-0.32668210612468523
1.0,-0.2654974676963321,-0.17738122332701645,-0.21462790825936284,-0.19691861132915264
-3.0,-0.2654974676963321,-0.16389538186245134,-0.28711746361100515,-0.21824418965264603
-2.0,-0.4126831689675419,-0.2828863162794711,-0.4006010012337869,-0.2631616577158293
-2.0,-0.4126831689675419,-0.28130261045982813,-0.35483625306271604,-0.24180715043431147
-2.0,-0.4126831689675419,-0.43651107517869003,-0.5058903701743948,-0.37259138786320406
1.0,-0.4126831689675419,-0.175605344030341,-0.2795232054179099,-0.1765993262639387
-3.0,-0.4126831689675419,-0.17745832285512358,-0.3740334084602149,-0.31341394966334346
-2.0,-0.4230154723518126,-0.32734865677458325,-0.2683894652099117,-0.31997216492875613
-3.0,-0.4230154723518126,-0.23431828721021442,-0.23467972655596095,-0.23092415622756926
2.0,-0.4230154723518126,-0.20045890270494476,-0.13140565128007783,-0.23887255286336825
-1.0,-0.4230154723518126,-0.25247777251946957,-0.19623019085201399,-0.25956661776955736
-1.0,-0.4230154723518126,-0.2304852947032111,-0.19489024797412702,-0.22511063791861094
-1.0,-0.3060073969172141,-0.20033433330338768,-0.15400024186671346,-0.19586077659766937
0.0,-0.3060073969172141,-0.22371888235879048,-0.14465373001778947,-0.20851644551117485
-2.0,-0.3060073969172141,-0.2206078662190267,-0.20684318594554724,-0.23181054504925758
1.0,-0.3060073969172141,-0.14438675290574085,-0.14251436087120145,-0.16633010575828389
-1.0,-0.3060073969172141,-0.36455295108542246,-0.35108161698632523,-0.33636240323552286
1.0,-0.3060073969172141,-0.1648390128196944,-0.14251436087120145,-0.1550502140479464
1.0,-0.17627050574518272,-0.3453687264050207,-0.08299634888019246,-0.37650513327713275
-1.0,-0.17627050574518272,-0.20659376706792562,-0.13885009116285013,-0.2296304286944226
-2.0,-0.17627050574518272,-0.3966965226840208,-0.22865520514944085,-0.39693428087739246
-1.0,-0.17627050574518272,-0.23882508367153843,-0.18415616879806815,-0.28866933900463587
1.0,-0.17627050574518272,-0.152134842690451,-0.08141396092760664,-0.15853415562356343
-2.0,-0.17627050574518272,-0.30249111276701773,-0.3039022980493096,-0.37770061441653385
-1.0,-0.27144162359710494,-0.20308882786570523,-0.3000851762543934,-0.22703971274223744
0.0,-0.27144162359710494,-0.2298576402088728,-0.25535828506800967,-0.21241321883291944
-2.0,-0.27144162359710494,-0.23035148532258728,-0.3257539554463332,-0.2607898059316887
1.0,-0.27144162359710494,-0.1277270691947465,-0.24612686986568275,-0.17334760078603567
-1.0,-0.27144162359710494,-0.29572910179346995,-0.4275323765452973,-0.325873885687656
1.0,-0.27144162359710494,-0.17541261156430915,-0.2450342932543409,-0.18687526452273265
1.0,-0.2537626088577997,-0.28774756808565344,-0.21141409728155633,-0.2973816594851066
-1.0,-0.2537626088577997,-0.22261583180181307,-0.16765558629824362,-0.23159989503173997
-2.0,-0.2537626088577997,-0.36296367658688655,-0.32375027207662477,-0.42600498461546105
-1.0,-0.2537626088577997,-0.2800005796553485,-0.20759350664087167,-0.2984235713594828
1.0,-0.2537626088577997,-0.1666101456079313,-0.14207557898249962,-0.18494692527635337
-2.0,-0.2537626088577997,-0.3405421119316887,-0.3725805741266573,-0.4113520350949503
-1.0,-0.3601735477972281,-0.20033433330338768,-0.31260736761360347,-0.1991772578048781
0.0,-0.3601735477972281,-0.22371888235879048,-0.24359647791648847,-0.22190392578294604
-2.0,-0.3601735477972281,-0.2206078662190267,-0.3118283096002465,-0.2433015319923773
1.0,-0.3601735477972281,-0.14438675290574085,-0.23387241798529698,-0.1561097769865431
-1.0,-0.3601735477972281,-0.36455295108542246,-0.34354822040718,-0.36802002245528537
1.0,-0.3601735477972281,-0.1648390128196944,-0.2487586380255261,-0.16623135827493046
-1.0,-0.1289155999763609,-0.16981343069332344,-0.2637600877946389,-0.1805170921587119
0.0,-0.1289155999763609,-0.19685188996676978,-0.2727082442141074,-0.2018127143441881
-2.0,-0.1289155999763609,-0.27304359907591835,-0.28309310259513865,-0.2397919786948552
1.0,-0.1289155999763609,-0.1419694014652413,-0.26549073450823457,-0.16155520132527657
-1.0,-0.1289155999763609,-0.3397863321641664,-0.3821701898176757,-0.33459027228592736
1.0,-0.1289155999763609,-0.16402722817175183,-0.26549073450823457,-0.2142148777149349
1.0,-0.15111746554151828,-0.28774756808565344,-0.3171857375581523,-0.26293594021933087
-2.0,-0.15111746554151828,-0.25859315580360875,-0.24101089305914505,-0.2521710212878544
-1.0,-0.15111746554151828,-0.2800005796553485,-0.2741910178640841,-0.30113578282003417
1.0,-0.15111746554151828,-0.1666101456079313,-0.22207708668668732,-0.18667248415805462
1.0,-0.13702662689805076,-0.2843336438236122,-0.2636666839896448,-0.34509814878595596
-1.0,-0.13702662689805076,-0.20033433330338768,-0.2136051703334907,-0.2132684843829411
-2.0,-0.13702662689805076,-0.3897467018309689,-0.2532384751543365,-0.4135805272964549
-1.0,-0.13702662689805076,-0.247238337284922,-0.288175697791434,-0.24310401334986537
1.0,-0.13702662689805076,-0.1648390128196944,-0.19164116371858517,-0.1694436124026783
-2.0,-0.13702662689805076,-0.3409585804894745,-0.30540426136039145,-0.35067134268329
1.0,-0.22130292525128245,-0.20777733958862438,-0.21954216967473555,-0.23873616974999037
-1.0,-0.22130292525128245,-0.2247255320159807,-0.2890922283045018,-0.23185953455246996
-2.0,-0.22130292525128245,-0.3215183965915815,-0.38018388294911215,-0.4078492517947365
-1.0,-0.22130292525128245,-0.2861398400835861,-0.3433602846646542,-0.30881371698205745
1.0,-0.22130292525128245,-0.15309891723080513,-0.19554638628218138,-0.14139981913710975
-2.0,-0.22130292525128245,-0.32317050450288454,-0.3799111595805831,-0.4048388331232045
1.0,-0.21494428193709003,-0.3092028121578409,-0.33974403297158823,-0.32546177531164067
-1.0,-0.21494428193709003,-0.23799001450339377,-0.3041944958291527,-0.2360866079800606
-2.0,-0.21494428193709003,-0.37626039300880915,-0.3500971677917321,-0.3164662728599108
-1.0,-0.21494428193709003,-0.27192773108918833,-0.32251097692445885,-0.2825613793804948
1.0,-0.21494428193709003,-0.17230229538141215,-0.2853756849692074,-0.1790940126254727
-2.0,-0.21494428193709003,-0.351061079979516,-0.366192200048061,-0.38661084693730685
-1.0,-0.09723980304240235,-0.20659376706792562,-0.14807158723617075,-0.17239778439594242
0.0,-0.09723980304240235,-0.21567515758591607,-0.13555525330305623,-0.15225207653270112
-2.0,-0.09723980304240235,-0.22113553842453137,-0.17977834785492242,-0.19355151788951708
1.0,-0.09723980304240235,-0.134959000652758,-0.10948607563147252,-0.12251681729329005
-1.0,-0.09723980304240235,-0.34672020081673294,-0.20115600507163314,-0.323329983694446
1.0,-0.09723980304240235,-0.152134842690451,-0.11153769317436367,-0.073080498814654
1.0,-0.07660085352124803,-0.239885531151556,-0.21608230135294085,-0.23997362682957862
-1.0,-0.07660085352124803,-0.19480594510465862,-0.18076786980362103,-0.21442073213811333
-2.0,-0.07660085352124803,-0.36575654746959607,-0.2307575761188345,-0.26206004293004487
-1.0,-0.07660085352124803,-0.2559335210821764,-0.197842415951793,-0.2568218414664989
1.0,-0.07660085352124803,-0.14560063686438293,-0.15060055442297896,-0.15006225849657337
-2.0,-0.07660085352124803,-0.2945886461034003,-0.2345276888876756,-0.24582000527893794
-1.0,-0.17581467250956406,-0.20308882786570523,-0.19942187226422498,-0.208245445947663
0.0,-0.17581467250956406,-0.2298576402088728,-0.21808880420253185,-0.20559570402324273
-2.0,-0.17581467250956406,-0.23035148532258728,-0.20631446655821964,-0.24897697852043157
1.0,-0.17581467250956406,-0.1277270691947465,-0.2088573890002048,-0.13777281912924608
-1.0,-0.17581467250956406,-0.29572910179346995,-0.39622978646828955,-0.30717349520252163
1.0,-0.17581467250956406,-0.17541261156430915,-0.20776481238886296,-0.17307773887248723
1.0,-0.1284599857462549,-0.28344476890236714,-0.1546641834150831,-0.3556867488716198
-1.0,-0.1284599857462549,-0.16981343069332344,-0.1229299570948307,-0.22155293722338867
-2.0,-0.1284599857462549,-0.31196957689138044,-0.2348167306537474,-0.35447425932444465
-1.0,-0.1284599857462549,-0.25067652726752787,-0.20866399017761686,-0.3094782276592437
1.0,-0.1284599857462549,-0.16402722817175183,-0.10898670159537674,-0.18056646425065342
-2.0,-0.1284599857462549,-0.31285016763558327,-0.2950284627910806,-0.41782874429040373
1.0,-0.03614698797753654,-0.3092028121578409,-0.24299953603198884,-0.3113298500306366
-2.0,-0.03614698797753654,-0.2436042896144081,-0.17784667536094215,-0.2617252101104032
-1.0,-0.03614698797753654,-0.27192773108918833,-0.19580535371657712,-0.28114556080512515
1.0,-0.03614698797753654,-0.17230229538141215,-0.14560233915072737,-0.1829034323850581
-1.0,-0.056334667179579266,-0.22261583180181307,-0.11154095995469032,-0.21406954440806164
0.0,-0.056334667179579266,-0.20758486001467358,-0.09615254187280445,-0.22426440865023414
-2.0,-0.056334667179579266,-0.2508760811922374,-0.10586028149693186,-0.23290997421802098
1.0,-0.056334667179579266,-0.15456424547019756,-0.09068896389995931,-0.17895261816725516
-1.0,-0.056334667179579266,-0.3214949076325441,-0.21718545645714993,-0.31158373534674133
1.0,-0.056334667179579266,-0.1666101456079313,-0.09068896389995931,-0.16370247076307948
1.0,-0.0885477883879429,-0.3453687264050207,-0.23526071704811383,-0.3550607038817926
-1.0,-0.0885477883879429,-0.20659376706792562,-0.17357835196989937,-0.2156449746375235
-2.0,-0.0885477883879429,-0.3966965226840208,-0.34844136121776526,-0.28531522973031914
-1.0,-0.0885477883879429,-0.23882508367153843,-0.2003832583548186,-0.3043681123958965
1.0,-0.0885477883879429,-0.152134842690451,-0.14982380174147433,-0.1421669483933801
-2.0,-0.0885477883879429,-0.30249111276701773,-0.35953587346133387,-0.2687710095745109
1.0,-0.12524261953204138,-0.23529106198844094,-0.18694028218136524,-0.22336755906193909
-1.0,-0.12524261953204138,-0.20308882786570523,-0.21020426344651374,-0.19313401194413451
-2.0,-0.12524261953204138,-0.339643187768152,-0.35417262919651415,-0.3497642259810751
-1.0,-0.12524261953204138,-0.2882314914217533,-0.2674058564566314,-0.30267875627691415
1.0,-0.12524261953204138,-0.17541261156430915,-0.1694675756452196,-0.16348690435218136
-2.0,-0.12524261953204138,-0.33382870940072595,-0.36722505796205074,-0.3193607023371047
-1.0,-0.13541867175868927,-0.2247255320159807,-0.16844278050778247,-0.21546108250741874
0.0,-0.13541867175868927,-0.20702561113357995,-0.1375228545989249,-0.1948818335283452
-2.0,-0.13541867175868927,-0.2272339413301276,-0.17713905254984522,-0.21792509937346446
1.0,-0.13541867175868927,-0.15023503922355846,-0.11627883362687699,-0.15086841560612274
-1.0,-0.13541867175868927,-0.2913744217810616,-0.37283686197864746,-0.300981561970816
1.0,-0.13541867175868927,-0.15309891723080513,-0.11474064862093367,-0.1445291031873759
-1.0,-0.1086239476620025,-0.22261583180181307,-0.2393150627689177,-0.24312204044514538
0.0,-0.1086239476620025,-0.20758486001467358,-0.20576562009618302,-0.22410646083597233
-2.0,-0.1086239476620025,-0.2508760811922374,-0.2749303568049304,-0.2536878115127714
1.0,-0.1086239476620025,-0.15456424547019756,-0.20576562009618302,-0.19496905056539562
-1.0,-0.1086239476620025,-0.3214949076325441,-0.3378872957115569,-0.3320814310568107
1.0,-0.1086239476620025,-0.1666101456079313,-0.20226574217684798,-0.1893952875876355
1.0,-0.09392072058319832,-0.2843336438236122,-0.1885514838630364,-0.3131316571393728
-1.0,-0.09392072058319832,-0.20033433330338768,-0.20894475447118818,-0.20703240046750443
-2.0,-0.09392072058319832,-0.3897467018309689,-0.4237486572630642,-0.3879377930526461
-1.0,-0.09392072058319832,-0.247238337284922,-0.23236366931658206,-0.2368679294344287
1.0,-0.09392072058319832,-0.1648390128196944,-0.1567378557280087,-0.14997724514703664
-2.0,-0.09392072058319832,-0.3409585804894745,-0.4240917504187732,-0.3710895944225577
1.0,-0.11036434665723076,-0.20777733958862438,-0.23809184288799787,-0.23853491605265698
-1.0,-0.11036434665723076,-0.2247255320159807,-0.24662168693722683,-0.2330155614971467
-2.0,-0.11036434665723076,-0.3215183965915815,-0.37696422632447896,-0.4097414506176522
-1.0,-0.11036434665723076,-0.2861398400835861,-0.2823754039556975,-0.3086124632847239
1.0,-0.11036434665723076,-0.15309891723080513,-0.21611634073614772,-0.14824028369663464
-2.0,-0.11036434665723076,-0.32317050450288454,-0.3998843518009174,-0.4009825172245798
1.0,-0.15433868730620542,-0.3092028121578409,-0.2815600009044977,-0.18724455615718513
-1.0,-0.15433868730620542,-0.23799001450339377,-0.2590758612674185,-0.1983187435828739
-2.0,-0.15433868730620542,-0.37626039300880915,-0.3654327514366842,-0.36731769700029865
-1.0,-0.15433868730620542,-0.27192773108918833,-0.2772552818235854,-0.2635868424455383
1.0,-0.15433868730620542,-0.17230229538141215,-0.2095674711801406,-0.13938142554292884
-2.0,-0.15433868730620542,-0.351061079979516,-0.3860122698819941,-0.4183014403507699
-1.0,-0.22848229515435706,-0.2247255320159807,-0.32874799733272964,-0.20523404795241948
0.0,-0.22848229515435706,-0.20702561113357995,-0.2583988722080141,-0.1643708785554019
-2.0,-0.22848229515435706,-0.2272339413301276,-0.3367882021771439,-0.21189525310830634
1.0,-0.22848229515435706,-0.15023503922355846,-0.24265442750982352,-0.1319873551044324
-1.0,-0.22848229515435706,-0.2913744217810616,-0.4458786798214566,-0.26887639910180156
1.0,-0.22848229515435706,-0.15309891723080513,-0.24111624250388022,-0.13995596135934996
-1.0,-0.25418501164475327,-0.2247255320159807,-0.2484316202366119,-0.2330155614971467
0.0,-0.25418501164475327,-0.20702561113357995,-0.269679230721387,-0.18791390922183812
-2.0,-0.25418501164475327,-0.2272339413301276,-0.26998545042791616,-0.2219937698163496
1.0,-0.25418501164475327,-0.15023503922355846,-0.25376001615551924,-0.14753787785852318
-1.0,-0.25418501164475327,-0.2913744217810616,-0.43858447514304477,-0.36027649080739266
1.0,-0.25418501164475327,-0.15309891723080513,-0.2522218311495759,-0.14119856543977635
1.0,-0.2568865346155012,-0.20777733958862438,-0.1773623520861842,-0.24550284035916406
-1.0,-0.2568865346155012,-0.2247255320159807,-0.27765089851543967,-0.21909846906632627
-2.0,-0.2568865346155012,-0.3215183965915815,-0.44769068197524275,-0.4033309518870958
-1.0,-0.2568865346155012,-0.2861398400835861,-0.33935320597537866,-0.30553340064479934
1.0,-0.2568865346155012,-0.15309891723080513,-0.16034319021716945,-0.14816648974628344
-2.0,-0.2568865346155012,-0.32317050450288454,-0.4603517859803577,-0.37015165812804096
1.0,-0.5962029345679758,-0.2843336438236122,-0.46680850196830154,-0.2953552166897961
-2.0,-0.5962029345679758,-0.20892189188890578,-0.47849130001564544,-0.2357548155009801
-1.0,-0.5962029345679758,-0.247238337284922,-0.4417357117968433,-0.29641294835679294
1.0,-0.5962029345679758,-0.1648390128196944,-0.3779587081507139,-0.14731884337665724
-1.0,-0.1803704459090172,-0.20308882786570523,-0.0623235101578197,-0.20255284785162636
0.0,-0.1803704459090172,-0.2298576402088728,-0.1396125912858744,-0.2332851145835713
-2.0,-0.1803704459090172,-0.23035148532258728,-0.09389282111638687,-0.20656448058920557
1.0,-0.1803704459090172,-0.1277270691947465,-0.1332231779629247,-0.1625912284821394
-1.0,-0.1803704459090172,-0.29572910179346995,-0.2292541613377106,-0.3092121672095519
1.0,-0.1803704459090172,-0.17541261156430915,-0.05022525159607387,-0.18503029361678588
1.0,-0.166450974460176,-0.3092028121578409,-0.3273212883518594,-0.2883088585244091
-2.0,-0.166450974460176,-0.2436042896144081,-0.2695262704892361,-0.24909141756103056
-1.0,-0.166450974460176,-0.27192773108918833,-0.3265780820163698,-0.2605729579289755
1.0,-0.166450974460176,-0.17230229538141215,-0.24282561585561707,-0.17875477172999854
-1.0,-0.1753282522971775,-0.23799001450339377,-0.1922826615110226,-0.1983187435828739
0.0,-0.1753282522971775,-0.1973011636919339,-0.16360952341497415,-0.16851834913241567
-2.0,-0.1753282522971775,-0.2405076709440686,-0.20987635339336463,-0.21099543395820283
1.0,-0.1753282522971775,-0.18032899190364252,-0.1617418643666297,-0.15524446547181844
-1.0,-0.1753282522971775,-0.362439001260098,-0.20955720501657976,-0.2996798987677896
1.0,-0.1753282522971775,-0.17230229538141215,-0.1617418643666297,-0.13938142554292884
1.0,-0.12014859071303792,-0.23860882408335735,-0.29391941429939245,-0.28017425733186335
-1.0,-0.12014859071303792,-0.1820971277503801,-0.22356055723234589,-0.23402720715686898
-2.0,-0.12014859071303792,-0.38622378576810545,-0.21046862275862213,-0.4149678382387327
-1.0,-0.12014859071303792,-0.23294777545947462,-0.23453934460415538,-0.32108297441984135
1.0,-0.12014859071303792,-0.15124887945543475,-0.20489007797598524,-0.20922346297741914
-2.0,-0.12014859071303792,-0.30051629617117726,-0.23901874810720872,-0.41622435162564425
-1.0,-0.14122112563202735,-0.20830059675722964,-0.21106023987001915,-0.21196650140368561
0.0,-0.14122112563202735,-0.19810158552888293,-0.17934128512491448,-0.20027249172348835
-2.0,-0.14122112563202735,-0.24541320449632514,-0.22453059061064856,-0.24252812898731843
1.0,-0.14122112563202735,-0.14642802410678604,-0.17510897992207047,-0.16804887949650332
-1.0,-0.14122112563202735,-0.36506752483073823,-0.19285710079007326,-0.39999002663149424
1.0,-0.14122112563202735,-0.16316144708276434,-0.17510897992207047,-0.17323944071986558
1.0,-0.0844588178202465,-0.20777733958862438,-0.1536406411957476,-0.24977269097345264
-1.0,-0.0844588178202465,-0.2247255320159807,-0.18517295480914364,-0.21973093312170736
-2.0,-0.0844588178202465,-0.3215183965915815,-0.27815825204647066,-0.2968834050206426
-1.0,-0.0844588178202465,-0.2861398400835861,-0.22988553983980833,-0.30243704046768893
1.0,-0.0844588178202465,-0.15309891723080513,-0.15577688514381297,-0.14879895380166452
-2.0,-0.0844588178202465,-0.32317050450288454,-0.27467112839645147,-0.3266271785570411
1.0,-0.11165003892417756,-0.3453687264050207,-0.18783754828743432,-0.36451250738215885
-1.0,-0.11165003892417756,-0.20659376706792562,-0.1128542375486463,-0.20439897126717457
-2.0,-0.11165003892417756,-0.3966965226840208,-0.18160156881264589,-0.35053839755375965
-1.0,-0.11165003892417756,-0.23882508367153843,-0.1381447181242895,-0.21458967798741413
1.0,-0.11165003892417756,-0.152134842690451,-0.09425049977535933,-0.1333026981963154
-2.0,-0.11165003892417756,-0.30249111276701773,-0.22812657762563954,-0.3404380846560574
1.0,-0.05911491101281423,-0.3453687264050207,-0.226835793067452,-0.35206205272796337
-1.0,-0.05911491101281423,-0.20659376706792562,-0.15659163753674185,-0.22809185542361338
-2.0,-0.05911491101281423,-0.3966965226840208,-0.27452368313264053,-0.3672369031627989
-1.0,-0.05911491101281423,-0.23882508367153843,-0.19034343469229084,-0.31681499318198636
1.0,-0.05911491101281423,-0.152134842690451,-0.13798971722762904,-0.13409107507439394
-2.0,-0.05911491101281423,-0.30249111276701773,-0.3376328960831553,-0.3480032367019403
1.0,-0.2187975550628758,-0.3092028121578409,-0.2744076560842013,-0.18724455615718513
-1.0,-0.2187975550628758,-0.23799001450339377,-0.23436664059492415,-0.1983187435828739
-2.0,-0.2187975550628758,-0.37626039300880915,-0.3579885654717776,-0.36731769700029865
-1.0,-0.2187975550628758,-0.27192773108918833,-0.27700456438998833,-0.2635868424455383
1.0,-0.2187975550628758,-0.17230229538141215,-0.18897584025745992,-0.13938142554292884
-2.0,-0.2187975550628758,-0.351061079979516,-0.4300130523832541,-0.4183014403507699
-1.0,-0.47232924609852506,-0.19480594510465862,-0.33741129073215625,-0.21145581705223612
0.0,-0.47232924609852506,-0.20817925261996725,-0.26045939862096434,-0.19391129562768683
-2.0,-0.47232924609852506,-0.23163792840251807,-0.3818470346342158,-0.202801690776645
1.0,-0.47232924609852506,-0.141813685098742,-0.2582465316528254,-0.17550856237077628
-1.0,-0.47232924609852506,-0.3528706690213826,-0.46105851772453604,-0.32135904681615124
1.0,-0.47232924609852506,-0.14560063686438293,-0.2582465316528254,-0.17017376080098243
-1.0,-0.2370958679987217,-0.2247255320159807,-0.29757699606439875,-0.20523404795241948
0.0,-0.2370958679987217,-0.20702561113357995,-0.2949148446002965,-0.18154094079169317
-2.0,-0.2370958679987217,-0.2272339413301276,-0.2833412778707932,-0.2068611699935849
1.0,-0.2370958679987217,-0.15023503922355846,-0.2653300750924786,-0.1509527559899222
-1.0,-0.2370958679987217,-0.2913744217810616,-0.3675989760407762,-0.26887639910180156
1.0,-0.2370958679987217,-0.15309891723080513,-0.2765574884078047,-0.15892136224483974
-1.0,-0.24416927297274554,-0.22261583180181307,-0.2326549829077329,-0.24312204044514538
0.0,-0.24416927297274554,-0.20758486001467358,-0.22864547598966403,-0.22410646083597233
-2.0,-0.24416927297274554,-0.2508760811922374,-0.22180809023090675,-0.2536878115127714
1.0,-0.24416927297274554,-0.15456424547019756,-0.23436505322849635,-0.19496905056539562
-1.0,-0.24416927297274554,-0.3214949076325441,-0.35040937313092363,-0.3320814310568107
1.0,-0.24416927297274554,-0.1666101456079313,-0.22398956428986724,-0.1893952875876355
-1.0,-0.22614441883449435,-0.20308882786570523,-0.24517061398125742,-0.22703971274223744
0.0,-0.22614441883449435,-0.2298576402088728,-0.232982145914808,-0.21241321883291944
-2.0,-0.22614441883449435,-0.23035148532258728,-0.28663940695308704,-0.2607898059316887
1.0,-0.22614441883449435,-0.1277270691947465,-0.22375073071248097,-0.17334760078603567
-1.0,-0.22614441883449435,-0.29572910179346995,-0.30421993661970353,-0.343934629607934
1.0,-0.22614441883449435,-0.17541261156430915,-0.21832116481845257,-0.185367661646195
-1.0,-0.13869991665301024,-0.20659376706792562,-0.3131052287727563,-0.23710090799472067
0.0,-0.13869991665301024,-0.21567515758591607,-0.25683308497838,-0.23258125222329368
-2.0,-0.13869991665301024,-0.22113553842453137,-0.3328826355077735,-0.23487864621758459
1.0,-0.13869991665301024,-0.134959000652758,-0.2428662963348947,-0.1695428060538521
-1.0,-0.13869991665301024,-0.34672020081673294,-0.4587527914767869,-0.4079118251467612
1.0,-0.13869991665301024,-0.152134842690451,-0.23645659729788007,-0.17358842581094988
1.0,-0.2167341949603113,-0.23860882408335735,-0.24197511136192906,-0.2820524318645095
-1.0,-0.2167341949603113,-0.1820971277503801,-0.21162997104062686,-0.2110618044108072
-2.0,-0.2167341949603113,-0.38622378576810545,-0.28182183918385634,-0.37751760730567574
-1.0,-0.2167341949603113,-0.23294777545947462,-0.24412574422120312,-0.2824437832365116
1.0,-0.2167341949603113,-0.15124887945543475,-0.21121404151472062,-0.1927026328873447
-2.0,-0.2167341949603113,-0.30051629617117726,-0.2996869543943805,-0.37087452290653233
-1.0,-0.3377645578375332,-0.23799001450339377,-0.2980011536978029,-0.23312463785130927
0.0,-0.3377645578375332,-0.1973011636919339,-0.25168261357823546,-0.2175703127418263
-2.0,-0.3377645578375332,-0.2405076709440686,-0.3057206191340516,-0.2458013282266381
1.0,-0.3377645578375332,-0.18032899190364252,-0.2429534821153486,-0.175474646722555
-1.0,-0.3377645578375332,-0.362439001260098,-0.4183215352754377,-0.3351499307813355
1.0,-0.3377645578375332,-0.17230229538141215,-0.24981495452989097,-0.17875477172999854
-1.0,-0.38472083469329665,-0.1820971277503801,-0.08430848243773495,-0.1641323012291951
0.0,-0.38472083469329665,-0.18006070395485776,-0.08001867733458666,-0.17786406015898984
-2.0,-0.38472083469329665,-0.2393731220070546,-0.11200251370503561,-0.21902329246373847
1.0,-0.38472083469329665,-0.13582086558764078,-0.08305791838398574,-0.163729431516255
-1.0,-0.38472083469329665,-0.33230836052222446,-0.20742069399009247,-0.29389549207014554
1.0,-0.38472083469329665,-0.15124887945543475,-0.08305791838398574,-0.15733010401289887
-1.0,-0.2764820561870846,-0.2247255320159807,-0.2246388896190111,-0.23436892733483466
0.0,-0.2764820561870846,-0.20702561113357995,-0.20636173856563342,-0.1948818335283452
-2.0,-0.2764820561870846,-0.2272339413301276,-0.23608950759439878,-0.2301707932178194
1.0,-0.2764820561870846,-0.15023503922355846,-0.1906172938674428,-0.15450580216503026
-1.0,-0.2764820561870846,-0.2913744217810616,-0.30108381848807797,-0.34834654285228417
1.0,-0.2764820561870846,-0.15309891723080513,-0.1890791088614995,-0.14816648974628344
1.0,-0.2545932339279877,-0.239885531151556,-0.22443575682842337,-0.2447192493024394
-2.0,-0.2545932339279877,-0.21765507490401573,-0.17353482606199072,-0.23548548713588413
-1.0,-0.2545932339279877,-0.2559335210821764,-0.21421802460041883,-0.2633409898129483
1.0,-0.2545932339279877,-0.14560063686438293,-0.14856127846476927,-0.13893052776067566
1.0,-0.24855595675219974,-0.28344476890236714,-0.2463860668509158,-0.2799236433442665
-1.0,-0.24855595675219974,-0.16981343069332344,-0.20956162746023188,-0.18348311822456148
-2.0,-0.24855595675219974,-0.31196957689138044,-0.32577231541723184,-0.2610918511860445
-1.0,-0.24855595675219974,-0.25067652726752787,-0.295295660543018,-0.259347163487376
1.0,-0.24855595675219974,-0.16402722817175183,-0.209281959703171,-0.13688773158800047
-2.0,-0.24855595675219974,-0.31285016763558327,-0.3753772000692069,-0.310051301458187
1.0,-0.21260574967615517,-0.24816575864891682,-0.12913593895731082,-0.22771075736957994
-1.0,-0.21260574967615517,-0.20830059675722964,-0.11979355194039046,-0.2121838647209081
-2.0,-0.21260574967615517,-0.297008568528827,-0.26989133490184736,-0.27833285063017377
-1.0,-0.21260574967615517,-0.23977276595284733,-0.2215560391164343,-0.30498278296358167
1.0,-0.21260574967615517,-0.16316144708276434,-0.08919329674648359,-0.17450087089049612
-2.0,-0.21260574967615517,-0.31373169175288984,-0.30819426396753147,-0.32640141541201667
1.0,-0.2033292618855965,-0.23860882408335735,-0.2150906356675317,-0.29488554989233706
-1.0,-0.2033292618855965,-0.1820971277503801,-0.24732403247291826,-0.21818198063558136
-2.0,-0.2033292618855965,-0.38622378576810545,-0.4128179661190008,-0.3846377835304499
-1.0,-0.2033292618855965,-0.23294777545947462,-0.2608866413023725,-0.2895639594612857
1.0,-0.2033292618855965,-0.15124887945543475,-0.20779856369364744,-0.19982280911211886
-2.0,-0.2033292618855965,-0.30051629617117726,-0.38579329773116816,-0.3779946991313065
-1.0,-0.22818648478278286,-0.23799001450339377,-0.19471046154312685,-0.23264487802679842
0.0,-0.22818648478278286,-0.1973011636919339,-0.16829582766900505,-0.20538033382989662
-2.0,-0.22818648478278286,-0.2405076709440686,-0.25377076855494324,-0.2453215684021273
1.0,-0.22818648478278286,-0.18032899190364252,-0.16642816862066062,-0.18189218683005404
-1.0,-0.22818648478278286,-0.362439001260098,-0.3569334672724833,-0.3440998387853918
1.0,-0.22818648478278286,-0.17230229538141215,-0.16642816862066062,-0.16088656013431646
1.0,-0.4061456158120714,-0.23860882408335735,-0.23410133223482768,-0.2971950335424145
-2.0,-0.4061456158120714,-0.2258532157739568,-0.19020216967155767,-0.27287404370949264
-1.0,-0.4061456158120714,-0.23294777545947462,-0.21219681773721982,-0.31638241591682226
1.0,-0.4061456158120714,-0.15124887945543475,-0.1937168030938397,-0.20452290447440008
1.0,-0.2130795371126224,-0.3453687264050207,-0.21606149861007432,-0.3536346588608651
-1.0,-0.2130795371126224,-0.20659376706792562,-0.17089019303682254,-0.21817578488926387
-2.0,-0.2130795371126224,-0.3966965226840208,-0.33376010125727756,-0.30415466292722365
-1.0,-0.2130795371126224,-0.23882508367153843,-0.21033135310039328,-0.29268637241836953
1.0,-0.2130795371126224,-0.152134842690451,-0.14447659488613532,-0.14469775864512047
-2.0,-0.2130795371126224,-0.30249111276701773,-0.3725269179325063,-0.29410002789456996
-1.0,-0.1892152206477092,-0.19480594510465862,-0.22776707112158237,-0.2215626308990929
0.0,-0.1892152206477092,-0.20817925261996725,-0.1945556868783781,-0.18701017907946918
-2.0,-0.1892152206477092,-0.23163792840251807,-0.22197273914252985,-0.23199081808525915
1.0,-0.1892152206477092,-0.141813685098742,-0.18973197743133682,-0.17660801437430598
-1.0,-0.1892152206477092,-0.3528706690213826,-0.3833395595730551,-0.3815127296309174
1.0,-0.1892152206477092,-0.14560063686438293,-0.18973197743133682,-0.13893052776067566
-1.0,-0.2711261310266316,-0.22261583180181307,-0.21317235517688102,-0.24312204044514538
0.0,-0.2711261310266316,-0.20758486001467358,-0.19740043458110976,-0.22410646083597233
-2.0,-0.2711261310266316,-0.2508760811922374,-0.20409849446742867,-0.2536878115127714
1.0,-0.2711261310266316,-0.15456424547019756,-0.20312001181994208,-0.19496905056539562
-1.0,-0.2711261310266316,-0.3214949076325441,-0.3453356671471792,-0.3320814310568107
1.0,-0.2711261310266316,-0.1666101456079313,-0.19740043458110976,-0.1893952875876355
1.0,-0.18949610808343814,-0.23529106198844094,-0.21627011325780218,-0.23743335029611898
-1.0,-0.18949610808343814,-0.20308882786570523,-0.2161688708836051,-0.208245445947663
-2.0,-0.18949610808343814,-0.339643187768152,-0.26283698559978497,-0.28989936707899766
-1.0,-0.18949610808343814,-0.2882314914217533,-0.2777070181312819,-0.3068463024653865
1.0,-0.18949610808343814,-0.17541261156430915,-0.17631303751423588,-0.17307773887248723
-2.0,-0.18949610808343814,-0.33382870940072595,-0.29329136281981005,-0.28768233259688775
-1.0,-0.2888198434779576,-0.23799001450339377,-0.4017165058471844,-0.23487996082971532
0.0,-0.2888198434779576,-0.1973011636919339,-0.2383849409704165,-0.20697788072886733
-2.0,-0.2888198434779576,-0.2405076709440686,-0.4193101977295264,-0.24476167950769884
1.0,-0.2888198434779576,-0.18032899190364252,-0.23651728192207205,-0.1746072404676839
-1.0,-0.2888198434779576,-0.362439001260098,-0.4532400843947714,-0.310147945870307
1.0,-0.2888198434779576,-0.17230229538141215,-0.23651728192207205,-0.17788736547512743
1.0,-0.23455656698004929,-0.3092028121578409,-0.23548262788290591,-0.18724455615718513
-1.0,-0.23455656698004929,-0.23799001450339377,-0.21759024305150373,-0.1983187435828739
-2.0,-0.23455656698004929,-0.37626039300880915,-0.41190988287644764,-0.36731769700029865
-1.0,-0.23455656698004929,-0.27192773108918833,-0.2720423880629217,-0.2635868424455383
1.0,-0.23455656698004929,-0.17230229538141215,-0.18601910372859976,-0.13938142554292884
-2.0,-0.23455656698004929,-0.351061079979516,-0.45114385843191557,-0.4183014403507699
1.0,-0.5962029345679758,-0.2843336438236122,-0.363945996218358,-0.3131316571393728
-2.0,-0.5962029345679758,-0.20892189188890578,-0.3442171767695746,-0.24103543321875415
-1.0,-0.5962029345679758,-0.247238337284922,-0.31928048856006574,-0.23822593553836885
1.0,-0.5962029345679758,-0.1648390128196944,-0.2762692641428227,-0.14997724514703664
-1.0,-0.207565686627527,-0.23799001450339377,-0.1553842124271236,-0.1983187435828739
0.0,-0.207565686627527,-0.1973011636919339,-0.13171201406040206,-0.16851834913241567
-2.0,-0.207565686627527,-0.2405076709440686,-0.1729779043094656,-0.21099543395820283
1.0,-0.207565686627527,-0.18032899190364252,-0.12984435501205763,-0.15524446547181844
-1.0,-0.207565686627527,-0.362439001260098,-0.2674454703665975,-0.2996798987677896
1.0,-0.207565686627527,-0.17230229538141215,-0.12984435501205763,-0.13938142554292884
1.0,-0.258429973708504,-0.239885531151556,-0.23033016122212524,-0.2447192493024394
-1.0,-0.258429973708504,-0.19480594510465862,-0.19887837795774652,-0.2215626308990929
-2.0,-0.258429973708504,-0.36575654746959607,-0.2568905415431929,-0.4280358447904029
-1.0,-0.258429973708504,-0.2559335210821764,-0.25173809253789325,-0.27071920573826946
1.0,-0.258429973708504,-0.14560063686438293,-0.2057555500873162,-0.13893052776067566
-2.0,-0.258429973708504,-0.2945886461034003,-0.2855996886001322,-0.38068943830782637
1.0,-0.2780885009696532,-0.28774756808565344,-0.25441247628060965,-0.2973816594851066
-1.0,-0.2780885009696532,-0.22261583180181307,-0.15907322541799496,-0.24174395213453928
-2.0,-0.2780885009696532,-0.36296367658688655,-0.22057654478567534,-0.42600498461546105
-1.0,-0.2780885009696532,-0.2800005796553485,-0.22929765863254062,-0.2984235713594828
1.0,-0.2780885009696532,-0.1666101456079313,-0.15978101546337137,-0.18494692527635337
-2.0,-0.2780885009696532,-0.3405421119316887,-0.2694068468357082,-0.4113520350949503
1.0,-0.34512617636263876,-0.23860882408335735,-0.2658229265637305,-0.2637868185406163
-1.0,-0.34512617636263876,-0.1820971277503801,-0.19670393567321812,-0.1976278724297434
-2.0,-0.34512617636263876,-0.38622378576810545,-0.20734315588854346,-0.3657752594050053
-1.0,-0.34512617636263876,-0.23294777545947462,-0.22919970885379437,-0.25972625371815744
1.0,-0.34512617636263876,-0.15124887945543475,-0.1941909204416111,-0.16554668023277297
-2.0,-0.34512617636263876,-0.30051629617117726,-0.24968110287864556,-0.3591321750058619
1.0,-0.28761044035927624,-0.20777733958862438,-0.2822263366186408,-0.24550284035916406
-2.0,-0.28761044035927624,-0.23221464726325475,-0.28010889353266705,-0.23227274103703766
-1.0,-0.28761044035927624,-0.2861398400835861,-0.3110012509169091,-0.31558038759123114
1.0,-0.28761044035927624,-0.15309891723080513,-0.25101789859427215,-0.14816648974628344
-1.0,-0.2739790861916088,-0.2247255320159807,-0.2599447896196057,-0.23436892733483466
0.0,-0.2739790861916088,-0.20702561113357995,-0.26851484912080553,-0.1948818335283452
-2.0,-0.2739790861916088,-0.2272339413301276,-0.25715013003862386,-0.23632474851908022
1.0,-0.2739790861916088,-0.15023503922355846,-0.24290549577444304,-0.15450580216503026
-1.0,-0.2739790861916088,-0.2913744217810616,-0.4020802626817134,-0.34834654285228417
1.0,-0.2739790861916088,-0.15309891723080513,-0.24136731076849974,-0.14816648974628344
1.0,-0.3421537364876473,-0.23860882408335735,-0.20542282711057178,-0.29488554989233706
-1.0,-0.3421537364876473,-0.1820971277503801,-0.21900132364413172,-0.21818198063558136
-2.0,-0.3421537364876473,-0.38622378576810545,-0.3642172329559762,-0.3846377835304499
-1.0,-0.3421537364876473,-0.23294777545947462,-0.2912661363337191,-0.2895639594612857
1.0,-0.3421537364876473,-0.15124887945543475,-0.2067708103921197,-0.19982280911211886
-2.0,-0.3421537364876473,-0.30051629617117726,-0.4218513876755112,-0.3779946991313065
1.0,-0.4072741113185681,-0.24816575864891682,-0.3557403985380788,-0.23018332188268614
-2.0,-0.4072741113185681,-0.24812986590324562,-0.42344116997399817,-0.2343171560301333
-1.0,-0.4072741113185681,-0.23977276595284733,-0.4477165986763975,-0.2152978462998942
1.0,-0.4072741113185681,-0.16316144708276434,-0.33782100687777106,-0.15717315239571827
-1.0,-0.37120963603346563,-0.19480594510465862,-0.28575531659640563,-0.21932750135322704
0.0,-0.37120963603346563,-0.20817925261996725,-0.25881615219991716,-0.20178297992867775
-2.0,-0.37120963603346563,-0.23163792840251807,-0.2827872059901418,-0.21067337507763592
1.0,-0.37120963603346563,-0.141813685098742,-0.2539924427528759,-0.17394865165397302
-1.0,-0.37120963603346563,-0.3528706690213826,-0.471468345509134,-0.3292307311171422
1.0,-0.37120963603346563,-0.14560063686438293,-0.2539924427528759,-0.1490594466256675
1.0,-0.3336725505210416,-0.24816575864891682,-0.15897104041662227,-0.25719541885917063
-1.0,-0.3336725505210416,-0.20830059675722964,-0.15581568675692614,-0.22347125766354506
-2.0,-0.3336725505210416,-0.297008568528827,-0.2407476742635949,-0.3343519844693363
-1.0,-0.3336725505210416,-0.23977276595284733,-0.21742742669188925,-0.3159910368246499
1.0,-0.3336725505210416,-0.16316144708276434,-0.13143309729486366,-0.17951002314383965
-2.0,-0.3336725505210416,-0.31373169175288984,-0.26943205186782826,-0.3658837592546308
-1.0,-0.28094641659134406,-0.20830059675722964,-0.21821912753091138,-0.21196650140368561
0.0,-0.28094641659134406,-0.19810158552888293,-0.23397965565272136,-0.20202142578393253
-2.0,-0.28094641659134406,-0.24541320449632514,-0.20462593366475257,-0.2402855498384737
1.0,-0.28094641659134406,-0.14642802410678604,-0.22974735044987737,-0.17303103288199156
-1.0,-0.28094641659134406,-0.36506752483073823,-0.38319756805387034,-0.39274478009499236
1.0,-0.28094641659134406,-0.16316144708276434,-0.22974735044987737,-0.17323944071986558
1.0,-0.29667489035503886,-0.3092028121578409,-0.27644121921791537,-0.2498764087759197
-2.0,-0.29667489035503886,-0.2436042896144081,-0.27207839370412024,-0.231416261191807
-1.0,-0.29667489035503886,-0.27192773108918833,-0.29003707205975526,-0.2639501642604121
1.0,-0.29667489035503886,-0.17230229538141215,-0.2331571587270346,-0.1527840433800834
-1.0,-0.24231431276643092,-0.16981343069332344,-0.1968349560472078,-0.18348311822456148
0.0,-0.24231431276643092,-0.19685188996676978,-0.19984516592192295,-0.20852222865703027
-2.0,-0.24231431276643092,-0.27304359907591835,-0.2434125793584937,-0.22880716611512125
1.0,-0.24231431276643092,-0.1419694014652413,-0.19262765621605019,-0.16826471563811873
-1.0,-0.24231431276643092,-0.3397863321641664,-0.35561585136531537,-0.30643036674486257
1.0,-0.24231431276643092,-0.16402722817175183,-0.19262765621605019,-0.13688773158800047
-1.0,-0.36367667091555733,-0.20308882786570523,-0.22746660828557372,-0.208245445947663
0.0,-0.36367667091555733,-0.2298576402088728,-0.231917759859992,-0.20559570402324273
-2.0,-0.36367667091555733,-0.23035148532258728,-0.22973004437169034,-0.24897697852043157
1.0,-0.36367667091555733,-0.1277270691947465,-0.22268634465766496,-0.14556858634188966
-1.0,-0.36367667091555733,-0.29572910179346995,-0.42766356761888846,-0.30717349520252163
1.0,-0.36367667091555733,-0.17541261156430915,-0.2215937680463231,-0.17307773887248723
-1.0,-0.33809469037906353,-0.20659376706792562,-0.22001127409438834,-0.23710090799472067
0.0,-0.33809469037906353,-0.21567515758591607,-0.228168373240288,-0.24916856313119698
-2.0,-0.33809469037906353,-0.22113553842453137,-0.2708642819139158,-0.24606733733725517
1.0,-0.33809469037906353,-0.134959000652758,-0.22549957315519564,-0.18674669126197108
-1.0,-0.33809469037906353,-0.34672020081673294,-0.44262249567290146,-0.3389121148704014
1.0,-0.33809469037906353,-0.152134842690451,-0.2060198390880755,-0.17358842581094988
1.0,-0.3540839464473411,-0.28344476890236714,-0.2722717899319735,-0.27361760061638535
-2.0,-0.3540839464473411,-0.2458508064782882,-0.37993478542594483,-0.2608428166706818
-1.0,-0.3540839464473411,-0.25067652726752787,-0.3872060983209099,-0.2876527136715972
1.0,-0.3540839464473411,-0.16402722817175183,-0.24639937012129098,-0.21309883645587813
-1.0,-0.40143425898250995,-0.16981343069332344,-0.327734704005189,-0.17940105089965513
0.0,-0.40143425898250995,-0.19685188996676978,-0.33125762375409107,-0.21550182508315752
-2.0,-0.40143425898250995,-0.27304359907591835,-0.37997593192641077,-0.2487920272615398
1.0,-0.40143425898250995,-0.1419694014652413,-0.29034937297493746,-0.16732911225454128
-1.0,-0.40143425898250995,-0.3397863321641664,-0.4788323301013515,-0.2902064220097389
1.0,-0.40143425898250995,-0.16402722817175183,-0.2962198761027535,-0.21309883645587813
-1.0,-0.25334543618617916,-0.20308882786570523,-0.21291385356732526,-0.19313401194413451
0.0,-0.25334543618617916,-0.2298576402088728,-0.21381602137228595,-0.20006495905333707
-2.0,-0.25334543618617916,-0.23035148532258728,-0.22589144318229915,-0.22448376028685083
1.0,-0.25334543618617916,-0.1277270691947465,-0.2045846061699589,-0.13657948572216205
-1.0,-0.25334543618617916,-0.29572910179346995,-0.3625276115500952,-0.32683107706996606
1.0,-0.25334543618617916,-0.17541261156430915,-0.2034920295586171,-0.16348690435218136
0.0,-0.30495546847317084,-0.08843292765075929,-0.13752134060941193,-0.1812445848574203
-1.0,-0.30495546847317084,-0.22226518955206895,-0.19782472897241865,-0.24337896060058992
0.0,-0.30495546847317084,-0.1760736907985877,-0.13851307509627594,-0.21026199424161107
-1.0,-0.30495546847317084,-0.4481061128017699,-0.25332299311179685,-0.45615058222357624
1.0,-0.30495546847317084,-0.1474375781817512,-0.13072845107804829,-0.1891540975322582
0.0,-0.40428250701166063,-0.11243634378052655,-0.1885778351752321,-0.16976195147837378
-1.0,-0.40428250701166063,-0.21906064845158368,-0.26672382712167264,-0.21134313334560045
0.0,-0.40428250701166063,-0.18485527692742623,-0.19731468373420322,-0.18984127678279264
-1.0,-0.40428250701166063,-0.409490493415191,-0.35144412986772433,-0.35094787722495385
1.0,-0.40428250701166063,-0.15653776199235808,-0.19731468373420322,-0.14893241358382364
0.0,-0.3907712896626118,-0.09411520471235613,-0.10960022868887612,-0.11236341727895553
-1.0,-0.3907712896626118,-0.21489599310434052,-0.20242700059685614,-0.21069823951582545
0.0,-0.3907712896626118,-0.19204919141712606,-0.14819719430539327,-0.1587873486558455
-1.0,-0.3907712896626118,-0.3992058882392412,-0.35633063602750903,-0.36289962427559885
1.0,-0.3907712896626118,-0.11196757046077815,-0.14819719430539327,-0.1376145534579081
0.0,-0.40646995737146374,-0.08571970533958853,-0.1059388343050154,-0.12781490680835336
-1.0,-0.40646995737146374,-0.24441761536483542,-0.17800825524338454,-0.2177285958389083
0.0,-0.40646995737146374,-0.1863921216728977,-0.13753741149018442,-0.19448613394340009
-1.0,-0.40646995737146374,-0.35501156786520327,-0.2431648599511106,-0.34021242908748656
1.0,-0.40646995737146374,-0.1532873482833724,-0.13753741149018442,-0.1149371610171622
0.0,-0.3813910918518683,-0.06067347505507825,-0.21562018679408573,-0.08655213722954748
-1.0,-0.3813910918518683,-0.2448669438055041,-0.24053972606260138,-0.2445583338671019
0.0,-0.3813910918518683,-0.17073528980072308,-0.21152571199266978,-0.17867377068745113
-1.0,-0.3813910918518683,-0.3948290876309591,-0.3383465586807518,-0.3165225634307277
1.0,-0.3813910918518683,-0.1441284466067579,-0.21838718440721214,-0.16134352951453246
0.0,-0.3442549327916197,-0.06067347505507825,-0.27966657898525543,-0.0948969801839763
-1.0,-0.3442549327916197,-0.2448669438055041,-0.31071701781537425,-0.2529031768215305
0.0,-0.3442549327916197,-0.17073528980072308,-0.24009108041427032,-0.18701861364187994
-1.0,-0.3442549327916197,-0.3948290876309591,-0.38597291120065824,-0.32758265346714416
1.0,-0.3442549327916197,-0.1441284466067579,-0.2581382497236171,-0.17002761336443542
0.0,-0.2519899598835437,-0.08843292765075929,-0.2333254198760754,-0.17095433590023848
-1.0,-0.2519899598835437,-0.22226518955206895,-0.2649801229347997,-0.2154083140268616
-1.0,-0.2519899598835437,-0.2278222265670857,-0.28006399075022603,-0.2404449267298967
-1.0,-0.2519899598835437,-0.4481061128017699,-0.36827984737696506,-0.32481269505437754
-1.0,-0.2519899598835437,-0.23905407891350022,-0.30252311734482484,-0.26237642923665655
1.0,-0.2519899598835437,-0.1474375781817512,-0.23412728052492426,-0.1587397139388195
0.0,-0.16885654281889612,-0.08834378872061274,-0.24094837804985217,-0.10483868678936978
-1.0,-0.16885654281889612,-0.2306038202399692,-0.26747527723756787,-0.2636236954389097
0.0,-0.16885654281889612,-0.1956693141181867,-0.2572919428952216,-0.1693160541118185
-1.0,-0.16885654281889612,-0.4433587191798642,-0.38843376174271016,-0.3225145103388139
1.0,-0.16885654281889612,-0.14711152886676046,-0.2572919428952216,-0.20341700221624812
0.0,-0.197361820021851,-0.08834378872061274,-0.19483031378208163,-0.1048675264120848
-1.0,-0.197361820021851,-0.2306038202399692,-0.23515048578116093,-0.26119136944109284
-1.0,-0.197361820021851,-0.21992809053623572,-0.25614384893330183,-0.32763348368658923
-1.0,-0.197361820021851,-0.4433587191798642,-0.333721970962418,-0.431340474687295
-1.0,-0.197361820021851,-0.24110526792081302,-0.2523663583378145,-0.3204219339298743
1.0,-0.197361820021851,-0.14711152886676046,-0.21117387862745096,-0.10764962121506598
0.0,-0.1311094402086832,-0.10112677348105566,-0.1777869067246213,-0.12038998257022528
-1.0,-0.1311094402086832,-0.23011490349944275,-0.18172128075972982,-0.22825255712056067
0.0,-0.1311094402086832,-0.20074448999735395,-0.17002382442700667,-0.18138585361262163
-1.0,-0.1311094402086832,-0.4007737895439827,-0.2929769708407358,-0.38188829315227657
1.0,-0.1311094402086832,-0.13720625985982418,-0.1697376577445069,-0.12919661069794106
0.0,-0.1783772876467476,-0.06067347505507825,-0.26034566981313384,-0.0948969801839763
-1.0,-0.1783772876467476,-0.2448669438055041,-0.3169158590154466,-0.2516703217645516
0.0,-0.1783772876467476,-0.17073528980072308,-0.26311266742626027,-0.18701861364187994
-1.0,-0.1783772876467476,-0.3948290876309591,-0.35893355255166937,-0.33905533762852796
1.0,-0.1783772876467476,-0.1441284466067579,-0.26311266742626027,-0.17002761336443542
0.0,-0.18903217943429074,-0.08834378872061274,-0.15179678331786733,-0.09720618249999406
-1.0,-0.18903217943429074,-0.2306038202399692,-0.18439475996438606,-0.18207797311500878
0.0,-0.18903217943429074,-0.1956693141181867,-0.15844452771857195,-0.1733403776068353
-1.0,-0.18903217943429074,-0.4433587191798642,-0.29946407743791054,-0.39545330154224806
1.0,-0.18903217943429074,-0.14711152886676046,-0.16814034816323672,-0.09520502432206504
0.0,-0.14922878389341487,-0.08834378872061274,-0.17622151946479797,-0.09720618249999406
-1.0,-0.14922878389341487,-0.2306038202399692,-0.22773261306864853,-0.25867638196735926
0.0,-0.14922878389341487,-0.1956693141181867,-0.18629798022474978,-0.1733403776068353
-1.0,-0.14922878389341487,-0.4433587191798642,-0.29010510717898236,-0.43481352958570885
1.0,-0.14922878389341487,-0.14711152886676046,-0.1799190103337769,-0.09520502432206504
0.0,-0.13725099720772885,-0.10870690168099842,-0.12264993901073862,-0.11648359165257954
-1.0,-0.13725099720772885,-0.2433492124753825,-0.1715185270514443,-0.22601082854926857
0.0,-0.13725099720772885,-0.1880221830900806,-0.14126999239997082,-0.15363561769616962
-1.0,-0.13725099720772885,-0.4268924278590256,-0.255699911881028,-0.4020506658576308
1.0,-0.13725099720772885,-0.1594106065084985,-0.1478392981402062,-0.17105631029370336
0.0,-0.14074058273144383,-0.09411520471235613,-0.09841162159876482,-0.11236341727895553
-1.0,-0.14074058273144383,-0.21489599310434052,-0.17506771479912403,-0.21069823951582545
-1.0,-0.14074058273144383,-0.14712713652655662,-0.20156673255432672,-0.18977767095176462
-1.0,-0.14074058273144383,-0.3992058882392412,-0.297792510935418,-0.37004252505518287
-1.0,-0.14074058273144383,-0.1439024941556488,-0.2000425492983015,-0.17967266410836957
1.0,-0.14074058273144383,-0.11196757046077815,-0.13910564182596402,-0.1376145534579081
0.0,-0.1416493859530693,-0.09411520471235613,-0.1967893772684001,-0.12792690457077666
-1.0,-0.1416493859530693,-0.21489599310434052,-0.23785182303830762,-0.22840683081446028
0.0,-0.1416493859530693,-0.19204919141712606,-0.2071539096196065,-0.17435083594766662
-1.0,-0.1416493859530693,-0.3992058882392412,-0.3628769391429645,-0.3895178243842587
1.0,-0.1416493859530693,-0.11196757046077815,-0.2071539096196065,-0.1531780407497292
0.0,-0.22773930785924984,-0.08834378872061274,-0.3847678615926387,-0.09013153336518878
-1.0,-0.22773930785924984,-0.2306038202399692,-0.4418523496034005,-0.23957221166422468
0.0,-0.22773930785924984,-0.1956693141181867,-0.3932931544996148,-0.15460890068763752
-1.0,-0.22773930785924984,-0.4433587191798642,-0.5388921557499227,-0.3318341425258486
1.0,-0.22773930785924984,-0.14711152886676046,-0.3932931544996148,-0.13601108714435495
0.0,-0.2894583381577952,-0.10870690168099842,-0.2600419662738416,-0.1569043886022889
-1.0,-0.2894583381577952,-0.2433492124753825,-0.3028645486626441,-0.24542118123996826
0.0,-0.2894583381577952,-0.1880221830900806,-0.26135041196741443,-0.18954836853998475
-1.0,-0.2894583381577952,-0.4268924278590256,-0.38312369244276445,-0.35218458494495253
1.0,-0.2894583381577952,-0.1594106065084985,-0.26376529652963265,-0.17769636160484453
0.0,-0.2684901050807503,-0.10996690758519057,-0.3933113712898143,-0.11883570335586408
-1.0,-0.2684901050807503,-0.22336367885461833,-0.4070625939448674,-0.21145934821747295
0.0,-0.2684901050807503,-0.2146844065039564,-0.41633585450702226,-0.19072419205706828
-1.0,-0.2684901050807503,-0.41223681000749784,-0.516647699206935,-0.30943019687611545
1.0,-0.2684901050807503,-0.15383501045958628,-0.4121826747113766,-0.16835685215129734
0.0,-0.2975561881300277,-0.09411520471235613,-0.24357833476159263,-0.12792690457077666
-1.0,-0.2975561881300277,-0.21489599310434052,-0.2705757572654926,-0.22840683081446028
0.0,-0.2975561881300277,-0.19204919141712606,-0.23403522215958622,-0.17435083594766662
-1.0,-0.2975561881300277,-0.3992058882392412,-0.3755826900157165,-0.3895178243842587
1.0,-0.2975561881300277,-0.11196757046077815,-0.23403522215958622,-0.1531780407497292
0.0,-0.6138517308214337,-0.06067347505507825,-0.3211730567427531,0.020502239030943573
-1.0,-0.6138517308214337,-0.2448669438055041,-0.404338989003958,-0.2530244479165737
0.0,-0.6138517308214337,-0.17073528980072308,-0.32462999158054284,-0.19702824537977112
-1.0,-0.6138517308214337,-0.3948290876309591,-0.4624991930753834,-0.315326085374514
1.0,-0.6138517308214337,-0.1441284466067579,-0.32462999158054284,-0.12082175924045956
0.0,-0.29492160376189164,-0.10870690168099842,-0.14103730400006856,-0.12009966776417771
-1.0,-0.29492160376189164,-0.2433492124753825,-0.18719340804051554,-0.24480509534384304
0.0,-0.29492160376189164,-0.1880221830900806,-0.17227455142194528,-0.18954836853998475
-1.0,-0.29492160376189164,-0.4268924278590256,-0.2950300405293364,-0.4031750728771071
1.0,-0.29492160376189164,-0.1594106065084985,-0.17884385716218065,-0.17618875872830686
0.0,-0.15730673177297444,-0.09411520471235613,-0.21422088112756643,-0.1165815943042957
-1.0,-0.15730673177297444,-0.21489599310434052,-0.21424027796887649,-0.21706152054797936
-1.0,-0.15730673177297444,-0.14712713652655662,-0.23512481350951023,-0.1961409519839185
-1.0,-0.15730673177297444,-0.3992058882392412,-0.3148005797210555,-0.37817251411777786
-1.0,-0.15730673177297444,-0.1439024941556488,-0.23360063025348501,-0.18603594514052355
1.0,-0.15730673177297444,-0.11196757046077815,-0.21084902089512164,-0.1418327304832483
0.0,-0.555899709512773,-0.09411520471235613,-0.2166118901221906,-0.08461527475376676
-1.0,-0.555899709512773,-0.21489599310434052,-0.3417731288705535,-0.11418037815388228
-1.0,-0.555899709512773,-0.14712713652655662,-0.36400861675507873,-0.08749351112945819
-1.0,-0.555899709512773,-0.3992058882392412,-0.49332919748338394,-0.23458480176439628
-1.0,-0.555899709512773,-0.1439024941556488,-0.36248443349905357,-0.07738850428606317
1.0,-0.555899709512773,-0.11196757046077815,-0.25927239360130105,-0.11110011744445136
0.0,-0.09473671752632935,-0.12022797546131438,-0.23712890264175115,-0.17007315750561852
-1.0,-0.09473671752632935,-0.22419537958181013,-0.12455148590613108,-0.24520185465385522
-1.0,-0.09473671752632935,-0.19843745808846433,-0.1531585919183931,-0.22321843020040674
-1.0,-0.09473671752632935,-0.39722142922376247,-0.22604755595026182,-0.38038210158059854
-1.0,-0.09473671752632935,-0.16765604254333574,-0.1531585919183931,-0.23148008078989743
1.0,-0.09473671752632935,-0.16555020563602738,-0.17668900922887237,-0.15314022875260414
0.0,-0.07885833747601798,-0.10996690758519057,-0.0892970243398882,-0.1453710519226689
-1.0,-0.07885833747601798,-0.22336367885461833,-0.08343465506585891,-0.22666359926762197
0.0,-0.07885833747601798,-0.2146844065039564,-0.0799330399245427,-0.19958565697050878
-1.0,-0.07885833747601798,-0.41223681000749784,-0.1931492159396161,-0.46340894467859817
1.0,-0.07885833747601798,-0.15383501045958628,-0.07577986012889705,-0.14151391587676093
0.0,-0.23120740336404694,-0.10996690758519057,-0.26008328955477605,-0.15035682848526105
-1.0,-0.23120740336404694,-0.22336367885461833,-0.2557095032670485,-0.21824714061995243
0.0,-0.23120740336404694,-0.2146844065039564,-0.264775115824563,-0.18444301065587906
-1.0,-0.23120740336404694,-0.41223681000749784,-0.34052728007846167,-0.3444131640132461
1.0,-0.23120740336404694,-0.15383501045958628,-0.2606219360289172,-0.15123255445384906
0.0,-0.26148559848234193,-0.11243634378052655,-0.15919067988824964,-0.165889033094985
-1.0,-0.26148559848234193,-0.21906064845158368,-0.15986707667627767,-0.2105818413750945
-1.0,-0.26148559848234193,-0.19535064363505916,-0.16316981133008712,-0.2003200468608965
-1.0,-0.26148559848234193,-0.409490493415191,-0.3063030092777054,-0.4231514513803029
-1.0,-0.26148559848234193,-0.2058392327433176,-0.17453339239622437,-0.20189939469881307
1.0,-0.26148559848234193,-0.15653776199235808,-0.17051173538381706,-0.14505949520043493
0.0,-0.22171331773684827,-0.12022797546131438,-0.11733059417285868,-0.17149920252654607
-1.0,-0.22171331773684827,-0.22419537958181013,-0.205034261300563,-0.24267104440211484
0.0,-0.22171331773684827,-0.17505369224300113,-0.13097788040956906,-0.15277306856329145
-1.0,-0.22171331773684827,-0.39722142922376247,-0.2718462109373805,-0.3909390483323194
1.0,-0.22171331773684827,-0.16555020563602738,-0.13669242841595172,-0.15060941850086376
0.0,-0.18625040422870853,-0.06067347505507825,-0.14426909634300888,-0.1697316446368562
-1.0,-0.18625040422870853,-0.2448669438055041,-0.1794228140935837,-0.24780940810845342
0.0,-0.18625040422870853,-0.17073528980072308,-0.10078749496009129,-0.24400546077006036
-1.0,-0.18625040422870853,-0.3948290876309591,-0.28665967494693145,-0.4818314816027506
1.0,-0.18625040422870853,-0.1441284466067579,-0.10078749496009129,-0.17353053051518966
0.0,-0.4904916350215776,-0.12022797546131438,-0.20075796385565386,-0.1823751028632616
-1.0,-0.4904916350215776,-0.22419537958181013,-0.23956033257063097,-0.2597448384905951
0.0,-0.4904916350215776,-0.17505369224300113,-0.2226846529539688,-0.17066841258812337
-1.0,-0.4904916350215776,-0.39722142922376247,-0.28705097326127293,-0.3941535476363133
1.0,-0.4904916350215776,-0.16555020563602738,-0.21993788438044568,-0.18255833700050217
0.0,-0.34959281689085386,-0.12022797546131438,-0.24745133891161084,-0.18898583798975038
-1.0,-0.34959281689085386,-0.22419537958181013,-0.25006177082427794,-0.2597448384905951
-1.0,-0.34959281689085386,-0.19843745808846433,-0.2761989799751984,-0.24416722079196962
-1.0,-0.34959281689085386,-0.39722142922376247,-0.3252368412257488,-0.3844502384157951
-1.0,-0.34959281689085386,-0.16765604254333574,-0.2761989799751984,-0.249810341665098
1.0,-0.34959281689085386,-0.16555020563602738,-0.2536615559759303,-0.18916907212699094
0.0,-0.31522752694124595,-0.10996690758519057,-0.23896558786004116,-0.1292470636218973
-1.0,-0.31522752694124595,-0.22336367885461833,-0.2859800647358086,-0.19713737575658868
0.0,-0.31522752694124595,-0.2146844065039564,-0.2543654454017991,-0.16333324579251532
-1.0,-0.31522752694124595,-0.41223681000749784,-0.28004259199123965,-0.32330339914988243
1.0,-0.31522752694124595,-0.15383501045958628,-0.24715214603476995,-0.13012278959048532
0.0,-0.24732272697590105,-0.08571970533958853,-0.08752641390241389,-0.1316132587540871
-1.0,-0.24732272697590105,-0.24441761536483542,-0.17603829730935214,-0.23723530733701143
-1.0,-0.24732272697590105,-0.19983861377349355,-0.18395145018931805,-0.22112275070534068
-1.0,-0.24732272697590105,-0.35501156786520327,-0.2598025411804044,-0.3578917644582537
-1.0,-0.24732272697590105,-0.21438739622843356,-0.18395145018931805,-0.22019660174486158
1.0,-0.24732272697590105,-0.1532873482833724,-0.11191368800567171,-0.11873551296289593
0.0,-0.2718255718446208,-0.06067347505507825,-0.08926755046789772,-0.1697316446368562
-1.0,-0.2718255718446208,-0.2448669438055041,-0.15065151701448865,-0.24500079499017996
-1.0,-0.2718255718446208,-0.27831477012914135,-0.19717594310184097,-0.29941107502830194
-1.0,-0.2718255718446208,-0.3948290876309591,-0.26398038747293295,-0.4818314816027506
-1.0,-0.2718255718446208,-0.2569938219822938,-0.19717594310184097,-0.28769399723654
1.0,-0.2718255718446208,-0.1441284466067579,-0.09272448530568747,-0.17353053051518966
0.0,-0.28699937407815573,-0.06067347505507825,-0.2653996546577699,-0.0948969801839763
-1.0,-0.28699937407815573,-0.2448669438055041,-0.2542474009954623,-0.2529031768215305
0.0,-0.28699937407815573,-0.17073528980072308,-0.2369485847453178,-0.18701861364187994
-1.0,-0.28699937407815573,-0.3948290876309591,-0.3609027511244594,-0.3193619218970631
1.0,-0.28699937407815573,-0.1441284466067579,-0.2369485847453178,-0.16968837246896126
0.0,-0.2194807909771392,-0.08843292765075929,-0.223371888180745,-0.1812445848574203
-1.0,-0.2194807909771392,-0.22226518955206895,-0.22725993789772547,-0.24337896060058992
-1.0,-0.2194807909771392,-0.2278222265670857,-0.2612769700642739,-0.2752801312819286
-1.0,-0.2194807909771392,-0.4481061128017699,-0.330415216729136,-0.45615058222357624
-1.0,-0.2194807909771392,-0.23905407891350022,-0.2612769700642739,-0.2962158995948289
1.0,-0.2194807909771392,-0.1474375781817512,-0.20559205361947724,-0.1891540975322582
0.0,-0.17536545614397356,-0.12022797546131438,-0.21882900373581413,-0.1823751028632616
-1.0,-0.17536545614397356,-0.22419537958181013,-0.2993468210373581,-0.2597448384905951
0.0,-0.17536545614397356,-0.17505369224300113,-0.23481351831229394,-0.17066841258812337
-1.0,-0.17536545614397356,-0.39722142922376247,-0.3580211754512686,-0.3941535476363133
1.0,-0.17536545614397356,-0.16555020563602738,-0.24052806631867654,-0.18255833700050217
0.0,-0.13280004138760165,-0.10870690168099842,-0.2832634665853166,-0.15191766034477214
-1.0,-0.13280004138760165,-0.2433492124753825,-0.3689090000389662,-0.2546585576812425
-1.0,-0.13280004138760165,-0.21333497285429995,-0.44646384275270223,-0.2809609793895151
-1.0,-0.13280004138760165,-0.4268924278590256,-0.44043797025143855,-0.34346727915553743
-1.0,-0.13280004138760165,-0.2480318043404144,-0.44646384275270223,-0.2815770652856403
1.0,-0.13280004138760165,-0.1594106065084985,-0.3515515325048177,-0.177939104748552
0.0,-0.14321250609678776,-0.08843292765075929,-0.22857991822454468,-0.16816037502296133
-1.0,-0.14321250609678776,-0.22226518955206895,-0.27426049109963785,-0.21261435314958446
0.0,-0.14321250609678776,-0.1760736907985877,-0.23566933693083775,-0.1893676109665479
-1.0,-0.14321250609678776,-0.4481061128017699,-0.36498449584454895,-0.3220187341771004
1.0,-0.14321250609678776,-0.1474375781817512,-0.2376427016776751,-0.1642946484389717
0.0,-0.2984623179532419,-0.08843292765075929,-0.2998076271885498,-0.16941580348106286
-1.0,-0.2984623179532419,-0.22226518955206895,-0.3485613399173471,-0.21486551580154561
0.0,-0.2984623179532419,-0.1760736907985877,-0.32133696100362125,-0.19161877361850904
-1.0,-0.2984623179532419,-0.4481061128017699,-0.4086861644281968,-0.31692374003823337
1.0,-0.2984623179532419,-0.1474375781817512,-0.32331032575045854,-0.18156497128279525
0.0,-0.2716298290082177,-0.10870690168099842,-0.21357915555515453,-0.15191766034477214
-1.0,-0.2716298290082177,-0.2433492124753825,-0.2583158841289093,-0.2404344529824515
-1.0,-0.2716298290082177,-0.21333497285429995,-0.3177723473851427,-0.26344407069895337
-1.0,-0.2716298290082177,-0.4268924278590256,-0.36586984839861947,-0.34719785668743575
-1.0,-0.2716298290082177,-0.2480318043404144,-0.30201622935222155,-0.2667368746907242
1.0,-0.2716298290082177,-0.1594106065084985,-0.22931110659577528,-0.177939104748552
0.0,-0.37543842492394097,-0.10112677348105566,-0.12654811618641762,-0.12038998257022528
-1.0,-0.37543842492394097,-0.23011490349944275,-0.11656264013552715,-0.21033883899825265
-1.0,-0.37543842492394097,-0.2385150898164752,-0.17499829580218687,-0.22205675385549714
-1.0,-0.37543842492394097,-0.4007737895439827,-0.28811452409540483,-0.3724798154468139
-1.0,-0.37543842492394097,-0.24079114694053833,-0.2032571151920811,-0.20953835237788984
1.0,-0.37543842492394097,-0.13720625985982418,-0.1240825204484112,-0.12919661069794106
0.0,-0.30600500946651016,-0.11243634378052655,-0.21004344346065634,-0.16976195147837378
-1.0,-0.30600500946651016,-0.21906064845158368,-0.23841144232239467,-0.21134313334560045
0.0,-0.30600500946651016,-0.18485527692742623,-0.20779922096072614,-0.18984127678279264
-1.0,-0.30600500946651016,-0.409490493415191,-0.27136210948523415,-0.35094787722495385
1.0,-0.30600500946651016,-0.15653776199235808,-0.20779922096072614,-0.14893241358382364
0.0,-0.20559534471790789,-0.10996690758519057,-0.18715009618591846,-0.1366262732670312
-1.0,-0.20559534471790789,-0.22336367885461833,-0.1839378457494374,-0.20499576989751436
0.0,-0.20559534471790789,-0.2146844065039564,-0.1717542772125714,-0.1673886980934264
-1.0,-0.20559534471790789,-0.41223681000749784,-0.2924527215209261,-0.4561365510873728
1.0,-0.20559534471790789,-0.15383501045958628,-0.16760109741692572,-0.13182446700936573
0.0,-0.2213376186797835,-0.10996690758519057,-0.19767145194369592,-0.10353347739252128
-1.0,-0.2213376186797835,-0.22336367885461833,-0.1652188308272119,-0.17043723370516287
-1.0,-0.2213376186797835,-0.15100861900848975,-0.1821710111659229,-0.165364270177425
-1.0,-0.2213376186797835,-0.41223681000749784,-0.284218402180563,-0.4230437552128628
-1.0,-0.2213376186797835,-0.1882918222582161,-0.1878210956713486,-0.15369174211206071
1.0,-0.2213376186797835,-0.15383501045958628,-0.17076051879147572,-0.09873167113485583
0.0,-0.3339481058641722,-0.08571970533958853,-0.14912023413146283,-0.1316132587540871
-1.0,-0.3339481058641722,-0.24441761536483542,-0.20009614994619146,-0.22152694778464205
0.0,-0.3339481058641722,-0.1863921216728977,-0.1735075082347207,-0.19828448588913383
-1.0,-0.3339481058641722,-0.35501156786520327,-0.297454158384765,-0.34401078103322025
1.0,-0.3339481058641722,-0.1532873482833724,-0.1735075082347207,-0.11873551296289593
0.0,-0.19859828567291118,-0.08571970533958853,-0.2019084310462255,-0.1316132587540871
-1.0,-0.19859828567291118,-0.24441761536483542,-0.19584384584459114,-0.22152694778464205
0.0,-0.19859828567291118,-0.1863921216728977,-0.18010936055021035,-0.19828448588913383
-1.0,-0.19859828567291118,-0.35501156786520327,-0.29704699282427194,-0.34401078103322025
1.0,-0.19859828567291118,-0.1532873482833724,-0.19144415450170063,-0.11873551296289593
0.0,-0.1330982699313716,-0.08571970533958853,-0.15131696571635486,-0.12994155605104266
-1.0,-0.1330982699313716,-0.24441761536483542,-0.2909692749203423,-0.2190690818799732
0.0,-0.1330982699313716,-0.1863921216728977,-0.17077820187531578,-0.19661278318608938
-1.0,-0.1330982699313716,-0.35501156786520327,-0.22257525848098247,-0.3711604171308658
1.0,-0.1330982699313716,-0.1532873482833724,-0.18211299582680607,-0.13471468934219863
0.0,-0.1900006180256107,-0.10870690168099842,-0.25585555682530664,-0.15191766034477214
-1.0,-0.1900006180256107,-0.2433492124753825,-0.30078777170366006,-0.2404344529824515
0.0,-0.1900006180256107,-0.1880221830900806,-0.26610492726041673,-0.184561640282468
-1.0,-0.1900006180256107,-0.4268924278590256,-0.39613004562063264,-0.34719785668743575
1.0,-0.1900006180256107,-0.1594106065084985,-0.26851981182263496,-0.177939104748552
0.0,-0.33131540521352804,-0.10870690168099842,-0.19246414477544146,-0.1569043886022889
-1.0,-0.33131540521352804,-0.2433492124753825,-0.2633366778045899,-0.24542118123996826
-1.0,-0.33131540521352804,-0.21333497285429995,-0.2731056834765305,-0.23324870197282968
-1.0,-0.33131540521352804,-0.4268924278590256,-0.3525515020622154,-0.3938792724255196
-1.0,-0.33131540521352804,-0.2480318043404144,-0.2731056834765305,-0.23913261134501526
1.0,-0.33131540521352804,-0.1594106065084985,-0.23187144084711836,-0.17769636160484453
0.0,-0.19397666301304275,-0.09411520471235613,-0.15176901349437968,-0.11236341727895553
-1.0,-0.19397666301304275,-0.21489599310434052,-0.17599765208935647,-0.21069823951582545
0.0,-0.19397666301304275,-0.19204919141712606,-0.16584966797186226,-0.1587873486558455
-1.0,-0.19397666301304275,-0.3992058882392412,-0.31842874573024976,-0.36289962427559885
1.0,-0.19397666301304275,-0.11196757046077815,-0.16584966797186226,-0.1376145534579081
0.0,-0.2643785954849993,-0.08571970533958853,-0.1804714150815041,-0.1316132587540871
-1.0,-0.2643785954849993,-0.24441761536483542,-0.25442677636226074,-0.23723530733701143
0.0,-0.2643785954849993,-0.1863921216728977,-0.2076030676379254,-0.19828448588913383
-1.0,-0.2643785954849993,-0.35501156786520327,-0.23704348223696528,-0.3578917644582537
1.0,-0.2643785954849993,-0.1532873482833724,-0.2189378615894157,-0.11873551296289593
0.0,-0.37060759238820334,-0.08571970533958853,-0.30002783700048186,-0.14047382444833187
-1.0,-0.37060759238820334,-0.24441761536483542,-0.3643857526284233,-0.2598288053171642
0.0,-0.37060759238820334,-0.1863921216728977,-0.28189199196935383,-0.07617358316973015
-1.0,-0.37060759238820334,-0.35501156786520327,-0.4189391680751407,-0.27604166236787636
1.0,-0.37060759238820334,-0.1532873482833724,-0.32902684544045396,-0.16709785937225916
0.0,-0.33476411762573344,-0.12022797546131438,-0.3096896365610142,-0.1823751028632616
-1.0,-0.33476411762573344,-0.22419537958181013,-0.24551736178980915,-0.2597448384905951
0.0,-0.33476411762573344,-0.17505369224300113,-0.24818522402754448,-0.17066841258812337
-1.0,-0.33476411762573344,-0.39722142922376247,-0.34741558441669446,-0.3844502384157951
1.0,-0.33476411762573344,-0.16555020563602738,-0.25389977203392716,-0.18255833700050217
0.0,-0.3091136572248145,-0.11243634378052655,-0.24839999653921258,-0.1569958031241173
-1.0,-0.3091136572248145,-0.21906064845158368,-0.2483067604604647,-0.18789135555486652
-1.0,-0.3091136572248145,-0.19535064363505916,-0.26864385301149213,-0.21407351280729728
-1.0,-0.3091136572248145,-0.409490493415191,-0.3191684668971643,-0.3343350399744829
-1.0,-0.3091136572248145,-0.2058392327433176,-0.2807967809412361,-0.22214960403997708
1.0,-0.3091136572248145,-0.15653776199235808,-0.24318215409876753,-0.16987007876288893
0.0,-0.2754635359862187,-0.11243634378052655,-0.1522463630785443,-0.17570931362662948
-1.0,-0.2754635359862187,-0.21906064845158368,-0.175396583133515,-0.21132791548144542
0.0,-0.2754635359862187,-0.18485527692742623,-0.16161026914355558,-0.1895900355404588
-1.0,-0.2754635359862187,-0.409490493415191,-0.2915702985507184,-0.4849395396976767
1.0,-0.2754635359862187,-0.15653776199235808,-0.16161026914355558,-0.16051528450229624
0.0,-0.3789500823642644,-0.08843292765075929,-0.3279813717917102,-0.17041153767492248
-1.0,-0.3789500823642644,-0.22226518955206895,-0.3457002621241116,-0.21486551580154561
0.0,-0.3789500823642644,-0.1760736907985877,-0.327435405998947,-0.19161877361850904
-1.0,-0.3789500823642644,-0.4481061128017699,-0.46673219916193454,-0.31692374003823337
1.0,-0.3789500823642644,-0.1474375781817512,-0.3377927951317681,-0.1706410575531437
0.0,-0.29454022732405644,-0.12022797546131438,-0.24842413254925946,-0.18898583798975038
-1.0,-0.29454022732405644,-0.22419537958181013,-0.30527263498552293,-0.2597448384905951
0.0,-0.29454022732405644,-0.17505369224300113,-0.26187591889847056,-0.1877227845637854
-1.0,-0.29454022732405644,-0.39722142922376247,-0.37935787273598204,-0.3844502384157951
1.0,-0.29454022732405644,-0.16555020563602738,-0.2675904669048532,-0.18916907212699094
0.0,-0.4035637608383546,-0.10870690168099842,-0.16976846137863227,-0.12009966776417771
-1.0,-0.4035637608383546,-0.2433492124753825,-0.2067428563216952,-0.24480509534384304
-1.0,-0.4035637608383546,-0.21333497285429995,-0.23126622190953197,-0.23324870197282968
-1.0,-0.4035637608383546,-0.4268924278590256,-0.3259936072372926,-0.4031750728771071
-1.0,-0.4035637608383546,-0.2480318043404144,-0.23126622190953197,-0.23324870197282968
1.0,-0.4035637608383546,-0.1594106065084985,-0.1964247736418274,-0.17618875872830686
0.0,-0.392493148637881,-0.12022797546131438,-0.22149147971969155,-0.1728733221061259
-1.0,-0.392493148637881,-0.22419537958181013,-0.25789895856372463,-0.24184615868543552
0.0,-0.392493148637881,-0.17505369224300113,-0.23912912313593312,-0.16116663183098767
-1.0,-0.392493148637881,-0.39722142922376247,-0.37907024088647306,-0.3762548678311538
1.0,-0.392493148637881,-0.16555020563602738,-0.23638235456241,-0.17305655624336647
0.0,-0.40607551160031485,-0.08843292765075929,-0.25911341275758015,-0.17095433590023848
-1.0,-0.40607551160031485,-0.22226518955206895,-0.29423814308487184,-0.2154083140268616
-1.0,-0.40607551160031485,-0.2278222265670857,-0.3090098593022784,-0.2404449267298967
-1.0,-0.40607551160031485,-0.4481061128017699,-0.3669232452017047,-0.32481269505437754
-1.0,-0.40607551160031485,-0.23905407891350022,-0.31536732295656555,-0.26237642923665655
1.0,-0.40607551160031485,-0.1474375781817512,-0.2605814460304981,-0.1587397139388195
0.0,-0.35790093582151444,-0.08834378872061274,-0.18611559120641424,-0.09720618249999406
-1.0,-0.35790093582151444,-0.2306038202399692,-0.22515837033124123,-0.18207797311500878
-1.0,-0.35790093582151444,-0.21992809053623572,-0.2687138676674317,-0.20675280388966782
-1.0,-0.35790093582151444,-0.4433587191798642,-0.3504087174334805,-0.39545330154224806
-1.0,-0.35790093582151444,-0.24110526792081302,-0.3065423172727811,-0.1927620602149697
1.0,-0.35790093582151444,-0.14711152886676046,-0.20245915605178363,-0.09520502432206504
0.0,-0.3374143826820305,-0.12022797546131438,-0.2164420615221327,-0.19689614837983055
-1.0,-0.3374143826820305,-0.22419537958181013,-0.310731446154273,-0.25287651926759064
0.0,-0.3374143826820305,-0.17505369224300113,-0.2324265760986124,-0.18042693938732965
-1.0,-0.3374143826820305,-0.39722142922376247,-0.351528371335216,-0.36024587259322705
1.0,-0.3374143826820305,-0.16555020563602738,-0.23814112410499505,-0.21486354820204118
0.0,-0.4198693071079774,-0.12022797546131438,-0.28471971290549863,-0.18348729395384206
-1.0,-0.4198693071079774,-0.22419537958181013,-0.35482058236831515,-0.23586772058691108
0.0,-0.4198693071079774,-0.17505369224300113,-0.30558899200308387,-0.16642994081181645
-1.0,-0.4198693071079774,-0.39722142922376247,-0.43169691464502885,-0.34624887401771387
1.0,-0.4198693071079774,-0.16555020563602738,-0.30079060588666956,-0.20086654962652797
0.0,-0.26682597708486083,-0.3200024826932541,-0.33978032382727014,-0.3905325393002358
-2.0,-0.26682597708486083,-0.3996879176609811,-0.4587788055566958,-0.4453679238324768
-3.0,-0.26682597708486083,-0.4664746274806827,-0.48230731882067046,-0.47411278535468415
1.0,-0.26682597708486083,-0.12582478280333326,-0.22394898669932803,-0.19514342057414355
1.0,-0.26682597708486083,-0.16430671320214152,-0.29728109203675884,-0.2501115067589363
0.0,-0.19461601806121892,-0.3151695594847308,-0.30355176248617916,-0.35541037896680544
-2.0,-0.19461601806121892,-0.36703778120168956,-0.36933823525272036,-0.41867888662337505
-3.0,-0.19461601806121892,-0.5135442156344494,-0.4308572530754459,-0.6005680989619091
1.0,-0.19461601806121892,-0.14218806526065414,-0.17226553457652585,-0.15295908925294405
1.0,-0.19461601806121892,-0.12993872374871185,-0.1792116180302036,-0.16788239958385168
0.0,-0.17244513614594006,-0.3120209534291582,-0.11084376081167588,-0.4162335813883562
-3.0,-0.17244513614594006,-0.5182827694358022,-0.27673659487470814,-0.5733897079250445
-1.0,-0.17244513614594006,-0.2969489582520271,-0.3138184892279719,-0.2875872034246252
-3.0,-0.17244513614594006,-0.4762374674187347,-0.26119291927772426,-0.5737756981724228
3.0,-0.17244513614594006,-0.15290814200936212,-0.20414822740783445,-0.12966302950990458
1.0,-0.17244513614594006,-0.13970519413878332,-0.10844457595234405,-0.1839686544460741
0.0,-0.37539460738224817,-0.32053792482357235,-0.3748067756895761,-0.30551761857484055
-2.0,-0.37539460738224817,-0.34491027365584226,-0.4392225343035638,-0.3345298659242861
-3.0,-0.37539460738224817,-0.43627975656517126,-0.44140078102932373,-0.35629310888732
1.0,-0.37539460738224817,-0.14543113439731314,-0.2621885549635718,-0.20159198338644196
1.0,-0.37539460738224817,-0.16266898624222217,-0.2862465336334832,-0.2039380592762551
0.0,-0.21602344755579972,-0.3151695594847308,-0.23710595843715693,-0.45203637375020544
-3.0,-0.21602344755579972,-0.4616586273552558,-0.3417141221206878,-0.5746350607212317
-1.0,-0.21602344755579972,-0.2765648045704921,-0.15585514326769825,-0.24707993499087783
-3.0,-0.21602344755579972,-0.5135442156344494,-0.36214062075636644,-0.5910685855530164
3.0,-0.21602344755579972,-0.14101438409738742,-0.08468696624537694,-0.1681248886171665
1.0,-0.21602344755579972,-0.14218806526065414,-0.08468696624537694,-0.15065958122268033
0.0,-0.3330656659904345,-0.29250529871383757,-0.2784239550884607,-0.30757695496961945
-2.0,-0.3330656659904345,-0.37332471681129825,-0.42151878753070754,-0.38081655122220287
-3.0,-0.3330656659904345,-0.4569252316860933,-0.4272825732142803,-0.4251582393970833
1.0,-0.3330656659904345,-0.12367034735808927,-0.23181669101031369,-0.15749414022823846
1.0,-0.3330656659904345,-0.14956165824812864,-0.2702237845712128,-0.1777123827765094
0.0,-0.34962926116554627,-0.29250529871383757,-0.24801825732054342,-0.30757695496961945
-3.0,-0.34962926116554627,-0.43450217241714917,-0.3664404465440532,-0.4337790381351709
-1.0,-0.34962926116554627,-0.28515719365128933,-0.22128324209444544,-0.2828370737289183
-3.0,-0.34962926116554627,-0.4569252316860933,-0.40371322928569836,-0.44233253746738693
3.0,-0.34962926116554627,-0.13541355182000736,-0.1381347990055639,-0.13879654982316267
1.0,-0.34962926116554627,-0.12367034735808927,-0.14857631287129183,-0.15749414022823846
0.0,-0.2850905338807813,-0.27904295180793165,-0.36663599160402266,-0.26938993645617854
-2.0,-0.2850905338807813,-0.4087067792897239,-0.5668840584107344,-0.42850707438423186
-3.0,-0.2850905338807813,-0.4524564585876472,-0.5786491422571862,-0.4662992830987436
1.0,-0.2850905338807813,-0.1282053361439227,-0.282600596364021,-0.16027124745447263
1.0,-0.2850905338807813,-0.15839218362224902,-0.29142656088297414,-0.21166985199800678
0.0,-0.25120549235022,-0.27904295180793165,-0.38568034840993604,-0.2550761878526611
-3.0,-0.25120549235022,-0.42649210598568404,-0.49324979842485833,-0.4945757702999593
-1.0,-0.25120549235022,-0.291886468491212,-0.35309437641671926,-0.2887248468911083
-3.0,-0.25120549235022,-0.4524564585876472,-0.4951674832287635,-0.5432105321492373
3.0,-0.25120549235022,-0.11578073075654716,-0.22688876895430513,-0.13563990462232753
1.0,-0.25120549235022,-0.1282053361439227,-0.2554723205442814,-0.1426366845181651
0.0,-0.20626822438489492,-0.3151695594847308,-0.38205298475557137,-0.25476093112222725
-2.0,-0.20626822438489492,-0.36703778120168956,-0.5049883100391777,-0.2594229682970908
-3.0,-0.20626822438489492,-0.5135442156344494,-0.5773030646330288,-0.3962285768606627
1.0,-0.20626822438489492,-0.14218806526065414,-0.2671653341140103,-0.1518430479938873
1.0,-0.20626822438489492,-0.12993872374871185,-0.2628020727056583,-0.14741501335231463
0.0,-0.19965975436222724,-0.30135536167289734,-0.46780539644203667,-0.17375133002361864
-2.0,-0.19965975436222724,-0.3839027606178534,-0.48664260908910056,-0.24713329736982262
-3.0,-0.19965975436222724,-0.49575910410926205,-0.5698004656920331,-0.3479261976001175
1.0,-0.19965975436222724,-0.13951565354134937,-0.33618951499399485,-0.013298738105702338
1.0,-0.19965975436222724,-0.17376485121932267,-0.3255696677622969,-0.010211572483974418
0.0,-0.15327241893920332,-0.29286349578660403,-0.24885917691437964,-0.2847300697775213
-3.0,-0.15327241893920332,-0.451444690914119,-0.30501126106238147,-0.44415519697736466
-1.0,-0.15327241893920332,-0.26335561706524363,-0.16736349428338906,-0.29889027977755755
-3.0,-0.15327241893920332,-0.40522407391178206,-0.2357411548952184,-0.45158511753358194
3.0,-0.15327241893920332,-0.11742780972969405,-0.19379581474701593,-0.15858426614015925
1.0,-0.15327241893920332,-0.10045822165504195,-0.17425797338306348,-0.14812788620783718
0.0,-0.15243741682867593,-0.32053792482357235,-0.2722242596464361,-0.34504764498528084
-2.0,-0.15243741682867593,-0.34491027365584226,-0.35074504340518947,-0.43039808919315864
-3.0,-0.15243741682867593,-0.43627975656517126,-0.3634737477386973,-0.5243342172357166
1.0,-0.15243741682867593,-0.14543113439731314,-0.17199085348367596,-0.1560119735286808
1.0,-0.15243741682867593,-0.16266898624222217,-0.2031998210166205,-0.20565734461537793
0.0,-0.12486838893213445,-0.3200024826932541,-0.29701111153015153,-0.34543135423341814
-3.0,-0.12486838893213445,-0.4559110117099455,-0.377870918936791,-0.46724505425892215
-1.0,-0.12486838893213445,-0.2660280881644011,-0.15540778562361027,-0.2446308985888113
-3.0,-0.12486838893213445,-0.4664746274806827,-0.4029684920306528,-0.492191343484229
3.0,-0.12486838893213445,-0.1454487057961304,-0.09561409057419283,-0.12678354990942112
1.0,-0.12486838893213445,-0.12582478280333326,-0.11116896998457894,-0.1489460078108905
0.0,-0.05211522949761048,-0.29286349578660403,-0.2021859004924672,-0.38735877312102107
-2.0,-0.05211522949761048,-0.3750559021568869,-0.32423625459811506,-0.4631879641565746
-3.0,-0.05211522949761048,-0.40522407391178206,-0.3080285868386261,-0.4125874551812683
1.0,-0.05211522949761048,-0.10045822165504195,-0.1121205666027551,-0.14302098523317047
1.0,-0.05211522949761048,-0.13391326334322218,-0.1850633965794404,-0.19310994250993718
0.0,-0.09906337700067759,-0.29250529871383757,-0.25469518112392425,-0.33666332735761306
-3.0,-0.09906337700067759,-0.43450217241714917,-0.3325368749406947,-0.45159612082501166
-1.0,-0.09906337700067759,-0.28515719365128933,-0.19006492446053658,-0.2824632126652173
-3.0,-0.09906337700067759,-0.4569252316860933,-0.3325368749406947,-0.4984056550394498
3.0,-0.09906337700067759,-0.13541355182000736,-0.13299954812287887,-0.16806903531923983
1.0,-0.09906337700067759,-0.12367034735808927,-0.14796289026279716,-0.1739449866925265
0.0,-0.12434678222697691,-0.29286349578660403,-0.15102464035757587,-0.38549567806165785
-2.0,-0.12434678222697691,-0.3750559021568869,-0.23091642303537072,-0.44141014504577053
-3.0,-0.12434678222697691,-0.40522407391178206,-0.21854402222247557,-0.43194792584193253
1.0,-0.12434678222697691,-0.10045822165504195,-0.07192792227163405,-0.13669969398277007
1.0,-0.12434678222697691,-0.13391326334322218,-0.13194534743009226,-0.1748427010167967
0.0,-0.08669013808114155,-0.3200024826932541,-0.18143400226172918,-0.34543135423341814
-2.0,-0.08669013808114155,-0.3996879176609811,-0.2267447401315872,-0.45245110377829045
-3.0,-0.08669013808114155,-0.4664746274806827,-0.2646972752650027,-0.492191343484229
1.0,-0.08669013808114155,-0.12582478280333326,-0.17653575990691642,-0.1489460078108905
1.0,-0.08669013808114155,-0.16430671320214152,-0.1624287158053905,-0.21793372928252924
0.0,-0.24917396307663836,-0.3200024826932541,-0.3509531125520449,-0.26820512104772076
-2.0,-0.24917396307663836,-0.3996879176609811,-0.4446387239792076,-0.321178898064359
-3.0,-0.24917396307663836,-0.4664746274806827,-0.45420980460337396,-0.37052049844504414
1.0,-0.24917396307663836,-0.12582478280333326,-0.2109479571666697,-0.14329433462894128
1.0,-0.24917396307663836,-0.16430671320214152,-0.274545694665619,-0.2158843070048516
0.0,-0.1733736365279637,-0.29250529871383757,-0.20024370453114626,-0.33417070921397407
-2.0,-0.1733736365279637,-0.37332471681129825,-0.2748263309037476,-0.3755670108089312
-3.0,-0.1733736365279637,-0.4569252316860933,-0.26162056439289955,-0.49852855034956867
1.0,-0.1733736365279637,-0.12367034735808927,-0.1673375186126204,-0.17145236854888754
1.0,-0.1733736365279637,-0.14956165824812864,-0.20113294479143348,-0.18449079812489827
0.0,-0.2499699266547796,-0.3200024826932541,-0.32255621410887797,-0.3905325393002358
-3.0,-0.2499699266547796,-0.4559110117099455,-0.4027288288817307,-0.41969348666008316
-1.0,-0.2499699266547796,-0.2660280881644011,-0.25089014866745,-0.2585013186311843
-3.0,-0.2499699266547796,-0.4664746274806827,-0.42625734214570526,-0.48381043665594187
3.0,-0.2499699266547796,-0.1454487057961304,-0.18190628090616362,-0.14266801505211307
1.0,-0.2499699266547796,-0.12582478280333326,-0.18133787272592666,-0.19514342057414355
0.0,-0.08139594387768365,-0.30135536167289734,-0.33703570462123256,-0.33253044122098907
-2.0,-0.08139594387768365,-0.3839027606178534,-0.4056873355175891,-0.4606262719384992
-3.0,-0.08139594387768365,-0.49575910410926205,-0.4417103386494217,-0.5092134458683828
1.0,-0.08139594387768365,-0.13951565354134937,-0.1840993908931508,-0.13848433450845177
1.0,-0.08139594387768365,-0.17376485121932267,-0.2244622606698234,-0.21548664944574902
0.0,-0.17385004048084032,-0.32053792482357235,-0.26418286901888816,-0.2945252898648552
-3.0,-0.17385004048084032,-0.4148339416926299,-0.3441692674288843,-0.39838239530278535
-1.0,-0.17385004048084032,-0.33795184179821297,-0.2768040071859211,-0.3245554296261845
-3.0,-0.17385004048084032,-0.43627975656517126,-0.3144924029937268,-0.4670795333194775
3.0,-0.17385004048084032,-0.18292477255930936,-0.21846208642736528,-0.1551938530448483
1.0,-0.17385004048084032,-0.14543113439731314,-0.22142663940282134,-0.1560119735286808
0.0,-0.19500694009721067,-0.3151695594847308,-0.32813834687552523,-0.37687451638614533
-2.0,-0.19500694009721067,-0.36703778120168956,-0.4308385026988546,-0.44691822648202373
-3.0,-0.19500694009721067,-0.5135442156344494,-0.4594470014774606,-0.4981971562409063
1.0,-0.19500694009721067,-0.14218806526065414,-0.16321979215234306,-0.15065958122268033
1.0,-0.19500694009721067,-0.12993872374871185,-0.2110869755663513,-0.18867151219638667
0.0,-0.27278622571666367,-0.30129058136659376,-0.27260349087895547,-0.3317033566584301
-2.0,-0.27278622571666367,-0.33274823204148163,-0.43724669465645993,-0.34577464014392395
-3.0,-0.27278622571666367,-0.4168739580339535,-0.44867781845417515,-0.4987938249079137
1.0,-0.27278622571666367,-0.16534944326953238,-0.14133744794978012,-0.16058362704803136
1.0,-0.27278622571666367,-0.17160925075633573,-0.1631598968640021,-0.1970174093032954
0.0,-0.5912461773558271,-0.32053792482357235,-0.39483613737387613,-0.27918746361523605
-2.0,-0.5912461773558271,-0.34491027365584226,-0.5196351903093314,-0.3131674610417658
-3.0,-0.5912461773558271,-0.43627975656517126,-0.5146808906530997,-0.32727123987246215
1.0,-0.5912461773558271,-0.14543113439731314,-0.3503266262039307,-0.20159198338644196
1.0,-0.5912461773558271,-0.16266898624222217,-0.3343889474773958,-0.2039380592762551
0.0,-0.20446215225857195,-0.3120209534291582,-0.31769220810839055,-0.22505789102191645
-2.0,-0.20446215225857195,-0.37485956141968657,-0.4466193207997942,-0.39436524271891993
-3.0,-0.20446215225857195,-0.4762374674187347,-0.513961867812373,-0.38401481480286004
1.0,-0.20446215225857195,-0.13970519413878332,-0.20253930495435554,-0.17783333113230268
1.0,-0.20446215225857195,-0.16231758580229963,-0.18238605395288063,-0.19638539335872326
0.0,-0.1881245158692912,-0.3120209534291582,-0.3143719996488085,-0.22149692102985002
-3.0,-0.1881245158692912,-0.5182827694358022,-0.4421541928368221,-0.43874418533575343
-1.0,-0.1881245158692912,-0.2969489582520271,-0.3421260910435889,-0.27375736435847225
-3.0,-0.1881245158692912,-0.4762374674187347,-0.40621653235335026,-0.47066339505397475
3.0,-0.1881245158692912,-0.15290814200936212,-0.2599461054412059,-0.1661299603603714
1.0,-0.1881245158692912,-0.13970519413878332,-0.26435003001944607,-0.18807667431510056
0.0,-0.17642825867596248,-0.3120209534291582,-0.33574299325763396,-0.22505789102191645
-2.0,-0.17642825867596248,-0.37485956141968657,-0.42308001724321903,-0.39436524271891993
-3.0,-0.17642825867596248,-0.4762374674187347,-0.4472979099008236,-0.38401481480286004
1.0,-0.17642825867596248,-0.13970519413878332,-0.21015171422309628,-0.17783333113230268
1.0,-0.17642825867596248,-0.16231758580229963,-0.24708270189802786,-0.19638539335872326
0.0,-0.5867821874960686,-0.3200024826932541,-0.4391232164366528,-0.19915503197050255
-3.0,-0.5867821874960686,-0.4559110117099455,-0.5821625299525058,-0.2605601756233733
-1.0,-0.5867821874960686,-0.2660280881644011,-0.360897081247655,-0.25939017855845725
-3.0,-0.5867821874960686,-0.4664746274806827,-0.6072601030463675,-0.4397279428249659
3.0,-0.5867821874960686,-0.1454487057961304,-0.27025457117786167,-0.10797522121293447
1.0,-0.5867821874960686,-0.12582478280333326,-0.29109785480535466,-0.15605396663327478
0.0,-0.47263714610054897,-0.27904295180793165,-0.37187849397807,-0.2532947895225394
-3.0,-0.47263714610054897,-0.42649210598568404,-0.7015959090494222,-0.3523883065084754
-1.0,-0.47263714610054897,-0.291886468491212,-0.44233828977945,-0.32839207720853153
-3.0,-0.47263714610054897,-0.4524564585876472,-0.6800231110091544,-0.2956877628017457
3.0,-0.47263714610054897,-0.11578073075654716,-0.2039452244164505,-0.10976516321434575
1.0,-0.47263714610054897,-0.1282053361439227,-0.23252877600642652,-0.15906460030412736
0.0,-0.2589509545983723,-0.3200024826932541,-0.2550092059132744,-0.34543135423341814
-2.0,-0.2589509545983723,-0.3996879176609811,-0.26375841047729504,-0.45245110377829045
-3.0,-0.2589509545983723,-0.4664746274806827,-0.30398621194372377,-0.48907971707134623
1.0,-0.2589509545983723,-0.12582478280333326,-0.17736922729033988,-0.16296564309773637
1.0,-0.2589509545983723,-0.16430671320214152,-0.23018548558136617,-0.21793372928252924
0.0,-0.2303250095218316,-0.29250529871383757,-0.2689647409710737,-0.3469568161549649
-2.0,-0.2303250095218316,-0.37332471681129825,-0.3571808913651568,-0.3779242984362737
-3.0,-0.2303250095218316,-0.4569252316860933,-0.36062802245566034,-0.526176711239811
1.0,-0.2303250095218316,-0.12367034735808927,-0.19605338426227523,-0.16371374548263323
1.0,-0.2303250095218316,-0.14956165824812864,-0.24774665736093468,-0.17675217505864396
0.0,-0.44629358826300364,-0.29286349578660403,-0.16239471727455948,-0.3820955944912824
-2.0,-0.44629358826300364,-0.3750559021568869,-0.3208809559081814,-0.4579247855268359
-3.0,-0.44629358826300364,-0.40522407391178206,-0.30101685133199124,-0.4292033719909381
1.0,-0.44629358826300364,-0.10045822165504195,-0.13746801704174236,-0.13338472728945855
1.0,-0.44629358826300364,-0.13391326334322218,-0.14120489942953254,-0.18347368456622526
0.0,-0.2029840067634052,-0.27904295180793165,-0.2613283637395717,-0.2370983158272477
-2.0,-0.2029840067634052,-0.4087067792897239,-0.39801655670056973,-0.2971413264143808
-3.0,-0.2029840067634052,-0.4524564585876472,-0.3934430005667247,-0.3621924062907493
1.0,-0.2029840067634052,-0.1282053361439227,-0.14101612527247762,-0.11926136122936569
1.0,-0.2029840067634052,-0.15839218362224902,-0.18144973754610852,-0.14432489346045943
0.0,-0.3002651631869665,-0.3200024826932541,-0.2248210701254243,-0.38866431623773406
-2.0,-0.3002651631869665,-0.3996879176609811,-0.30902580869527135,-0.4453679238324768
-3.0,-0.3002651631869665,-0.4664746274806827,-0.3200637973010424,-0.47411278535468415
1.0,-0.3002651631869665,-0.12582478280333326,-0.20832547187981038,-0.19514342057414355
1.0,-0.3002651631869665,-0.16430671320214152,-0.17052767378608463,-0.2501115067589363
0.0,-0.1827379814152065,-0.29286349578660403,-0.13561140637781388,-0.40832698955897706
-2.0,-0.1827379814152065,-0.3750559021568869,-0.21872114505084556,-0.46630121276731773
-3.0,-0.1827379814152065,-0.40522407391178206,-0.20634874423795047,-0.45286673601978883
1.0,-0.1827379814152065,-0.10045822165504195,-0.018163219492842747,-0.16832672339914567
1.0,-0.1827379814152065,-0.13391326334322218,-0.07818064465130099,-0.19767401251411598
0.0,-0.156984672827006,-0.29286349578660403,-0.25307791658050566,-0.3820955944912824
-3.0,-0.156984672827006,-0.451444690914119,-0.4276741194169258,-0.42871625935824065
-1.0,-0.156984672827006,-0.26335561706524363,-0.18247476570786814,-0.27290697823042853
-3.0,-0.156984672827006,-0.40522407391178206,-0.3527204633157941,-0.40732427655152964
3.0,-0.156984672827006,-0.11742780972969405,-0.08662142735861199,-0.1954945503794335
1.0,-0.156984672827006,-0.10045822165504195,-0.09511504766419566,-0.1369781977088848
0.0,-0.21102106965351913,-0.27904295180793165,-0.30054272271398025,-0.2370983158272477
-2.0,-0.21102106965351913,-0.4087067792897239,-0.4275395223373952,-0.2971413264143808
-3.0,-0.21102106965351913,-0.4524564585876472,-0.4198852588260562,-0.3621924062907493
1.0,-0.21102106965351913,-0.1282053361439227,-0.19426770625965264,-0.11926136122936569
1.0,-0.21102106965351913,-0.15839218362224902,-0.2222744522243468,-0.14432489346045943
0.0,-0.12713491201844201,-0.30135536167289734,-0.2528264017896854,-0.3357661476044297
-3.0,-0.12713491201844201,-0.4480240981095328,-0.3221346313491061,-0.4971016757589136
-1.0,-0.12713491201844201,-0.3073370251153539,-0.3894429976081948,-0.3310568256029845
-3.0,-0.12713491201844201,-0.49575910410926205,-0.3692694848202062,-0.4930587255756561
3.0,-0.12713491201844201,-0.17275394694282362,-0.2591098791533757,-0.18882404219091795
1.0,-0.12713491201844201,-0.13951565354134937,-0.2605360716453293,-0.19415800946997477
0.0,-0.17614181846806956,-0.30129058136659376,-0.39030415075239155,-0.2761054371013631
-2.0,-0.17614181846806956,-0.33274823204148163,-0.5539458096565667,-0.43571948862651755
-3.0,-0.17614181846806956,-0.4168739580339535,-0.5583865504948929,-0.4102080281298971
1.0,-0.17614181846806956,-0.16534944326953238,-0.34113538968246804,-0.13039883739383545
1.0,-0.17614181846806956,-0.17160925075633573,-0.3565113104928217,-0.09019752876052627
0.0,-0.17324211678820078,-0.29286349578660403,-0.25723080778301505,-0.25854463728765026
-3.0,-0.17324211678820078,-0.451444690914119,-0.47733726469512394,-0.42252772019089613
-1.0,-0.17324211678820078,-0.26335561706524363,-0.3229366261366391,-0.27270484728768657
-3.0,-0.17324211678820078,-0.40522407391178206,-0.4040945911624802,-0.41494974052205724
3.0,-0.17324211678820078,-0.11742780972969405,-0.22099427940941246,-0.14329297617122855
1.0,-0.17324211678820078,-0.10045822165504195,-0.22526813495360312,-0.12831918892402827
0.0,-0.25124802879131664,-0.32053792482357235,-0.20165060473697957,-0.2992213594794928
-2.0,-0.25124802879131664,-0.34491027365584226,-0.335804317504338,-0.3714038182841495
-3.0,-0.25124802879131664,-0.43627975656517126,-0.34254952073386985,-0.4670795333194775
1.0,-0.25124802879131664,-0.14543113439731314,-0.18129900987873218,-0.1560119735286808
1.0,-0.25124802879131664,-0.16266898624222217,-0.22644328175554845,-0.20565734461537793
0.0,-0.2560955893492035,-0.29286349578660403,-0.30170578575897783,-0.2900697037153722
-2.0,-0.2560955893492035,-0.3750559021568869,-0.43859844474748183,-0.3608191416890787
-3.0,-0.2560955893492035,-0.40522407391178206,-0.5134894944682755,-0.48824474344828744
1.0,-0.2560955893492035,-0.10045822165504195,-0.20192684396079008,-0.11787356826996523
1.0,-0.2560955893492035,-0.13391326334322218,-0.21962109763593057,-0.14953980575813103
0.0,-0.26386870877809493,-0.3120209534291582,-0.3755890408594689,-0.24457820156683935
-3.0,-0.26386870877809493,-0.5182827694358022,-0.47144752378500626,-0.43874418533575343
-1.0,-0.26386870877809493,-0.2969489582520271,-0.3177369166142609,-0.27375736435847225
-3.0,-0.26386870877809493,-0.4762374674187347,-0.46865544882010385,-0.47066339505397475
3.0,-0.26386870877809493,-0.15290814200936212,-0.249568848866961,-0.1661299603603714
1.0,-0.26386870877809493,-0.13970519413878332,-0.2539727734452012,-0.18807667431510056
0.0,-0.1995003137379358,-0.3120209534291582,-0.2827859424391949,-0.40673180063122055
-2.0,-0.1995003137379358,-0.37485956141968657,-0.37581548939891113,-0.45698884531099754
-3.0,-0.1995003137379358,-0.4762374674187347,-0.41047167938250667,-0.5642739174152869
1.0,-0.1995003137379358,-0.13970519413878332,-0.17341477405896552,-0.1250784292922641
1.0,-0.1995003137379358,-0.16231758580229963,-0.1945452136948126,-0.18535809276469145
0.0,-0.18744505213696516,-0.29286349578660403,-0.19773128125584177,-0.3820955944912824
-3.0,-0.18744505213696516,-0.451444690914119,-0.3558334922873362,-0.4505953547976491
-1.0,-0.18744505213696516,-0.26335561706524363,-0.20531309291572436,-0.27290697823042853
-3.0,-0.18744505213696516,-0.40522407391178206,-0.27471504634727245,-0.4292033719909381
3.0,-0.18744505213696516,-0.11742780972969405,-0.13358361297786975,-0.1954945503794335
1.0,-0.18744505213696516,-0.10045822165504195,-0.13785746852206043,-0.13338472728945855
0.0,-0.16716772580671205,-0.30129058136659376,-0.2519373791032137,-0.37973698516964993
-2.0,-0.16716772580671205,-0.33274823204148163,-0.32478653683680603,-0.427728227489983
-3.0,-0.16716772580671205,-0.4168739580339535,-0.33310905996806256,-0.5287736660833434
1.0,-0.16716772580671205,-0.16534944326953238,-0.15694928454476897,-0.1575441595701594
1.0,-0.16716772580671205,-0.17160925075633573,-0.1810493255245952,-0.20368355957180215
0.0,-0.19244348066511865,-0.27904295180793165,-0.229995678658561,-0.2550761878526611
-2.0,-0.19244348066511865,-0.4087067792897239,-0.381324812879852,-0.4780550201569746
-3.0,-0.19244348066511865,-0.4524564585876472,-0.3369616337804024,-0.5432105321492373
1.0,-0.19244348066511865,-0.1282053361439227,-0.24220016878984746,-0.1332508996555514
1.0,-0.19244348066511865,-0.15839218362224902,-0.2670806589407782,-0.14573187322915043
0.0,-0.26556118334202417,-0.3200024826932541,-0.2497634350492296,-0.34543135423341814
-2.0,-0.26556118334202417,-0.3996879176609811,-0.31597875546437815,-0.45245110377829045
-3.0,-0.26556118334202417,-0.4664746274806827,-0.3393581159568912,-0.4741039612945645
1.0,-0.26556118334202417,-0.12582478280333326,-0.219244246064628,-0.16296564309773637
1.0,-0.26556118334202417,-0.16430671320214152,-0.20691131789269507,-0.21793372928252924
0.0,-0.4009459633615303,-0.30129058136659376,-0.3332691267530303,-0.3183994417269312
-2.0,-0.4009459633615303,-0.33274823204148163,-0.41033406075063283,-0.46832873212479714
-3.0,-0.4009459633615303,-0.4168739580339535,-0.4501078871268482,-0.4411827190917422
1.0,-0.4009459633615303,-0.16534944326953238,-0.25709509381108564,-0.2257080998935668
1.0,-0.4009459633615303,-0.17160925075633573,-0.2774273549042746,-0.22355620887050504
0.0,-0.4010461283263012,-0.3120209534291582,-0.3788790813054859,-0.1819699248039876
-2.0,-0.4010461283263012,-0.37485956141968657,-0.5073010275359265,-0.3281395647383181
-3.0,-0.4010461283263012,-0.4762374674187347,-0.4992652764370259,-0.3814648755954827
1.0,-0.4010461283263012,-0.13970519413878332,-0.24342278858330121,-0.1271611623267334
1.0,-0.4010461283263012,-0.16231758580229963,-0.28397656116680353,-0.12397848130591388
0.0,-0.4119639484824456,-0.30129058136659376,-0.30599952514308926,-0.33227209092920956
-3.0,-0.4119639484824456,-0.41695468390461393,-0.4931444141828237,-0.46725618657979673
-1.0,-0.4119639484824456,-0.29817232676119393,-0.353236789135237,-0.32076314542234585
-3.0,-0.4119639484824456,-0.4168739580339535,-0.513707545936703,-0.43704609012177
3.0,-0.4119639484824456,-0.15686434023302387,-0.21628093550533073,-0.17569695256238949
1.0,-0.4119639484824456,-0.16534944326953238,-0.19967410249204062,-0.2257080998935668
0.0,-0.4409952411468931,-0.30129058136659376,-0.3576782752664598,-0.30546083048628153
-2.0,-0.4409952411468931,-0.33274823204148163,-0.43001650740990405,-0.3443236840077174
-3.0,-0.4409952411468931,-0.4168739580339535,-0.44567690069817323,-0.39541205055948764
1.0,-0.4409952411468931,-0.16534944326953238,-0.21932166559217392,-0.22375007648051806
1.0,-0.4409952411468931,-0.17160925075633573,-0.2521449270353769,-0.21794312325616505
0.0,-0.44001989493718346,-0.3120209534291582,-0.472266162438226,-0.2062155687249111
-3.0,-0.44001989493718346,-0.5182827694358022,-0.6221837518908091,-0.3872096579850326
-1.0,-0.44001989493718346,-0.2969489582520271,-0.3956306693144325,-0.22304959605608604
-3.0,-0.44001989493718346,-0.4762374674187347,-0.6033643742437282,-0.3814648755954827
3.0,-0.44001989493718346,-0.15290814200936212,-0.34297618422680726,-0.10594744428123723
1.0,-0.44001989493718346,-0.13970519413878332,-0.3199747111464115,-0.1271611623267334
0.0,-0.375106582567959,-0.3200024826932541,-0.3802462717286324,-0.1991482215988959
-2.0,-0.375106582567959,-0.3996879176609811,-0.4978969545027166,-0.3007599608447614
-3.0,-0.375106582567959,-0.4664746274806827,-0.5175426841413946,-0.3679024649839311
1.0,-0.375106582567959,-0.12582478280333326,-0.2679343789590064,-0.17359826855216412
1.0,-0.375106582567959,-0.16430671320214152,-0.3343500233250863,-0.16963846272100744
0.0,-0.2572912713799993,-0.3087500078123193,-0.3431278823126315,-0.2993844524969223
-2.0,-0.2572912713799993,-0.3661273544924353,-0.43239671537465063,-0.3515410005948323
-3.0,-0.2572912713799993,-0.4608420556543673,-0.4419815451792104,-0.4621034106696242
1.0,-0.2572912713799993,-0.12640802934108167,-0.21144034680716203,-0.14391627957453015
1.0,-0.2572912713799993,-0.15805678052962274,-0.26400999320581864,-0.181336692399192
0.0,-0.4009132768744855,-0.30135536167289734,-0.3603613561547321,-0.33334901501462
-2.0,-0.4009132768744855,-0.3839027606178534,-0.5001692554147943,-0.5050081878570157
-3.0,-0.4009132768744855,-0.49575910410926205,-0.5361922585466271,-0.4977111389590755
1.0,-0.4009132768744855,-0.13951565354134937,-0.20676802835440367,-0.18603999422762135
1.0,-0.4009132768744855,-0.17376485121932267,-0.22933541800716853,-0.24666728104112798
0.0,-0.31081992349283677,-0.3120209534291582,-0.29570878575535864,-0.22505789102191645
-2.0,-0.31081992349283677,-0.37485956141968657,-0.4035822604973137,-0.39436524271891993
-3.0,-0.31081992349283677,-0.4762374674187347,-0.46324818055028283,-0.38401481480286004
1.0,-0.31081992349283677,-0.13970519413878332,-0.2075089891742761,-0.17783333113230268
1.0,-0.31081992349283677,-0.16231758580229963,-0.18145703048232484,-0.19638539335872326
0.0,-0.3280717549550725,-0.32053792482357235,-0.4099916727940365,-0.30551761857484055
-3.0,-0.3280717549550725,-0.4148339416926299,-0.46050542438112374,-0.36507873453170386
-1.0,-0.3280717549550725,-0.33795184179821297,-0.37616718068973287,-0.3337928060674586
-3.0,-0.3280717549550725,-0.43627975656517126,-0.47252094516064475,-0.35629310888732
3.0,-0.3280717549550725,-0.18292477255930936,-0.3133853708029791,-0.15811004886278743
1.0,-0.3280717549550725,-0.14543113439731314,-0.32263658407911355,-0.20159198338644196
0.0,-0.3366476852235236,-0.32053792482357235,-0.39942170922242837,-0.27918746361523605
-2.0,-0.3366476852235236,-0.34491027365584226,-0.4542031014615128,-0.3131674610417658
-3.0,-0.3366476852235236,-0.43627975656517126,-0.4642384603573073,-0.3368461621299498
1.0,-0.3366476852235236,-0.14543113439731314,-0.2686174041179765,-0.20159198338644196
1.0,-0.3366476852235236,-0.16266898624222217,-0.2767288473912395,-0.2039380592762551
0.0,-0.29119730985425735,-0.32053792482357235,-0.39618553899972186,-0.30551761857484055
-3.0,-0.29119730985425735,-0.4148339416926299,-0.4295420874495038,-0.2650105330518329
-1.0,-0.29119730985425735,-0.33795184179821297,-0.3050460094978123,-0.3195687013686677
-3.0,-0.29119730985425735,-0.43627975656517126,-0.4511274774621868,-0.25788923433015687
3.0,-0.29119730985425735,-0.18292477255930936,-0.23796343718797822,-0.1457504874217883
1.0,-0.29119730985425735,-0.14543113439731314,-0.25692768300766555,-0.20159198338644196
0.0,-0.3008070255994354,-0.3151695594847308,-0.3454457682832592,-0.2174247501750989
-2.0,-0.3008070255994354,-0.36703778120168956,-0.3998433148403336,-0.29048693834629363
-3.0,-0.3008070255994354,-0.5135442156344494,-0.4445868845385916,-0.4324703009563411
1.0,-0.3008070255994354,-0.14218806526065414,-0.2129521140541881,-0.15295908925294405
1.0,-0.3008070255994354,-0.12993872374871185,-0.2517993316224863,-0.1575085659900826
0.0,-0.32280133184515775,-0.3200024826932541,-0.34270127609351564,-0.372987365270063
-3.0,-0.32280133184515775,-0.4559110117099455,-0.39275807763890974,-0.45152326634346257
-1.0,-0.32280133184515775,-0.2660280881644011,-0.21478162585382124,-0.2585013186311843
-3.0,-0.32280133184515775,-0.4664746274806827,-0.4301568748684494,-0.505942565038064
3.0,-0.32280133184515775,-0.1454487057961304,-0.16245668257411341,-0.13819667095351607
1.0,-0.32280133184515775,-0.12582478280333326,-0.17801156198449952,-0.19514342057414355
0.0,-0.4456251510957147,-0.30135536167289734,-0.24109912773657446,-0.3066593680316888
-2.0,-0.4456251510957147,-0.3839027606178534,-0.33625812375892095,-0.4708114196329464
-3.0,-0.4456251510957147,-0.49575910410926205,-0.36169276784099547,-0.4758663873836337
1.0,-0.4456251510957147,-0.13951565354134937,-0.21034208907991822,-0.10462009026615085
1.0,-0.4456251510957147,-0.17376485121932267,-0.25070495885659083,-0.18961557625644876
0.0,-0.36288914771313946,-0.3200024826932541,-0.3464023910634728,-0.24755821697439784
-3.0,-0.36288914771313946,-0.4559110117099455,-0.509361751912308,-0.3359714046679376
-1.0,-0.36288914771313946,-0.2660280881644011,-0.3274572514834663,-0.2431705522469101
-3.0,-0.36288914771313946,-0.4664746274806827,-0.5290074815509863,-0.37052049844504414
3.0,-0.36288914771313946,-0.1454487057961304,-0.2343497344445344,-0.15477556177295088
1.0,-0.36288914771313946,-0.12582478280333326,-0.24990461385492052,-0.18077675767203452
0.0,-0.21645110876868093,-0.27904295180793165,-0.18879737447916053,-0.38201391396049017
-2.0,-0.21645110876868093,-0.4087067792897239,-0.30883216831595217,-0.4764198136275589
-3.0,-0.21645110876868093,-0.4524564585876472,-0.30491268901039054,-0.49632651644533643
1.0,-0.21645110876868093,-0.1282053361439227,-0.10553148860882594,-0.21824468283999685
1.0,-0.21645110876868093,-0.15839218362224902,-0.14596510088245682,-0.2882799257765031
0.0,-0.2924567251955264,-0.27904295180793165,-0.17233850129186679,-0.2905827801902812
-2.0,-0.2924567251955264,-0.4087067792897239,-0.3472552365214264,-0.3259722672053421
-3.0,-0.2924567251955264,-0.4524564585876472,-0.3472552365214264,-0.3887575932259344
1.0,-0.2924567251955264,-0.1282053361439227,-0.17614637481350706,-0.11277442869194798
1.0,-0.2924567251955264,-0.15839218362224902,-0.1912007443582616,-0.1319657376113775
0.0,-0.24993058993209588,-0.27904295180793165,-0.27767770294872,-0.2663944964391836
-3.0,-0.24993058993209588,-0.42649210598568404,-0.38977038188572377,-0.3337718587002623
-1.0,-0.24993058993209588,-0.291886468491212,-0.2814688751438881,-0.2858854884247729
-3.0,-0.24993058993209588,-0.4524564585876472,-0.38519682575187875,-0.38664524364055003
3.0,-0.24993058993209588,-0.11578073075654716,-0.19336931618564324,-0.12729506166789872
1.0,-0.24993058993209588,-0.1282053361439227,-0.2070723600794885,-0.11703475920231386
0.0,-0.3690393871010758,-0.27904295180793165,-0.3356249311123982,-0.2581642753087427
-2.0,-0.3690393871010758,-0.4087067792897239,-0.5640295636147261,-0.340737042151694
-3.0,-0.3690393871010758,-0.4524564585876472,-0.5068945312459443,-0.304919072205085
1.0,-0.3690393871010758,-0.1282053361439227,-0.33575145808035217,-0.11879387677411728
1.0,-0.3690393871010758,-0.15839218362224902,-0.35793489992277056,-0.16718252959709662
0.0,-0.4628113237212859,-0.29250529871383757,-0.22160440358202532,-0.30757695496961945
-3.0,-0.4628113237212859,-0.43450217241714917,-0.3494304000527214,-0.40974769539645745
-1.0,-0.4628113237212859,-0.28515719365128933,-0.2870851554047523,-0.2828370737289183
-3.0,-0.4628113237212859,-0.4569252316860933,-0.32675785323131573,-0.41520648499255747
3.0,-0.4628113237212859,-0.13541355182000736,-0.2295631405133421,-0.12677577851314553
1.0,-0.4628113237212859,-0.12367034735808927,-0.24000465437907,-0.15749414022823846
0.0,-0.39784321773644016,-0.29286349578660403,-0.314162455726629,-0.2900697037153722
-2.0,-0.39784321773644016,-0.3750559021568869,-0.44224365281050476,-0.3608191416890787
-3.0,-0.39784321773644016,-0.40522407391178206,-0.44530377238188823,-0.48824474344828744
1.0,-0.39784321773644016,-0.10045822165504195,-0.25308312260581467,-0.11787356826996523
1.0,-0.39784321773644016,-0.13391326334322218,-0.27477660933693115,-0.14953980575813103
0.0,-0.42279144083807213,-0.32053792482357235,-0.30554413214824766,-0.30551761857484055
-3.0,-0.42279144083807213,-0.4148339416926299,-0.4608351387442637,-0.2650105330518329
-1.0,-0.42279144083807213,-0.33795184179821297,-0.29928423506303165,-0.3195687013686677
-3.0,-0.42279144083807213,-0.43627975656517126,-0.4357252308128781,-0.25788923433015687
3.0,-0.42279144083807213,-0.18292477255930936,-0.24628582442805955,-0.1457504874217883
1.0,-0.42279144083807213,-0.14543113439731314,-0.2435547099320697,-0.20159198338644196
-2.0,-0.35337705570528866,-0.38179057218451695,-0.3362598010161839,-0.322562922596057
-2.0,-0.35337705570528866,-0.454787541602197,-0.39419269796494927,-0.4274104402946481
-2.0,-0.35337705570528866,-0.34969371118285575,-0.3294862153949644,-0.3179705277980852
-3.0,-0.35337705570528866,-0.3621375372779381,-0.3744805622064094,-0.3317098634826813
-3.0,-0.35337705570528866,-0.47384177190523064,-0.39419269796494927,-0.4851162716386463
-2.0,-0.16567947429784705,-0.35217814881000037,-0.34285045931375885,-0.33042747741806244
-2.0,-0.16567947429784705,-0.3605540962449996,-0.4051607880288125,-0.3500314003825879
-2.0,-0.16567947429784705,-0.3640430446563974,-0.31194779377817233,-0.31671620336375045
-3.0,-0.16567947429784705,-0.36906378091940584,-0.3525651715717878,-0.4227293681739246
-3.0,-0.16567947429784705,-0.43653555381519754,-0.42092612445117794,-0.5016974901600549
-2.0,-0.6070983037294078,-0.3489545020284551,-0.47502369529725486,-0.30998194776915056
-2.0,-0.6070983037294078,-0.35911665192315895,-0.49739174822242205,-0.3925978695746069
-2.0,-0.6070983037294078,-0.3372534781265941,-0.4710827393129886,-0.3069617023340751
-3.0,-0.6070983037294078,-0.36005190151500754,-0.4834592545286935,-0.4230238749622078
-3.0,-0.6070983037294078,-0.425131910833326,-0.5063780870868156,-0.5381165260264551
-2.0,-0.23585134443306344,-0.3082587110927433,-0.25961309442348945,-0.2962165129137176
-2.0,-0.23585134443306344,-0.33933370716926914,-0.3137641829584157,-0.3494532759656679
-2.0,-0.23585134443306344,-0.3414732164036822,-0.25961309442348945,-0.33218262219040945
-3.0,-0.23585134443306344,-0.3514688988281821,-0.2867137428613561,-0.37285388589728474
-3.0,-0.23585134443306344,-0.41846197868194884,-0.3137641829584157,-0.43285718858572403
-2.0,-0.30742918529405633,-0.4002224263785998,-0.32449637175679363,-0.3511236599359095
-2.0,-0.30742918529405633,-0.4315982409133664,-0.41212765961494835,-0.5207555958876027
-2.0,-0.30742918529405633,-0.38491253685814236,-0.3109770995492327,-0.36928474703957664
-3.0,-0.30742918529405633,-0.3656949465568235,-0.3393099860027515,-0.4382294213129847
-3.0,-0.30742918529405633,-0.49093018421748624,-0.41657228873974184,-0.5924906140879616
-2.0,-0.20346562207236013,-0.38179057218451695,-0.3085565361674574,-0.3441067892221771
-2.0,-0.20346562207236013,-0.454787541602197,-0.35322674603119186,-0.5228784481503779
-2.0,-0.20346562207236013,-0.34969371118285575,-0.3085565361674574,-0.33059566723605205
-3.0,-0.20346562207236013,-0.3621375372779381,-0.3308790015518398,-0.37426054030684136
-3.0,-0.20346562207236013,-0.47384177190523064,-0.35322674603119186,-0.5358260830339509
-2.0,-0.3218325843601979,-0.355686671020145,-0.30894767611763213,-0.2704730888991082
-2.0,-0.3218325843601979,-0.40170545247657163,-0.34895705439202784,-0.28729461460578765
-2.0,-0.3218325843601979,-0.35010107510012844,-0.30894767611763213,-0.30769277554967595
-3.0,-0.3218325843601979,-0.36801256293851464,-0.3103222501861502,-0.3665997487564861
-3.0,-0.3218325843601979,-0.41230492136604385,-0.35396966018826426,-0.5117852295904289
-2.0,-0.33180541342085385,-0.30732978851296516,-0.32163688812999786,-0.273950500392352
-3.0,-0.33180541342085385,-0.43921768342160755,-0.48745499627565836,-0.4825333682211903
3.0,-0.33180541342085385,-0.2553113711751567,-0.2533744354410112,-0.25338838513423195
2.0,-0.33180541342085385,-0.22664719507534428,-0.28747801363090675,-0.18809766113162
-2.0,-0.33180541342085385,-0.3169501418365065,-0.3878764880910012,-0.30514825649390054
-2.0,-0.33180541342085385,-0.40899517358422305,-0.3960986612757924,-0.36117868740403586
-2.0,-0.2670253281710455,-0.300284137357275,-0.34027763648561893,-0.28496340537065873
-3.0,-0.2670253281710455,-0.44825531667065577,-0.4664741015427477,-0.19882769409877496
3.0,-0.2670253281710455,-0.23850141906640326,-0.22293440358899588,-0.22318267077138115
2.0,-0.2670253281710455,-0.2196468652274358,-0.2506517667318179,-0.19311551512238243
-2.0,-0.2670253281710455,-0.32132831932928013,-0.35714358490038756,-0.29822128430472816
-2.0,-0.2670253281710455,-0.40838122931474774,-0.37048880362593317,-0.36198166174293256
-2.0,-0.2435392142861075,-0.3287181228074172,-0.30711151956191896,-0.3889222478404151
-3.0,-0.2435392142861075,-0.49504330463034235,-0.3225338564508007,-0.4636895819981494
3.0,-0.2435392142861075,-0.2821894789089356,-0.2312993116360373,-0.28394499022701336
2.0,-0.2435392142861075,-0.2224866289508349,-0.2391076204121702,-0.25324733863697085
-2.0,-0.2435392142861075,-0.366602489104389,-0.31523273501345495,-0.3895590588565008
-2.0,-0.2435392142861075,-0.44348520753027226,-0.29396614211996536,-0.452016409988863
-2.0,-0.2277736742160865,-0.3100523680474866,-0.34296814919039775,-0.32641470191454597
-3.0,-0.2277736742160865,-0.4065199787876871,-0.42447444612117935,-0.49337442518951086
3.0,-0.2277736742160865,-0.25037665087244043,-0.23152725022350654,-0.2438570852465225
2.0,-0.2277736742160865,-0.2612854915816398,-0.2768195347762806,-0.27521145410643666
-2.0,-0.2277736742160865,-0.34952206616079423,-0.3753058168090795,-0.37789301111074197
-2.0,-0.2277736742160865,-0.4216870079189983,-0.3753058168090795,-0.47015228162752953
-2.0,-0.2441187647160951,-0.33986702438488237,-0.27005143060792497,-0.32696291904456737
-3.0,-0.2441187647160951,-0.4341439520773966,-0.3214008872617501,-0.4627872065325411
3.0,-0.2441187647160951,-0.259687113035067,-0.2081091369013866,-0.25021649633020177
2.0,-0.2441187647160951,-0.23703373905162195,-0.24153595900726701,-0.25083544618676845
-2.0,-0.2441187647160951,-0.30975709587011147,-0.31358027440322506,-0.3493407513386309
-2.0,-0.2441187647160951,-0.3927911494124514,-0.31358027440322506,-0.3595673496375983
-2.0,-0.26603260752200036,-0.33986702438488237,-0.32313310168612697,-0.29527815919024736
-3.0,-0.26603260752200036,-0.4341439520773966,-0.3350622245701053,-0.4231724794774761
3.0,-0.26603260752200036,-0.259687113035067,-0.24881478803674456,-0.23570603454618538
2.0,-0.26603260752200036,-0.23703373905162195,-0.27101256861010503,-0.2363249844027521
-2.0,-0.26603260752200036,-0.30975709587011147,-0.35543290394890725,-0.3105465593386866
-2.0,-0.26603260752200036,-0.3927911494124514,-0.35543290394890725,-0.3110149315893283
-2.0,-0.21842732251036723,-0.3204008344992337,-0.2309483043791625,-0.31187599115438164
-3.0,-0.21842732251036723,-0.4154828894731402,-0.344867149627747,-0.4580762453440398
3.0,-0.21842732251036723,-0.26274685222368926,-0.1744508064664597,-0.2627988695139245
2.0,-0.21842732251036723,-0.2249420805104014,-0.17054225010664903,-0.2605866040066244
-2.0,-0.21842732251036723,-0.3505941471506539,-0.2624014950435195,-0.37906400182891625
-2.0,-0.21842732251036723,-0.4905571613585179,-0.2939536390007741,-0.5199159826346387
-2.0,-0.19295794663913246,-0.300284137357275,-0.3922433264607238,-0.28299992870580115
-3.0,-0.19295794663913246,-0.44825531667065577,-0.4453748455154142,-0.19882769409877496
3.0,-0.19295794663913246,-0.23850141906640326,-0.2897497696956266,-0.22318267077138115
2.0,-0.19295794663913246,-0.2196468652274358,-0.2945647635511154,-0.20145622197477073
-2.0,-0.19295794663913246,-0.32132831932928013,-0.3416214904109115,-0.3028644454123128
-2.0,-0.19295794663913246,-0.40838122931474774,-0.38875634388201163,-0.3697446640300748
-2.0,-0.1283853745684075,-0.3571553891682448,-0.22896412008874165,-0.3450397091088449
-3.0,-0.1283853745684075,-0.4621773896115672,-0.3330759606804524,-0.47523837360418664
3.0,-0.1283853745684075,-0.2626200918767118,-0.16900959711401184,-0.2812954915766254
2.0,-0.1283853745684075,-0.20232757113111396,-0.21597744418222847,-0.23353985886145798
-2.0,-0.1283853745684075,-0.3318151624703441,-0.3045723073761086,-0.3654190982002625
-2.0,-0.1283853745684075,-0.495628193520877,-0.3236964118536917,-0.546487014533585
-2.0,-0.06114437027191292,-0.3250594805578253,-0.28996715481107016,-0.30894842944961987
-3.0,-0.06114437027191292,-0.4660187164178403,-0.33074469568712467,-0.5353022468451328
3.0,-0.06114437027191292,-0.25904865702540697,-0.19999213833516122,-0.20193524268750662
2.0,-0.06114437027191292,-0.1751411795259351,-0.21094852055531013,-0.2134791924277002
-2.0,-0.06114437027191292,-0.3283793345755448,-0.3176948527092405,-0.3386355215967778
-2.0,-0.06114437027191292,-0.4205891534733562,-0.34116589053891544,-0.3815871095991055
-2.0,-0.0898861738291541,-0.3204008344992337,-0.3066540375599234,-0.31187599115438164
-3.0,-0.0898861738291541,-0.4154828894731402,-0.3731428315951684,-0.4534603310292443
3.0,-0.0898861738291541,-0.26274685222368926,-0.20013801656979585,-0.23649620441052446
2.0,-0.0898861738291541,-0.2249420805104014,-0.2048995398247323,-0.2605866040066244
-2.0,-0.0898861738291541,-0.3505941471506539,-0.31003920130325185,-0.37906400182891625
-2.0,-0.0898861738291541,-0.4905571613585179,-0.34461137016356336,-0.5199159826346387
-2.0,-0.12071367362082294,-0.3250594805578253,-0.24714118617490063,-0.3368012053095975
-3.0,-0.12071367362082294,-0.4660187164178403,-0.20397805921333714,-0.554607977228005
3.0,-0.12071367362082294,-0.25904865702540697,-0.20197584760848997,-0.2353657112724337
2.0,-0.12071367362082294,-0.1751411795259351,-0.1898256951828494,-0.2224682930474278
-2.0,-0.12071367362082294,-0.3283793345755448,-0.2475975571832926,-0.35451570021295503
-2.0,-0.12071367362082294,-0.4205891534733562,-0.27940295647992563,-0.39746728821528277
-2.0,-0.11356906507479346,-0.3236431752055821,-0.23903224793704408,-0.33450086796313666
-3.0,-0.11356906507479346,-0.4966916999819137,-0.39865431989290057,-0.6141597960002715
3.0,-0.11356906507479346,-0.24784084702285508,-0.18474258048034103,-0.2575406028731001
2.0,-0.11356906507479346,-0.2068356060353002,-0.22381177067206723,-0.2594853683655043
-2.0,-0.11356906507479346,-0.3169349657041508,-0.3281360363872988,-0.3762996675760211
-2.0,-0.11356906507479346,-0.4505666729894169,-0.34610853013697207,-0.5459017686860566
-2.0,-0.11757196349910956,-0.3571553891682448,-0.21999415509174028,-0.33163904007307654
-3.0,-0.11757196349910956,-0.4621773896115672,-0.28935775569833877,-0.5691904845133432
3.0,-0.11757196349910956,-0.2626200918767118,-0.1538322654804408,-0.28100837491474034
2.0,-0.11757196349910956,-0.20232757113111396,-0.1798456081881861,-0.20881910887493615
-2.0,-0.11757196349910956,-0.3318151624703441,-0.2748007962267424,-0.33253339029486545
-2.0,-0.11757196349910956,-0.495628193520877,-0.29392490070432553,-0.5110988868912608
-2.0,-0.24276910156430725,-0.33986702438488237,-0.33259213824668615,-0.3466191246220102
-3.0,-0.24276910156430725,-0.4341439520773966,-0.42603031126172264,-0.3902949627790788
3.0,-0.24276910156430725,-0.259687113035067,-0.3065114569649189,-0.24937033914076148
2.0,-0.24276910156430725,-0.23703373905162195,-0.3052883852534858,-0.23595497549103206
-2.0,-0.24276910156430725,-0.30975709587011147,-0.41033451328458753,-0.3384694394734747
-2.0,-0.24276910156430725,-0.3927911494124514,-0.41033451328458753,-0.46881390075587104
-2.0,-0.124222986991853,-0.3204008344992337,-0.24661043925609177,-0.3167540689658782
-3.0,-0.124222986991853,-0.4154828894731402,-0.3452718087419601,-0.5215228523254137
3.0,-0.124222986991853,-0.26274685222368926,-0.1902200974947749,-0.2872432541376865
2.0,-0.124222986991853,-0.2249420805104014,-0.22776097332222486,-0.27947234200789717
-2.0,-0.124222986991853,-0.3505941471506539,-0.3021297304820519,-0.3682289479876002
-2.0,-0.124222986991853,-0.4905571613585179,-0.3313125061634815,-0.5090809287933223
-2.0,-0.10113236626739258,-0.33986702438488237,-0.27620723153552695,-0.32265638712974487
-3.0,-0.10113236626739258,-0.4341439520773966,-0.33518208489505474,-0.5433263284383839
3.0,-0.10113236626739258,-0.259687113035067,-0.19150158016940327,-0.23570603454618538
2.0,-0.10113236626739258,-0.23703373905162195,-0.23425112921293614,-0.2363249844027521
-2.0,-0.10113236626739258,-0.30975709587011147,-0.3159448088327133,-0.3450342194238084
-2.0,-0.10113236626739258,-0.3927911494124514,-0.3159448088327133,-0.3383931595288258
-2.0,-0.3214272433523005,-0.30732978851296516,-0.31219831896366046,-0.25893628357609166
-3.0,-0.3214272433523005,-0.43921768342160755,-0.28191364908123767,-0.5230770406189369
3.0,-0.3214272433523005,-0.2553113711751567,-0.2704690827418166,-0.25338838513423195
2.0,-0.3214272433523005,-0.22664719507534428,-0.2602266209308219,-0.194085289847367
-2.0,-0.3214272433523005,-0.3169501418365065,-0.3126140195684012,-0.2602391754373019
-2.0,-0.3214272433523005,-0.40899517358422305,-0.31575344460523147,-0.35905474955240174
-2.0,-0.11791186037173679,-0.3204008344992337,-0.3075074267556095,-0.34310295510589084
-3.0,-0.11791186037173679,-0.4154828894731402,-0.4357081052471297,-0.5666603158459803
3.0,-0.11791186037173679,-0.26274685222368926,-0.18384292955642073,-0.31670376669058187
2.0,-0.11791186037173679,-0.2249420805104014,-0.19482673414388058,-0.2997501191143258
-2.0,-0.11791186037173679,-0.3505941471506539,-0.3365571828524005,-0.3976894605404956
-2.0,-0.11791186037173679,-0.4905571613585179,-0.3997821207217844,-0.5192825367283336
-2.0,-0.2760408316192371,-0.3204008344992337,-0.33618627693692493,-0.3277600759198062
-3.0,-0.2760408316192371,-0.4154828894731402,-0.3763577647241768,-0.3652192489359068
3.0,-0.2760408316192371,-0.26274685222368926,-0.2625047423639902,-0.2387827398400573
2.0,-0.2760408316192371,-0.2249420805104014,-0.2360957020911661,-0.17438168164940326
-2.0,-0.2760408316192371,-0.3505941471506539,-0.32500436481588635,-0.2983671942714577
-2.0,-0.2760408316192371,-0.4905571613585179,-0.354187140497316,-0.3058606941575249
-2.0,-0.2820107995256665,-0.3100523680474866,-0.389502204274768,-0.32641470191454597
-3.0,-0.2820107995256665,-0.4065199787876871,-0.3665805263561645,-0.46989426654265676
3.0,-0.2820107995256665,-0.25037665087244043,-0.2519853921350496,-0.2438570852465225
2.0,-0.2820107995256665,-0.2612854915816398,-0.2489206575600737,-0.27521145410643666
-2.0,-0.2820107995256665,-0.34952206616079423,-0.3790772339093146,-0.3544128524638879
-2.0,-0.2820107995256665,-0.4216870079189983,-0.36682503853726234,-0.47015228162752953
-2.0,-0.25528336790889794,-0.3287181228074172,-0.26383531091615625,-0.34362410232415314
-3.0,-0.25528336790889794,-0.49504330463034235,-0.26478551724556076,-0.5361879761792834
3.0,-0.25528336790889794,-0.2821894789089356,-0.16465011318316466,-0.2942681977262685
2.0,-0.25528336790889794,-0.2224866289508349,-0.1784857552285056,-0.2816114174740686
-2.0,-0.25528336790889794,-0.366602489104389,-0.29341470725751206,-0.36476424839686916
-2.0,-0.25528336790889794,-0.44348520753027226,-0.3046421205728382,-0.4985160000203323
-2.0,-0.09414059257108473,-0.3250594805578253,-0.3098881430548515,-0.3219147446929508
-3.0,-0.09414059257108473,-0.4660187164178403,-0.22741289597297557,-0.47125194670735393
3.0,-0.09414059257108473,-0.25904865702540697,-0.25159573002646773,-0.2806838269109663
2.0,-0.09414059257108473,-0.1751411795259351,-0.24024450454284155,-0.20637516959820856
-2.0,-0.09414059257108473,-0.3283793345755448,-0.3034725225113018,-0.34370789905953214
-2.0,-0.09414059257108473,-0.4205891534733562,-0.33473515350397515,-0.4151159255219868
-2.0,-0.45572475510801475,-0.30732978851296516,-0.5246842707544506,-0.34486071591054257
-3.0,-0.45572475510801475,-0.43921768342160755,-0.6415861382307073,-0.48405940358500693
3.0,-0.45572475510801475,-0.2553113711751567,-0.37883124829764847,-0.26179475404720043
2.0,-0.45572475510801475,-0.22664719507534428,-0.3730919030712124,-0.18701598806973255
-2.0,-0.45572475510801475,-0.3169501418365065,-0.5453057321973812,-0.40022784250826593
-2.0,-0.45572475510801475,-0.40899517358422305,-0.5453057321973812,-0.46328973696912684
-2.0,-0.07920452324229464,-0.3571553891682448,-0.24941288730652345,-0.3447525924469598
-3.0,-0.07920452324229464,-0.4621773896115672,-0.3683680084660774,-0.45687817048914786
3.0,-0.07920452324229464,-0.2626200918767118,-0.2147211367088296,-0.28100837491474034
2.0,-0.07920452324229464,-0.20232757113111396,-0.23861231120067344,-0.20881910887493615
-2.0,-0.07920452324229464,-0.3318151624703441,-0.3020973602256238,-0.33253339029486545
-2.0,-0.07920452324229464,-0.495628193520877,-0.3144478790819874,-0.508088935170706
-2.0,-0.13727692343509185,-0.33002318801552616,-0.33343021394131933,-0.2533534096090086
-3.0,-0.13727692343509185,-0.49041366938021413,-0.44999585583177426,-0.4956757073937204
3.0,-0.13727692343509185,-0.2757490209159249,-0.2937719226471371,-0.267401297504445
2.0,-0.13727692343509185,-0.21213484688669904,-0.3180922359478114,-0.1762541951877961
-2.0,-0.13727692343509185,-0.3573886041736613,-0.3807841568158063,-0.3077911328326327
-2.0,-0.13727692343509185,-0.4129628591525966,-0.3929363503069873,-0.3822845564590371
-2.0,-0.23985196409338394,-0.3100523680474866,-0.19265553043936137,-0.26521905856943045
-3.0,-0.23985196409338394,-0.4065199787876871,-0.26159879957626936,-0.5070849177844798
3.0,-0.23985196409338394,-0.25037665087244043,-0.15229726084598696,-0.23942119577985813
2.0,-0.23985196409338394,-0.2612854915816398,-0.2206052166877922,-0.3035771699649064
-2.0,-0.23985196409338394,-0.34952206616079423,-0.27739311282293155,-0.32864666095963135
-2.0,-0.23985196409338394,-0.4216870079189983,-0.27739311282293155,-0.34548870182222047
-2.0,-0.2355344674100249,-0.33002318801552616,-0.32904378062069634,-0.253388724618143
-3.0,-0.2355344674100249,-0.49041366938021413,-0.33890168607638854,-0.5391369522447907
3.0,-0.2355344674100249,-0.2757490209159249,-0.24770982636463648,-0.2391288177539325
2.0,-0.2355344674100249,-0.21213484688669904,-0.28935473466039563,-0.21085632379140132
-2.0,-0.2355344674100249,-0.3573886041736613,-0.39776174706777645,-0.2950015057521311
-2.0,-0.2355344674100249,-0.4129628591525966,-0.37083394526097496,-0.338157108788795
-2.0,-0.2393786499096483,-0.33986702438488237,-0.2574994847144123,-0.312452457260551
-3.0,-0.2393786499096483,-0.4341439520773966,-0.3322872183354048,-0.5331223985691901
3.0,-0.2393786499096483,-0.259687113035067,-0.2387252923179675,-0.23570603454618538
2.0,-0.2393786499096483,-0.23703373905162195,-0.2311111421213601,-0.2363249844027521
-2.0,-0.2393786499096483,-0.30975709587011147,-0.29337672299507306,-0.3348302895546145
-2.0,-0.2393786499096483,-0.3927911494124514,-0.29337672299507306,-0.32818922965963193
-2.0,-0.2316061828759846,-0.3287181228074172,-0.2828168149347475,-0.33659734452596923
-3.0,-0.2316061828759846,-0.49504330463034235,-0.4173904130131823,-0.4339601415582363
3.0,-0.2316061828759846,-0.2821894789089356,-0.2065677671466149,-0.2573444470800877
2.0,-0.2316061828759846,-0.2224866289508349,-0.2115752644526019,-0.20274686535828843
-2.0,-0.2316061828759846,-0.366602489104389,-0.32246161538782014,-0.35271111355889845
-2.0,-0.2316061828759846,-0.44348520753027226,-0.30119502249433056,-0.4828078029810704
-2.0,-0.23617214843278403,-0.3250594805578253,-0.23400003221603125,-0.33463439524781463
-3.0,-0.23617214843278403,-0.4660187164178403,-0.30929359953820007,-0.5535387704322892
3.0,-0.23617214843278403,-0.25904865702540697,-0.14009016653691586,-0.23091574201900464
2.0,-0.23617214843278403,-0.1751411795259351,-0.16041651252251643,-0.21909482015307233
-2.0,-0.23617214843278403,-0.3283793345755448,-0.28603396493427463,-0.356427549614396
-2.0,-0.23617214843278403,-0.4205891534733562,-0.3178393642309076,-0.42783557607685063
-2.0,-0.3301245809026297,-0.33002318801552616,-0.32694188411245695,-0.2842358966166051
-3.0,-0.3301245809026297,-0.49041366938021413,-0.34691325007342205,-0.39070572138455884
3.0,-0.3301245809026297,-0.2757490209159249,-0.27070334130344975,-0.2677263489860852
2.0,-0.3301245809026297,-0.21213484688669904,-0.2660659557326756,-0.22873093004723907
-2.0,-0.3301245809026297,-0.3573886041736613,-0.3867187466799029,-0.30219598190586355
-2.0,-0.3301245809026297,-0.4129628591525966,-0.3597909448731014,-0.3690042807872571
-2.0,-0.28898933913154673,-0.3204008344992337,-0.46730340271922033,-0.3277600759198062
-3.0,-0.28898933913154673,-0.4154828894731402,-0.5408651865592131,-0.3652192489359068
3.0,-0.28898933913154673,-0.26274685222368926,-0.3618001297927145,-0.2387827398400573
2.0,-0.28898933913154673,-0.2249420805104014,-0.37093018004252154,-0.17438168164940326
-2.0,-0.28898933913154673,-0.3505941471506539,-0.47245127324918934,-0.2983671942714577
-2.0,-0.28898933913154673,-0.4905571613585179,-0.508689315348578,-0.3058606941575249
-2.0,-0.27855351947958845,-0.3100523680474866,-0.31187985914765237,-0.31402964360971175
-3.0,-0.27855351947958845,-0.4065199787876871,-0.30879411843050114,-0.44521018486982733
3.0,-0.27855351947958845,-0.25037665087244043,-0.2485770204560731,-0.22223386481413132
2.0,-0.27855351947958845,-0.2612854915816398,-0.21144009023781468,-0.2681126625715456
-2.0,-0.27855351947958845,-0.34952206616079423,-0.2827745047233432,-0.36917938951840173
-2.0,-0.27855351947958845,-0.4216870079189983,-0.2827745047233432,-0.5034398691961604
-2.0,-0.1736865690664632,-0.3250594805578253,-0.3876012084141766,-0.3219147446929508
-3.0,-0.1736865690664632,-0.4660187164178403,-0.3824542226059122,-0.42746517387928246
3.0,-0.1736865690664632,-0.25904865702540697,-0.24727268481614903,-0.2806838269109663
2.0,-0.1736865690664632,-0.1751411795259351,-0.25822906703629817,-0.1654354672562574
-2.0,-0.1736865690664632,-0.3283793345755448,-0.4262491142483699,-0.3311280863140832
-2.0,-0.1736865690664632,-0.4205891534733562,-0.43856978956648457,-0.39925834048881825
-2.0,-0.21359141353660968,-0.3287181228074172,-0.38829951585223077,-0.28947061064807844
-3.0,-0.21359141353660968,-0.49504330463034235,-0.33328012993759787,-0.5264732775418531
3.0,-0.21359141353660968,-0.2821894789089356,-0.2249498603657554,-0.23552408287654616
2.0,-0.21359141353660968,-0.2224866289508349,-0.2296316159907103,-0.20158464725090106
-2.0,-0.21359141353660968,-0.366602489104389,-0.35941021274730867,-0.30558437968100777
-2.0,-0.21359141353660968,-0.44348520753027226,-0.3819854608293115,-0.4356810691031796
-2.0,-0.16516806687303864,-0.33002318801552616,-0.5559503782973194,-0.3957683847312482
-3.0,-0.16516806687303864,-0.49041366938021413,-0.6120043002332737,-0.5230215298253517
3.0,-0.16516806687303864,-0.2757490209159249,-0.2550858394956388,-0.29474711993607605
2.0,-0.16516806687303864,-0.21213484688669904,-0.2649222241584746,-0.22474204030118936
-2.0,-0.16516806687303864,-0.3573886041736613,-0.5510149813399391,-0.41549662138516263
-2.0,-0.16516806687303864,-0.4129628591525966,-0.6080670884228143,-0.5348936344248935
-2.0,-0.1501861861859639,-0.3204008344992337,-0.3745307026800421,-0.28238602575601013
-3.0,-0.1501861861859639,-0.4154828894731402,-0.4950548516253558,-0.43902350074503343
3.0,-0.1501861861859639,-0.26274685222368926,-0.22014067244222355,-0.2507131725167329
2.0,-0.1501861861859639,-0.2249420805104014,-0.2842256798072229,-0.2272321743740522
-2.0,-0.1501861861859639,-0.3505941471506539,-0.4431403101339161,-0.2854666283591711
-2.0,-0.1501861861859639,-0.4905571613585179,-0.4857835135172813,-0.4784103168089881
-2.0,-0.2286777489878412,-0.3571553891682448,-0.2929293231416059,-0.33163904007307654
-3.0,-0.2286777489878412,-0.4621773896115672,-0.36118608170381017,-0.5953249423818201
3.0,-0.2286777489878412,-0.2626200918767118,-0.18378251347401287,-0.28100837491474034
2.0,-0.2286777489878412,-0.20232757113111396,-0.20839378540061831,-0.20881910887493615
-2.0,-0.2286777489878412,-0.3318151624703441,-0.3439403696398956,-0.33253339029486545
-2.0,-0.2286777489878412,-0.495628193520877,-0.3630644741174787,-0.5199021092232583
-2.0,-0.2616255893052777,-0.3100523680474866,-0.24633210012624848,-0.259344476924281
-3.0,-0.2616255893052777,-0.4065199787876871,-0.2949324250583246,-0.5012103361393304
3.0,-0.2616255893052777,-0.25037665087244043,-0.20946093523529502,-0.23354661413470865
2.0,-0.2616255893052777,-0.2612854915816398,-0.22698807486332262,-0.30152502515895424
-2.0,-0.2616255893052777,-0.34952206616079423,-0.26802648226139664,-0.32277207931448193
-2.0,-0.2616255893052777,-0.4216870079189983,-0.26802648226139664,-0.33961412017707104
-2.0,-0.563818880215404,-0.3236431752055821,-0.36318682136660485,-0.3140764674168381
-3.0,-0.563818880215404,-0.4966916999819137,-0.6643672905717697,-0.4122842813908939
3.0,-0.563818880215404,-0.24784084702285508,-0.2762567024128471,-0.24396049658757415
2.0,-0.563818880215404,-0.2068356060353002,-0.31058491993232135,-0.21627514611570714
-2.0,-0.563818880215404,-0.3169349657041508,-0.4364522552284344,-0.3230719908313633
-2.0,-0.563818880215404,-0.4505666729894169,-0.4892770078957522,-0.5000416885004503
-2.0,-0.21220861446985556,-0.3287181228074172,-0.3316307422959315,-0.33659734452596923
-3.0,-0.21220861446985556,-0.49504330463034235,-0.40484299340092433,-0.4339601415582363
3.0,-0.21220861446985556,-0.2821894789089356,-0.26124933565277253,-0.2573444470800877
2.0,-0.21220861446985556,-0.2224866289508349,-0.3493471611906714,-0.20274686535828843
-2.0,-0.21220861446985556,-0.366602489104389,-0.4502660666398231,-0.35271111355889845
-2.0,-0.21220861446985556,-0.44348520753027226,-0.4361758927977145,-0.4828078029810704
-2.0,-0.22340171719391297,-0.3571553891682448,-0.3114122585658839,-0.3450397091088449
-3.0,-0.22340171719391297,-0.4621773896115672,-0.3579253580877923,-0.4964372728343507
3.0,-0.22340171719391297,-0.2626200918767118,-0.20893363314052568,-0.2812954915766254
2.0,-0.22340171719391297,-0.20232757113111396,-0.21760550607355197,-0.23353985886145798
-2.0,-0.22340171719391297,-0.3318151624703441,-0.329333530153052,-0.3866179974304266
-2.0,-0.22340171719391297,-0.495628193520877,-0.3484576346306351,-0.546487014533585
-2.0,-0.29823897828424795,-0.3204008344992337,-0.33896109382966005,-0.2911176848278542
-3.0,-0.29823897828424795,-0.4154828894731402,-0.3986636238918703,-0.4736407263243351
3.0,-0.29823897828424795,-0.26274685222368926,-0.2354522935866629,-0.2629900618025419
2.0,-0.29823897828424795,-0.2249420805104014,-0.2503040983036994,-0.21915241222620185
-2.0,-0.29823897828424795,-0.3505941471506539,-0.3510012495169753,-0.3200838539384728
-2.0,-0.29823897828424795,-0.4905571613585179,-0.4024670543054632,-0.4784103168089881
-2.0,-0.29618951265899984,-0.3250594805578253,-0.3348703577282808,-0.3219147446929508
-3.0,-0.29618951265899984,-0.4660187164178403,-0.30752507286665176,-0.46624486038299384
3.0,-0.29618951265899984,-0.25904865702540697,-0.22326425529817961,-0.2806838269109663
2.0,-0.29618951265899984,-0.1751411795259351,-0.2342206375183285,-0.20674842924300932
-2.0,-0.29618951265899984,-0.3283793345755448,-0.3735182635624741,-0.33121606223225103
-2.0,-0.29618951265899984,-0.4205891534733562,-0.396989301392149,-0.4151159255219868
-2.0,-0.34404270400014825,-0.3287181228074172,-0.47375655502406444,-0.33659734452596923
-3.0,-0.34404270400014825,-0.49504330463034235,-0.43213945329268555,-0.4339601415582363
3.0,-0.34404270400014825,-0.2821894789089356,-0.239371145368452,-0.2573444470800877
2.0,-0.34404270400014825,-0.2224866289508349,-0.24405290099340696,-0.20274686535828843
-2.0,-0.34404270400014825,-0.366602489104389,-0.4508165928212426,-0.35271111355889845
-2.0,-0.34404270400014825,-0.44348520753027226,-0.47339184090324543,-0.4828078029810704
-2.0,-0.260474751641658,-0.3100523680474866,-0.3315548637752171,-0.31935588229923656
-3.0,-0.260474751641658,-0.4065199787876871,-0.3406087684899236,-0.48180642569894966
3.0,-0.260474751641658,-0.25037665087244043,-0.19848659051314127,-0.22223386481413132
2.0,-0.260474751641658,-0.2612854915816398,-0.20358079529379453,-0.2681126625715456
-2.0,-0.260474751641658,-0.34952206616079423,-0.33252357685113826,-0.37450562820792654
-2.0,-0.260474751641658,-0.4216870079189983,-0.34327747254094265,-0.517597832171836
-2.0,-0.28185089295714816,-0.33002318801552616,-0.376215786999426,-0.3254936252632838
-3.0,-0.28185089295714816,-0.49041366938021413,-0.35434967682032675,-0.38731093610443723
3.0,-0.28185089295714816,-0.2757490209159249,-0.295511335915833,-0.2677263489860852
2.0,-0.28185089295714816,-0.21213484688669904,-0.29441441431423937,-0.21133489592507773
-2.0,-0.28185089295714816,-0.3573886041736613,-0.3870451812958478,-0.3799313484869079
-2.0,-0.28185089295714816,-0.4129628591525966,-0.3601173794890463,-0.46717392562021326
-2.0,-0.32853006453194067,-0.3250594805578253,-0.34542757003681873,-0.3219147446929508
-3.0,-0.32853006453194067,-0.4660187164178403,-0.49685801319675693,-0.42746517387928246
3.0,-0.32853006453194067,-0.25904865702540697,-0.2136991877910311,-0.2806838269109663
2.0,-0.32853006453194067,-0.1751411795259351,-0.2268475755184073,-0.1654354672562574
-2.0,-0.32853006453194067,-0.3283793345755448,-0.4138751031825056,-0.3311280863140832
-2.0,-0.32853006453194067,-0.4205891534733562,-0.42619577850062024,-0.39925834048881825
-2.0,-0.3255517246523882,-0.3236431752055821,-0.3350348524569114,-0.30767410668571116
-3.0,-0.3255517246523882,-0.4966916999819137,-0.4364752845294278,-0.4901109775532378
3.0,-0.3255517246523882,-0.24784084702285508,-0.2560014897745614,-0.24396049658757415
2.0,-0.3255517246523882,-0.2068356060353002,-0.24056456839886164,-0.21627514611570714
-2.0,-0.3255517246523882,-0.3169349657041508,-0.3492380835233243,-0.3230719908313633
-2.0,-0.3255517246523882,-0.4505666729894169,-0.3642609279341844,-0.5085402638255924
-2.0,-0.3043324038112749,-0.3236431752055821,-0.29315448146676654,-0.33450086796313666
-3.0,-0.3043324038112749,-0.4966916999819137,-0.32120505503887964,-0.6141597960002715
3.0,-0.3043324038112749,-0.24784084702285508,-0.22410654996469903,-0.2575406028731001
2.0,-0.3043324038112749,-0.2068356060353002,-0.2481327012254517,-0.25058365415875067
-2.0,-0.3043324038112749,-0.3169349657041508,-0.3665252034006492,-0.3762996675760211
-2.0,-0.3043324038112749,-0.4505666729894169,-0.3618671022461255,-0.5459017686860566
-2.0,-0.33593247766995665,-0.33002318801552616,-0.37265932730728557,-0.2524118847836476
-3.0,-0.33593247766995665,-0.49041366938021413,-0.5470723720207162,-0.37206584286524536
3.0,-0.33593247766995665,-0.2757490209159249,-0.3070086634155344,-0.2720060533040259
2.0,-0.33593247766995665,-0.21213484688669904,-0.33603213692468437,-0.11966644769210678
-2.0,-0.33593247766995665,-0.3573886041736613,-0.45611160063183276,-0.2886767285202561
-2.0,-0.33593247766995665,-0.4129628591525966,-0.45611160063183276,-0.39014735555670477
-2.0,-0.3774775845921323,-0.3204008344992337,-0.4382765913194155,-0.2911176848278542
-3.0,-0.3774775845921323,-0.4154828894731402,-0.4710211724616042,-0.4736407263243351
3.0,-0.3774775845921323,-0.26274685222368926,-0.25497514257950504,-0.2629900618025419
2.0,-0.3774775845921323,-0.2249420805104014,-0.3081215469327983,-0.21915241222620185
-2.0,-0.3774775845921323,-0.3505941471506539,-0.46266823744905244,-0.3200838539384728
-2.0,-0.3774775845921323,-0.4905571613585179,-0.5208081301715809,-0.4784103168089881
-2.0,-0.4152696481673557,-0.3100523680474866,-0.34509607283128013,-0.27198725490833614
-3.0,-0.4152696481673557,-0.4065199787876871,-0.2795452965059417,-0.48597353831735735
3.0,-0.4152696481673557,-0.25037665087244043,-0.255082308599133,-0.23016563113208327
2.0,-0.4152696481673557,-0.2612854915816398,-0.1462489956718019,-0.2582950448764745
-2.0,-0.4152696481673557,-0.34952206616079423,-0.2544180485050788,-0.2939554043302732
-2.0,-0.4152696481673557,-0.4216870079189983,-0.2544180485050788,-0.3083083078268622
-2.0,-0.41856917370620833,-0.300284137357275,-0.4522794139310899,-0.3103841101605803
-3.0,-0.41856917370620833,-0.44825531667065577,-0.5132037077820617,-0.5314068780769216
3.0,-0.41856917370620833,-0.23850141906640326,-0.3162016070167259,-0.2391723703147255
2.0,-0.41856917370620833,-0.2196468652274358,-0.30221359933387754,-0.21744592151811507
-2.0,-0.41856917370620833,-0.32132831932928013,-0.391148127495852,-0.33656353663367294
-2.0,-0.41856917370620833,-0.40838122931474774,-0.4382829809669521,-0.38126453083838646
