random__blosum,random__local_mean,random__posmean,random__M1_sub,random__M2_sub_ctx,random__E_twostage
-2.0,-0.1891287318209826,-0.4189773701964016,-0.29691071454761386,-0.32162048724274667,-0.2416611622284818
0.0,-0.20878928268408267,-0.4160406778848022,-0.19637712693077589,-0.16280369060725014,-0.19040708738339718
-1.0,-0.20878928268408267,-0.4160406778848022,-0.2764246662494419,-0.26709400445374876,-0.28610868357857594
1.0,-0.1810014967640176,-0.44493223201598653,-0.16957337068245035,-0.16932342200172107,-0.139601102808071
0.0,-0.1584441335000683,-0.4342687825262742,-0.15168724274616127,-0.1052380130124899,-0.13498917245674105
0.0,-0.19473748023204115,-0.5410567738045299,-0.11862918085332068,-0.13922262945607675,-0.07873317424158792
-2.0,-0.25356711731739834,-0.07704685859032026,-0.2536300624750882,-0.355857099879393,-0.30635395716055813
0.0,-0.2491591212510417,-0.05921206128425989,-0.24838953718513648,-0.19653571873682257,-0.23020941459875122
-1.0,-0.24884336406681437,0.1967536680978547,-0.24666716670491373,-0.19060354623255174,-0.2673921238986593
1.0,-0.2491591212510417,-0.05921206128425989,-0.16528613937037123,-0.19653571873682257,-0.20502360599545502
0.0,-0.2611204209912041,-0.44021748573593494,-0.17855444397143017,-0.23174803427228904,-0.19701982585331074
0.0,-0.2415946169905242,-0.02424698326032577,-0.1034668191416394,-0.09940705180291262,-0.07147655072726236
-2.0,-0.28203948068115614,-0.34858886422980745,-0.29322715377120045,-0.33786411251200144,-0.34609495222198344
0.0,-0.23754056879503896,0.05050983640733486,-0.25341497397779983,-0.1952655669645015,-0.24695941422314324
-1.0,-0.27501893777396286,-0.24800525398024148,-0.24696174770306933,-0.3008934994052395,-0.30566815568891
1.0,-0.23754056879503896,0.05050983640733486,-0.16374074554142173,-0.1939906856935719,-0.19826043327823412
0.0,-0.26820789508099213,-0.25609093916204284,-0.13738992530889346,-0.19576184989792145,-0.19183245788669684
0.0,-0.23754056879503896,0.05050983640733486,-0.10812434512304087,-0.1898094641293338,-0.17976479647731214
-1.0,-0.39666765261168807,-0.44485875106968703,-0.3598457977271156,-0.3576964209285074,-0.34246246192044205
0.0,-0.40629996743697966,-0.41351683774563897,-0.2537084668415066,-0.2178806325952971,-0.22428191109137705
-1.0,-0.3773287146532753,-0.454900960217882,-0.234793979485565,-0.3319969237815614,-0.328842668706789
1.0,-0.3773287146532753,-0.454900960217882,-0.16528613937037123,-0.24334501618519105,-0.2470031760493203
0.0,-0.3945910128778564,-0.47052137087605284,-0.1529642095638441,-0.21005563928033738,-0.1803102147077152
0.0,-0.41607638716908024,-0.523998885544326,-0.13172258688756697,-0.22295051270881341,-0.17350542839939923
-2.0,-0.36062201434787916,0.10101188824599243,-0.3057346603048017,-0.3730673297782657,-0.25471453171681463
0.0,-0.36169358603244606,-0.056753249193428466,-0.24838953718513648,-0.2212417426213556,-0.23020941459875122
-1.0,-0.3809318192857347,-0.06827911487257966,-0.26521716009689283,-0.3029841398891896,-0.293799580210281
1.0,-0.36430584614853745,0.12310714074904316,-0.1676938193699845,-0.18279389236099808,-0.0887134073384849
0.0,-0.36062201434787916,0.10101188824599243,-0.15168724274616127,-0.20424182301385094,-0.14198224064440526
0.0,-0.3653935778321022,-0.00041037898064324454,-0.1276005977907556,-0.16464168592666578,-0.17675311064463053
-2.0,-0.12694688777177318,-0.1605872997611962,-0.289860009286512,-0.35257985982204565,-0.3106876628534265
0.0,-0.1525437625972573,-0.15529285748895805,-0.2278016824319693,-0.23073837360848568,-0.2676884880338756
-1.0,-0.16263308388293832,-0.3259312879858129,-0.2764246662494419,-0.4084419461351952,-0.35471878557390396
1.0,-0.15800056095548973,-0.21339475722875634,-0.16528613937037123,-0.1670115803123212,-0.18561055610615132
0.0,-0.13340046970545538,-0.18966188055671318,-0.15730748260881805,-0.1471936372367605,-0.19874042057650643
0.0,-0.15800056095548973,-0.21339475722875634,-0.12718315023914942,-0.14391497941327833,-0.1336624175263768
-2.0,-0.18099853696503387,-0.30067280220126297,-0.29322715377120045,-0.3999995121897232,-0.34658929573008096
0.0,-0.18099853696503387,-0.30067280220126297,-0.2376815362645986,-0.34496571800430426,-0.27805065552051306
-1.0,-0.2062437827601533,-0.06933151736474263,-0.234793979485565,-0.3159374527071755,-0.2610195707162091
1.0,-0.2062437827601533,-0.06933151736474263,-0.16528613937037123,-0.19399855884058065,-0.20502360599545502
0.0,-0.2041197601632602,-0.3200821863366268,-0.15730748260881805,-0.22385437116625087,-0.27377616011208594
0.0,-0.22203708461158678,-0.22911383036442254,-0.11187677809869793,-0.21046217367431067,-0.1696595824744275
-1.0,-0.11455270857307355,-0.24904949100897167,-0.3598457977271156,-0.314770973856173,-0.3230388931502608
0.0,-0.11455270857307355,-0.24904949100897167,-0.25341497397779983,-0.22137091523361963,-0.21518598918653872
-1.0,-0.12974194226188687,-0.17409823673595218,-0.2764246662494419,-0.2132506370507903,-0.12601209792762919
1.0,-0.09690884709802404,-0.04804705919044102,-0.1894357638774975,-0.18531225425549666,-0.13529946124630585
0.0,-0.15072959981411166,-0.13067861240256526,-0.13738992530889346,-0.14707359334816014,-0.15563594348092086
0.0,-0.12218003671582191,-0.017230940933460608,-0.11187677809869793,-0.13872031232769985,-0.06686678626583178
-2.0,-0.17433729483897756,-0.10131098528176367,-0.28842877677489737,-0.24284867396338586,-0.2748773845572063
0.0,-0.19219101164236663,-0.44730226538363826,-0.24838953718513648,-0.10260631746654367,-0.18310928915520508
-1.0,-0.1976095801754017,-0.3863561484789795,-0.26521716009689283,-0.17545936821707026,-0.28097482193031614
1.0,-0.1598864049970967,-0.07109062347533397,-0.16957337068245035,-0.055326976865983486,-0.05910480884130685
0.0,-0.19219101164236663,-0.44730226538363826,-0.15689377072399838,-0.100601300526898,-0.13485883195275283
0.0,-0.1976095801754017,-0.3863561484789795,-0.1298189934683879,-0.09290955473463196,-0.15726296038084314
-1.0,-0.029715894931437385,0.3086550011517331,-0.33172577809273224,-0.27793394473585,-0.020831368645353544
0.0,-0.06503714997440385,-0.05235216936083111,-0.27490219680924827,-0.1313594619665869,-0.16135590948120712
-1.0,-0.06503714997440385,-0.05235216936083111,-0.28597085968215996,-0.20111279366662071,-0.21403062468544556
1.0,-0.06503714997440385,-0.05235216936083111,-0.1676938193699845,-0.1441968963084828,-0.08290422267250995
0.0,-0.06004417389927634,0.06783149377801975,-0.16989794727000843,-0.1408076527179654,-0.10571477361352541
0.0,-0.03363624913873836,0.0750914408706291,-0.1152562739013834,0.005476271866832657,-0.06246415563780188
-2.0,-0.05780911126639981,-0.07872901610722965,-0.2980984260640041,-0.23029798303863036,-0.2236684320639731
0.0,-0.03821863086734926,0.11825396308627624,-0.2376815362645986,-0.11081724630393684,-0.13371908645792208
-1.0,-0.07394601198285379,-0.13908407359873576,-0.24696174770306933,-0.15532934416947597,-0.09424304837552555
1.0,-0.03821863086734926,0.11825396308627624,-0.1894357638774975,-0.10474779544371847,-0.1371074155570493
0.0,-0.08386258966553926,-0.22718909436903764,-0.15689377072399838,-0.18687288228399077,-0.13883668013977338
0.0,-0.0654795044356856,-0.06809042827411096,-0.1298189934683879,-0.10074635124251936,-0.10356889562377884
-2.0,-0.15077361508333859,-0.035043916761993484,-0.3057346603048017,-0.26371820707187377,-0.2341833297799574
0.0,-0.11409581921281722,-0.008447723750145303,-0.2376815362645986,-0.1486143895822756,-0.13191113214717862
-1.0,-0.15158647237609446,-0.0985402562829059,-0.28597085968215996,-0.24644610119789714,-0.22158596573508177
1.0,-0.13631734581184374,-0.12084191932630403,-0.16374074554142173,-0.14343139467511115,-0.15189654872443573
0.0,-0.14766002293450808,-0.049745042279284085,-0.15689377072399838,-0.15740989457390683,-0.13485883195275283
0.0,-0.13999611289569086,-0.13129587482807065,-0.1276005977907556,-0.11238820413389088,-0.023093139284052707
-2.0,-0.12059975818431819,-0.6611503763532081,-0.31600749055721816,-0.28333054095534776,-0.30025891840028207
0.0,-0.12059975818431819,-0.6611503763532081,-0.19637712693077589,-0.20688859872638063,-0.2018137331862411
-1.0,-0.1248016782908086,-0.13834188040066925,-0.26316534299260225,-0.25175223707099803,-0.07268453184930385
1.0,-0.12991163142115525,-0.5261951999133064,-0.19788919026613386,-0.20749668093931195,-0.1997121778122552
0.0,-0.14331601884021533,-0.46488646398822214,-0.16989794727000843,-0.16766185243149553,-0.14627316850922195
0.0,-0.12059975818431819,-0.6611503763532081,-0.1152562739013834,-0.189520286984658,-0.13093151216523455
-2.0,-0.3042775441181227,0.1195620319999243,-0.2536300624750882,-0.307407609137738,-0.32014434981262474
0.0,-0.3117966546846174,0.011730269778318014,-0.2376815362645986,-0.2500479052668733,-0.2600510848235533
-1.0,-0.29002953782015833,0.10348585289064396,-0.25971008761756337,-0.3145649519327561,-0.28117177157979223
1.0,-0.2687379133671424,0.003693856325857059,-0.21367960822303927,-0.24245459094796243,-0.2087675844964026
0.0,-0.2621737135189614,0.04830234240123802,-0.15689377072399838,-0.21495654667827202,-0.18613294766244556
0.0,-0.30147131631623597,0.02119141273398932,-0.1034668191416394,-0.21513156082999543,-0.12579272316499426
-2.0,-0.09698040861485135,0.09259382492840833,-0.29322715377120045,-0.2778609396398687,-0.27850122039541786
0.0,-0.07528394515943311,0.23017661363421937,-0.2126376118008451,-0.09188988852300076,-0.10314041609081387
-1.0,-0.09349751991649488,0.14899080419699273,-0.28597085968215996,-0.24591643579237263,-0.17655093967587365
1.0,-0.09511973155370233,0.1683631120475105,-0.18771439002092896,-0.1216369611645252,-0.0819676952124795
0.0,-0.09698040861485135,0.09259382492840833,-0.1529642095638441,-0.17923316178361928,-0.15066888538353046
0.0,-0.12612619147365756,0.11519108097490482,-0.12718315023914942,-0.09589841632146212,-0.09839577094280716
-1.0,-0.08234810146544866,-0.24590688822555948,-0.38776749207438704,-0.2874311128043515,-0.3492781525902317
0.0,-0.08504708336791539,0.050380820492353776,-0.2126376118008451,-0.15098204283537792,-0.12886297927591794
-1.0,-0.06781062793941439,0.029811870371181947,-0.2764246662494419,-0.20178343290278533,-0.13895598598076322
1.0,-0.08234810146544866,-0.24590688822555948,-0.21687344578947096,-0.20182726129827638,-0.2145074253414449
0.0,-0.10257261509047311,0.061767635904183396,-0.14483190386296488,-0.13532345057701714,-0.13666829984652176
0.0,-0.08504708336791539,0.050380820492353776,-0.14459595091602476,-0.13510801911525472,-0.08152571864937508
-1.0,-0.15496169344893468,-0.05052836427936763,-0.4080631294044586,-0.37295005919913715,-0.34490037185398187
0.0,-0.1324229621159967,0.08527868366398698,-0.25341497397779983,-0.2144777147608013,-0.24539054353637949
-1.0,-0.11704426421612167,0.051992840143525364,-0.2764246662494419,-0.3203477003640804,-0.3353819259994291
1.0,-0.13222844578735451,0.026359514145899522,-0.21687344578947096,-0.21236796345131106,-0.16140418916229976
0.0,-0.15496169344893468,-0.05052836427936763,-0.16397209783312855,-0.23987845131437047,-0.2001314418293295
0.0,-0.17201330503330042,-0.2450795837102781,-0.11187677809869793,-0.22224637531807218,-0.13794783860939655
-2.0,-0.22308060794540618,-0.14181069704544708,-0.31600749055721816,-0.32113688678860075,-0.30025891840028207
0.0,-0.22308060794540618,-0.14181069704544708,-0.19637712693077589,-0.20272957071287415,-0.2018137331862411
-1.0,-0.20663523922544128,-0.16111051836039195,-0.26521716009689283,-0.29215094007706705,-0.26309240269066775
1.0,-0.19854020204347156,-0.3062506719744703,-0.21687344578947096,-0.24336925743070875,-0.2145074253414449
0.0,-0.22228633572112558,-0.3529842296260993,-0.16397209783312855,-0.20841038556864416,-0.1959110152147767
0.0,-0.22228633572112558,-0.3529842296260993,-0.13172258688756697,-0.18176394168604296,-0.17350542839939923
-1.0,-0.1817279156599616,-0.2704681679993706,-0.4080631294044586,-0.34414576612961195,-0.3670850883996859
0.0,-0.18310642327204457,-0.46046143320350164,-0.25160882745058594,-0.19545351030949554,-0.23378277873283249
-1.0,-0.14092613526722764,0.08777546566161962,-0.23851457649890215,-0.20220615697317085,-0.2520180890395945
1.0,-0.15212808821812426,-0.30482948559013673,-0.1894357638774975,-0.21479744406330706,-0.20775184021495566
0.0,-0.1817279156599616,-0.2704681679993706,-0.16397209783312855,-0.21183509311027404,-0.20077860010282764
0.0,-0.18310642327204457,-0.46046143320350164,-0.1298189934683879,-0.15733212920718515,-0.15275609883694052
-1.0,-0.1301929972135736,-0.3685807701248501,-0.33239151295098873,-0.3705211130758546,-0.32367192294758534
0.0,-0.12593522737661392,-0.3014536302596885,-0.2537084668415066,-0.2064556665732803,-0.22537336137503133
-1.0,-0.1523391564541265,-0.49860641000422784,-0.26316534299260225,-0.3390771534041914,-0.2946365455479626
1.0,-0.12740381053101552,-0.4153796576278566,-0.18771439002092896,-0.2531620127704832,-0.2727460341073168
0.0,-0.1523391564541265,-0.49860641000422784,-0.14441445680622242,-0.22562551686825302,-0.18957052248055825
0.0,-0.1301929972135736,-0.3685807701248501,-0.12718315023914942,-0.22350640057249166,-0.16695298349454843
-2.0,-0.1515788146940475,-0.4935555331017127,-0.2980984260640041,-0.27888108110433996,-0.24484455848227746
0.0,-0.14377141177135297,-0.18775488675041124,-0.2376815362645986,-0.20935757787499293,-0.23310985668544584
-1.0,-0.12597211238018657,-0.3690124819152379,-0.23851457649890215,-0.2784640919698112,-0.2792258065305752
1.0,-0.17836277904650294,-0.38679144126393217,-0.21687344578947096,-0.19582368267029643,-0.2145074253414449
0.0,-0.1515788146940475,-0.4935555331017127,-0.13738992530889346,-0.14940273550472766,-0.09870863137169918
0.0,-0.1515788146940475,-0.4935555331017127,-0.14459595091602476,-0.1371266274674544,-0.07467126282575648
-2.0,-0.2073725171431057,-0.21081916012892146,-0.29691071454761386,-0.36091407367717987,-0.33641194491266985
0.0,-0.17939054413394562,-0.28085151525218277,-0.2537084668415066,-0.13359256919590956,-0.1980880886755093
-1.0,-0.1792044506030346,-0.2100368966398968,-0.234793979485565,-0.36734418682343756,-0.3087177871466082
1.0,-0.22653189240886132,-0.49306212684203765,-0.21687344578947096,-0.24880170295991522,-0.28576216614947647
0.0,-0.21590107851000206,-0.20069359685849078,-0.13738992530889346,-0.19048065505282896,-0.15563594348092086
0.0,-0.22653189240886132,-0.49306212684203765,-0.1276005977907556,-0.25722242481929886,-0.22646332367647035
-1.0,-0.29389508812644605,-0.3039574886060163,-0.39141841991610343,-0.31312667625637586,-0.3333109809722977
0.0,-0.29389508812644605,-0.3039574886060163,-0.2537084668415066,-0.12914819259780547,-0.17093042358142946
-1.0,-0.2971102959419662,-0.4257329574881684,-0.23851457649890215,-0.23171621760760608,-0.24113471454784066
1.0,-0.2786783333630991,-0.31145068911369567,-0.1676938193699845,-0.16334760584873736,-0.07910589877564053
0.0,-0.3148571595193528,-0.17894707181474614,-0.14483190386296488,-0.13395741996051533,-0.13666829984652176
0.0,-0.3088744305673945,-0.35797873760444876,-0.14459595091602476,-0.1608412433360156,-0.09674863067274718
-2.0,-0.2598544203032287,0.20210011248673693,-0.31600749055721816,-0.20228097053672653,-0.24308245190531477
0.0,-0.2969054764001833,-0.2558275988994345,-0.2537084668415066,-0.1927617449566862,-0.1980880886755093
-1.0,-0.2839656159676494,0.08225118439130408,-0.24119467203513104,-0.22981047877126065,-0.10751213190837422
1.0,-0.26896267873830376,-0.007240611002940165,-0.16528613937037123,-0.13876145431268183,-0.1411709953241064
0.0,-0.2944616494133933,0.041360356006588696,-0.14483190386296488,-0.1424191070170289,-0.12319381752242996
0.0,-0.2944616494133933,0.041360356006588696,-0.1298189934683879,-0.1416501202598225,-0.09527192302569867
-2.0,-0.31617608419447973,-0.16928812587156647,-0.289860009286512,-0.3223833817735954,-0.31298146441053243
0.0,-0.3053446843480249,-0.1957482303388516,-0.25341497397779983,-0.23992457506807732,-0.24695941422314324
-1.0,-0.28978315558897244,0.009951447138339124,-0.24666716670491373,-0.2805053467878633,-0.2554425487504844
1.0,-0.27194343477360206,0.08676111099470282,-0.21367960822303927,-0.18469924902764637,-0.2022363401171434
0.0,-0.27194343477360206,0.08676111099470282,-0.17855444397143017,-0.16208615500625595,-0.19048858147405154
0.0,-0.3124323215899912,-0.07623816592094858,-0.11187677809869793,-0.1732296802687677,-0.1371855883551873
-1.0,-0.64128436648174,-0.49225896600328545,-0.33172577809273224,-0.3578730329640253,-0.38466117133828215
0.0,-0.6242436454693289,-0.6437296852248973,-0.2537084668415066,-0.29641124547295805,-0.3141271029563881
-1.0,-0.5981557665036015,-0.5239371180534127,-0.24696174770306933,-0.36537664849549883,-0.2829816836493991
1.0,-0.6231555447641617,-0.6076512418376817,-0.1676938193699845,-0.30686915723490177,-0.26575860119328265
0.0,-0.6242436454693289,-0.6437296852248973,-0.15168724274616127,-0.286502296732657,-0.26728688474480333
0.0,-0.5981557665036015,-0.5239371180534127,-0.1276005977907556,-0.2634622766732668,-0.20827932524540801
-1.0,-0.14208497458100497,0.040566011059610406,-0.33172577809273224,-0.2596069575087884,-0.15862179351751132
0.0,-0.14208497458100497,0.040566011059610406,-0.2376815362645986,-0.17419109459737062,-0.13191113214717862
-1.0,-0.15621125024914861,-0.2939408399630358,-0.23851457649890215,-0.2523709743951416,-0.2520180890395945
1.0,-0.1569151146142353,-0.2923291343132915,-0.16374074554142173,-0.1501749799607421,-0.2036583713805331
0.0,-0.1569151146142353,-0.2923291343132915,-0.14441445680622242,-0.14803050215711802,-0.18957052248055825
0.0,-0.13277008627396691,-0.240681086569461,-0.1298189934683879,-0.16757447616892943,-0.16271557335654777
-1.0,-0.12916863635415696,0.07212979247090914,-0.3771239783616575,-0.23548474727129234,-0.2494574193254147
0.0,-0.15152550148630975,-0.07122068218443034,-0.24089043554672,-0.061641438080379106,-0.06020436566324459
-1.0,-0.1397182319652357,-0.12064156551883967,-0.28597085968215996,-0.16196680898416158,-0.1722693451767245
1.0,-0.14277508722094198,0.07373014201092667,-0.16528613937037123,-0.07108324027183614,-0.1276695659532773
0.0,-0.1302387023769755,-0.04725831881667776,-0.17855444397143017,-0.10232635186255322,-0.13129325814472612
0.0,-0.15304883999853083,-0.030154614669728165,-0.10812434512304087,-0.05488670649788595,-0.09289986231110305
-2.0,-0.1400878235250747,-0.039494951754579545,-0.3057346603048017,-0.2352762561272262,-0.26183168626029896
0.0,-0.16802322117187374,0.09876204884501516,-0.2376815362645986,-0.1475035523302491,-0.13371908645792208
-1.0,-0.15077032829871867,0.04030273761921752,-0.26316534299260225,-0.23978739721469966,-0.26248887623987927
1.0,-0.13560669005944898,0.13120449563751022,-0.16528613937037123,-0.13970380784062963,-0.1460868208047913
0.0,-0.17142687570098042,0.06195642284925561,-0.16989794727000843,-0.20669215075118677,-0.12234606459592656
0.0,-0.17142687570098042,0.06195642284925561,-0.1276005977907556,-0.17220923223279933,-0.024814433471397526
-2.0,-0.1195293144855394,-0.20516418302621506,-0.26376108787261476,-0.2755284095924168,-0.23208389000754057
0.0,-0.15168765122242645,-0.22378606390451142,-0.2126376118008451,-0.15788333211679415,-0.16746786803280803
-1.0,-0.1673256265888626,-0.4613577913597565,-0.24119467203513104,-0.2166195138946974,-0.22874585808303702
1.0,-0.13547886385522273,-0.3008513034505108,-0.19788919026613386,-0.14308265629636707,-0.16221959946836603
0.0,-0.1673256265888626,-0.4613577913597565,-0.1529642095638441,-0.1728888232826173,-0.15066888538353046
0.0,-0.13456271328491717,-0.26112620674313924,-0.1298189934683879,-0.14201850482716394,-0.09527192302569867
-2.0,-0.17470542892897678,-0.10302720916607584,-0.31600749055721816,-0.3653009889336948,-0.30025891840028207
0.0,-0.19971540654665182,-0.0577087271929291,-0.2376815362645986,-0.16559043440511967,-0.13191113214717862
-1.0,-0.14781474540634248,-0.13543371382326272,-0.234793979485565,-0.20169873828711682,-0.21022110226253166
1.0,-0.18427401279721034,-0.1299032286626381,-0.16374074554142173,-0.17967403018274677,-0.1718849463439286
0.0,-0.1579598000897179,-0.033661809496189785,-0.15730748260881805,-0.1670252621902064,-0.07339374664719263
0.0,-0.18427401279721034,-0.1299032286626381,-0.10812434512304087,-0.13223117077435162,-0.1269271763693795
-1.0,-0.1253548849891336,0.01833628120378195,-0.38776749207438704,-0.1927188408954445,-0.2412330868615217
0.0,-0.11248935029629115,0.10096816934070416,-0.25341497397779983,-0.11985624406619802,-0.1629905556865168
-1.0,-0.13944058598584907,-0.011907799745504821,-0.24666716670491373,-0.1704149281198316,-0.1994112787854201
1.0,-0.13619885901130122,0.0287988790715216,-0.1894357638774975,-0.1809284103912796,-0.0693628743359358
0.0,-0.13312926532414057,0.0018293863449479614,-0.15689377072399838,-0.054588671787357566,-0.1393631508866679
0.0,-0.1253548849891336,0.01833628120378195,-0.1276005977907556,-0.18179340928684076,-0.023093139284052707
-2.0,-0.12062907191457564,0.11907999911103667,-0.26376108787261476,-0.1587397258990514,-0.2355581658640864
0.0,-0.12984023964666766,-0.3537584284737529,-0.27490219680924827,-0.1251200784697882,-0.275229162438392
-1.0,-0.12062907191457564,0.11907999911103667,-0.234793979485565,-0.08203978526056828,-0.23066544712275538
1.0,-0.10341855209454447,-0.32570710906391304,-0.21367960822303927,-0.08968745855056758,-0.15620328348389648
0.0,-0.12984023964666766,-0.3537584284737529,-0.16397209783312855,-0.11869586650860554,-0.20870081649077246
0.0,-0.12984023964666766,-0.3537584284737529,-0.13172258688756697,-0.08959794789060405,-0.24616974607687667
-2.0,-0.10169981982133401,-0.2307103279783925,-0.29322715377120045,-0.2325006187098892,-0.08637769374019569
0.0,-0.10860025388591742,-0.4210075692305745,-0.24838953718513648,-0.13399453677920453,-0.16866988249071163
-1.0,-0.10860025388591742,-0.4210075692305745,-0.234793979485565,-0.1303697200835985,-0.17304517030825328
1.0,-0.11387717934118283,-0.10465119154654193,-0.16957337068245035,-0.10561910924474636,-0.05910480884130685
0.0,-0.08019585133348338,-0.2888200837616968,-0.16989794727000843,-0.13491006222076576,-0.06502035144376624
0.0,-0.11659897629067262,-0.31299557712368553,-0.1298189934683879,-0.10956229953026442,-0.1266372265287503
-2.0,-0.12317316699519802,0.15400731545051943,-0.28842877677489737,-0.17073683997349032,-0.2260068919392863
0.0,-0.12341559536495102,0.24642846603764398,-0.2376815362645986,-0.11142892129448967,-0.01874711157313024
-1.0,-0.10290893186093591,0.25902824737438424,-0.23851457649890215,-0.12192185357465397,-0.013438286005538761
1.0,-0.11729862951669529,0.023111853171892717,-0.19788919026613386,-0.120349890931959,-0.10271755449684938
0.0,-0.1151761121580068,0.20478966153019268,-0.15689377072399838,-0.09125947549474457,-0.1186581366483386
0.0,-0.08527585514246346,0.15693667064339975,-0.14459595091602476,-0.06355000366733676,-0.06390568773759003
-1.0,-0.14867924076738206,0.0822957098658331,-0.33172577809273224,-0.24465892539478717,-0.15862179351751132
0.0,-0.1432482560665967,-0.22099157369284333,-0.24838953718513648,-0.20336546387518925,-0.2218478566891036
-1.0,-0.13122291606664208,-0.025973752428931608,-0.24696174770306933,-0.22003031447053117,-0.09424304837552555
1.0,-0.1319202985741865,-0.14505409821089063,-0.21367960822303927,-0.1711469571848938,-0.1632136232925631
0.0,-0.1432482560665967,-0.22099157369284333,-0.15689377072399838,-0.1866323305513711,-0.18182736749777142
0.0,-0.137237656794378,-0.05057485081529909,-0.13172258688756697,-0.1492037218438248,-0.10310352089928575
-2.0,-0.17332386000245742,0.062093742259747106,-0.2536300624750882,-0.15090203422911175,-0.25914575142762825
0.0,-0.1731611226487523,-0.18973224801582844,-0.2376815362645986,-0.13466221094215147,-0.13371908645792208
-1.0,-0.17029740252636463,-0.16896216985221893,-0.24666716670491373,-0.18744882478742644,-0.2652624696316267
1.0,-0.17629854662912867,-0.3028225089492,-0.21687344578947096,-0.16859287448179666,-0.1357557910616596
0.0,-0.17912540654721823,-0.10616193402907223,-0.14441445680622242,-0.11550948326245186,-0.12909395260535533
0.0,-0.1721028931425875,-0.13609722981965153,-0.1034668191416394,-0.03705916637081821,-0.046539412537473006
-2.0,-0.17400116648685374,-0.810692617381353,-0.2536300624750882,-0.3505662070230739,-0.33727259486534056
0.0,-0.14897704269575057,-0.32105174473854436,-0.19637712693077589,-0.17761715023977842,-0.19400330114439535
-1.0,-0.184142797234378,-1.0600907208015329,-0.24666716670491373,-0.2826229509275595,-0.2554425487504844
1.0,-0.1747359015342722,-0.8083969122744191,-0.1894357638774975,-0.16227880448233814,-0.1931067769499935
0.0,-0.191095279572569,-0.9291787950982557,-0.15168724274616127,-0.20112098991120006,-0.18779866161673553
0.0,-0.184142797234378,-1.0600907208015329,-0.14459595091602476,-0.16225391346665066,-0.14103706805701693
-2.0,-0.21744098001020135,-0.06438739269519647,-0.26376108787261476,-0.24033124945103312,-0.21143956687901483
0.0,-0.19339608145240553,-0.09937009651326917,-0.2376815362645986,-0.14686234429285722,-0.13191113214717862
-1.0,-0.21744098001020135,-0.06438739269519647,-0.234793979485565,-0.2620619733128612,-0.18805909857006628
1.0,-0.2141550167546989,-0.10734529818708669,-0.19788919026613386,-0.12673945423951238,-0.13391582324157872
0.0,-0.19339608145240553,-0.09937009651326917,-0.1529642095638441,-0.13674993962039658,-0.10658841880667883
0.0,-0.20886733663334833,-0.1814119707973066,-0.1298189934683879,-0.12051682310468192,-0.09434852382242394
-2.0,-0.25534409726106644,-0.20623388812537718,-0.31600749055721816,-0.3540953479898696,-0.30025891840028207
0.0,-0.25534409726106644,-0.20623388812537718,-0.19637712693077589,-0.21246505813983538,-0.2018137331862411
-1.0,-0.2833319074600711,-0.17154957174135715,-0.234793979485565,-0.34403947311129573,-0.3087177871466082
1.0,-0.24265040312829045,-0.12528446252006603,-0.16374074554142173,-0.24281268412849302,-0.2036583713805331
0.0,-0.26512879459529337,-0.16520779979588954,-0.16397209783312855,-0.22546842578557916,-0.19729196458808237
0.0,-0.26217670064247434,-0.09281535032221197,-0.1034668191416394,-0.18603614368299945,-0.13591392208605632
-2.0,-0.21954034882432236,-0.2763762577098336,-0.29322715377120045,-0.35265205945119876,-0.25579048923661707
0.0,-0.2461978378705958,-0.5838619518157662,-0.24089043554672,-0.1993776599400323,-0.22789797739736792
-1.0,-0.21954034882432236,-0.2763762577098336,-0.24119467203513104,-0.2745413689717769,-0.10199073681163506
1.0,-0.22613090009181158,-0.4876570319311326,-0.16374074554142173,-0.15229059186362282,-0.1718849463439286
0.0,-0.2461978378705958,-0.5838619518157662,-0.15730748260881805,-0.20475897870427887,-0.1918073888592312
0.0,-0.21082114053765674,-0.39981694922406985,-0.1152562739013834,-0.2016307880662811,-0.13093151216523455
-2.0,-0.24870403206504477,0.008747898091539332,-0.29691071454761386,-0.3106607268476803,-0.343344976629945
0.0,-0.2225101803747404,-0.06602250740104904,-0.25341497397779983,-0.19921044224104334,-0.21518598918653872
-1.0,-0.24799672177452134,-0.07934801902841283,-0.24696174770306933,-0.31670072923294285,-0.3054374159121412
1.0,-0.22506432512372176,-0.1386266195844577,-0.21367960822303927,-0.19190859719362047,-0.2087675844964026
0.0,-0.2225101803747404,-0.06602250740104904,-0.14441445680622242,-0.18292974634477802,-0.15779709744395373
0.0,-0.23426400039604364,-0.06350276149223417,-0.11187677809869793,-0.1754002864739308,-0.1371855883551873
-2.0,-0.2333475103685122,-0.28228292384760023,-0.25257540415571444,-0.25227482997622364,-0.2737710477981183
0.0,-0.22923749282650846,-0.3604164609595337,-0.2537084668415066,-0.20206846805736078,-0.22537336137503133
-1.0,-0.2155501677401377,-0.1637547349068444,-0.26316534299260225,-0.30352347116264733,-0.2946365455479626
1.0,-0.24913558271615036,-0.35891479593257836,-0.18474154115684263,-0.23673710665845563,-0.23113429633335178
0.0,-0.21218795740261853,-0.4339347521468591,-0.16397209783312855,-0.20994398678066672,-0.20077860010282764
0.0,-0.24993335118462628,-0.3659530776661011,-0.11862918085332068,-0.2500776689675487,-0.1599038653201903
-2.0,-0.18179883156217433,0.48940449024331645,-0.25257540415571444,-0.15886842004318613,-0.21446336069778654
0.0,-0.208596256615525,0.3268578698864823,-0.2376815362645986,-0.16415539456042713,-0.13371908645792208
-1.0,-0.19258475474680495,-0.0638286984686118,-0.2764246662494419,-0.2778027221507108,-0.28610868357857594
1.0,-0.20315339774973587,0.3476835726386837,-0.18771439002092896,-0.11365300265441286,-0.08527886310144328
0.0,-0.18485454112816702,0.47930235293336,-0.13738992530889346,-0.10879408269022052,-0.09634967723825649
0.0,-0.18526723413265633,0.4301468354974638,-0.13172258688756697,-0.18059939841254677,-0.0722177334224052
-2.0,-0.35232381185054584,0.02092264557882989,-0.29691071454761386,-0.2598210816514414,-0.2062139774970507
0.0,-0.35232381185054584,0.02092264557882989,-0.24089043554672,-0.1519768555521392,-0.08984263707732768
-1.0,-0.3762856460576026,-0.3165322564358827,-0.26316534299260225,-0.24837489643391122,-0.2423459623530847
1.0,-0.3762856460576026,-0.3165322564358827,-0.16374074554142173,-0.17670240191703493,-0.15548937711942154
0.0,-0.381247116917817,-0.07540270200369467,-0.16989794727000843,-0.17380259503599024,-0.14507588176764402
0.0,-0.3573620593418281,-0.06467465691401357,-0.11187677809869793,-0.11741735328575417,-0.06280278510172059
-1.0,-0.23510447868296713,-0.07915385601921555,-0.33172577809273224,-0.33538359304939225,-0.3073926692991384
0.0,-0.26265346196708367,-0.43982488682748894,-0.24089043554672,-0.2521246680222531,-0.28061087366541604
-1.0,-0.21295054417185166,-0.21077007530734462,-0.234793979485565,-0.36371165455648163,-0.3087177871466082
1.0,-0.2400542541409457,-0.1697983169970047,-0.19788919026613386,-0.2162524249285069,-0.21091277834349909
0.0,-0.26265346196708367,-0.43982488682748894,-0.15730748260881805,-0.257632583338609,-0.24452028512727958
0.0,-0.2700697798587857,-0.1793284530345211,-0.13172258688756697,-0.19737347780545667,-0.2301711660739357
-2.0,-0.2359419268427506,0.0075911649327415455,-0.26376108787261476,-0.2710520913492871,-0.20898025096858047
0.0,-0.26507634399327507,-0.4401039080898313,-0.19637712693077589,-0.18293100328701656,-0.19400330114439535
-1.0,-0.26850984317219184,-0.18973571094469058,-0.26316534299260225,-0.26131348628295104,-0.2423459623530847
1.0,-0.26507634399327507,-0.4401039080898313,-0.21367960822303927,-0.18293100328701656,-0.1873928168414881
0.0,-0.26850984317219184,-0.18973571094469058,-0.14441445680622242,-0.1503582312779233,-0.148264781453159
0.0,-0.26850984317219184,-0.18973571094469058,-0.10812434512304087,-0.125117939386385,-0.11739486037858468
-2.0,-0.2683601430843593,-0.7608500720707605,-0.29691071454761386,-0.26491404842197164,-0.2524110193585223
0.0,-0.24521632749033762,-0.24836608565674695,-0.19637712693077589,-0.170216826963022,-0.18212784282671493
-1.0,-0.22817768882620773,-0.5556685888621076,-0.24696174770306933,-0.23073950887796232,-0.30704700068152796
1.0,-0.22817768882620773,-0.5556685888621076,-0.21687344578947096,-0.1959839561371512,-0.2145074253414449
0.0,-0.24685610321824367,-0.6663603216946496,-0.1529642095638441,-0.20867055939366116,-0.16566515144275304
0.0,-0.27470759800683586,-0.7496366188617049,-0.11187677809869793,-0.16234597843201043,-0.13794783860939655
-1.0,-0.2643428074870983,0.14275434169166626,-0.4080631294044586,-0.2866243976484709,-0.2913929278307356
0.0,-0.24578094162523384,0.30810993890977,-0.19637712693077589,-0.09063726771443806,-0.14568158052169372
-1.0,-0.24578094162523384,0.30810993890977,-0.2764246662494419,-0.2356508140028735,-0.1627923414685989
1.0,-0.2469139843384311,0.1749864984277721,-0.18474154115684263,-0.09758692907034976,-0.11365947896077395
0.0,-0.22816622493013214,0.06644076965397369,-0.16989794727000843,-0.12975627610464632,-0.06502035144376624
0.0,-0.2822716813576228,0.08097033657798927,-0.1034668191416394,-0.1091972127921569,-0.07147655072726236
-2.0,-0.41210696068524383,-0.21444222958397438,-0.25257540415571444,-0.30860008558820523,-0.3156933035767511
0.0,-0.3607858556391858,-0.19089417579827345,-0.19637712693077589,-0.19809287514829496,-0.2018137331862411
-1.0,-0.3564706859546623,-0.2338512876790651,-0.23851457649890215,-0.2828758107235026,-0.27229277481330005
1.0,-0.41416023527984164,-0.5502492425012369,-0.1894357638774975,-0.2877955786714332,-0.2543628363739914
0.0,-0.3564706859546623,-0.2338512876790651,-0.15730748260881805,-0.21330925294197867,-0.1918073888592312
0.0,-0.40693204134214617,-0.43365243035873713,-0.1298189934683879,-0.22196679926155016,-0.20788758319598205
-2.0,-0.16301272808103015,-0.28393484678755165,-0.31600749055721816,-0.2871745107174073,-0.25113851861956227
0.0,-0.17974842815923756,-0.27433003489250424,-0.2376815362645986,-0.17547351317494508,-0.13371908645792208
-1.0,-0.18423042053952113,-0.23155474111066643,-0.26521716009689283,-0.2743125012239256,-0.23333256713926834
1.0,-0.18423042053952113,-0.23155474111066643,-0.18474154115684263,-0.14626617656548813,-0.11964558559107626
0.0,-0.21074897072149273,-0.26557691236147896,-0.14441445680622242,-0.13905984754270576,-0.12909395260535533
0.0,-0.17974842815923756,-0.27433003489250424,-0.11862918085332068,-0.15492633656775973,-0.0805411285523314
-2.0,-0.27118699322768086,0.02973289910914851,-0.3057346603048017,-0.29664099968707064,-0.27586699658784497
0.0,-0.27118699322768086,0.02973289910914851,-0.2537084668415066,-0.21076497156438426,-0.1980880886755093
-1.0,-0.21779922471011853,-0.14301101434470637,-0.2764246662494419,-0.2819291813446875,-0.3353819259994291
1.0,-0.21140053792319044,-0.19768499633034492,-0.1894357638774975,-0.22435121418597362,-0.19020391959014524
0.0,-0.21779922471011853,-0.14301101434470637,-0.17855444397143017,-0.19111406217070057,-0.19048858147405154
0.0,-0.241910340314478,-0.0789655194833001,-0.12718315023914942,-0.1801791391571129,-0.14122670085845176
-2.0,-0.2538916702501093,-0.2533490187312458,-0.2980984260640041,-0.2593507207340213,-0.24719077681382373
0.0,-0.2718853154269136,-0.037226788804237854,-0.24838953718513648,-0.1707756388553068,-0.18708713734222562
-1.0,-0.2718853154269136,-0.037226788804237854,-0.234793979485565,-0.26348687761704703,-0.21022110226253166
1.0,-0.2652690603880081,-0.31616412089576756,-0.19788919026613386,-0.19833098436196625,-0.1997121778122552
0.0,-0.2652690603880081,-0.31616412089576756,-0.15168724274616127,-0.18443153730935796,-0.1885609118709448
0.0,-0.2652690603880081,-0.31616412089576756,-0.11187677809869793,-0.14804623553128357,-0.13794783860939655
-2.0,-0.3586953039964423,-0.2643781644413067,-0.31600749055721816,-0.2983073085012475,-0.2833414645389362
0.0,-0.39026983943620025,-0.14586302747510038,-0.2126376118008451,-0.1839718639026234,-0.20142640441406962
-1.0,-0.39388123644151357,-0.19890252967630126,-0.24696174770306933,-0.19296853387238264,-0.14149720720613454
1.0,-0.38544964473934545,-0.18048411444748705,-0.18474154115684263,-0.20276811598098415,-0.13206066138120384
0.0,-0.41253487150760143,-0.27070532337676206,-0.14441445680622242,-0.19998351851777857,-0.15779709744395373
0.0,-0.39388123644151357,-0.19890252967630126,-0.1276005977907556,-0.10222856648823068,-0.0691452379711653
-1.0,-0.39610647012039135,-0.1574964941642093,-0.405717227280589,-0.2734102905497446,-0.2960505570831836
0.0,-0.39610647012039135,-0.1574964941642093,-0.24089043554672,-0.12863301673455832,-0.20473486648150505
-1.0,-0.4253670534368734,-0.26205352027183315,-0.25971008761756337,-0.2218008499484122,-0.2672201648003572
1.0,-0.39610647012039135,-0.1574964941642093,-0.18771439002092896,-0.11829473447095767,-0.17909404358332123
0.0,-0.4051232244492029,-0.235716280840909,-0.16989794727000843,-0.19516050230002718,-0.1993764046883671
0.0,-0.4288550669456527,-0.3028639275963986,-0.12718315023914942,-0.13105279434066958,-0.10124265683874294
-2.0,-0.20099800289225644,-0.17677623453394511,-0.3057346603048017,-0.3219854528593615,-0.3196531377597025
0.0,-0.22938178148281882,-0.02212895968212427,-0.2278016824319693,-0.2281667086553299,-0.2456681792356382
-1.0,-0.19598587822933264,-0.1350335781312106,-0.26316534299260225,-0.2847430290130053,-0.2946365455479626
1.0,-0.20716995864685472,-0.0008733657891539792,-0.1676938193699845,-0.22673069725955536,-0.20094732504603888
0.0,-0.19598587822933264,-0.1350335781312106,-0.14441445680622242,-0.20254565030188246,-0.18957052248055825
0.0,-0.16442416666085474,-0.2880739427117738,-0.14459595091602476,-0.18095781721545162,-0.1910750938782295
-2.0,-0.22605600690478647,-0.3230804015937209,-0.31600749055721816,-0.2948319847479588,-0.2833414645389362
0.0,-0.235665404673978,-0.10717596476096528,-0.24089043554672,-0.18484868698303294,-0.20536958546510312
-1.0,-0.23508752302185323,-0.25166045505200085,-0.26316534299260225,-0.2599688173995697,-0.26248887623987927
1.0,-0.23435037007682277,-0.11023178408734843,-0.16528613937037123,-0.17305298757028093,-0.18561055610615132
0.0,-0.22605600690478647,-0.3230804015937209,-0.17855444397143017,-0.18047851556500494,-0.16683496357117047
0.0,-0.2501701236028273,-0.14485938444198349,-0.11187677809869793,-0.17304544046704434,-0.1371855883551873
-2.0,-0.3133044868627935,-0.011169642864650298,-0.2980984260640041,-0.28421533288602935,-0.2941624080685143
0.0,-0.2779299863879999,0.027316483239070922,-0.25341497397779983,-0.1916521165704571,-0.20653101790611847
-1.0,-0.3132066928764117,-0.2549188319426243,-0.28597085968215996,-0.2658295433972397,-0.3169959570751939
1.0,-0.3020275771109671,-0.06104066131700623,-0.21367960822303927,-0.235372731950716,-0.2022363401171434
0.0,-0.324653003749684,-0.1546726232626028,-0.15168724274616127,-0.24902988506638685,-0.1885609118709448
0.0,-0.3132066928764117,-0.2549188319426243,-0.13172258688756697,-0.2415247662824986,-0.16786058121108374
-1.0,-0.25724991884391807,-0.30442877404782875,-0.405717227280589,-0.2904709040616077,-0.3063051864006037
0.0,-0.3167858815577656,-0.26254683381071175,-0.25160882745058594,-0.18944072862151834,-0.18279919415140267
-1.0,-0.25952962581139727,-0.31156542537413995,-0.28597085968215996,-0.312931836670461,-0.3506302230997148
1.0,-0.2857162788309085,-0.2543803762165301,-0.16528613937037123,-0.18847156252271183,-0.18561055610615132
0.0,-0.28494075779458955,-0.322548592035402,-0.1529642095638441,-0.19445857456906934,-0.16566515144275304
0.0,-0.25982708759476736,-0.269977433494205,-0.10812434512304087,-0.1766575352226463,-0.1269271763693795
-1.0,-0.3354510910493088,-0.3638354026826157,-0.405717227280589,-0.3989827273483784,-0.3264827459295904
0.0,-0.28113045053018937,-0.19016556218351516,-0.2126376118008451,-0.2079704345373319,-0.20142640441406962
-1.0,-0.31754622949558403,-0.29606795274584496,-0.28597085968215996,-0.25113414174873555,-0.3506302230997148
1.0,-0.31754622949558403,-0.29606795274584496,-0.1676938193699845,-0.21359111255822025,-0.20094732504603888
0.0,-0.3103669518630324,-0.2985420144172975,-0.16989794727000843,-0.23107932807724688,-0.1993764046883671
0.0,-0.3011774423050588,-0.2713450643932769,-0.11862918085332068,-0.18293600941698704,-0.14235594469537988
-2.0,-0.3489209338456245,-0.03177414395527609,-0.31600749055721816,-0.4346095176467588,-0.3225308415831858
0.0,-0.3473545436138905,0.20147542789954784,-0.2278016824319693,-0.2686529041098047,-0.2456681792356382
-1.0,-0.32304506676042183,-0.00840149197434098,-0.26521716009689283,-0.31835472531109116,-0.32905365219370103
1.0,-0.3473545436138905,0.20147542789954784,-0.21687344578947096,-0.2686529041098047,-0.23047601893997702
0.0,-0.3400415376403725,0.03994039971449789,-0.1529642095638441,-0.2621493885216784,-0.18680898612473706
0.0,-0.32304506676042183,-0.00840149197434098,-0.1298189934683879,-0.2758776498228493,-0.24429269481994678
-2.0,-0.3952497794056265,-0.3303569019029912,-0.29691071454761386,-0.343401818777033,-0.31315714489671903
0.0,-0.34702254243751374,-0.1806280421614849,-0.19637712693077589,-0.21318522437394125,-0.2018137331862411
-1.0,-0.35210647088948716,-0.18809214295197524,-0.24696174770306933,-0.23460754347520874,-0.30425208044407254
1.0,-0.32569511122468897,-0.18145256862140946,-0.16957337068245035,-0.21554973719666304,-0.1823226931982615
0.0,-0.32569511122468897,-0.18145256862140946,-0.13738992530889346,-0.2119913959251102,-0.15563594348092086
0.0,-0.3636078227337247,-0.22894030997146325,-0.13172258688756697,-0.19724376146729916,-0.18090287688187293
-2.0,-0.33052791307270024,-0.3630320317495518,-0.29322715377120045,-0.3810972965745451,-0.34609495222198344
0.0,-0.3217773707026959,-0.39982459871807075,-0.2537084668415066,-0.2720840562786231,-0.25590449922030106
-1.0,-0.2857735289376427,-0.27374164281704905,-0.26521716009689283,-0.2950994124619831,-0.2837313344289374
1.0,-0.32039040283930764,-0.40229657006552993,-0.16528613937037123,-0.30421937119114867,-0.21104260841462286
0.0,-0.32039040283930764,-0.40229657006552993,-0.15689377072399838,-0.2876753590195503,-0.20067206434672047
0.0,-0.3168389604062466,-0.3772050776051839,-0.13172258688756697,-0.2139314000756935,-0.23200570782120097
-2.0,-0.31326393969371924,-0.5164936702735894,-0.3057346603048017,-0.38252402409781855,-0.31021012920145125
0.0,-0.31680865581606876,-0.627001874879345,-0.2126376118008451,-0.267588545570452,-0.3541004153435809
-1.0,-0.29715627275566336,-0.6013125223876779,-0.24119467203513104,-0.31007042204434787,-0.367455131339565
1.0,-0.3144792566012114,-0.6450794427723296,-0.16374074554142173,-0.323415801730438,-0.29913326548822544
0.0,-0.29843482544897115,-0.6646895843754964,-0.15689377072399838,-0.2560816507011636,-0.24466090308842367
0.0,-0.29843482544897115,-0.6646895843754964,-0.12718315023914942,-0.2623435675007175,-0.19782731860104444
-2.0,-0.41438838869339767,0.07834397967234738,-0.3057346603048017,-0.2579089644814131,-0.2692755185681403
0.0,-0.3967835222856425,-0.41615525870167164,-0.27490219680924827,-0.21202071144091766,-0.1710146139673189
-1.0,-0.36110668200154483,-0.1494973442768356,-0.24666716670491373,-0.24184292685865338,-0.2652624696316267
1.0,-0.36110668200154483,-0.1494973442768356,-0.16957337068245035,-0.16751064077660455,-0.10630997959886199
0.0,-0.38944811321382233,-0.02125780902925334,-0.14483190386296488,-0.18002994510451614,-0.16253515700013918
0.0,-0.41438838869339767,0.07834397967234738,-0.11187677809869793,-0.15006853037815482,-0.07215998991254337
-1.0,-0.3393677526538872,-0.28428194299629594,-0.33239151295098873,-0.2768037144619447,-0.31126489089094217
0.0,-0.33860854126509965,-0.42517416638883876,-0.27490219680924827,-0.20701479898845976,-0.2995892303995513
-1.0,-0.35681700136183764,-0.47558533223568694,-0.23851457649890215,-0.2762446161597829,-0.27229277481330005
1.0,-0.33860854126509965,-0.42517416638883876,-0.1676938193699845,-0.20701479898845976,-0.20094732504603888
0.0,-0.3393677526538872,-0.28428194299629594,-0.15689377072399838,-0.20003943205848113,-0.19018892540741905
0.0,-0.30256014889294097,-0.623104659306105,-0.14459595091602476,-0.19135246006049067,-0.1910750938782295
-2.0,-0.21859212685511864,0.03286149753641719,-0.289860009286512,-0.24038749778664958,-0.23059895292895513
0.0,-0.232409567665183,-0.03188233254625278,-0.2537084668415066,-0.14918322567756986,-0.17093042358142946
-1.0,-0.21723738287845099,0.2215965406662234,-0.23851457649890215,-0.1372402278894342,-0.055981618212136375
1.0,-0.2269283788737738,-0.32116720892223505,-0.16957337068245035,-0.13455934904488287,-0.11207363370143508
0.0,-0.21271974445604133,0.025210199218486544,-0.14483190386296488,-0.13653462267376978,-0.19253458780922764
0.0,-0.23673311763673022,0.016614118936116546,-0.1276005977907556,-0.010854863833487969,-0.019459862870423447
-2.0,-0.3673747218163824,-0.6815070079701802,-0.289860009286512,-0.38043843885758744,-0.3527554855598997
0.0,-0.36786930722835515,-0.723191357787633,-0.19637712693077589,-0.2647653209512998,-0.23896214174265443
-1.0,-0.3673747218163824,-0.6815070079701802,-0.28597085968215996,-0.3902279217875826,-0.3098072509331427
1.0,-0.3621803038552473,-0.6274602756314724,-0.1894357638774975,-0.294653114438642,-0.26753905523420424
0.0,-0.3743778293340093,-0.7197908473422676,-0.14483190386296488,-0.2641983902048044,-0.2528003984096785
0.0,-0.3739244226753626,-0.7223156696855181,-0.11187677809869793,-0.22455296204951497,-0.268522195187368
-2.0,-0.4488609798896898,-0.5967086141667497,-0.25257540415571444,-0.3823234288948643,-0.3514565015149815
0.0,-0.4242036598501029,-0.5745235000956004,-0.24838953718513648,-0.21179128635532468,-0.24765005432099021
-1.0,-0.4242036598501029,-0.5745235000956004,-0.234793979485565,-0.28619845233570596,-0.3087177871466082
1.0,-0.4694241565990585,-0.7705460941257568,-0.19788919026613386,-0.3214481990227967,-0.3417351329088339
0.0,-0.4188877500640753,-0.7228920609576662,-0.14441445680622242,-0.2218430238921405,-0.18183946756118616
0.0,-0.4568062987736211,-0.7367675428612439,-0.1034668191416394,-0.19997925165791045,-0.24517243545893166
-1.0,-0.43100461977431415,-0.6916451451407152,-0.3598457977271156,-0.3125032167867663,-0.3443259937247368
0.0,-0.4076263144758585,-0.6643606950228254,-0.2126376118008451,-0.22664956875348147,-0.22612145092465696
-1.0,-0.4076263144758585,-0.6643606950228254,-0.24666716670491373,-0.31580892267678035,-0.3033800882282658
1.0,-0.439351655062598,-0.7216413953517409,-0.1894357638774975,-0.2153106668701205,-0.20775184021495566
0.0,-0.397969727268377,-0.7149531454286915,-0.15689377072399838,-0.2229269200415003,-0.18613294766244556
0.0,-0.41344960421802285,-0.6837702974738863,-0.1034668191416394,-0.17583707452852068,-0.13591392208605632
-1.0,-0.42064473963509963,-0.6127743462466093,-0.38776749207438704,-0.32595635394386774,-0.2880718370539799
0.0,-0.42064473963509963,-0.6127743462466093,-0.2278016824319693,-0.2329550237747853,-0.25755166369519555
-1.0,-0.42064473963509963,-0.6127743462466093,-0.24696174770306933,-0.29601171427564976,-0.2862596029999745
1.0,-0.4200512972164375,-0.34452856292702067,-0.16374074554142173,-0.21834449941704864,-0.19826043327823412
0.0,-0.42064473963509963,-0.6127743462466093,-0.16989794727000843,-0.2066570651026622,-0.22706478605014538
0.0,-0.42064473963509963,-0.6127743462466093,-0.1276005977907556,-0.2287642059104039,-0.2115572445959834
-2.0,-0.4076849226762112,-0.6279626832330194,-0.289860009286512,-0.46188133755476857,-0.3553058233214179
0.0,-0.38869277205928,-0.7457423092064772,-0.24089043554672,-0.28241764747382325,-0.3098667486502227
-1.0,-0.3837519022126581,-0.5032221357671021,-0.234793979485565,-0.37074207734167536,-0.3220145610257138
1.0,-0.39365665922273846,-0.5998620926811514,-0.16374074554142173,-0.3445209745956708,-0.2662831525313608
0.0,-0.38869277205928,-0.7457423092064772,-0.15730748260881805,-0.28241764747382325,-0.27377616011208594
0.0,-0.38869277205928,-0.7457423092064772,-0.1034668191416394,-0.25717207307949286,-0.2245426006977844
-2.0,-0.20820081401216411,-0.21150180707101898,-0.338935532262625,-0.33678519603787277,-0.3245006283741132
-3.0,-0.17263000057629996,0.05170477957690308,-0.3368800123202778,-0.22788084118366045,-0.23835516549797123
-3.0,-0.18799534663365416,-0.1787380379056048,-0.2887683510729041,-0.24188429219569874,-0.2462680810073399
-1.0,-0.21111315179222573,-0.19321890443778228,-0.2540586711966457,-0.1838445948173482,-0.24298633639688125
-2.0,-0.23190363423909469,-0.11773491828266236,-0.4142001946578432,-0.27421168635407467,-0.26442522199353713
-2.0,-0.17263000057629996,0.05170477957690308,-0.30679562186621506,-0.35052280350089493,-0.3096872605914865
-2.0,-0.2563623557449683,-0.1960174454879422,-0.32629870627714413,-0.4426644513254422,-0.3166147903749886
-3.0,-0.2675292198019719,-0.2085681195698959,-0.33234443700238436,-0.3282660284423318,-0.3112874273856455
-3.0,-0.29707987950097076,-0.010199824247328668,-0.23045131436816577,-0.18722876665960345,-0.2855905950922772
-1.0,-0.2962405163619613,-0.1525080077800655,-0.2540586711966457,-0.24135431561166903,-0.2800429242049387
-2.0,-0.2565019148713163,0.004163434314104069,-0.30230644041252586,-0.28837087448477783,-0.28545513649074167
-2.0,-0.2563623557449683,-0.1960174454879422,-0.3600228528086265,-0.44082129455667934,-0.3532190974299018
-2.0,-0.23339924774381032,-0.283588265603799,-0.3225159239784213,-0.35392088031576924,-0.33610904073208775
2.0,-0.26056127727523576,-0.4042225543719944,-0.1839763505595719,-0.21037121413299006,-0.196489992535896
-1.0,-0.25909365691936553,-0.49057987652885005,-0.1650570817857927,-0.21513695311243347,-0.2335095810294157
-1.0,-0.25909365691936553,-0.49057987652885005,-0.24520714409231634,-0.23794102172100495,-0.289575004644868
1.0,-0.26056127727523576,-0.4042225543719944,-0.19485971958536474,-0.22025120937464007,-0.22268311036583793
-3.0,-0.25909365691936553,-0.49057987652885005,-0.1582932423978003,-0.2666678837684403,-0.16410243098789107
-3.0,-0.23339924774381032,-0.283588265603799,-0.4835173457189832,-0.42281486250977374,-0.47633677286701076
-2.0,-0.17906832884899382,-0.3192884691694891,-0.3269870966889851,-0.30976494451458475,-0.38772807083323196
2.0,-0.19939343247037536,-0.7054322980667447,-0.19610437076410603,-0.24534657375308258,-0.26714426844275924
-1.0,-0.199446754433657,-0.6367286304000053,-0.20343350462480436,-0.3201953620277401,-0.30484849321331714
-1.0,-0.19807208034710708,-0.6569891606352237,-0.27109286898115437,-0.3321772885618681,-0.36886256195474143
1.0,-0.1967641798157161,-0.6360673469545807,-0.18274996124108947,-0.22666304098907367,-0.25143888667661796
-3.0,-0.199446754433657,-0.6367286304000053,-0.13284352537767075,-0.29408137852644634,-0.2936467282349188
-3.0,-0.17906832884899382,-0.3192884691694891,-0.5178916188794335,-0.4713412757207759,-0.6193357185661368
-2.0,-0.3657508535612199,-0.5979477432148542,-0.3310843531666491,-0.340672767693557,-0.3639318663416475
2.0,-0.3890622941829425,-0.43621506778990726,-0.1839763505595719,-0.2687170272684123,-0.2600551345880396
-1.0,-0.3657508535612199,-0.5979477432148542,-0.17989085446940029,-0.24323352846746374,-0.22955994855235926
-1.0,-0.345516115988655,-0.4839681538473474,-0.24548390931534397,-0.29008091847055545,-0.3224771084386531
1.0,-0.3829493265759931,-0.3855380641322128,-0.17717150217271685,-0.31322178395506545,-0.3482475651711969
-3.0,-0.3657508535612199,-0.5979477432148542,-0.15537770952639768,-0.2884710436585834,-0.19886882909977574
-3.0,-0.3781032654738902,-0.29138794306751564,-0.5074450667531714,-0.3801949791227333,-0.6636263444508976
-2.0,-0.38497512252390864,-0.46113282443503606,-0.34089087747307584,-0.2774317332618819,-0.3190859811824422
2.0,-0.36478279655088386,-0.34924431139838347,-0.19226160015161808,-0.20396556227198365,-0.18289566740962715
-1.0,-0.37265910106133404,-0.40539281455715337,-0.20343350462480436,-0.22884516964821552,-0.2756040804854576
-1.0,-0.3659864517621213,-0.5421522014143637,-0.2719366948764516,-0.27924049796410866,-0.2724640544887023
1.0,-0.38497512252390864,-0.46113282443503606,-0.17717150217271685,-0.2070099212412271,-0.18128731106623697
-3.0,-0.37265910106133404,-0.40539281455715337,-0.13284352537767075,-0.18002952150002258,-0.14799290734406
-3.0,-0.349323575321475,-0.4549649935971481,-0.5043672151292892,-0.46099361943221095,-0.4848867738985587
-2.0,-0.5761226223272752,-0.628239024523705,-0.3310843531666491,-0.5198434336325535,-0.691591873444591
2.0,-0.5831969804163375,-0.6547600109388061,-0.19658390969589595,-0.3593964808536986,-0.255192714515184
-1.0,-0.6046900530003867,-0.5536338431107184,-0.16364853457214495,-0.3524796852858431,-0.38484737487773324
-1.0,-0.6062742796868364,-0.6199513470125927,-0.2648507900714066,-0.4272607248168031,-0.3912453947931675
1.0,-0.6046900530003867,-0.5536338431107184,-0.1921016411347069,-0.3390667883161242,-0.35866446361618576
-3.0,-0.5669631395480912,-0.6186197748809904,-0.16265028818554192,-0.36272856003256726,-0.40270993318403403
-3.0,-0.6062742796868364,-0.6199513470125927,-0.48656063718097775,-0.5949710884220385,-0.5354789323537315
-2.0,-0.1653548622904893,-0.3627906567666983,-0.3269870966889851,-0.25651337105999655,-0.17964792862383183
2.0,-0.19425990007203756,-0.5700050327654818,-0.19658390969589595,-0.17932806873788387,-0.1703921444792791
-1.0,-0.23206944536281848,-0.29361774022022435,-0.17245058238003777,-0.1862372408244805,-0.11497247717044867
-1.0,-0.17295855637335478,-0.28838639367177094,-0.2710329526655203,-0.17650353248207756,-0.15746404049829235
1.0,-0.20725807569375096,-0.2719084528919264,-0.19485971958536474,-0.05122699382233827,-0.09948014864203175
-3.0,-0.17295855637335478,-0.28838639367177094,-0.16265028818554192,-0.09324588617971756,-0.09763580499589976
-3.0,-0.19277619712269894,-0.3565868241901271,-0.5043672151292892,-0.3420607553724477,-0.3663375663444829
-2.0,-0.11786250805247772,-0.13841693477872197,-0.3310843531666491,-0.24304470219509533,-0.262330493360485
2.0,-0.11570045181269288,-0.1307776776851345,-0.20810698874411312,-0.13439308273779452,-0.2189743498061501
-1.0,-0.13675007150321902,-0.11686976528789422,-0.1713353807253476,-0.17497867033687528,-0.23819534554619023
-1.0,-0.0907424828759716,-0.05908144363303954,-0.25612206127992665,-0.20105592243439058,-0.2930301947583031
1.0,-0.11431658538311143,-0.09755711031381355,-0.17085456699671492,-0.1490368428031713,-0.1733398848521518
-3.0,-0.14700236786736695,-0.15393516884396888,-0.16723052915115144,-0.18367479458067715,-0.2115572753114649
-3.0,-0.13942302022693048,-0.1444042840821435,-0.5178916188794335,-0.41574200715566506,-0.5201484132419109
-2.0,-0.16670354839006493,0.6572752659638919,-0.3225159239784213,-0.15002023548148388,-0.06610947008483646
2.0,-0.1464271936116128,0.2991633391762946,-0.19610437076410603,-0.12000468574962664,-0.09491130871987367
-1.0,-0.18054858253923264,0.3614955577494387,-0.17989085446940029,-0.15200999044395413,-0.08790699395538347
-1.0,-0.1464271936116128,0.2991633391762946,-0.23800472188476515,-0.14321589511355484,-0.14498044999251453
1.0,-0.14016418242478737,0.44199240747877805,-0.19485971958536474,-0.09336632572558681,-0.08381613000816786
-3.0,-0.16670354839006493,0.6572752659638919,-0.16265028818554192,-0.06694262255848404,-0.01305895903873329
-3.0,-0.1692858342597953,0.23018161450062635,-0.5178916188794335,-0.4150363826384869,-0.372362160894561
-2.0,-0.22287343590596098,-0.4213245070587013,-0.349386075599399,-0.34759026355957795,-0.31068681186233094
2.0,-0.15188546232681838,-0.3206019318158807,-0.19610437076410603,-0.24209790047794844,-0.22673443131651186
-1.0,-0.15148393960574866,-0.04271217402313528,-0.14857186014951468,-0.2012255812586105,-0.11450094312566508
-1.0,-0.15148393960574866,-0.04271217402313528,-0.25612206127992665,-0.22387398069452127,-0.1006610179608368
1.0,-0.18842413257453358,-0.29420280630738505,-0.1921016411347069,-0.21267987963421686,-0.17042358200760163
-3.0,-0.174859582289949,-0.21627490382173556,-0.13284352537767075,-0.18793309849159506,-0.17660940742146658
-3.0,-0.18842413257453358,-0.29420280630738505,-0.5178916188794335,-0.4264668224065826,-0.5345725667054568
-2.0,-0.23476054925639847,-0.581050585120948,-0.3438817157388517,-0.2893267470201113,-0.3716536070527332
2.0,-0.23476054925639847,-0.581050585120948,-0.19389254261920352,-0.24632860206297125,-0.19410983179288793
-1.0,-0.2534983778535012,-0.8244160982429513,-0.16157802326679904,-0.2890311782633962,-0.2791325917161386
-1.0,-0.2141917879184981,-0.43450231351844026,-0.23800472188476515,-0.20349026584460475,-0.20077036403848417
1.0,-0.2534983778535012,-0.8244160982429513,-0.20649367932343354,-0.2428525459571356,-0.2479178216803419
-3.0,-0.23945291698869212,-0.6348354600704095,-0.14682514960732237,-0.18455266230021808,-0.18027530993957433
-3.0,-0.2141917879184981,-0.43450231351844026,-0.4810642781846786,-0.3529160232527412,-0.39579522765709346
-2.0,-0.18058214865535874,-0.12614897997463553,-0.3438817157388517,-0.24442375293889515,-0.25582734929999035
2.0,-0.18843178485258175,-0.29622095949149807,-0.202864424077834,-0.20918655229914834,-0.2534223213882175
-1.0,-0.15011523763539317,-0.4880298914276654,-0.1798282659677334,-0.1999476368090458,-0.22571816419323334
-1.0,-0.19511864876728843,-0.45324309957100756,-0.2858521481118829,-0.27539906598291114,-0.22453118004671094
1.0,-0.15011523763539317,-0.4880298914276654,-0.19027447260284105,-0.1925851273844945,-0.20525674488722487
-3.0,-0.18058214865535874,-0.12614897997463553,-0.16811368709218977,-0.13812128144698527,-0.04587114644423671
-3.0,-0.1626066878721489,-0.26072788703223754,-0.48981129010126695,-0.30051227092870725,-0.37645422053252153
-2.0,-0.12462385902533346,0.3633883870611984,-0.34089087747307584,-0.2821675580759362,-0.11345934357908459
2.0,-0.13190226953644626,0.38761307111549054,-0.19389254261920352,-0.11905936398948554,-0.14223297505796292
-1.0,-0.14402075734796768,-0.0049929185011588495,-0.20343350462480436,-0.22297506094028569,-0.06865509682467937
-1.0,-0.14402075734796768,-0.0049929185011588495,-0.2858521481118829,-0.23972919271503443,-0.17232732761225444
1.0,-0.11468876631905317,0.47545044572352035,-0.17085456699671492,-0.09198229502553908,-0.13653198902719801
-3.0,-0.11468876631905317,0.47545044572352035,-0.1582932423978003,-0.1098508596837761,-0.08876861015028985
-3.0,-0.11907923510337866,0.2918914041716086,-0.5178916188794335,-0.38932996982226076,-0.3298227717263711
-2.0,-0.22484558883936553,0.1421790822576213,-0.3310843531666491,-0.2826672288724143,-0.262330493360485
2.0,-0.25959879014702786,0.08063532582115106,-0.19658390969589595,-0.18312485273648396,-0.1703921444792791
-1.0,-0.24960073748266456,0.0076199285813540185,-0.14857186014951468,-0.264474322885217,-0.2282330284645665
-1.0,-0.26982347463429607,-0.3733076106917193,-0.27109286898115437,-0.31031001551424386,-0.32176013962537947
1.0,-0.22183706997942854,-0.0608360462956826,-0.19027447260284105,-0.18578996913155324,-0.20525674488722487
-3.0,-0.23128497062138062,-0.19115425107571196,-0.16945763248920756,-0.23900573044338333,-0.2408389925680374
-3.0,-0.25959879014702786,0.08063532582115106,-0.500765933276747,-0.4227665058385644,-0.3986217867874175
-2.0,-0.1788113000478697,-0.11868532322534368,-0.3225159239784213,-0.2638341790432126,-0.26211263802763046
2.0,-0.1827416004131471,0.09655006479539374,-0.21910414405230358,-0.09916999935380004,-0.1149764205010369
-1.0,-0.12276949916608108,0.17112012807863436,-0.20343350462480436,-0.15636608466447643,-0.015759475784331282
-1.0,-0.15173365599311867,0.06299934167904525,-0.2719366948764516,-0.1503715000394311,-0.11057813318758952
1.0,-0.1827416004131471,0.09655006479539374,-0.17085456699671492,-0.08376871207190126,-0.1347698459204901
-3.0,-0.18157837653529982,-0.14290855041935024,-0.16811368709218977,-0.13096239736853524,-0.06494754695660152
-3.0,-0.12276949916608108,0.17112012807863436,-0.4779899944145975,-0.3359457524891725,-0.3006324923273995
-2.0,-0.10057365170665968,0.19546298668573536,-0.3225159239784213,-0.16922972550801285,-0.0600121898862222
2.0,-0.10107790528993423,0.2117682219292194,-0.19610437076410603,-0.1049784249844031,-0.08000131192481728
-1.0,-0.10001791803366378,-0.3813581709218933,-0.20343350462480436,-0.1589800293438274,-0.09462345592560804
-1.0,-0.12831559227956868,0.24083414566588765,-0.2719366948764516,-0.18423427498477674,-0.10817712120921551
1.0,-0.10001791803366378,-0.3813581709218933,-0.19619084494139605,-0.14345809458556902,-0.10825492973986955
-3.0,-0.099034161424838,0.09131000026780806,-0.16209582112176255,-0.1320114668306612,-0.06873035481972456
-3.0,-0.099034161424838,0.09131000026780806,-0.48981129010126695,-0.36251219745427626,-0.25420316479871713
-2.0,-0.08351631537319601,-0.3032607737648876,-0.349386075599399,-0.2775638218032907,-0.33724437419879144
2.0,-0.15645775150341287,-0.44468707585745326,-0.202864424077834,-0.2014701806052028,-0.20860331436304114
-1.0,-0.15645775150341287,-0.44468707585745326,-0.16364853457214495,-0.23329370089120405,-0.17957944236616286
-1.0,-0.08629208709784397,-0.29279611412765183,-0.23800472188476515,-0.22853690982790953,-0.2579092390223661
1.0,-0.08351631537319601,-0.3032607737648876,-0.20649367932343354,-0.21224537353663903,-0.19402649299280192
-3.0,-0.08629208709784397,-0.29279611412765183,-0.15487609397038823,-0.14784979740640827,-0.1982322536167829
-3.0,-0.0705295341288817,-0.2529542351391461,-0.5043672151292892,-0.3742426843490115,-0.48099973357782067
-2.0,-0.12521559055205608,-0.14974550297031275,-0.3269870966889851,-0.2069475709003931,-0.1716891583571534
2.0,-0.10313970625267414,-0.532441057537125,-0.22971286058694318,-0.1854697382842159,-0.2482955157981501
-1.0,-0.06544558803963423,-0.25628761234066433,-0.16157802326679904,-0.1784497855349042,-0.21309850485934292
-1.0,-0.051832362962969454,-0.07208127181485907,-0.24520714409231634,-0.19904954902081304,-0.10487608008865873
1.0,-0.06172682485774278,-0.22790336236923095,-0.21031809499290613,-0.18763752311780585,-0.1939133820752012
-3.0,-0.10313970625267414,-0.532441057537125,-0.13284352537767075,-0.1353564423400166,-0.18093617752525143
-3.0,-0.06798367511579327,-0.18876760700484171,-0.48981129010126695,-0.3601148645975891,-0.30516177665802174
-2.0,-0.22803333527171057,-0.3020029318735035,-0.3225159239784213,-0.2801033126757787,-0.24531341623287417
2.0,-0.21266307372222565,-0.39943775922053854,-0.20962152615948235,-0.20699933740665125,-0.22333657530285322
-1.0,-0.23351917428717656,-0.36481284095692823,-0.16364853457214495,-0.22902693909586083,-0.17178223284791438
-1.0,-0.22245397460977576,-0.16762708484594566,-0.24548390931534397,-0.21184124544908645,-0.14965951534980473
1.0,-0.23442144110863894,-0.34357865694366024,-0.19619084494139605,-0.19797725242395683,-0.12706030734534357
-3.0,-0.20467724937859963,-0.3614397340490905,-0.1582932423978003,-0.21758406960051113,-0.15987182961756316
-3.0,-0.23351917428717656,-0.36481284095692823,-0.5178916188794335,-0.4260794418479697,-0.39501653186409313
-2.0,-0.05201815592169932,0.22481969388526282,-0.3269870966889851,-0.35955008983911324,-0.3728651087432351
2.0,-0.05201815592169932,0.22481969388526282,-0.202864424077834,-0.2320259904596313,-0.2534223213882175
-1.0,-0.10365501552287472,-0.3315009906991803,-0.16157802326679904,-0.24219326757390452,-0.22692698187020957
-1.0,-0.09963527913043317,-0.2476898614161335,-0.25612206127992665,-0.2597560861230823,-0.3187021052865961
1.0,-0.05201815592169932,0.22481969388526282,-0.1921016411347069,-0.23090364759522397,-0.20459189504394534
-3.0,-0.07897168915446272,-0.15409024171013155,-0.15537770952639768,-0.32623319032732,-0.17921173745805896
-3.0,-0.05201815592169932,0.22481969388526282,-0.5178916188794335,-0.4583309316153123,-0.5342530835164917
-2.0,-0.1405852974179976,0.06286613526460313,-0.3438817157388517,-0.3047926108345879,-0.27217260962244566
2.0,-0.13245705787935133,0.3062631251194108,-0.20810698874411312,-0.09270276852025149,-0.1504315297797394
-1.0,-0.1372195325920309,-0.05026646768414685,-0.20343350462480436,-0.24375022672290814,-0.2756040804854576
-1.0,-0.08001358706922822,0.19173608528736588,-0.2719366948764516,-0.22162706722713008,-0.26019004484127295
1.0,-0.13245705787935133,0.3062631251194108,-0.19027447260284105,-0.13268158639425348,-0.12442013038578721
-3.0,-0.08001358706922822,0.19173608528736588,-0.16945763248920756,-0.23451107723042072,-0.16784400939377472
-3.0,-0.1405852974179976,0.06286613526460313,-0.5074450667531714,-0.4442746497585862,-0.5484688886659623
-2.0,-0.2093635489089498,-0.22570279783606242,-0.33085982601351116,-0.36890078291654965,-0.35396967671240953
2.0,-0.19709053195036538,-0.3036528384547777,-0.19389254261920352,-0.26948071049737177,-0.1787622928759517
-1.0,-0.20818960801742684,-0.4681079540992175,-0.1798282659677334,-0.2524670878348392,-0.22876899251596136
-1.0,-0.15877533753081505,-0.15944192792880243,-0.23820598726607167,-0.2124624529837688,-0.268668769995347
1.0,-0.2302081698277912,-0.2547983379893979,-0.19521820383920596,-0.2257133062837108,-0.20983094606362718
-3.0,-0.18382734305896767,-0.35158570065913963,-0.16723052915115144,-0.2675951569699998,-0.2115572753114649
-3.0,-0.17557991076608098,-0.2211001962205201,-0.5178916188794335,-0.45456296826762965,-0.5201484132419109
-2.0,-0.2910764758007567,-0.45996203261476304,-0.3269870966889851,-0.4014408396983247,-0.4021412538461967
2.0,-0.2630555530111684,-0.10050558849980758,-0.19658390969589595,-0.2572256996857278,-0.23524403454837145
-1.0,-0.31048301133956463,-0.2500509263830279,-0.20343350462480436,-0.28861248870656153,-0.30484849321331714
-1.0,-0.2630555530111684,-0.10050558849980758,-0.24548390931534397,-0.28844749680665643,-0.3224771084386531
1.0,-0.2718891145570989,-0.1391684395347993,-0.17085456699671492,-0.24285617464129408,-0.19339728899403472
-3.0,-0.2910764758007567,-0.45996203261476304,-0.16945763248920756,-0.2399813628131318,-0.2895437100674018
-3.0,-0.2913561514703515,-0.14247030550294004,-0.48656063718097775,-0.4714436074192269,-0.5737894155730647
-2.0,-0.31512739340281826,-0.363952235286531,-0.3225159239784213,-0.36461356708156456,-0.45919692764244946
2.0,-0.29789887681566973,-0.4057206204923917,-0.19610437076410603,-0.3995703140342675,-0.26714426844275924
-1.0,-0.2718891145570989,-0.44180319949164437,-0.1650570817857927,-0.40228936973994966,-0.2713066674973774
-1.0,-0.2718891145570989,-0.44180319949164437,-0.24520714409231634,-0.45411065783643334,-0.30336939910924887
1.0,-0.27356231395633296,-0.4265319475384726,-0.18274996124108947,-0.34717093364342244,-0.24823523464500916
-3.0,-0.2913561514703515,-0.39778340564717346,-0.14682514960732237,-0.25903491421462893,-0.360026890764236
-3.0,-0.301383802061479,-0.4455449510083247,-0.48981129010126695,-0.5165103701261663,-0.5707905272036811
-2.0,-0.2601297909054327,-0.08439647535447761,-0.3438817157388517,-0.2693094751869325,-0.25582734929999035
2.0,-0.2759634284451036,-0.6051321332940645,-0.20962152615948235,-0.1590823155852984,-0.19242028492600272
-1.0,-0.25314745914264497,-0.39226902623066606,-0.16364853457214495,-0.204505887798141,-0.17957944236616286
-1.0,-0.2601297909054327,-0.08439647535447761,-0.27109286898115437,-0.24569556942907395,-0.20288269699173722
1.0,-0.2601297909054327,-0.08439647535447761,-0.21031809499290613,-0.1525250868827046,-0.1939133820752012
-3.0,-0.2759634284451036,-0.6051321332940645,-0.14682514960732237,-0.18463544231198759,-0.14063621708344926
-3.0,-0.2759634284451036,-0.6051321332940645,-0.48656063718097775,-0.4382049417413451,-0.4814352856372647
-2.0,-0.2576223994479334,-0.17468688006214364,-0.33085982601351116,-0.2785321953068592,-0.302079054971284
2.0,-0.2620952523106265,0.10506048844598614,-0.19226160015161808,-0.17332088879575705,-0.14028652299581282
-1.0,-0.25038833790600856,-0.15266962406091947,-0.1650570817857927,-0.20096496228671878,-0.16807886410997092
-1.0,-0.2821420928300617,-0.10040967596095507,-0.2648507900714066,-0.2508246361752454,-0.25404300458584733
1.0,-0.2762500039857172,-0.10865693620350743,-0.19027447260284105,-0.19600664840799092,-0.20525674488722487
-3.0,-0.2620952523106265,0.10506048844598614,-0.15537770952639768,-0.251941920877656,-0.15230644155619608
-3.0,-0.2620952523106265,0.10506048844598614,-0.4758883933367624,-0.4549707781239047,-0.42112328800866705
-2.0,-0.2885844492572454,-0.5181957801618953,-0.3258039554100814,-0.2745826579437014,-0.2890340811571396
2.0,-0.29199073350618204,-0.6114834219084477,-0.202864424077834,-0.15906757198097846,-0.15510505509430011
-1.0,-0.313332732645558,-0.7195490531544405,-0.17280726947701447,-0.23457239656415238,-0.20394813527489875
-1.0,-0.2885844492572454,-0.5181957801618953,-0.24520714409231634,-0.1924116185475284,-0.17631847097169961
1.0,-0.30474277313161874,-0.4529275094042525,-0.17717150217271685,-0.14732724742528186,-0.17040393657448286
-3.0,-0.30474277313161874,-0.4529275094042525,-0.14682514960732237,-0.1615831527697529,-0.14063621708344926
-3.0,-0.29199073350618204,-0.6114834219084477,-0.5178916188794335,-0.33767493637877005,-0.38307913585683095
-2.0,-0.24005814311070245,-0.00790533567013113,-0.3258039554100814,-0.30190217834212757,-0.2890340811571396
2.0,-0.24984136286470193,-0.24816614578646928,-0.1839763505595719,-0.18692182664496368,-0.18150583884203358
-1.0,-0.26147203173234373,-0.4315608907251894,-0.17245058238003777,-0.2714526002768395,-0.23023224377866552
-1.0,-0.24005814311070245,-0.00790533567013113,-0.24520714409231634,-0.23672704073678008,-0.17631847097169961
1.0,-0.24984136286470193,-0.24816614578646928,-0.19485971958536474,-0.19530847570039955,-0.20503674905849217
-3.0,-0.24005814311070245,-0.00790533567013113,-0.1582932423978003,-0.23756462018785887,-0.15386972029182125
-3.0,-0.24750369557240234,-0.16424923191016177,-0.500765933276747,-0.45978977599477194,-0.4022146151824033
-2.0,-0.1680492155754528,-0.376980843144811,-0.3258039554100814,-0.3327073812621947,-0.29503619048288143
2.0,-0.19794450485134385,-0.3738813345320203,-0.1839763505595719,-0.17005877634031502,-0.18150583884203358
-1.0,-0.18460628723947337,-0.39155798335320086,-0.1713353807253476,-0.18303891378763135,-0.1854151321357555
-1.0,-0.1858455104694568,-0.42745012834661256,-0.23820598726607167,-0.3054062040823054,-0.19714380579759655
1.0,-0.18241162680291045,-0.3198040986477857,-0.1921016411347069,-0.1615161194270212,-0.12672272835766957
-3.0,-0.2091548174375251,-0.32748388685195573,-0.13284352537767075,-0.2129495185270122,-0.07655594622019729
-3.0,-0.19794450485134385,-0.3738813345320203,-0.48981129010126695,-0.4201890029240905,-0.5210512696199097
-2.0,-0.1932100387741731,0.03471680239584699,-0.3438817157388517,-0.18200784361331185,-0.23584655849061542
2.0,-0.19902541487299188,0.49643639104960685,-0.20962152615948235,-0.11109846760925016,-0.1569844999387289
-1.0,-0.17715666799778826,0.32806802751184694,-0.14857186014951468,-0.10472062506420421,-0.11879891557467592
-1.0,-0.1932100387741731,0.03471680239584699,-0.27109286898115437,-0.18926876281056354,-0.2001990745050962
1.0,-0.15409379608216375,0.4168466198497354,-0.17085456699671492,-0.13361975406170454,-0.08593499927199592
-3.0,-0.176627169026673,0.4246673593404037,-0.15537770952639768,-0.08168673744210343,-0.1596633728436702
-3.0,-0.19902541487299188,0.49643639104960685,-0.48656063718097775,-0.3178033017162029,-0.4289528593563431
-2.0,-0.15886882136642574,-0.008884760995410253,-0.3269870966889851,-0.3616288025832869,-0.3756380548076384
2.0,-0.14943619508740358,-0.16262151022773041,-0.1839763505595719,-0.18965383922652979,-0.21284483121127215
-1.0,-0.16276873548021933,-0.20311220053524795,-0.16157802326679904,-0.2532326492298909,-0.2791325917161386
-1.0,-0.15886882136642574,-0.008884760995410253,-0.2719366948764516,-0.2891101693349944,-0.29963257285897427
1.0,-0.15886882136642574,-0.008884760995410253,-0.1921016411347069,-0.21563862378796658,-0.20459189504394534
-3.0,-0.16163594159511968,-0.13490044119192174,-0.15487609397038823,-0.24678818918248757,-0.19075657560899967
-3.0,-0.1751174934393845,-0.1887786227027047,-0.5074450667531714,-0.49504696753962385,-0.6530659163078117
-2.0,-0.16560058209823486,0.145857530946844,-0.3190637317194768,-0.25475146730728954,-0.2886796780613342
2.0,-0.16560058209823486,0.145857530946844,-0.19610437076410603,-0.21267216604786085,-0.09859638632691042
-1.0,-0.14564363551308473,0.270308917679643,-0.20343350462480436,-0.1518046261806183,-0.04680085847439767
-1.0,-0.16372835517309473,0.24667581008603232,-0.24548390931534397,-0.24076723976661538,-0.2839594899084645
1.0,-0.16302677554761433,0.19009079930778083,-0.19485971958536474,-0.22386177015495387,-0.14962366211433603
-3.0,-0.15748231737372817,0.22514449614227852,-0.16265028818554192,-0.1414518770270661,-0.1703363008333233
-3.0,-0.16372835517309473,0.24667581008603232,-0.500765933276747,-0.42299786619726815,-0.4608596907610447
-2.0,-0.5211214078508403,-0.42916927515015646,-0.3438817157388517,-0.5731613064336567,-0.4347510037448303
2.0,-0.5286120973289714,-0.5219928150193021,-0.21910414405230358,-0.35458428090262717,-0.23521812858007274
-1.0,-0.5138357254292184,-0.5208896063206824,-0.1798282659677334,-0.41482568441857043,-0.4515917577423811
-1.0,-0.5211214078508403,-0.42916927515015646,-0.27109286898115437,-0.4706171958129484,-0.3608686952684065
1.0,-0.5286120973289714,-0.5219928150193021,-0.17085456699671492,-0.31470107567707023,-0.2635190761591027
-3.0,-0.545464282173734,-0.36513778658539225,-0.16945763248920756,-0.4022382801390717,-0.2947015878048859
-3.0,-0.5478527539336183,-0.5079364962376849,-0.4779899944145975,-0.5087567447442369,-0.5976593553729459
-2.0,-0.07720275752669985,0.007595058276010684,-0.34089087747307584,-0.1914058790002076,-0.13500283163605742
2.0,-0.08922923926441158,0.05349988497707845,-0.19226160015161808,-0.05879682029316293,-0.030404332301128052
-1.0,-0.13550764553188402,-0.09214940256913988,-0.20343350462480436,-0.13129543154467863,-0.04384601349595708
-1.0,-0.09466609907958956,-0.12611676602136843,-0.25612206127992665,-0.14591326110959063,-0.07727658204155106
1.0,-0.10233657633522011,-0.3780577365344077,-0.1921016411347069,-0.1100357175727638,-0.09160325376663973
-3.0,-0.1068010009700715,-0.07027531368943118,-0.16811368709218977,-0.05243921319431664,-0.05608383403308514
-3.0,-0.08674513555558147,0.06887073421901695,-0.4810642781846786,-0.2651166560314854,-0.2604191856063354
-2.0,-0.10397220043115595,-0.04143615987093542,-0.3310843531666491,-0.16435442817371373,-0.18166615766792263
2.0,-0.12143417423098946,0.015199244369869884,-0.22971286058694318,-0.11155979247314504,-0.11782268842431133
-1.0,-0.10397220043115595,-0.04143615987093542,-0.17989085446940029,-0.0870308920176832,-0.10112311152123758
-1.0,-0.10860670583928586,0.010164619833655684,-0.27109286898115437,-0.15665812210340532,-0.16692874747531736
1.0,-0.10582444638537876,-0.07867230888457007,-0.19027447260284105,-0.11096962412943286,-0.1423964371375885
-3.0,-0.09921241220074933,-0.05588037176403062,-0.14682514960732237,-0.04659030661936162,-0.1263800817353036
-3.0,-0.09921241220074933,-0.05588037176403062,-0.48656063718097775,-0.2901406001970623,-0.3329263268641628
-2.0,-0.0968794471641379,-0.03302096311476902,-0.33085982601351116,-0.1933840898756776,-0.24112165119934142
2.0,-0.0968794471641379,-0.03302096311476902,-0.22971286058694318,-0.11789067951121772,-0.131593372655573
-1.0,-0.06665875608847402,-0.3245467842646635,-0.17989085446940029,-0.15736504353323413,-0.1408341650608243
-1.0,-0.08670326894509182,-0.09993967172080782,-0.2719366948764516,-0.16365275948919714,-0.11057813318758952
1.0,-0.0968794471641379,-0.03302096311476902,-0.19619084494139605,-0.11789067951121772,-0.12243056884511865
-3.0,-0.0968794471641379,-0.03302096311476902,-0.13284352537767075,-0.07344632923571721,-0.07332614330514024
-3.0,-0.06919972317372466,-0.021903415531137987,-0.500765933276747,-0.2950198072197414,-0.26262754270626637
-2.0,-0.05679331032382116,-0.14785730684798484,-0.349386075599399,-0.22843562424077632,-0.31891341496742476
2.0,-0.0860733861396196,-0.18556966687259951,-0.202864424077834,-0.11198997418579494,-0.16736982510455203
-1.0,-0.05414220662451233,0.04875276686298606,-0.17989085446940029,-0.12423326663071298,-0.13837484915038994
-1.0,-0.05414220662451233,0.04875276686298606,-0.23820598726607167,-0.15709586477083612,-0.16090467263329566
1.0,-0.0860733861396196,-0.18556966687259951,-0.1921016411347069,-0.1197056198254305,-0.13803772509686518
-3.0,-0.09084256631513696,-0.2430165806358644,-0.14682514960732237,-0.08382583084326588,-0.11229594013562559
-3.0,-0.07202422887911884,-0.040177435938374285,-0.4835173457189832,-0.3024325290090839,-0.4052635944917261
-2.0,-0.07500963384659858,0.025138612515136143,-0.3438817157388517,-0.1587562498758654,-0.2508267839026678
2.0,-0.07149000460674147,0.12403994164345998,-0.19610437076410603,-0.10012727707574876,-0.002211715406781475
-1.0,-0.07500963384659858,0.025138612515136143,-0.17280726947701447,-0.1261810627091059,-0.14926309840036595
-1.0,-0.09588269746850694,-0.10572791556193356,-0.24520714409231634,-0.17101895382689267,-0.1408174799554051
1.0,-0.08670896982250278,-0.20842785893711635,-0.19485971958536474,-0.10644078417112993,-0.12061928305506185
-3.0,-0.07500963384659858,0.025138612515136143,-0.16811368709218977,-0.06672435830247006,-0.05896144032629916
-3.0,-0.07698010034048441,-0.07665450180113263,-0.4758883933367624,-0.29177263134110676,-0.32168766218939854
-2.0,-0.08942190818766402,-0.011494000714638205,-0.3269870966889851,-0.11970517152399049,-0.19547187249728054
2.0,-0.06734900433786417,-0.5177008075053134,-0.19658390969589595,-0.09448523055795513,-0.1224726598503923
-1.0,-0.10179386525558266,-0.4140002505944456,-0.1650570817857927,-0.1447156788383113,-0.11564128161191362
-1.0,-0.06734900433786417,-0.5177008075053134,-0.24548390931534397,-0.13445232726113351,-0.09274046234653788
1.0,-0.06734900433786417,-0.5177008075053134,-0.20649367932343354,-0.08542826060165493,-0.09731423968942292
-3.0,-0.08736432723172986,-0.4465029143286361,-0.13284352537767075,-0.06654776546965277,-0.08120049801460894
-3.0,-0.06734900433786417,-0.5177008075053134,-0.500765933276747,-0.23900950940229243,-0.3817997220576322
-2.0,-0.11960495867740008,0.0477089896128801,-0.3258039554100814,-0.18936123761541857,-0.21841083942597572
2.0,-0.11960495867740008,0.0477089896128801,-0.21910414405230358,-0.1264872690904397,-0.12278395364969147
-1.0,-0.09039242362450704,0.26049643343705714,-0.17280726947701447,-0.09629151044945566,-0.18194996605999017
-1.0,-0.11805444065296285,0.2979758921853985,-0.2858521481118829,-0.16040518248723987,-0.10400627002613237
1.0,-0.10702830654644532,0.29244808152953194,-0.1921016411347069,-0.10180317182921565,-0.09160325376663973
-3.0,-0.11102475817834957,0.13832252536062883,-0.16209582112176255,-0.12093356207274232,-0.06364599458025876
-3.0,-0.06491513562458025,0.2979758921853985,-0.4835173457189832,-0.2456981911756942,-0.4052635944917261
-2.0,-0.12204810216153324,-0.19918795615354218,-0.3269870966889851,-0.26757184431194453,-0.2921740056949596
2.0,-0.12883195417036955,-0.11280838756434614,-0.20962152615948235,-0.1939436304878238,-0.17300390726843018
-1.0,-0.148990806085823,-0.13488147087917182,-0.17280726947701447,-0.21008215128436736,-0.15297568093345715
-1.0,-0.1030890746020156,-0.23455461165517558,-0.23800472188476515,-0.20908337542831112,-0.20077036403848417
1.0,-0.13497254046988988,-0.17232991395314712,-0.20649367932343354,-0.20827053119330483,-0.19844537946931487
-3.0,-0.12204810216153324,-0.19918795615354218,-0.16945763248920756,-0.17816826186003018,-0.14597199186923648
-3.0,-0.13761469280789143,-0.15202364604974722,-0.5043672151292892,-0.30990106599458045,-0.3154211174139643
-2.0,-0.12454141220698654,-0.3634995998657052,-0.34089087747307584,-0.3110428168860146,-0.20164774883887795
2.0,-0.13648168801599703,-0.36732534118377624,-0.1839763505595719,-0.17998966374963152,-0.17017321847472905
-1.0,-0.13880640057066698,-0.38274580276902787,-0.17280726947701447,-0.224212551660796,-0.1772547467369358
-1.0,-0.1346022248559717,-0.1651944359759613,-0.2710329526655203,-0.22480166766487314,-0.1656815317939043
1.0,-0.14696870360972683,-0.22310496714171135,-0.19521820383920596,-0.19007227634303758,-0.11724876825316217
-3.0,-0.13889449614733074,-0.3719372787106998,-0.16723052915115144,-0.1367688333753134,-0.11249630442490918
-3.0,-0.11439677752142657,-0.23192294551220619,-0.4758883933367624,-0.3034750380315199,-0.4158090850580617
-2.0,-0.21329605106713137,0.04297740912351342,-0.33085982601351116,-0.2742359950152,-0.302079054971284
2.0,-0.21646547127845253,0.10320476197576701,-0.20810698874411312,-0.2143386030017918,-0.18544605592917524
-1.0,-0.21329605106713137,0.04297740912351342,-0.20343350462480436,-0.20611099278113523,-0.14269907322869615
-1.0,-0.22564089872008325,0.0006304327647113361,-0.23800472188476515,-0.17910913677197496,-0.14847343440431518
1.0,-0.21348932554737432,-0.03709463971947722,-0.18274996124108947,-0.16970142272233205,-0.16615146203593942
-3.0,-0.1867377754264406,-0.03965534763968468,-0.1582932423978003,-0.13517910357026267,-0.13010716065459713
-3.0,-0.22204022891723801,-0.0472647127104543,-0.500765933276747,-0.3455242133105833,-0.43902218214111854
-2.0,-0.5998433123796,-0.5200970664982978,-0.3438817157388517,-0.3589151821729333,-0.3716536070527332
2.0,-0.5828232887563611,-0.39574404504675653,-0.19610437076410603,-0.14332456128424276,-0.1971944955793385
-1.0,-0.5828232887563611,-0.39574404504675653,-0.1713353807253476,-0.15593793404435408,-0.24378290482672924
-1.0,-0.6052837601020183,-0.6765692165956615,-0.2858521481118829,-0.27125478411579124,-0.3045324436304179
1.0,-0.6062742796868364,-0.5790754664754688,-0.17717150217271685,-0.21733881206894326,-0.17494554744141005
-3.0,-0.6046900530003868,-0.659972528119836,-0.16945763248920756,-0.2739999005524244,-0.2408389925680374
-3.0,-0.5998433123796,-0.5200970664982978,-0.5074450667531714,-0.4538232972369718,-0.5780416964908222
-2.0,-0.22541413756250483,-0.34610244751950736,-0.3317532514603986,-0.3116416290444091,-0.3315565845342366
2.0,-0.2611736109790154,-0.29245048108180743,-0.20810698874411312,-0.30348988472752586,-0.2740284612355348
-1.0,-0.22240899830883754,-0.2911687770573768,-0.1650570817857927,-0.2648225993011616,-0.23579489688760114
-1.0,-0.25591488578043053,-0.22583257069604099,-0.2858521481118829,-0.2814636741494829,-0.33093758679067475
1.0,-0.24416127100475554,-0.2560274503103559,-0.18274996124108947,-0.23182956470011035,-0.25143888667661796
-3.0,-0.25591488578043053,-0.22583257069604099,-0.13284352537767075,-0.2227049101757618,-0.15880170352068212
-3.0,-0.25591488578043053,-0.22583257069604099,-0.4779899944145975,-0.4167625556923112,-0.5157484822337536
-2.0,-0.26444898548848256,-0.17309292039736776,-0.33085982601351116,-0.31224754523144416,-0.3646211481180003
2.0,-0.2671483610032489,-0.08900908502314282,-0.19389254261920352,-0.22239014482757916,-0.20550173134865454
-1.0,-0.2637154295107747,-0.013940901985457388,-0.1798282659677334,-0.2079460018711594,-0.22571816419323334
-1.0,-0.25510720687351496,-0.5583913986221156,-0.2719366948764516,-0.3397099630830742,-0.273776225564002
1.0,-0.25510720687351496,-0.5583913986221156,-0.1921016411347069,-0.29718070031163263,-0.21579249557518923
-3.0,-0.25510720687351496,-0.5583913986221156,-0.16945763248920756,-0.25673975046945857,-0.3116881950152184
-3.0,-0.2676516707546464,-0.02095798482240796,-0.500765933276747,-0.450999521374095,-0.41557959587788773
-2.0,-0.24464629892782327,-0.11142124391654157,-0.3269870966889851,-0.24125182129525996,-0.2843767961767112
2.0,-0.22580892997889104,-0.07567578922722579,-0.19658390969589595,-0.19914676058564276,-0.1739849728742649
-1.0,-0.2570638424998879,-0.2165028030496874,-0.1713353807253476,-0.23154917457605986,-0.24378290482672924
-1.0,-0.22067407793589855,-0.03495111427647661,-0.24520714409231634,-0.2307707813382445,-0.17631847097169961
1.0,-0.2570638424998879,-0.2165028030496874,-0.19521820383920596,-0.22291689427008002,-0.20983094606362718
-3.0,-0.2570638424998879,-0.2165028030496874,-0.15487609397038823,-0.17416356778866682,-0.1982322536167829
-3.0,-0.22067407793589855,-0.03495111427647661,-0.5043672151292892,-0.40986629081381726,-0.5074039353516102
-2.0,-0.18482957121717083,-0.34209029229849813,-0.3269870966889851,-0.3085615354088176,-0.3767295050912927
2.0,-0.1586701415699987,0.173527980174678,-0.19226160015161808,-0.17192281646381694,-0.14028652299581282
-1.0,-0.18482957121717083,-0.34209029229849813,-0.16364853457214495,-0.2795852838128098,-0.23031518281176983
-1.0,-0.19650777565945898,-0.14172003587140508,-0.2648507900714066,-0.28568140723654956,-0.29574030526884065
1.0,-0.19185339906971288,-0.23804257484260305,-0.21031809499290613,-0.19729486486277778,-0.18043889975110938
-3.0,-0.19076257420742257,-0.2050668409262443,-0.15487609397038823,-0.18013741699519015,-0.13363544243994438
-3.0,-0.1586701415699987,0.173527980174678,-0.4758883933367624,-0.2771297794179636,-0.42112328800866705
-2.0,-0.22495326474538027,-0.18543284101388474,-0.33085982601351116,-0.25331827054120265,-0.30494890023520616
2.0,-0.22495326474538027,-0.18543284101388474,-0.22971286058694318,-0.15552120190761148,-0.1518018085730213
-1.0,-0.22342172810757727,-0.2906243299776486,-0.1650570817857927,-0.2304670105121804,-0.2335095810294157
-1.0,-0.2617562597471232,-0.31790846956141855,-0.25612206127992665,-0.22435556291756212,-0.3187021052865961
1.0,-0.2703398083378153,-0.3205363555378047,-0.21031809499290613,-0.2648287990389742,-0.2458101872736932
-3.0,-0.22047600742754325,-0.25352580441952677,-0.14682514960732237,-0.1762343611375957,-0.1164743629993824
-3.0,-0.20709153449053921,-0.22173225245545028,-0.500765933276747,-0.38702686494276445,-0.4608596907610447
-2.0,-0.20300517174466334,-0.30093269254447985,-0.3317532514603986,-0.2757802796516257,-0.3293342924559357
2.0,-0.1837363443720488,-0.17185643164506065,-0.21910414405230358,-0.18131352378353854,-0.12014470013967694
-1.0,-0.19907091748848235,-0.14247950967301629,-0.16157802326679904,-0.18282959522441844,-0.21309850485934292
-1.0,-0.1837363443720488,-0.17185643164506065,-0.24520714409231634,-0.2214631422525218,-0.10487608008865873
1.0,-0.19462708324067227,-0.04182359091793117,-0.21031809499290613,-0.16675015052991204,-0.19122975958856017
-3.0,-0.20683592729634834,-0.059232969401269736,-0.15537770952639768,-0.14826876819960366,-0.15291387586741068
-3.0,-0.20574010173724178,-0.12448317336166638,-0.48656063718097775,-0.304997117978351,-0.4374788061691821
-2.0,-0.28334927770716906,-0.36458244044454474,-0.34089087747307584,-0.29201631443563425,-0.2443073043459472
2.0,-0.22500718439696848,-0.22993568777606666,-0.19389254261920352,-0.15583174506312836,-0.17734058204277156
-1.0,-0.2908878032932732,-0.30225142931401855,-0.20343350462480436,-0.24510146096645608,-0.27810497853282024
-1.0,-0.2908878032932732,-0.30225142931401855,-0.2858521481118829,-0.28133338305767813,-0.30440715966483656
1.0,-0.2881998656889064,-0.2662991964628616,-0.17085456699671492,-0.18763989411824034,-0.16974367109115363
-3.0,-0.25432875346108463,-0.22881616345475428,-0.16945763248920756,-0.12231223269828556,-0.08322575307672486
-3.0,-0.27653232229221125,-0.22897750393796823,-0.48981129010126695,-0.3272327669959516,-0.34956988401744343
-2.0,-0.4297193422686861,-0.4920473534652318,-0.3269870966889851,-0.2203041342389176,-0.2921740056949596
2.0,-0.4301680001897616,-0.4704241137843244,-0.1839763505595719,-0.22112652003909847,-0.18150583884203358
-1.0,-0.4979285847900525,-0.5277107170519398,-0.16157802326679904,-0.2544384814249321,-0.2722457080417571
-1.0,-0.39108091139156625,-0.37276439081020385,-0.24520714409231634,-0.2549636830071281,-0.30888754938067015
1.0,-0.4301680001897616,-0.4704241137843244,-0.19485971958536474,-0.23100651528074845,-0.20503674905849217
-3.0,-0.4134003774637491,-0.48595970746104605,-0.16265028818554192,-0.2594174706397534,-0.21827413953523334
-3.0,-0.39108091139156625,-0.37276439081020385,-0.5043672151292892,-0.378092779696729,-0.504199318634361
-2.0,-0.38279010853237755,-0.2818377339221729,-0.34089087747307584,-0.29488291667398187,-0.36915880238076926
2.0,-0.3622657016602825,-0.1273798617343187,-0.19610437076410603,-0.2716895009380754,-0.1989823393074147
-1.0,-0.34842252057742146,-0.24133900483641849,-0.1798282659677334,-0.22120681144550608,-0.2935704105663099
-1.0,-0.3698601224301426,-0.08412655702733707,-0.25612206127992665,-0.2774788428093084,-0.3187021052865961
1.0,-0.38279010853237755,-0.2818377339221729,-0.17717150217271685,-0.25770683322180676,-0.21776405953627076
-3.0,-0.3140095944452935,-0.22023647023521872,-0.16811368709218977,-0.1905509604752883,-0.242174632606795
-3.0,-0.3698601224301426,-0.08412655702733707,-0.48981129010126695,-0.48248443519831763,-0.500182399550275
-2.0,-0.3387285222535736,-0.12651071589752294,-0.33085982601351116,-0.28993196133924887,-0.30494890023520616
2.0,-0.31600533863807795,-0.06528366889426805,-0.20962152615948235,-0.1627107129533183,-0.19242028492600272
-1.0,-0.33536668249781176,-0.15442267037164645,-0.16364853457214495,-0.1935428051486716,-0.16627603609401095
-1.0,-0.320066127475927,-0.11063804197523353,-0.2710329526655203,-0.2141724627876407,-0.2897338365602397
1.0,-0.33536668249781176,-0.15442267037164645,-0.1921016411347069,-0.14783757619512092,-0.16063681466146917
-3.0,-0.3387285222535736,-0.12651071589752294,-0.13284352537767075,-0.1595266747641937,-0.0778181853660555
-3.0,-0.320066127475927,-0.11063804197523353,-0.4835173457189832,-0.33536311595883384,-0.47352677488461103
-2.0,-0.33880084812577144,-0.2804990472872401,-0.3190637317194768,-0.2782193520902149,-0.27718919338994297
2.0,-0.31688712348013554,-0.15327972994952332,-0.20962152615948235,-0.1687765084462389,-0.17300390726843018
-1.0,-0.3200566461861476,-0.07176785368152584,-0.20343350462480436,-0.19224144334327473,-0.14269907322869615
-1.0,-0.3336744385133035,0.04203091632602951,-0.24520714409231634,-0.2241096656504585,-0.27097455701900824
1.0,-0.31726779323731547,0.0372737810389813,-0.19027447260284105,-0.175429822468512,-0.20525674488722487
-3.0,-0.31726779323731547,0.0372737810389813,-0.16265028818554192,-0.17839463599383587,-0.1392188888027409
-3.0,-0.31862894807982733,-0.06310648992475766,-0.5074450667531714,-0.38196144973321516,-0.581125501143806
-2.0,-0.19151127477408905,0.31909298899370914,-0.3438817157388517,-0.20849862321198273,-0.23584655849061542
2.0,-0.22367267385017986,0.007152891362933382,-0.19610437076410603,-0.1684178600533303,-0.08000131192481728
-1.0,-0.2185423278678866,0.03161086201610406,-0.17245058238003777,-0.20815111552698898,-0.18725535374039326
-1.0,-0.2183133916848839,-1.1302292009280264,-0.2710329526655203,-0.2806816301444021,-0.3946029538299566
1.0,-0.2183133916848839,-1.1302292009280264,-0.19027447260284105,-0.22371702656773665,-0.3585498547753726
-3.0,-0.2183133916848839,-1.1302292009280264,-0.16265028818554192,-0.1904229969245846,-0.3181362134077801
-3.0,-0.21158975125088522,-0.042222298170973116,-0.4779899944145975,-0.44053105519239266,-0.49429182096164054
-2.0,-0.21124478391192456,-0.44473541117357657,-0.3269870966889851,-0.26295863211227977,-0.2921740056949596
2.0,-0.21636625971416854,-0.6347603667354101,-0.22971286058694318,-0.21387721051296213,-0.18486148349788378
-1.0,-0.19041228393276294,-0.6161491405331557,-0.17989085446940029,-0.22687737755692838,-0.20245522432731572
-1.0,-0.1965401348603742,-0.5294171328171697,-0.25612206127992665,-0.2911124583850584,-0.2924451479781534
1.0,-0.19970319919307034,-0.5910674459328439,-0.19027447260284105,-0.1979736996496286,-0.12442013038578721
-3.0,-0.22867894366779482,-0.5289824839667268,-0.16811368709218977,-0.17452616094475254,-0.22489337839214504
-3.0,-0.2132302045062939,-0.5320782575513475,-0.5043672151292892,-0.4582965015446705,-0.4758532291732691
-2.0,-0.4020735459486271,-0.42042998104570845,-0.3317532514603986,-0.2839407157157017,-0.32505781311721477
2.0,-0.4070654188367189,-0.44105091661965123,-0.20810698874411312,-0.25795474642001964,-0.24764337798771127
-1.0,-0.4175055756158551,-0.42042998104570845,-0.20343350462480436,-0.2513191542029336,-0.2756040804854576
-1.0,-0.40391489680870063,-0.2834336891172481,-0.23820598726607167,-0.2401169825484364,-0.2895612850589045
1.0,-0.3670569480314783,-0.400897813078782,-0.17085456699671492,-0.19975561498902175,-0.19339728899403472
-3.0,-0.3670569480314783,-0.400897813078782,-0.1582932423978003,-0.15263385403748028,-0.16410243098789107
-3.0,-0.3670569480314783,-0.400897813078782,-0.5043672151292892,-0.42496492396472113,-0.4848867738985587
-2.0,-0.282793462321369,-0.3958864565485355,-0.3438817157388517,-0.3118409818211703,-0.2881573390264337
2.0,-0.2663829059560493,-0.3530874406495684,-0.19226160015161808,-0.14038215276905675,-0.1625984184690566
-1.0,-0.2607139693623505,-0.32750848363175894,-0.1798282659677334,-0.21631291967077937,-0.14719756339976026
-1.0,-0.21823893736860697,-0.3445154444701788,-0.25612206127992665,-0.22573488087526336,-0.18482907575077442
1.0,-0.2663829059560493,-0.3530874406495684,-0.18274996124108947,-0.1404840988136223,-0.16615146203593942
-3.0,-0.282793462321369,-0.3958864565485355,-0.16811368709218977,-0.21217977885562123,-0.11030722006593004
-3.0,-0.26496007526660986,-0.30783981109749403,-0.48656063718097775,-0.43943569494970824,-0.4374788061691821
-2.0,-0.21744936230319592,-0.3032905372014624,-0.3190637317194768,-0.30174517365278547,-0.2927135453227855
2.0,-0.21744936230319592,-0.3032905372014624,-0.19610437076410603,-0.17081951541672039,-0.159089908540461
-1.0,-0.23866799044973888,-0.3972917743644098,-0.17989085446940029,-0.1617776198760719,-0.15108489205396644
-1.0,-0.19865739209805147,-0.17843410968173382,-0.2858521481118829,-0.2272962384178584,-0.23052910591206388
1.0,-0.23887901228467107,-0.2968054732667316,-0.17085456699671492,-0.14881397481923508,-0.19339728899403472
-3.0,-0.21744936230319592,-0.3032905372014624,-0.15487609397038823,-0.20296358416986704,-0.09084647712996821
-3.0,-0.19704306123642365,-0.187939267187797,-0.4835173457189832,-0.3776039509347522,-0.4678501983126344
-2.0,-0.1817221420335414,0.09057403494271753,-0.349386075599399,-0.22143115152768722,-0.358272095634845
2.0,-0.16929854372067324,0.30354794303097615,-0.20810698874411312,-0.12075560020058408,-0.15240455025628963
-1.0,-0.16929854372067324,0.30354794303097615,-0.1798282659677334,-0.1535589155391575,-0.14124466135083058
-1.0,-0.21424897329770995,0.07994091064154464,-0.2719366948764516,-0.23613785565212367,-0.26019004484127295
1.0,-0.1858600237168712,0.3947598015236661,-0.19521820383920596,-0.0954450033223967,-0.11724876825316217
-3.0,-0.2083266158142,-0.0627113335643432,-0.15537770952639768,-0.13493111827745422,-0.17921173745805896
-3.0,-0.1858600237168712,0.3947598015236661,-0.4810642781846786,-0.3287302790947044,-0.33873846690188253
-2.0,-0.20796303205955083,0.11887341643091617,-0.3258039554100814,-0.23076898173509233,-0.23419972491868407
2.0,-0.21760197346711393,-0.13416263578330742,-0.202864424077834,-0.1491652208544008,-0.1431034379576606
-1.0,-0.20595085999690682,-0.13675731255677923,-0.1798282659677334,-0.14202048895261113,-0.11224875090117174
-1.0,-0.2191308515339052,-0.27113931759594295,-0.2648507900714066,-0.2064015181461561,-0.25404300458584733
1.0,-0.22002153788162238,-0.21082188916289288,-0.18274996124108947,-0.16037748667045462,-0.16615146203593942
-3.0,-0.2218707223916158,-0.19609347680121972,-0.15487609397038823,-0.1624386082354606,-0.1982322536167829
-3.0,-0.20796303205955083,0.11887341643091617,-0.5043672151292892,-0.4047763785503122,-0.3226039944710995
-2.0,-0.25834404702261454,-0.18381326609550086,-0.349386075599399,-0.3254204246241063,-0.30644468351996396
2.0,-0.24981047505533155,-0.1815658183866028,-0.21910414405230358,-0.21871784025709293,-0.21840883319855564
-1.0,-0.26949759936565215,-0.008301651240793517,-0.16364853457214495,-0.24573140301906388,-0.16627603609401095
-1.0,-0.261689077516255,-0.13844900875379693,-0.2858521481118829,-0.23712587025215676,-0.23052910591206388
1.0,-0.261689077516255,-0.13844900875379693,-0.19619084494139605,-0.17507167883862101,-0.12706030734534357
-3.0,-0.2762730261123366,-0.23240234085319847,-0.16811368709218977,-0.19383814171491814,-0.16614205971107168
-3.0,-0.26949759936565215,-0.008301651240793517,-0.5178916188794335,-0.3897740779968056,-0.38307913585683095
-2.0,-0.23455175230844674,-0.2070540108410878,-0.34089087747307584,-0.17590623070403338,-0.15859110153202283
2.0,-0.24643542637415058,-0.32185967356670336,-0.21910414405230358,-0.22583575350975596,-0.19419845768569696
-1.0,-0.24241233083526548,-0.3915081429648486,-0.16364853457214495,-0.18638966266358775,-0.16627603609401095
-1.0,-0.2477347462846785,-0.49018990468533136,-0.2858521481118829,-0.23859423646349923,-0.22453118004671094
1.0,-0.23455175230844674,-0.2070540108410878,-0.17717150217271685,-0.15754653963711335,-0.1177930637815315
-3.0,-0.2366720171652545,-0.48759162996034194,-0.15537770952639768,-0.12313136393653062,-0.15230644155619608
-3.0,-0.22898043094377063,-0.47844437002725604,-0.48981129010126695,-0.36265068086900976,-0.4614642743437784
-2.0,-0.23142338468646112,-0.23301199523976387,-0.3310843531666491,-0.1796860779032024,-0.2054900885235438
2.0,-0.23251738744538555,-0.1251442816154749,-0.19389254261920352,-0.12075785361546362,-0.1623603566307192
-1.0,-0.24661152251048515,-0.3355834500704588,-0.1798282659677334,-0.1880744490674771,-0.14124466135083058
-1.0,-0.244800642819845,-0.15827316793270443,-0.2719366948764516,-0.1966290796618259,-0.18966191158740453
1.0,-0.22272193159601528,-0.06984852697091105,-0.19521820383920596,-0.1467646122720027,-0.11294909819958625
-3.0,-0.22272193159601528,-0.06984852697091105,-0.15487609397038823,-0.06437860379711707,0.021018061413367282
-3.0,-0.2211734148603846,-0.19553039373547543,-0.500765933276747,-0.31714937112838726,-0.3817997220576322
-2.0,-0.20792462615187085,-0.016238066797050588,-0.3438817157388517,-0.11028127989633725,-0.30300319905310263
2.0,-0.20541166635796376,0.09971177978564882,-0.19226160015161808,-0.10650769730664351,-0.10507408036912995
-1.0,-0.2010069512793469,0.3768764810025445,-0.16157802326679904,-0.011891500548816884,-0.10823981524361183
-1.0,-0.2010069512793469,0.3768764810025445,-0.24548390931534397,-0.05978274077262958,-0.12104147770646277
1.0,-0.21134348848602044,0.30710349799250225,-0.19619084494139605,-0.09522385339504837,-0.12126260084225358
-3.0,-0.20792462615187085,-0.016238066797050588,-0.16811368709218977,-0.016388018508871685,-0.11887018640152325
-3.0,-0.20792462615187085,-0.016238066797050588,-0.5074450667531714,-0.22740994590967356,-0.40492837490130246
-2.0,-0.21584903039617004,0.35924231175395344,-0.3310843531666491,-0.17004234979499244,-0.1343703344232349
2.0,-0.2420886355105956,0.07671199871318747,-0.21910414405230358,-0.07717549036396958,-0.15884897287152672
-1.0,-0.19793461078710314,0.5420295843207082,-0.14857186014951468,-0.058257033004954065,-0.06821506997253614
-1.0,-0.2367794196209213,0.06466931644845426,-0.2710329526655203,-0.16877036008131602,-0.15746404049829235
1.0,-0.19793461078710314,0.5420295843207082,-0.19485971958536474,-0.020515296946248908,-0.06609854463758007
-3.0,-0.21930069518230866,0.19355109946152646,-0.16723052915115144,-0.05268357857252479,-0.0051343675065650286
-3.0,-0.2293631656855214,0.418107600646044,-0.5074450667531714,-0.2323282282350475,-0.30557891665056436
-2.0,-0.19584426658728862,-0.2854988468927995,-0.3310843531666491,-0.24845494007613234,-0.18805410937351083
2.0,-0.21662454229163117,-0.37155441824965935,-0.202864424077834,-0.144829359007944,-0.13828017651118926
-1.0,-0.15808812741279174,-0.14850634367305895,-0.14857186014951468,-0.11600574545979365,-0.06681584312348864
-1.0,-0.20971941089690377,-0.12014351665741776,-0.23800472188476515,-0.1914485151747061,-0.15880483273227225
1.0,-0.21662454229163117,-0.37155441824965935,-0.1921016411347069,-0.13732221147514342,-0.12086783144318405
-3.0,-0.19584426658728862,-0.2854988468927995,-0.15537770952639768,-0.10564641356385736,-0.03709878998462751
-3.0,-0.20971941089690377,-0.12014351665741776,-0.4810642781846786,-0.33807993703050604,-0.3426645780929789
-2.0,-0.2518336616668929,-0.019196259705085983,-0.349386075599399,-0.2662841969381344,-0.3565261232366275
2.0,-0.2445527047965883,-0.18649669425369028,-0.19610437076410603,-0.17110152549397584,-0.09859638632691042
-1.0,-0.23733507435098375,0.08444593052700247,-0.14857186014951468,-0.10279376751956291,-0.051151824489624756
-1.0,-0.23596407845726688,-0.31340049253314217,-0.2858521481118829,-0.22841091270391264,-0.17232732761225444
1.0,-0.255905681399081,-0.03194875493997799,-0.1921016411347069,-0.04368207388052947,-0.09160325376663973
-3.0,-0.2399075274304962,-0.037869040726320156,-0.1582932423978003,-0.12280498281221659,-0.15913780466309202
-3.0,-0.23733507435098375,0.08444593052700247,-0.48981129010126695,-0.28759233189904015,-0.25420316479871713
-2.0,-0.2100320880481363,-0.13292768595454033,-0.34089087747307584,-0.2518232308448312,-0.2443073043459472
2.0,-0.22130327469654024,-0.3634427479619395,-0.21910414405230358,-0.215368473408592,-0.21840883319855564
-1.0,-0.22008675826831953,-0.2119162173432757,-0.16157802326679904,-0.27488209656959134,-0.22692698187020957
-1.0,-0.18220839992289944,-0.12083915306859558,-0.2710329526655203,-0.2847690831996859,-0.31679504440608736
1.0,-0.18220839992289944,-0.12083915306859558,-0.19027447260284105,-0.19869992588629684,-0.24615990233613455
-3.0,-0.20926001527725172,-0.23851339354675125,-0.13284352537767075,-0.21236289131883154,-0.15880170352068212
-3.0,-0.22130327469654024,-0.3634427479619395,-0.5043672151292892,-0.4217179018505878,-0.4848867738985587
-2.0,-0.2051751618197839,-0.4763320344162906,-0.3258039554100814,-0.4239490802712002,-0.30326863958473077
2.0,-0.19189964380258567,-0.549501442338481,-0.22971286058694318,-0.266910215716161,-0.2548248044265885
-1.0,-0.19328168999626105,-0.5416652385672324,-0.17245058238003777,-0.27928130811240137,-0.16827983527066556
-1.0,-0.22613389274319298,-0.4362511563757298,-0.23820598726607167,-0.2715501003200038,-0.31497995273027574
1.0,-0.21230545923411143,-0.7038713331903889,-0.19521820383920596,-0.32861509288975627,-0.2530722339349821
-3.0,-0.20429479422323374,-0.6082327259199976,-0.16723052915115144,-0.29020232739399426,-0.2115572753114649
-3.0,-0.2051751618197839,-0.4763320344162906,-0.5043672151292892,-0.5327958272948838,-0.5400089983114144
-2.0,-0.2434946891757347,-0.40421654258116146,-0.34089087747307584,-0.24383343199688282,-0.39246604097740906
2.0,-0.21540824589664032,-0.479515983483854,-0.22971286058694318,-0.2221069009800413,-0.28665167404609343
-1.0,-0.27087662539781726,-0.4477745474488126,-0.14857186014951468,-0.34805120645884924,-0.3422240189081717
-1.0,-0.22789277067637334,-0.28708140174111807,-0.23800472188476515,-0.2951951078357513,-0.3072002026198787
1.0,-0.22789277067637334,-0.28708140174111807,-0.19521820383920596,-0.23650370501104373,-0.2617383132264613
-3.0,-0.2465444123315743,-0.3824525242794707,-0.1582932423978003,-0.27898958688208014,-0.17161867563817784
-3.0,-0.2560817642741269,-0.42416187839954905,-0.4758883933367624,-0.398903885796741,-0.6337236338248821
-2.0,-0.2419610249768263,-0.5322413090566651,-0.3269870966889851,-0.27804776373671236,-0.3756380548076384
2.0,-0.2155106472468313,-0.5479670570947088,-0.19610437076410603,-0.23538366105893932,-0.1989823393074147
-1.0,-0.2210470533968745,-0.5929378895680578,-0.1650570817857927,-0.24618522465466622,-0.2335095810294157
-1.0,-0.2210470533968745,-0.5929378895680578,-0.24520714409231634,-0.28092303041824823,-0.289575004644868
1.0,-0.2210470533968745,-0.5929378895680578,-0.17085456699671492,-0.214675706395923,-0.19339728899403472
-3.0,-0.24854701461037393,-0.701709357004424,-0.16209582112176255,-0.243182331671595,-0.24487360976535893
-3.0,-0.2155106472468313,-0.5479670570947088,-0.4810642781846786,-0.5030572697667064,-0.4248240020872603
-2.0,-0.21999914977510135,0.02699994251502072,-0.34089087747307584,-0.23249870407923015,-0.2443073043459472
2.0,-0.24083158973069127,0.08190797784479786,-0.202864424077834,-0.19881769190331694,-0.20860331436304114
-1.0,-0.2542891858534288,0.1107499992698846,-0.17280726947701447,-0.1948303618891867,-0.16502513504111538
-1.0,-0.21445315363033957,-0.12326824957236582,-0.23820598726607167,-0.20658367641877282,-0.19714380579759655
1.0,-0.21445315363033957,-0.12326824957236582,-0.18274996124108947,-0.1592208143969336,-0.16615146203593942
-3.0,-0.24083158973069127,0.08190797784479786,-0.16945763248920756,-0.17027498491952475,-0.16784400939377472
-3.0,-0.22546107167303092,0.057035528749362026,-0.4810642781846786,-0.34419159033595864,-0.3426645780929789
-2.0,-0.1818559848481315,-0.3488328556134072,-0.349386075599399,-0.3485846308893701,-0.30644468351996396
2.0,-0.20368393480138577,-0.39043690366408174,-0.19610437076410603,-0.20668874286447864,-0.23364532222303297
-1.0,-0.21759724767268868,-0.46702952524970004,-0.17280726947701447,-0.281420075388766,-0.20394813527489875
-1.0,-0.17351639559073428,-0.41082123615313426,-0.2710329526655203,-0.2547965790525344,-0.2897338365602397
1.0,-0.21734481734084515,-0.4233609880966836,-0.18274996124108947,-0.18265855935009845,-0.20900417383751715
-3.0,-0.17730335283919624,-0.41214086741616446,-0.16209582112176255,-0.1982095588863185,-0.2159613463342839
-3.0,-0.21759724767268868,-0.46702952524970004,-0.5074450667531714,-0.4129991217426104,-0.5811223449133098
-2.0,-0.2225646945841345,-0.5098451368525769,-0.3190637317194768,-0.31012138873094997,-0.35195412742298626
2.0,-0.24657536852247608,-0.5194876314300664,-0.19389254261920352,-0.26355729610579975,-0.199427628714341
-1.0,-0.2192768217653432,-0.5500131534365428,-0.16364853457214495,-0.24828869084962654,-0.17957944236616286
-1.0,-0.20054243064734478,-0.5762222769163589,-0.23820598726607167,-0.21874738149237308,-0.2768022416741883
1.0,-0.1833380135079977,-0.5329766062530409,-0.19027447260284105,-0.2034749931208575,-0.20525674488722487
-3.0,-0.19050672999648913,-0.5002921905808827,-0.16209582112176255,-0.16101621283770898,-0.19273779572006297
-3.0,-0.1833380135079977,-0.5329766062530409,-0.4835173457189832,-0.3700930347374165,-0.4678501983126344
-2.0,-0.30219287926747634,0.1301843554680939,-0.3258039554100814,-0.293767035211871,-0.29503619048288143
2.0,-0.2822980501771671,0.042541551991435646,-0.22971286058694318,-0.19596872663576825,-0.18486148349788378
-1.0,-0.27023688688076136,0.18830773055961722,-0.14857186014951468,-0.21169101993235495,-0.18622091444387565
-1.0,-0.27023688688076136,0.18830773055961722,-0.25612206127992665,-0.2343394193682658,-0.3187021052865961
1.0,-0.2805289780997571,0.18179646895699278,-0.19521820383920596,-0.2051394720434316,-0.20983094606362718
-3.0,-0.30219287926747634,0.1301843554680939,-0.1582932423978003,-0.13875596389613326,-0.15913780466309202
-3.0,-0.27023688688076136,0.18830773055961722,-0.48981129010126695,-0.378064780718774,-0.500182399550275
-2.0,-0.2923550790436876,-0.004737248250446524,-0.3190637317194768,-0.2258318952044017,-0.28599716472184866
2.0,-0.2668994268997507,-0.44678294697972004,-0.20810698874411312,-0.2187527821568811,-0.2183042287751436
-1.0,-0.2668994268997507,-0.44678294697972004,-0.1798282659677334,-0.19693029195505768,-0.22876899251596136
-1.0,-0.29209447254539567,-0.3618991770749321,-0.23820598726607167,-0.21197364813340197,-0.19714380579759655
1.0,-0.30950040059926737,-0.6541558706909798,-0.17717150217271685,-0.2200437702488419,-0.20195660930605933
-3.0,-0.30950040059926737,-0.6541558706909798,-0.14682514960732237,-0.20458594231202926,-0.18027530993957433
-3.0,-0.29209447254539567,-0.3618991770749321,-0.4758883933367624,-0.2750845102615252,-0.42112328800866705
-2.0,-0.3839590698909334,-0.5376610039190046,-0.3258039554100814,-0.4191498759857391,-0.4479862491383596
2.0,-0.3839590698909334,-0.5376610039190046,-0.21910414405230358,-0.22752143317373197,-0.2341963644795886
-1.0,-0.4077849405518519,-0.6067280696690743,-0.20343350462480436,-0.39762854553757315,-0.336400662162814
-1.0,-0.36615647070151397,-0.7416636651225419,-0.27109286898115437,-0.4378949589445428,-0.48912645180992337
1.0,-0.4161929484246637,-0.6670049781639454,-0.18274996124108947,-0.3566275243158455,-0.2938211935002113
-3.0,-0.4378285018351877,-0.5975378106369975,-0.14682514960732237,-0.37504854060205545,-0.3886083763010318
-3.0,-0.4287383803727161,-0.6307953727599439,-0.4810642781846786,-0.5213212090671788,-0.7583676436852169
-2.0,-0.3777270304525578,-1.1905705220421412,-0.3258039554100814,-0.5007844457089445,-0.5196915302889715
2.0,-0.36842245433594184,-1.6132609744119109,-0.19610437076410603,-0.4068062445529532,-0.2860689317790347
-1.0,-0.3591252327501537,-1.4869775603992021,-0.16364853457214495,-0.48668923266026726,-0.38936007946920975
-1.0,-0.3534596501600785,-0.7543024239121608,-0.23820598726607167,-0.379971580479268,-0.4627681495540272
1.0,-0.37471616894062926,-1.3957788362850112,-0.17717150217271685,-0.3755086461992754,-0.3665006890821514
-3.0,-0.37073183760187606,-1.4808430592693396,-0.13284352537767075,-0.45913839992598876,-0.31429431728792484
-3.0,-0.37073183760187606,-1.4808430592693396,-0.4779899944145975,-0.6876343012299094,-0.6313329989175906
-2.0,-0.37351399231103294,-0.5706981972451013,-0.349386075599399,-0.40588073207430325,-0.466660613602572
2.0,-0.3727030054052154,-0.4765455864364602,-0.21910414405230358,-0.24399127828019507,-0.18427012623834815
-1.0,-0.37531906973965495,-0.280850207713434,-0.1713353807253476,-0.25850604605256683,-0.25933634199161687
-1.0,-0.37351399231103294,-0.5706981972451013,-0.24548390931534397,-0.32482982015046663,-0.41440437700352933
1.0,-0.3697944429448333,-0.3435136970240348,-0.17717150217271685,-0.25359838691428055,-0.2362689993388981
-3.0,-0.37531906973965495,-0.280850207713434,-0.15487609397038823,-0.2904291879313795,-0.29331021245550115
-3.0,-0.3697944429448333,-0.3435136970240348,-0.48656063718097775,-0.5227106582086137,-0.4036464212700171
-2.0,-0.4033335552999571,-0.20931029029190618,-0.3438817157388517,-0.27958740449287656,-0.38722981925386407
2.0,-0.4071036275594573,0.24007869522109102,-0.1839763505595719,-0.15814480337702697,-0.18150583884203358
-1.0,-0.4033335552999571,-0.20931029029190618,-0.17280726947701447,-0.2045433551969211,-0.2200536823221743
-1.0,-0.418344891209385,0.12828347737971266,-0.2648507900714066,-0.26524731787715616,-0.25214597285101503
1.0,-0.4274141801394318,0.2551709440121478,-0.17085456699671492,-0.1649784628496994,-0.16146442653447143
-3.0,-0.4192093185126461,0.3176140091827914,-0.13284352537767075,-0.1424241168890723,-0.08120049801460894
-3.0,-0.3973719580418189,0.2557801391023465,-0.5178916188794335,-0.43134263594815536,-0.3837516729201631
-2.0,-0.36032293271977,-0.3218996271407236,-0.3269870966889851,-0.27291537936550475,-0.3728651087432351
2.0,-0.36032293271977,-0.3218996271407236,-0.202864424077834,-0.23546941160936807,-0.2534223213882175
-1.0,-0.322606891634933,-0.30291276942891837,-0.14857186014951468,-0.2323098301867521,-0.2282330284645665
-1.0,-0.37105095235219426,-0.39246600252479724,-0.2648507900714066,-0.258377979850873,-0.3026733369861158
1.0,-0.37105095235219426,-0.39246600252479724,-0.17717150217271685,-0.20965742538201684,-0.20195660930605933
-3.0,-0.37105095235219426,-0.39246600252479724,-0.14682514960732237,-0.1684328625626588,-0.18027530993957433
-3.0,-0.36032293271977,-0.3218996271407236,-0.5178916188794335,-0.4624922403366534,-0.5342530835164917
-2.0,-0.3014728698514489,-0.00882174498772829,-0.3317532514603986,-0.27483281281109156,-0.32505781311721477
2.0,-0.3311934426846752,-0.21414865852636317,-0.202864424077834,-0.2546168812016929,-0.25863932078475327
-1.0,-0.3403186650097769,-0.6056120598601631,-0.1650570817857927,-0.2978465827232041,-0.3015911181875675
-1.0,-0.3403186650097769,-0.6056120598601631,-0.24520714409231634,-0.3124113809970007,-0.31484115309884114
1.0,-0.29469761773894876,-0.3708963691803962,-0.19027447260284105,-0.24097457709935727,-0.29965491209216344
-3.0,-0.3311934426846752,-0.21414865852636317,-0.16945763248920756,-0.2762870193551663,-0.3156566104545209
-3.0,-0.3207943173568778,-0.05244092552991068,-0.4758883933367624,-0.47877403507101524,-0.4985664545491286
-2.0,-0.30423324246351546,-0.6309888715973422,-0.3190637317194768,-0.3494865565397934,-0.3601767624558236
2.0,-0.3049642877211183,-0.7371162868571939,-0.1839763505595719,-0.2822931706493163,-0.2600551345880396
-1.0,-0.3049642877211183,-0.7371162868571939,-0.14857186014951468,-0.3691249230802979,-0.3196805039303024
-1.0,-0.28420291685663523,-0.8740082893652678,-0.2710329526655203,-0.3798805598994494,-0.4425845079110994
1.0,-0.34907314800718015,-0.8457623037838986,-0.21031809499290613,-0.2870477463110301,-0.26394143647250257
-3.0,-0.33239957160320066,-0.9263302138176174,-0.14682514960732237,-0.2823956793789035,-0.40205740540054324
-3.0,-0.3381767504750692,-0.881186409680582,-0.5043672151292892,-0.530820228285899,-0.5364070715681574
-2.0,-0.3184902130232036,-0.35346301927313634,-0.3317532514603986,-0.3261887197930828,-0.3315565845342366
2.0,-0.3373492417797568,-0.2639060258018207,-0.202864424077834,-0.21801572174725442,-0.2526600711340083
-1.0,-0.3219880429825406,-0.36303469852146675,-0.1798282659677334,-0.2790189953027044,-0.30428083004798717
-1.0,-0.3721864916649063,-0.2210132257554826,-0.27109286898115437,-0.3151783485933584,-0.3191174621823322
1.0,-0.3184902130232036,-0.35346301927313634,-0.19485971958536474,-0.2545076824533709,-0.2291818817828598
-3.0,-0.38057766217616135,-0.3822809014247895,-0.16723052915115144,-0.22419680953954926,-0.2115572753114649
-3.0,-0.3721864916649063,-0.2210132257554826,-0.5074450667531714,-0.47122215018746316,-0.5710252364680655
-2.0,-0.3555030484975299,-0.6328604463887739,-0.3190637317194768,-0.39662553603535633,-0.5643171302163117
2.0,-0.4014222553001478,-0.6352571088200775,-0.19658390969589595,-0.4236149506325405,-0.25041344149259337
-1.0,-0.3555030484975299,-0.6328604463887739,-0.1713353807253476,-0.3480815238749015,-0.3463314324399864
-1.0,-0.3524864475474407,-0.4213722497015878,-0.2648507900714066,-0.34957791976856395,-0.29574030526884065
1.0,-0.3491630668074536,-0.5956122253048943,-0.1921016411347069,-0.3116422921468521,-0.3328933259416283
-3.0,-0.38078439754818477,-0.4635441410675294,-0.13284352537767075,-0.2537058171339338,-0.2936467282349188
-3.0,-0.3524864475474407,-0.4213722497015878,-0.48656063718097775,-0.5132791209481339,-0.5737894155730647
-2.0,-0.38002918566969923,-0.25812532883119893,-0.3317532514603986,-0.2868591185718567,-0.39378050078683613
2.0,-0.36985896634260046,-0.41755011092581845,-0.19610437076410603,-0.3751368298557158,-0.23675991522983378
-1.0,-0.4071196279798237,-0.25672510322339653,-0.1650570817857927,-0.29681139886920427,-0.3342080507826382
-1.0,-0.4314509298853098,-0.22575885579958646,-0.24548390931534397,-0.31193596231151155,-0.4014683864254089
1.0,-0.36985896634260046,-0.41755011092581845,-0.19521820383920596,-0.34673390706489216,-0.2617383132264613
-3.0,-0.3872056472555015,-0.20700743583976675,-0.16945763248920756,-0.22988995011506444,-0.2837335635628023
-3.0,-0.3925929473179974,-0.18653760968892782,-0.48656063718097775,-0.43507021153233033,-0.5737894155730647
-2.0,-0.33392132008877096,0.3813135441182149,-0.3225159239784213,-0.23056583251145318,-0.26504456574831853
2.0,-0.34548757298527893,0.27210424054491,-0.21910414405230358,-0.18033360174548552,-0.21840883319855564
-1.0,-0.3373137010704526,0.24456084909607445,-0.17245058238003777,-0.23565578137151083,-0.19359711736522017
-1.0,-0.34548757298527893,0.27210424054491,-0.24520714409231634,-0.2154556166313303,-0.289575004644868
1.0,-0.34305340787200334,0.3496105163002756,-0.21031809499290613,-0.15992044978441491,-0.21458640108509758
-3.0,-0.34305340787200334,0.3496105163002756,-0.16811368709218977,-0.12416332990379773,-0.0828660030568155
-3.0,-0.3260245153597961,0.36846881685748323,-0.48981129010126695,-0.36342662127536723,-0.47377181412715585
-2.0,-0.30582525971748925,-0.2355110501970197,-0.3438817157388517,-0.31255661585200767,-0.3845871418108168
2.0,-0.2924589542541988,-0.395889260999936,-0.202864424077834,-0.2139328267661344,-0.25863932078475327
-1.0,-0.311163175706926,-0.10125743258972095,-0.17245058238003777,-0.15828810757648665,-0.23023224377866552
-1.0,-0.31603664807304355,-0.1534018850791733,-0.24520714409231634,-0.3009436065900876,-0.289575004644868
1.0,-0.311163175706926,-0.10125743258972095,-0.17717150217271685,-0.15332243604601958,-0.1950235775887841
-3.0,-0.2924589542541988,-0.395889260999936,-0.16945763248920756,-0.16896935274501562,-0.2790526708830192
-3.0,-0.32482031252530597,-0.11970535167135005,-0.500765933276747,-0.44276298397783753,-0.5438752832787657
-2.0,-0.36682206472510215,-0.3413448384835945,-0.3269870966889851,-0.263355038438781,-0.3728651087432351
2.0,-0.3523303239884755,-0.3029833659041579,-0.1839763505595719,-0.21760547821849271,-0.18150583884203358
-1.0,-0.3671468290087726,-0.2766930442125712,-0.17245058238003777,-0.22515887777977273,-0.16827983527066556
-1.0,-0.35918660197357694,-0.23391365539774775,-0.2710329526655203,-0.2703130963756924,-0.2897338365602397
1.0,-0.36682206472510215,-0.3413448384835945,-0.1921016411347069,-0.2326569429922738,-0.20459189504394534
-3.0,-0.3639433577288239,-0.21799412125506587,-0.16723052915115144,-0.18675928731831046,-0.21776421025673606
-3.0,-0.3529244607231304,-0.23939942580987025,-0.4810642781846786,-0.36393234035766586,-0.46785489843986167
-2.0,-0.31323232444053334,-0.4627752533182583,-0.3310843531666491,-0.2613999608644863,-0.37025255374976435
2.0,-0.351703798225644,-0.7742864745403619,-0.20962152615948235,-0.17214985784710596,-0.22333657530285322
-1.0,-0.3146425166447853,-0.6531117541303296,-0.1650570817857927,-0.18326404174315114,-0.1452604770291107
-1.0,-0.35579210372676545,-0.6465597490558707,-0.2719366948764516,-0.2465106096958766,-0.26019004484127295
1.0,-0.351703798225644,-0.7742864745403619,-0.17717150217271685,-0.16965430370016973,-0.20195660930605933
-3.0,-0.3499487203216042,-0.7653711581286871,-0.16723052915115144,-0.20680193573821093,-0.2115572753114649
-3.0,-0.33498197899547555,-0.6012936791663345,-0.4779899944145975,-0.3906572004661779,-0.550352729846294
-2.0,-0.32167439043578827,-0.31939150001391037,-0.3317532514603986,-0.3389895411114637,-0.39378050078683613
2.0,-0.3228578404383699,-0.7560573340656275,-0.21910414405230358,-0.25640513331897147,-0.18427012623834815
-1.0,-0.343490776253206,-0.7294258452217592,-0.1713353807253476,-0.2781982013024144,-0.2731626500904295
-1.0,-0.3228578404383699,-0.7560573340656275,-0.24520714409231634,-0.3025970436088408,-0.3162663811485254
1.0,-0.3518350202764089,-0.7245280332932037,-0.21031809499290613,-0.27907325091971275,-0.26394143647250257
-3.0,-0.32167439043578827,-0.31939150001391037,-0.16209582112176255,-0.3093629320898225,-0.26543665930562343
-3.0,-0.32167439043578827,-0.31939150001391037,-0.48981129010126695,-0.5254086702686067,-0.5707905272036811
-2.0,-0.3333720124057518,-0.18465696431668446,-0.3310843531666491,-0.29834532825786036,-0.37025255374976435
2.0,-0.37016275568409385,-0.44574958579153645,-0.19610437076410603,-0.24541621687666704,-0.26714426844275924
-1.0,-0.334977924732126,-0.36472546739535033,-0.1650570817857927,-0.2879606649835826,-0.28420364953665395
-1.0,-0.32510552590713737,-0.1656928720967178,-0.2710329526655203,-0.24991232197170968,-0.2897338365602397
1.0,-0.35496012470871163,-0.33354110956110444,-0.20649367932343354,-0.23130448395071806,-0.2302188045059194
-3.0,-0.37016275568409385,-0.44574958579153645,-0.15487609397038823,-0.3234602411429165,-0.3644092686488105
-3.0,-0.3358191920714953,-0.2529151794211093,-0.4779899944145975,-0.5649192037721029,-0.558618954299255
-2.0,-0.31791284186372415,0.3078845325089364,-0.3438817157388517,-0.32013873872223075,-0.38722981925386407
2.0,-0.33272965835085727,0.18729380547979368,-0.19610437076410603,-0.1977772065471462,-0.1971944955793385
-1.0,-0.33272965835085727,0.18729380547979368,-0.1713353807253476,-0.214670705267811,-0.24378290482672924
-1.0,-0.30852436821080714,0.6301193176806429,-0.2648507900714066,-0.26010492036913646,-0.25404300458584733
1.0,-0.3044348372031739,0.6271821653601579,-0.19027447260284105,-0.15347586107324612,-0.12207391205424094
-3.0,-0.30852436821080714,0.6301193176806429,-0.14682514960732237,-0.21519418536416296,-0.1290367910719927
-3.0,-0.28123448985996746,0.7330591500000802,-0.48981129010126695,-0.448285763914487,-0.3547580193913475
-2.0,-0.22340170703122472,-0.5798214838093418,-0.349386075599399,-0.3331786537585972,-0.3171963277699071
2.0,-0.2104702934918138,-0.4475696805069743,-0.19226160015161808,-0.16121213642160473,-0.17999790369975538
-1.0,-0.2396638541019317,-0.41315481714267516,-0.1650570817857927,-0.20120983652129085,-0.2335095810294157
-1.0,-0.24176572494930368,-0.5681705849105135,-0.2648507900714066,-0.20851111606903144,-0.2677773246774945
1.0,-0.24176572494930368,-0.5681705849105135,-0.17717150217271685,-0.1741632193988817,-0.18128731106623697
-3.0,-0.24176572494930368,-0.5681705849105135,-0.14682514960732237,-0.11611622574081538,-0.12281612662420928
-3.0,-0.2104702934918138,-0.4475696805069743,-0.4758883933367624,-0.43629466470891615,-0.4844022341035444
-2.0,-0.23155179096240175,-0.7413852688539976,-0.33085982601351116,-0.23784424808507063,-0.3968254189889174
2.0,-0.24836376119832473,-0.11217208690588991,-0.1839763505595719,-0.06317105162436523,-0.03655183958060955
-1.0,-0.2524244409241632,-0.9045828903374928,-0.17280726947701447,-0.15666362128767064,-0.16318947560134087
-1.0,-0.2524244409241632,-0.9045828903374928,-0.27109286898115437,-0.19397645063934316,-0.20442676254267755
1.0,-0.22987002111403806,-0.6235268849353165,-0.17085456699671492,-0.13147618255543006,-0.13653198902719801
-3.0,-0.2524244409241632,-0.9045828903374928,-0.16811368709218977,-0.09281412996127007,-0.06917523499418288
-3.0,-0.2170644393707669,-0.5425727803055903,-0.4758883933367624,-0.3512250954910751,-0.32168766218939854
-2.0,-0.3853601639220697,-0.8103751562768773,-0.3258039554100814,-0.5358187466234674,-0.5196915302889715
2.0,-0.39079210887059,-0.6354824809838895,-0.202864424077834,-0.32409240321552063,-0.2879382406924828
-1.0,-0.34905426162302433,-0.6059570679754306,-0.14857186014951468,-0.46324710174300326,-0.3422240189081717
-1.0,-0.34326487942998146,-0.451602449864936,-0.24548390931534397,-0.3812786767496993,-0.41440437700352933
1.0,-0.36355501318749645,-0.628084731373864,-0.19027447260284105,-0.3586659628140871,-0.3252306294989806
-3.0,-0.37515074744783655,-0.6407215049440002,-0.16811368709218977,-0.47185492656815187,-0.5076782354322028
-3.0,-0.3909374121283482,-0.5083202205653053,-0.4779899944145975,-0.6573276028982987,-0.6313329989175906
-2.0,-0.33658173751116094,-0.5837798085856769,-0.349386075599399,-0.2898768758599607,-0.47273300635800014
2.0,-0.3908927067827564,-1.090311045371342,-0.202864424077834,-0.3181385297715941,-0.2688674707970699
-1.0,-0.33658173751116094,-0.5837798085856769,-0.16157802326679904,-0.24536443975220426,-0.2791325917161386
-1.0,-0.3574256943282353,-0.8354562084964262,-0.23800472188476515,-0.2654346961044041,-0.2596970827504424
1.0,-0.37096382374085396,-1.1664709386826222,-0.21031809499290613,-0.255973531797954,-0.26394143647250257
-3.0,-0.33658173751116094,-0.5837798085856769,-0.16723052915115144,-0.26385942333898754,-0.3181774453382258
-3.0,-0.3763876099142337,-1.052588421363131,-0.4758883933367624,-0.5352175111215024,-0.5078934366956808
-2.0,-0.4326710838761744,-0.8019213760556587,-0.33085982601351116,-0.3985054836206368,-0.4080765770941468
2.0,-0.4326710838761744,-0.8019213760556587,-0.22971286058694318,-0.30817807330431357,-0.2869085229239524
-1.0,-0.39414948761520757,-0.6487901708864083,-0.17989085446940029,-0.20957851788741858,-0.22955994855235926
-1.0,-0.42822141836927374,-0.682560005447352,-0.2648507900714066,-0.3602592542978531,-0.4211821984121766
1.0,-0.39414948761520757,-0.6487901708864083,-0.18274996124108947,-0.20774027442952406,-0.25143888667661796
-3.0,-0.4326710838761744,-0.8019213760556587,-0.13284352537767075,-0.3084833429050874,-0.278626109057732
-3.0,-0.4254619648420216,-0.6053265853073114,-0.4810642781846786,-0.5653987450677905,-0.5566250821880339
-1.0,-0.32312426696725505,-0.3353673358651233,-0.3380480486259088,-0.24625436493181907,-0.3173356940875561
2.0,-0.3322552678241819,-0.24319766677561275,-0.1958243636103417,-0.2000958225454921,-0.220568090192975
-2.0,-0.3045594810719351,-0.3004008062344412,-0.14887541670725254,-0.20249817978282952,-0.16246925767052817
1.0,-0.3275194948249105,-0.2205981688240956,-0.2150268616874805,-0.18301809404196165,-0.21766320963835986
2.0,-0.32312426696725505,-0.3353673358651233,-0.13049475499175672,-0.1494404541464564,-0.14769682387911276
-2.0,-0.3053650504374059,-0.2362602772696853,-0.1526441791980563,-0.20688679711917737,-0.14438133731368205
-1.0,-0.3040936014713922,-0.0657170105872982,-0.31710185651931,-0.19766330451961228,-0.2897116353776528
2.0,-0.31224600487469245,-0.5732467307024475,-0.17276515912750082,-0.12767761201513497,-0.13444148099312983
-2.0,-0.28853334584761586,-0.43787429581200465,-0.1746372653632738,-0.23396816391007766,-0.20141364568736564
1.0,-0.3002910720461631,-0.4622829594216909,-0.20883726464695318,-0.17144035707087063,-0.17327441927577106
2.0,-0.3040936014713922,-0.0657170105872982,-0.2033861893785506,-0.13622608531812302,-0.1653859591190575
-2.0,-0.2948105013262248,-0.5964818196586362,-0.1911456841702431,-0.24725770413146225,-0.21150922823414692
-1.0,-0.1885957011074064,-0.11727676441810875,-0.276461261997145,-0.15875248565849112,-0.23954372202859275
2.0,-0.20361578817649256,-0.3797125687889378,-0.17276515912750082,-0.13704346209606041,-0.14280932797394708
-2.0,-0.18984158318307678,-0.4383639650642087,-0.11124581257540642,-0.10112542692191384,-0.0360452049440928
1.0,-0.20361578817649256,-0.3797125687889378,-0.22399849522020984,-0.15178180631994934,-0.17985967715309026
2.0,-0.17410848928253234,-0.4980550235556057,-0.2033861893785506,-0.15699018407844997,-0.18005054494565073
-2.0,-0.1885957011074064,-0.11727676441810875,-0.15674202859477548,-0.19000857284546924,-0.1360212126758633
-1.0,-0.2241361466603331,-0.3892168982055055,-0.276461261997145,-0.10897208149656,-0.2604790844345648
2.0,-0.21808545762455073,-0.10763260368224895,-0.19512316188072998,-0.09944881745709327,-0.15950187747777894
-2.0,-0.2120065161628828,0.165945572748976,-0.1441676295628289,-0.19472710219650366,-0.03982215187676991
1.0,-0.2120065161628828,0.165945572748976,-0.22680845176541506,-0.09816090754365876,-0.11445377838631528
2.0,-0.215459376584901,-0.2291370144171283,-0.19576672717293492,-0.09088117803393914,-0.11434927490831245
-2.0,-0.2120065161628828,0.165945572748976,-0.1526441791980563,-0.1323672356944071,-0.08406150228687506
-1.0,-0.18254691448620358,0.5251980311825721,-0.29422289218338177,-0.2013809902222853,-0.2503676943354654
2.0,-0.21196365965546812,0.32896495736390197,-0.2004350204335102,-0.06971433784613025,-0.10356326410119511
-2.0,-0.18503006309308048,0.1410354368143945,-0.14887541670725254,-0.18698451491537255,-0.11693569579431337
1.0,-0.1989213152123211,0.30679364627980277,-0.22680845176541506,-0.14262143573900912,-0.1904240153667949
2.0,-0.20320206620081163,-0.07851178301604542,-0.21005109650024717,-0.12970002258803587,-0.17972047982773395
-2.0,-0.17557960386101348,0.26664168133700294,-0.1911456841702431,-0.1728900212447359,-0.08235754505647852
-1.0,-0.17640872733371993,-0.0753798849519304,-0.276461261997145,-0.14832594356100637,-0.28284672433202
2.0,-0.20126963250564273,-0.18806962607342964,-0.18736520465673612,-0.0795864953214529,-0.0824035769518628
-2.0,-0.19174456327286157,-0.30355239211990037,-0.129178216720521,-0.10710254883286058,-0.07815681305843532
1.0,-0.1836995893041338,-0.5178599125928443,-0.22399849522020984,-0.16452962264475207,-0.17985967715309026
2.0,-0.20703716949549633,-0.3207774198374536,-0.18296283567429555,-0.13471815523078676,-0.06504093999896703
-2.0,-0.20126963250564273,-0.18806962607342964,-0.1493563434523025,-0.08114892010846897,-0.07068739578693563
-1.0,-0.39059006834617604,-0.14303489887977103,-0.276461261997145,-0.19980007000642708,-0.28300050621885053
2.0,-0.4095982195600184,-0.28874895618820967,-0.17276515912750082,-0.14192897064426238,-0.15885210420955814
-2.0,-0.4095982195600184,-0.28874895618820967,-0.14487972598936213,-0.2624167412408772,-0.18703380984198545
1.0,-0.39348755343382885,-0.1544836998813607,-0.2076565013071877,-0.19750236470943303,-0.20342143788098213
2.0,-0.3904080146008517,-0.39984187692815365,-0.17347314234058664,-0.17414047283723574,-0.2241451867078324
-2.0,-0.4163303687160207,-0.38323313878430676,-0.1526441791980563,-0.2177954477085119,-0.15069878136013978
-1.0,-0.37994854217812996,-0.18596970195895624,-0.32881537615284473,-0.2450629256225068,-0.32085741174978294
2.0,-0.3698293100946779,-0.23687136826611546,-0.2004350204335102,-0.17230416185488803,-0.2301165099335037
-2.0,-0.3698293100946779,-0.23687136826611546,-0.15650341186733532,-0.25539440953323117,-0.1809148628519833
1.0,-0.38035039400334936,-0.21129072963507634,-0.22399849522020984,-0.14647799625879884,-0.15359968168128887
2.0,-0.3781898530010408,-0.3752575019029354,-0.21917133217410778,-0.19554582628871348,-0.22421667559360572
-2.0,-0.3812563290498848,-0.26857336828739464,-0.15674202859477548,-0.281735441497201,-0.17488917820865849
-1.0,-0.4135721430019752,-0.5019020128218572,-0.31710185651931,-0.3085461231372596,-0.34248795047737063
2.0,-0.40459093552719083,-0.5603132868809979,-0.19512316188072998,-0.24286478298859804,-0.199592524852177
-2.0,-0.41301214471520076,-0.49210201907171036,-0.129178216720521,-0.17979337309947718,-0.18133551199013764
1.0,-0.4127725267157413,-0.4364473545402798,-0.22399849522020984,-0.19869364203821077,-0.2268422503920641
2.0,-0.41301214471520076,-0.49210201907171036,-0.19576672717293492,-0.23356818054017697,-0.22717594478719425
-2.0,-0.41320333738827003,-0.5634905654850554,-0.13565366235661447,-0.19624577315831337,-0.22081786784528162
-1.0,-0.37146797815523025,-0.4114964153929179,-0.3380480486259088,-0.3177929971584856,-0.3310545097568302
2.0,-0.3837504382304399,-0.3170398802107937,-0.1958243636103417,-0.2626336885229806,-0.2347697198206237
-2.0,-0.378161691086872,-0.01995098276256933,-0.15650341186733532,-0.21478071920828706,-0.18120389642399323
1.0,-0.3837504382304399,-0.3170398802107937,-0.2076565013071877,-0.2510157892514678,-0.22756657060534977
2.0,-0.378161691086872,-0.01995098276256933,-0.2033861893785506,-0.24641581416706268,-0.24151556152476197
-2.0,-0.38894390054585765,-0.3766905354379081,-0.14980773126177616,-0.20468802039964443,-0.2169729035701267
-1.0,-0.326402646792961,-0.3782402000434072,-0.276461261997145,-0.26976532456034724,-0.30017344678651925
2.0,-0.35732379714733287,-0.6653348636776972,-0.1826825022286931,-0.2929073335337186,-0.34349326283932496
-2.0,-0.3438840978004159,-0.5114166992643518,-0.1746372653632738,-0.3053148878631408,-0.30485609738471503
1.0,-0.35732379714733287,-0.6653348636776972,-0.22680845176541506,-0.29540288768065487,-0.45358516665200177
2.0,-0.3408634263314165,-0.4953416473655805,-0.19895126442608455,-0.2996029624239251,-0.30301395431120315
-2.0,-0.34263773383077745,-0.418364559776453,-0.1493563434523025,-0.18048715169835378,-0.2635103026506536
-1.0,-0.19571604345124816,-0.4846323767051089,-0.30757579602900703,-0.26824593508317923,-0.2737584701247666
2.0,-0.19571604345124816,-0.4846323767051089,-0.18736520465673612,-0.143188555529218,-0.19638163682440815
-2.0,-0.2078727978633239,-0.5505534684032332,-0.13399257982696947,-0.08735674598242496,-0.08328932260626337
1.0,-0.19571604345124816,-0.4846323767051089,-0.20899840707146128,-0.12861538226810176,-0.17841249352504393
2.0,-0.25046724536990356,-0.43312303875191593,-0.21917133217410778,-0.17843414337868266,-0.20056655954049937
-2.0,-0.2078727978633239,-0.5505534684032332,-0.15674202859477548,-0.06545509423072095,-0.1360212126758633
-1.0,-0.22480015093034011,-0.26489791068655455,-0.30757579602900703,-0.3440288048043713,-0.33068361417027653
2.0,-0.22029490803764248,-0.2554128551404801,-0.1826825022286931,-0.28385221017858725,-0.2129098658993488
-2.0,-0.24684845603412825,-0.23782255571502633,-0.13765488978027468,-0.28537095610202534,-0.23366358680043478
1.0,-0.25559692952059154,-0.43580726298229255,-0.22507657689685323,-0.23262417147765171,-0.2906748116822462
2.0,-0.24261012033193108,-0.12744487217051723,-0.21917133217410778,-0.27384775589020094,-0.23605120861713744
-2.0,-0.25559692952059154,-0.43580726298229255,-0.13565366235661447,-0.25407992238889954,-0.29240083495491787
-1.0,-0.18669220250273752,0.24670809199385274,-0.29422289218338177,-0.17108858710150635,-0.21132791141455992
2.0,-0.22651951408735652,-0.020383031098122294,-0.19512316188072998,-0.11529023466050722,-0.15950187747777894
-2.0,-0.2348568058349388,0.007233945580510404,-0.15650341186733532,-0.1390189010043849,-0.15140074424303662
1.0,-0.18669220250273752,0.24670809199385274,-0.21834568183687345,-0.07768113565711246,-0.16031297306683118
2.0,-0.2121450092317712,0.08610935552027678,-0.18296283567429555,-0.08636186788863226,-0.10661226832268539
-2.0,-0.17908850841987203,-0.08326849535899092,-0.1493563434523025,-0.05440621668306447,-0.07068739578693563
-1.0,-0.12597867464879237,-0.1757663808277003,-0.276461261997145,-0.3048398034235684,-0.2885844351074022
2.0,-0.11587647158926054,-0.06777897616052811,-0.1958243636103417,-0.2226321278575067,-0.220568090192975
-2.0,-0.11587647158926054,-0.06777897616052811,-0.129178216720521,-0.18979111962931952,-0.1605538755469009
1.0,-0.12440574813717407,-0.18642345926034326,-0.23779025157087233,-0.2773139432052419,-0.25387689774071254
2.0,-0.09834742892511861,-0.2186935124012038,-0.18296283567429555,-0.23059095715869962,-0.22456665401167464
-2.0,-0.12597867464879237,-0.1757663808277003,-0.15674202859477548,-0.20233620152657095,-0.20673319891774217
-1.0,-0.2423585020574174,0.3820395259078369,-0.32128285443686827,-0.18058577138610143,-0.22753425356935364
2.0,-0.18990113380548257,0.3541855046634283,-0.17276515912750082,-0.06085689657135888,-0.08841838003902582
-2.0,-0.2423585020574174,0.3820395259078369,-0.14020084203400784,-0.09101439852591836,-0.08249569729046012
1.0,-0.19452949450026935,0.09352607350588242,-0.23779025157087233,-0.1337388541081725,-0.16569605242953162
2.0,-0.21352353851018194,-0.009388561060069245,-0.21005109650024717,-0.18132063916939867,-0.1537592044667874
-2.0,-0.19703143629462233,-0.0023652048661134016,-0.1911456841702431,-0.1772876689777391,-0.14985129505453382
-1.0,-0.09841957959917598,-0.17184137434797203,-0.29422289218338177,-0.22842623830484388,-0.2369684425669934
2.0,-0.05940881324382448,0.12658584153374947,-0.19512316188072998,-0.13147893865723434,-0.15950187747777894
-2.0,-0.05940881324382448,0.12658584153374947,-0.14020084203400784,-0.169276399221749,-0.08249569729046012
1.0,-0.09345956361864345,0.20734695546285323,-0.20899840707146128,-0.0837820601735877,-0.08783205461484994
2.0,-0.04298008278797369,0.40939853909604035,-0.21005109650024717,-0.09998012491342648,-0.05406401219042122
-2.0,-0.04298008278797369,0.40939853909604035,-0.13565366235661447,-0.17012795187195273,-0.03608002600059635
-1.0,-0.08781155214188259,-0.077337009588382,-0.3380480486259088,-0.22118393244272228,-0.24731614240403038
2.0,-0.0992936491864308,-0.27300763206864453,-0.19512316188072998,-0.15838517726741427,-0.20394989228814092
-2.0,-0.08781155214188259,-0.077337009588382,-0.14487972598936213,-0.12714752938118046,-0.1177014851019959
1.0,-0.0992936491864308,-0.27300763206864453,-0.23824673056933743,-0.19256096564585126,-0.24956318404777122
2.0,-0.08781155214188259,-0.077337009588382,-0.13049475499175672,-0.07477452512781642,-0.12624932948674022
-2.0,-0.08709435841538181,-0.15928515998542547,-0.15977854520438256,-0.1173514316852018,-0.18746009596871546
-1.0,-0.15396322085497471,-0.36290164768857475,-0.3101735076801405,-0.23495376635389326,-0.3120736971538289
2.0,-0.1664364974386356,-0.557073215282318,-0.1826825022286931,-0.14751919693495302,-0.17636504956656748
-2.0,-0.17241406474619506,-0.5681129200688173,-0.14887541670725254,-0.18345729948078218,-0.14029508810206842
1.0,-0.15396322085497471,-0.36290164768857475,-0.23779025157087233,-0.2037696441440176,-0.1958761525728194
2.0,-0.17287011596844967,-0.45116863586994416,-0.17886940817421895,-0.21069481214795635,-0.17612565606140704
-2.0,-0.1664364974386356,-0.557073215282318,-0.1526441791980563,-0.1389964716514806,-0.13337439578161495
-1.0,-0.19650735321208113,-0.49429385959527267,-0.276461261997145,-0.27568468557506265,-0.3008919817870025
2.0,-0.13865868208569826,-0.5820551699675879,-0.179838465684383,-0.171982403041995,-0.13578377354459417
-2.0,-0.19650735321208113,-0.49429385959527267,-0.13399257982696947,-0.13056087257844534,-0.17029163458030355
1.0,-0.17170773267378853,-0.6779867537657809,-0.22507657689685323,-0.16072145062577425,-0.1800456935691951
2.0,-0.16333660470046057,-0.6931570939581178,-0.19895126442608455,-0.1834706161560841,-0.1540404861638812
-2.0,-0.19926413877753396,-0.6742034719598651,-0.1493563434523025,-0.14828842410681434,-0.10803336006688095
-1.0,-0.1782213652191313,-0.13335080059213525,-0.3087698518977031,-0.1927611662242965,-0.275540465550191
2.0,-0.19571811028756453,-0.5143095502036165,-0.2004350204335102,-0.13118541253899238,-0.18968811361647892
-2.0,-0.19571811028756453,-0.5143095502036165,-0.15650341186733532,-0.14473526333572087,-0.18615928980874208
1.0,-0.16508144326921137,-0.27637653236316845,-0.21834568183687345,-0.14105171741227293,-0.18433162965489835
2.0,-0.17042041163590688,-0.1289834135299272,-0.19576672717293492,-0.11778359927022346,-0.15032075377410803
-2.0,-0.1972135164203869,-0.23675078263699487,-0.15674202859477548,-0.10489158485872921,-0.1360212126758633
-1.0,-0.13148950658474443,0.10059197503384025,-0.3380480486259088,-0.15021801075389138,-0.19848722212967893
2.0,-0.13148950658474443,0.10059197503384025,-0.17276515912750082,-0.03236211511129378,-0.088537009046508
-2.0,-0.13148950658474443,0.10059197503384025,-0.14487972598936213,-0.13469295325487576,-0.09166717723957275
1.0,-0.14055510047209013,0.10154569031121492,-0.22680845176541506,-0.08416441796981027,-0.09937341409737045
2.0,-0.13698788246764423,-0.1678987326990395,-0.21352972495973452,-0.10467695073775164,-0.10129930736246813
-2.0,-0.12573832858219894,0.16310076707431226,-0.13565366235661447,-0.05932180575650169,-0.021656353202857005
-1.0,-0.048210178554792205,0.06286920569496438,-0.3017685580316213,-0.20662636809584248,-0.24450971199750435
2.0,-0.048210178554792205,0.06286920569496438,-0.1826825022286931,-0.11244838944617722,-0.10962579433566075
-2.0,-0.07237876111876834,-0.3765656079843957,-0.13765488978027468,-0.154295767816887,-0.04959149668319396
1.0,-0.0230741718673241,-0.33336483402874456,-0.21834568183687345,-0.1669012782122071,-0.18433162965489835
2.0,-0.014667224719379268,-0.42222717134418525,-0.13049475499175672,-0.1305234306018535,-0.11132520745039617
-2.0,-0.014667224719379268,-0.42222717134418525,-0.1630839778395412,-0.12199777573203333,-0.12734385252082128
-1.0,-0.0015096352151392105,-0.2804818012681265,-0.3380480486259088,-0.2050777461790943,-0.23318498726677578
2.0,-0.04599531756231541,-0.4552299160497494,-0.18736520465673612,-0.14678353178181577,-0.21593445709504078
-2.0,-0.016830738229867075,-0.5229634678208915,-0.129178216720521,-0.10113709346245477,-0.12265467707931438
1.0,-0.04507485036901619,-0.4013472427111326,-0.22680845176541506,-0.1527697376914569,-0.2098762199394696
2.0,-0.0190560718142393,-0.21605304979552553,-0.17347314234058664,-0.13816910904372753,-0.13273545429022507
-2.0,-0.05745230691714532,-0.3790532077972725,-0.14980773126177616,-0.12671920035785295,-0.1140381959989332
-1.0,-0.07802138477574087,0.605347308386162,-0.3087698518977031,-0.08341329350387086,-0.16584240807646225
2.0,-0.053593870585543935,0.09793668596808204,-0.2004350204335102,-0.08322102598326853,-0.10356326410119511
-2.0,-0.0762401941179999,0.018346932293384965,-0.14887541670725254,-0.11538380899464408,-0.09751136670384408
1.0,-0.07802138477574087,0.605347308386162,-0.22507657689685323,-0.0288187897837609,-0.040943911278804555
2.0,-0.0854193326231493,-0.08510767256174845,-0.17886940817421895,-0.10103633110556919,-0.1193488046980334
-2.0,-0.0762401941179999,0.018346932293384965,-0.1493563434523025,-0.05905973594954836,-0.07068739578693563
-1.0,-0.13426187457219102,-0.07601591740250543,-0.30757579602900703,-0.21940979729841656,-0.2577236634083226
2.0,-0.11663889401701102,0.20384934779889724,-0.19512316188072998,-0.14262946592620712,-0.21196745023654506
-2.0,-0.1253493282240243,0.11291283760102151,-0.13399257982696947,-0.11198196564397563,-0.043578269066676674
1.0,-0.11663889401701102,0.20384934779889724,-0.23824673056933743,-0.15768093017829318,-0.2560368093046816
2.0,-0.13271726548638763,-0.055971862138429695,-0.19895126442608455,-0.18249661858596647,-0.11150087626000448
-2.0,-0.13459749017816036,0.06483636841619464,-0.13565366235661447,-0.0811403933346787,-0.03777229566472869
-1.0,-0.13100338470432593,0.22220517006001855,-0.29422289218338177,-0.19703256140168524,-0.21132791141455992
2.0,-0.11854115778315685,0.16747730580725087,-0.2042415152177052,-0.11429970572505917,-0.13743918802633104
-2.0,-0.14620373372840362,-0.2927583217971765,-0.14020084203400784,-0.1665964340623609,-0.07878311475736888
1.0,-0.14620373372840362,-0.2927583217971765,-0.23824673056933743,-0.17698101476477812,-0.18799693580668342
2.0,-0.13100338470432593,0.22220517006001855,-0.17347314234058664,-0.11013865420878002,-0.13273545429022507
-2.0,-0.14620373372840362,-0.2927583217971765,-0.14980773126177616,-0.12263117771628913,-0.10805208936863084
-1.0,-0.13550194305569674,-0.2170680599431123,-0.3380480486259088,-0.24973579078032807,-0.23318498726677578
2.0,-0.13041363831745476,-0.25458340576881455,-0.1958243636103417,-0.1887939276996859,-0.16164204379023245
-2.0,-0.13041363831745476,-0.25458340576881455,-0.129178216720521,-0.13795141029480418,-0.07596120168474504
1.0,-0.11419553063276422,-0.3134216911271016,-0.20899840707146128,-0.2154192513544157,-0.1537359867799701
2.0,-0.11419553063276422,-0.3134216911271016,-0.21352972495973452,-0.2214411432554967,-0.13814812952262093
-2.0,-0.15032264067195716,-0.29179941674036575,-0.144252258771687,-0.15749094218359366,-0.11392841362097011
-1.0,-0.13974953689235703,-0.44237771665754466,-0.32128285443686827,-0.24962586963585093,-0.23352036019965594
2.0,-0.13974953689235703,-0.44237771665754466,-0.19512316188072998,-0.18302598942483395,-0.16548798410808127
-2.0,-0.13277326305550352,-0.567923218843943,-0.1441676295628289,-0.20710043519949517,-0.04116719680098339
1.0,-0.1736793816104404,-0.5457582771640836,-0.21834568183687345,-0.11895989433144731,-0.169647388793751
2.0,-0.1736793816104404,-0.5457582771640836,-0.17347314234058664,-0.11506792599231715,-0.13636032557028985
-2.0,-0.14064842928424706,-0.48547130478490175,-0.15674202859477548,-0.13383942956955458,-0.1641100372013719
-1.0,-0.2562891043644934,-0.6563078409490876,-0.3087698518977031,-0.2460493146906154,-0.2869563848723708
2.0,-0.25893809252699956,-0.6250280608057446,-0.18736520465673612,-0.17477055661946564,-0.22431921571907557
-2.0,-0.2554663606956197,-0.6334098974143088,-0.11124581257540642,-0.2702753235319866,-0.19195203429237137
1.0,-0.2554663606956197,-0.6334098974143088,-0.21834568183687345,-0.20246366294825327,-0.22840808476644237
2.0,-0.23305887555843288,-0.5402196653886858,-0.19895126442608455,-0.18370535319282105,-0.14560614103085928
-2.0,-0.28889052882318944,-0.5701809700831151,-0.14980773126177616,-0.17334973773024512,-0.1459325782882182
-1.0,-0.1571912942774117,-0.3339034203135885,-0.3087698518977031,-0.296203698950055,-0.2869563848723708
2.0,-0.1571912942774117,-0.3339034203135885,-0.18891266748381547,-0.2344513147595357,-0.23287940314360367
-2.0,-0.1215030243551023,-0.2144198033817234,-0.13399257982696947,-0.14220443142606945,-0.17029163458030355
1.0,-0.1215030243551023,-0.2144198033817234,-0.20883726464695318,-0.1699991464601036,-0.21615770612561097
2.0,-0.1215030243551023,-0.2144198033817234,-0.17886940817421895,-0.1597243890928356,-0.17959260811804506
-2.0,-0.16031598211690523,-0.40828976457834354,-0.1526441791980563,-0.20320991967229057,-0.15747349075236938
-1.0,-0.10401064164367707,-0.42228222830296236,-0.3380480486259088,-0.26204479278886494,-0.3173356940875561
2.0,-0.10597688314342923,0.1423427409777999,-0.2042415152177052,-0.15194454484657108,-0.10709828853194454
-2.0,-0.07703490687091569,0.1599277673224367,-0.129178216720521,-0.18334375593022256,-0.041414369388722644
1.0,-0.12638242238661423,0.09581907067477144,-0.20899840707146128,-0.11895039827513457,-0.10199550303616454
2.0,-0.10401064164367707,-0.42228222830296236,-0.13049475499175672,-0.14297391554315586,-0.1441006101181146
-2.0,-0.07204781722696785,0.12903009595550782,-0.154197326972536,-0.09543172502988932,-0.04982502735609193
-1.0,-0.06940039711564984,-0.24048504466167406,-0.31710185651931,-0.3194889957933928,-0.3086443947975181
2.0,-0.08783274103750652,-0.30558951833762216,-0.179838465684383,-0.21316244687760405,-0.17960718191664654
-2.0,-0.06940039711564984,-0.24048504466167406,-0.15650341186733532,-0.23470100539736274,-0.1809148628519833
1.0,-0.07795380206857509,-0.2851789879028323,-0.22507657689685323,-0.2052677044389075,-0.2649948327874641
2.0,-0.1080128191664177,-0.3358188152346135,-0.13049475499175672,-0.22363845571963034,-0.16775422802099568
-2.0,-0.06940039711564984,-0.24048504466167406,-0.154197326972536,-0.17673058404867548,-0.1941794608577815
-1.0,-0.07720423302893524,0.5919421856530903,-0.32881537615284473,-0.18876823495328082,-0.30107946235846306
2.0,-0.08343187922802889,0.4733124269824384,-0.17276515912750082,-0.1882997443095639,-0.15490798889758467
-2.0,-0.06727273917603993,0.47618363895690036,-0.1746372653632738,-0.22572063664353126,-0.11902833261580148
1.0,-0.1185530540847428,0.600079070315017,-0.20899840707146128,-0.19093012957674863,-0.1537359867799701
2.0,-0.1185530540847428,0.600079070315017,-0.21352972495973452,-0.20228181968542666,-0.13814812952262093
-2.0,-0.0934652194589051,-0.0067750643270423575,-0.15674202859477548,-0.2186926244752924,-0.1641100372013719
-1.0,-0.20321699016009423,-0.4955925187008695,-0.32128285443686827,-0.23331465275846966,-0.23352036019965594
2.0,-0.20321699016009423,-0.4955925187008695,-0.19512316188072998,-0.18282188601146968,-0.16548798410808127
-2.0,-0.22885026846880138,-0.44713162601871603,-0.14887541670725254,-0.19184512123591713,-0.13914072894901897
1.0,-0.22885026846880138,-0.44713162601871603,-0.20899840707146128,-0.1506672010442267,-0.1897274902642396
2.0,-0.1823920630324814,-0.33303806896212734,-0.18296283567429555,-0.14018308642024968,-0.10661226832268539
-2.0,-0.2146566771600635,-0.545003370566528,-0.1911456841702431,-0.18339097926034498,-0.14985129505453382
-1.0,-0.1881581650115992,-0.31942683104623915,-0.3087698518977031,-0.25221646533495745,-0.32085860567112406
2.0,-0.2050449528914698,-0.46684458855914857,-0.17276515912750082,-0.15652511009201941,-0.10602908443297744
-2.0,-0.2229885722978435,-0.2071883373580503,-0.11124581257540642,-0.22207650711514898,-0.13762009045624318
1.0,-0.2050449528914698,-0.46684458855914857,-0.22399849522020984,-0.17126345431590842,-0.15359968168128887
2.0,-0.2229885722978435,-0.2071883373580503,-0.17347314234058664,-0.17348675768776745,-0.14510590630321202
-2.0,-0.19646265218602352,-0.4420222064243897,-0.15977854520438256,-0.22948864967623,-0.2098509898358693
-1.0,-0.32074225783215826,-0.1836732648261124,-0.3017685580316213,-0.2769448024770082,-0.2988672221619789
2.0,-0.32312396633619983,-0.1618854030910112,-0.19512316188072998,-0.18840637708152938,-0.20394989228814092
-2.0,-0.31515298518828816,-0.2592900353287761,-0.129178216720521,-0.18341657458155733,-0.15598981147275992
1.0,-0.2875294734333737,-0.2650576770818258,-0.22399849522020984,-0.1906150294270555,-0.2268422503920641
2.0,-0.30605744240496147,-0.22193643180468442,-0.2033861893785506,-0.1702303754913619,-0.20618632782493368
-2.0,-0.32074225783215826,-0.1836732648261124,-0.1526441791980563,-0.16842599434140934,-0.165275349789616
-1.0,-0.17767868670316495,0.012524200773804933,-0.3017685580316213,-0.2462527366126483,-0.2988672221619789
2.0,-0.19301304854387497,-0.1365138340236924,-0.19512316188072998,-0.21514551902386014,-0.22001486596294773
-2.0,-0.18431073078839671,-0.15305592469086512,-0.11124581257540642,-0.2881639418843347,-0.19195203429237137
1.0,-0.14498548132179792,0.02833421214889917,-0.22399849522020984,-0.19145344637385864,-0.21666757297804404
2.0,-0.2173888122278018,-0.3968814996511885,-0.19576672717293492,-0.22012352608439825,-0.22180352786647714
-2.0,-0.2173888122278018,-0.3968814996511885,-0.1911456841702431,-0.3014483684794793,-0.21150922823414692
-1.0,-0.3104830113395645,0.09740305550783446,-0.3101735076801405,-0.3918126620715898,-0.30087202249405204
2.0,-0.301383802061479,0.12965761335728182,-0.1958243636103417,-0.29076955331999194,-0.23682292627206206
-2.0,-0.2660501509403819,0.21036260219729025,-0.14020084203400784,-0.22595236397439278,-0.1289114573730099
1.0,-0.2913561514703515,0.08187492690195537,-0.22680845176541506,-0.21829013879538794,-0.2218559259695952
2.0,-0.2978988768156698,-0.0048557085872827695,-0.21005109650024717,-0.29662943547138054,-0.23531341206617098
-2.0,-0.3104830113395645,0.09740305550783446,-0.15977854520438256,-0.2718207040263807,-0.16351042390146053
-1.0,-0.24260039473248574,-0.28000214441323845,-0.32881537615284473,-0.20637798465233337,-0.3328881525174533
2.0,-0.256008017685043,-0.5190096976246137,-0.1826825022286931,-0.24074930747074474,-0.2621042785807702
-2.0,-0.256008017685043,-0.5190096976246137,-0.1441676295628289,-0.24488800156340365,-0.28836366759161064
1.0,-0.23293227720166187,-0.45172250056855867,-0.21834568183687345,-0.2925666661064281,-0.26799375723610835
2.0,-0.24633620335946374,-0.39570091673001156,-0.2033861893785506,-0.2069174741691542,-0.2379597528615382
-2.0,-0.24260039473248574,-0.28000214441323845,-0.1911456841702431,-0.2771296280191618,-0.2404153341069808
-1.0,-0.11800604856910833,-0.4245167676797381,-0.32128285443686827,-0.22807711645169304,-0.24604003021358423
2.0,-0.11800604856910833,-0.4245167676797381,-0.19512316188072998,-0.18323581127255795,-0.11181603681232362
-2.0,-0.14873835181296513,-0.3040546726950821,-0.13399257982696947,-0.22224516408842052,-0.17029163458030355
1.0,-0.14873835181296513,-0.3040546726950821,-0.20883726464695318,-0.2157161783561276,-0.22839486178082793
2.0,-0.1466546946573875,-0.16802520225851522,-0.2033861893785506,-0.21244913327959833,-0.20618632782493368
-2.0,-0.1412931375218758,-0.3221837889795689,-0.1630839778395412,-0.16223411178909586,-0.3014117027739103
-1.0,-0.12437273441442087,0.35144528853038143,-0.32128285443686827,-0.2047784060894253,-0.24604003021358423
2.0,-0.1509718171086309,0.27082138816809964,-0.2004350204335102,-0.20993397140682948,-0.18968811361647892
-2.0,-0.15320304258967654,0.27114709504220225,-0.1441676295628289,-0.23459214884755586,-0.05004443002356767
1.0,-0.16676132293066184,0.22501889261085256,-0.23779025157087233,-0.2154571447221888,-0.25363955760074397
2.0,-0.14064822602294905,-0.09037591294743542,-0.17886940817421895,-0.23259962916245333,-0.17612565606140704
-2.0,-0.12883805961932823,0.31533083940201717,-0.1630839778395412,-0.15738896597314486,-0.17457033562679194
-1.0,-0.17554922739967868,-0.7144545121750454,-0.32881537615284473,-0.3222392340533589,-0.32085741174978294
2.0,-0.16303041125137188,-0.09296794102900166,-0.179838465684383,-0.1745303992390688,-0.12937519604428713
-2.0,-0.16303041125137188,-0.09296794102900166,-0.11124581257540642,-0.12624185503674967,-0.0360452049440928
1.0,-0.1247846831996479,-0.16200161068274105,-0.23824673056933743,-0.17276499525231423,-0.20010913265005825
2.0,-0.119006357184663,0.012892212900487143,-0.17886940817421895,-0.11452465234378614,-0.1570501912042993
-2.0,-0.15275677114674374,-0.13781724517159538,-0.1493563434523025,-0.1163450514962712,-0.12147427600733914
-1.0,-0.14586916520114332,-0.030711689399484945,-0.3380480486259088,-0.20796317066549833,-0.23318498726677578
2.0,-0.15155110651456044,0.15121487360086983,-0.1826825022286931,-0.16409376071462245,-0.15851328578663343
-2.0,-0.14586916520114332,-0.030711689399484945,-0.14487972598936213,-0.18912693165402517,-0.1035703299647413
1.0,-0.20381251828617516,0.20553670355805548,-0.23779025157087233,-0.18997150693958537,-0.21528921066978615
2.0,-0.13405084654622978,0.25758237349847646,-0.17886940817421895,-0.1508570952452925,-0.08044065550826059
-2.0,-0.19217782590458923,0.10294140335344829,-0.1911456841702431,-0.15028880395234945,-0.15165924936527728
-1.0,-0.5233270081229645,-0.6179517316267262,-0.3380480486259088,-0.49666546195598893,-0.40539003690314773
2.0,-0.5233270081229645,-0.6179517316267262,-0.17276515912750082,-0.3246326528940593,-0.1984988180990747
-2.0,-0.5143483407674829,-0.5789441755940354,-0.13765488978027468,-0.4042139831687343,-0.33539610905569534
1.0,-0.5289381115726463,-0.6674708853868897,-0.2076565013071877,-0.40538706326584156,-0.38454955249169426
2.0,-0.5289381115726463,-0.6674708853868897,-0.19576672717293492,-0.40227994202941414,-0.3888430070985733
-2.0,-0.4819943162029829,-0.5502536175778111,-0.13565366235661447,-0.4121874887807606,-0.4129320539323373
-1.0,-0.0967490248195172,0.07917398612878673,-0.31710185651931,-0.2266951999221214,-0.2399426258987252
2.0,-0.10620735429041595,-0.13778200322514336,-0.19512316188072998,-0.1578797779019238,-0.15463789344257084
-2.0,-0.0930904359962917,0.03469550186149711,-0.13399257982696947,-0.08369661177295709,-0.043578269066676674
1.0,-0.07598268186221965,0.12003420584393945,-0.22507657689685323,-0.05482520097212112,-0.040943911278804555
2.0,-0.10620735429041595,-0.13778200322514336,-0.21917133217410778,-0.1644990434222517,-0.184207281899534
-2.0,-0.09954072094918846,0.032280935401382126,-0.1630839778395412,-0.08726523929933772,-0.08892408424696166
-1.0,-0.2669108878516099,-0.040963322059320115,-0.3101735076801405,-0.28879869786434675,-0.34759777390348673
2.0,-0.21461400193073918,0.22841684949157978,-0.17276515912750082,-0.1707326055632554,-0.14280932797394708
-2.0,-0.2204575579871935,0.24308953781567794,-0.129178216720521,-0.174116661589484,-0.15149332619771377
1.0,-0.23370384314089426,0.09070621206657573,-0.21834568183687345,-0.18368125309667585,-0.17918434079579418
2.0,-0.2563530245935136,0.1571025639768327,-0.21005109650024717,-0.17194333931990416,-0.15967782688266013
-2.0,-0.2669108878516099,-0.040963322059320115,-0.15977854520438256,-0.1574092508274675,-0.1739209363221451
-1.0,-0.2627508243946306,-0.15091288688597673,-0.30757579602900703,-0.26071972173905816,-0.29876108470399815
2.0,-0.24642743782226048,-0.4314881511175971,-0.17276515912750082,-0.20793973055196233,-0.15885210420955814
-2.0,-0.2543117127340097,-0.38202381824503107,-0.11124581257540642,-0.12309297028623929,-0.19195203429237137
1.0,-0.27063112731438316,-0.3928262469976401,-0.23824673056933743,-0.1987326537472767,-0.22740005715979425
2.0,-0.28207649963672204,-0.3314253171873623,-0.17886940817421895,-0.19287593860674748,-0.12429508850171865
-2.0,-0.25716326370485404,-0.2484020858473555,-0.154197326972536,-0.1661617637057465,-0.1370419745353949
-1.0,-0.21437234443045403,0.0008078066761003699,-0.3380480486259088,-0.20133023617249293,-0.23318498726677578
2.0,-0.24897553135862058,0.191252628802438,-0.18891266748381547,-0.13581607136726093,-0.16523608490415725
-2.0,-0.24278273352659951,0.06145612049813961,-0.1441676295628289,-0.19804262256857558,-0.03391675903374786
1.0,-0.24278273352659951,0.06145612049813961,-0.22680845176541506,-0.14268881759709376,-0.15046102484218724
2.0,-0.20902324860901395,-0.029723517864307065,-0.21352972495973452,-0.15661465206855452,-0.2248935962138279
-2.0,-0.19918895387137342,0.06047606159004961,-0.1911456841702431,-0.17799745988988916,-0.14985129505453382
-1.0,-0.21440382518626477,-0.1771040308590896,-0.32881537615284473,-0.2742278459998104,-0.32085741174978294
2.0,-0.24508270245935543,-0.22980637726001227,-0.18891266748381547,-0.19055423029572854,-0.19477481610472622
-2.0,-0.2381132210434592,-0.11743577594514032,-0.14487972598936213,-0.2654851011685513,-0.18703380984198545
1.0,-0.24508270245935543,-0.22980637726001227,-0.22507657689685323,-0.19430577579141944,-0.22689024574858677
2.0,-0.19742863599969265,-0.044530488727565265,-0.17347314234058664,-0.13153292611421882,-0.1352736400395926
-2.0,-0.2060628821316251,-0.041489649836562115,-0.15674202859477548,-0.130950422966265,-0.1360212126758633
-1.0,-0.16745164116026123,-0.31674904756131994,-0.31710185651931,-0.2173427255414646,-0.3077835190155753
2.0,-0.19856376403715773,-0.44678700651745,-0.1826825022286931,-0.1635744228953061,-0.219842897616624
-2.0,-0.17802996026113138,-0.36751329309581177,-0.14887541670725254,-0.22291703945890673,-0.14941409851831106
1.0,-0.20632056242168506,-0.6110812483334459,-0.2076565013071877,-0.14328420355615554,-0.19804124174059967
2.0,-0.17902168281513375,-0.38338113859405903,-0.13049475499175672,-0.10352777458429988,-0.1049125637765214
-2.0,-0.16012419253774826,-0.340037429205741,-0.13565366235661447,-0.09897099683128092,-0.021656353202857005
-1.0,-0.18312827118549474,-0.43757311250299635,-0.3380480486259088,-0.25507016219770534,-0.3230801446160881
2.0,-0.17523341367970657,-0.652300359142139,-0.179838465684383,-0.1606024051615232,-0.17960718191664654
-2.0,-0.194384370873365,-0.6869560605970996,-0.14887541670725254,-0.2484762231780543,-0.250620088093618
1.0,-0.21051795378866947,-0.6867492983304312,-0.23824673056933743,-0.21271171889280263,-0.20279275513669928
2.0,-0.17523341367970657,-0.652300359142139,-0.17347314234058664,-0.1606024051615232,-0.20673564527701177
-2.0,-0.1621892930693051,-0.5205806123587651,-0.13565366235661447,-0.2045602868948973,-0.18896290317868356
-1.0,-0.16168442209051267,-0.23730490562449913,-0.31710185651931,-0.25197033269671626,-0.2897116353776528
2.0,-0.16168442209051267,-0.23730490562449913,-0.2004350204335102,-0.1284522575591766,-0.170314655344563
-2.0,-0.1843196269991302,0.17366744383806157,-0.11124581257540642,-0.08719384814882118,0.022791703346017975
1.0,-0.18626168447249447,0.2163628127897465,-0.2076565013071877,-0.0872735338164366,-0.0688100519135445
2.0,-0.16168442209051267,-0.23730490562449913,-0.2033861893785506,-0.13229839145211134,-0.1653859591190575
-2.0,-0.18626168447249447,0.2163628127897465,-0.1911456841702431,-0.10168849001351027,-0.1050236709164317
-1.0,-0.1801274927709702,-0.2906355700376508,-0.276461261997145,-0.20830731241395278,-0.22409047309227254
2.0,-0.1801274927709702,-0.2906355700376508,-0.19089684029983398,-0.15703823274002482,-0.11824531380573691
-2.0,-0.190449366887566,-0.4627967069229072,-0.13765488978027468,-0.17072815242352032,-0.10042983705904088
1.0,-0.190449366887566,-0.4627967069229072,-0.23779025157087233,-0.16821171629565979,-0.177227457714409
2.0,-0.17968476955444554,-0.32330001391982155,-0.21005109650024717,-0.16824565108607045,-0.19790169768350138
-2.0,-0.1801274927709702,-0.2906355700376508,-0.15674202859477548,-0.11368016805932125,-0.03591965050704238
-1.0,-0.1864872120397691,0.34743924381344116,-0.3380480486259088,-0.17283460037136938,-0.19848722212967893
2.0,-0.18101900320432962,0.05884141902999347,-0.19089684029983398,-0.09867677177835066,-0.11543016470819674
-2.0,-0.18564974660932515,0.031030240345668723,-0.1746372653632738,-0.17991569480549272,-0.08242904516124269
1.0,-0.17593140714700695,0.32937786213468423,-0.20899840707146128,-0.06475566091738927,-0.08783205461484994
2.0,-0.18310755310859506,0.269867373913662,-0.19576672717293492,-0.05238686495143172,-0.02415030635464243
-2.0,-0.18310755310859506,0.269867373913662,-0.1911456841702431,-0.09246543387267404,-0.1348609607339072
-1.0,-0.27498705530903095,-0.31058213689831654,-0.3380480486259088,-0.25015407499446296,-0.3310545097568302
2.0,-0.2683404300116706,-0.5521743822476657,-0.2042415152177052,-0.2654959558934945,-0.27156153469301814
-2.0,-0.27498705530903095,-0.31058213689831654,-0.14487972598936213,-0.1871067208738819,-0.21193604228202897
1.0,-0.25639660254995483,-0.3882530426413619,-0.2076565013071877,-0.27544539837050197,-0.22756657060534977
2.0,-0.24239276758636863,-0.3978994769219727,-0.17347314234058664,-0.18183782669608056,-0.20673564527701177
-2.0,-0.24239276758636863,-0.3978994769219727,-0.144252258771687,-0.17882746663951582,-0.2011993572260145
-1.0,-0.34190963126977186,-0.5018577923379544,-0.276461261997145,-0.24503592571595628,-0.3008919817870025
2.0,-0.3618887746793493,-0.5689401866423954,-0.18891266748381547,-0.2250787870365516,-0.23287940314360367
-2.0,-0.37050459809813174,-0.6706741636482677,-0.13765488978027468,-0.21941533235285127,-0.22321779933679337
1.0,-0.36206947644786225,-0.5733267658961545,-0.20899840707146128,-0.22075589398884055,-0.24057062179083882
2.0,-0.3749447333923646,-0.45892784795128416,-0.13049475499175672,-0.1280516174458273,-0.1441006101181146
-2.0,-0.3749447333923646,-0.45892784795128416,-0.1630839778395412,-0.1578130507880756,-0.17457033562679194
-1.0,-0.3316610535772788,-0.2601665056365833,-0.276461261997145,-0.2555284699748292,-0.3008919817870025
2.0,-0.35347917104163057,-0.5905004381886535,-0.19512316188072998,-0.22762049775339815,-0.17883316486032852
-2.0,-0.3382073894021126,-0.366852945652798,-0.13765488978027468,-0.23712519374601604,-0.22321779933679337
1.0,-0.3389767441816895,-0.31464772526634255,-0.2150268616874805,-0.19168545078478144,-0.2220820961148728
2.0,-0.35347917104163057,-0.5905004381886535,-0.21917133217410778,-0.23696931393807846,-0.22421667559360572
-2.0,-0.35347917104163057,-0.5905004381886535,-0.14980773126177616,-0.23820394375309512,-0.16629186938253637
-1.0,-0.32779115800216224,-0.5816923105229124,-0.29422289218338177,-0.23773766927625178,-0.3309827995078424
2.0,-0.34904651409310683,-0.5740574932480562,-0.17276515912750082,-0.20275237607078417,-0.18250572211243923
-2.0,-0.32779115800216224,-0.5816923105229124,-0.11124581257540642,-0.21078272829015066,-0.19195203429237137
1.0,-0.3478300265555201,-0.6366091053672649,-0.23824673056933743,-0.2187334304726512,-0.24956318404777122
2.0,-0.32184238125611947,-0.5986006348162296,-0.18296283567429555,-0.16213973037153595,-0.20389735577185228
-2.0,-0.32184238125611947,-0.5986006348162296,-0.1526441791980563,-0.19866400938104012,-0.1638152543771963
-1.0,-0.33846662119679755,0.12729014867844918,-0.32881537615284473,-0.2625250507313457,-0.32085741174978294
2.0,-0.35371263529157543,0.03914735929084771,-0.19512316188072998,-0.17570651871164447,-0.11181603681232362
-2.0,-0.33846662119679755,0.12729014867844918,-0.129178216720521,-0.2158028833033898,-0.1605538755469009
1.0,-0.37374142590107395,-0.4954742323580424,-0.22399849522020984,-0.2390375636492989,-0.21552018727418687
2.0,-0.37374142590107395,-0.4954742323580424,-0.13049475499175672,-0.2220377531307396,-0.16775422802099568
-2.0,-0.37374142590107395,-0.4954742323580424,-0.1630839778395412,-0.27008115244663244,-0.1962760853719012
-1.0,-0.25083535576161164,-0.12671058931734752,-0.3380480486259088,-0.20497551101617092,-0.24731614240403038
2.0,-0.24790105629592277,-0.09228521690669947,-0.18736520465673612,-0.15875902335631845,-0.21593445709504078
-2.0,-0.2499963840942343,-0.1352115350202546,-0.15650341186733532,-0.20288319402950455,-0.18615928980874208
1.0,-0.2002464516466274,-0.05246648177514577,-0.23824673056933743,-0.18644750531723692,-0.18799693580668342
2.0,-0.21126999770513702,0.06500333693646107,-0.17886940817421895,-0.14500642001289024,-0.1193488046980334
-2.0,-0.23507710267439458,-0.17216883346720496,-0.1911456841702431,-0.17098439351602182,-0.14985129505453382
-1.0,-0.2525911981050355,-0.14836126194783378,-0.31710185651931,-0.2740664930923933,-0.3451328399443761
2.0,-0.24406418787142997,-0.33246913306938836,-0.1958243636103417,-0.14362436546503232,-0.16164204379023245
-2.0,-0.24634933217723906,-0.008662972677519743,-0.1441676295628289,-0.13843671128417212,-0.05004443002356767
1.0,-0.24406418787142997,-0.33246913306938836,-0.2076565013071877,-0.14662087974450616,-0.23693606349382185
2.0,-0.23706330226555603,-0.02952904913028508,-0.13049475499175672,-0.09500529781892088,-0.1074600885687292
-2.0,-0.24406418787142997,-0.33246913306938836,-0.1911456841702431,-0.12190646080511153,-0.15165924936527728
-1.0,-0.2650548124225376,0.007269820819624184,-0.32881537615284473,-0.2389156515477857,-0.28873214261315777
2.0,-0.25101893287167043,0.11501546985513589,-0.19089684029983398,-0.12982219392116584,-0.13146143137159103
-2.0,-0.27734980410776067,-0.5265332243898142,-0.1441676295628289,-0.12812201467849785,-0.034962879150184
1.0,-0.25101893287167043,0.11501546985513589,-0.20883726464695318,-0.11474203052571824,-0.12901838883486955
2.0,-0.2650548124225376,0.007269820819624184,-0.19576672717293492,-0.11100609059925605,-0.15032075377410803
-2.0,-0.27734980410776067,-0.5265332243898142,-0.1526441791980563,-0.11808443038240195,-0.13337439578161495
-1.0,-0.2415761964786854,0.09129757898891737,-0.276461261997145,-0.15429647914254474,-0.28284672433202
2.0,-0.26147545719484994,0.09701436450225745,-0.2042415152177052,-0.12007686018676514,-0.13448483926065566
-2.0,-0.27081997244082684,0.1042361670284287,-0.11124581257540642,-0.10797825768143478,0.054192886329803125
1.0,-0.26147545719484994,0.09701436450225745,-0.23779025157087233,-0.13229163149551595,-0.1702624647501669
2.0,-0.27081997244082684,0.1042361670284287,-0.17347314234058664,-0.13206704814036244,-0.01263850034911516
-2.0,-0.2641598598928189,-0.187398692193562,-0.154197326972536,-0.09720520318493191,-0.06924428220634624
-1.0,-0.21079679590499295,-0.09553041768585782,-0.3087698518977031,-0.27489955266760296,-0.29800366259117933
2.0,-0.23485560017581225,0.017056240477020784,-0.1826825022286931,-0.15073927618692576,-0.11688267156281897
-2.0,-0.21079679590499295,-0.09553041768585782,-0.1746372653632738,-0.27183128076370994,-0.20141364568736564
1.0,-0.22384998438104925,0.15237918081143148,-0.21834568183687345,-0.1630297320843291,-0.15256478818064764
2.0,-0.2164667263534784,0.09064365548863203,-0.13049475499175672,-0.15737360857670402,-0.1441006101181146
-2.0,-0.2549784448711255,0.09765742120869488,-0.1493563434523025,-0.19408035415083388,-0.10710827587398788
-1.0,-0.18888631959585664,0.07233167535874897,-0.32128285443686827,-0.20657815164226742,-0.25350115100903087
2.0,-0.14200382572229514,0.01005051894354271,-0.1958243636103417,-0.18874542442530637,-0.220568090192975
-2.0,-0.18888631959585664,0.07233167535874897,-0.14020084203400784,-0.17274149928072455,-0.14806604228358025
1.0,-0.14579847141310923,-0.02114710415852786,-0.21834568183687345,-0.18451079552473768,-0.20030966944757042
2.0,-0.17553504964680566,-0.4972160603810648,-0.2033861893785506,-0.1809696395070397,-0.20176744134842073
-2.0,-0.17393329369265126,-0.17531183129394864,-0.1630839778395412,-0.17493647165068404,-0.17457033562679194
-1.0,-0.20821763563221618,-0.35249367444198276,-0.3017685580316213,-0.33554382221740714,-0.27844664318751533
2.0,-0.1814999557450637,-0.5226945057332829,-0.19512316188072998,-0.2693571330781671,-0.21718967489372512
-2.0,-0.1814999557450637,-0.5226945057332829,-0.14020084203400784,-0.47604927438954536,-0.31985906220335697
1.0,-0.19568500098831823,-0.395026326012166,-0.2150268616874805,-0.21953928201436537,-0.24850246932471842
2.0,-0.16670476134365148,-0.5330691690211932,-0.17347314234058664,-0.2666000838163081,-0.3808849171703483
-2.0,-0.16670476134365148,-0.5330691690211932,-0.144252258771687,-0.37138367896905705,-0.2899840085769604
-1.0,-0.12960554022402535,0.12046933757329344,-0.29422289218338177,-0.30669165913114127,-0.3309827995078424
2.0,-0.1686717186653466,-0.2508986011921192,-0.2004350204335102,-0.2226952659281731,-0.2251668981776738
-2.0,-0.15674810798338024,-0.08150021961797604,-0.129178216720521,-0.27801111512215543,-0.19282693231055267
1.0,-0.1684172530827237,-0.25233155578463,-0.23824673056933743,-0.2967306091229134,-0.3116590154460036
2.0,-0.17979140272304764,-0.2128075771130924,-0.18296283567429555,-0.22106773223788326,-0.21763362229439942
-2.0,-0.1686717186653466,-0.2508986011921192,-0.154197326972536,-0.27377718224934056,-0.2685207895643243
-1.0,-0.15593643632406964,-0.2282942989875064,-0.3101735076801405,-0.26761142436708857,-0.3120736971538289
2.0,-0.16024130813897203,-0.289856319324533,-0.19089684029983398,-0.19465986420727843,-0.20210396768885305
-2.0,-0.14897756258710912,-0.3440200123873276,-0.11124581257540642,-0.2524202222453864,-0.19195203429237137
1.0,-0.15017271933659695,-0.3374665935025479,-0.22507657689685323,-0.18931186227933408,-0.2649948327874641
2.0,-0.15559536252261028,-0.2397510006431852,-0.13049475499175672,-0.1651396475820587,-0.1441006101181146
-2.0,-0.15536895217752655,-0.33011182573671216,-0.14980773126177616,-0.26992296815487954,-0.11672181848557424
-1.0,-0.24072728185143166,-0.16833272928359566,-0.276461261997145,-0.24104663105842858,-0.28649526269059655
2.0,-0.24072728185143166,-0.16833272928359566,-0.19089684029983398,-0.22012943466291843,-0.21103317075360664
-2.0,-0.239184904324102,-0.1334519284345424,-0.14020084203400784,-0.2239696473071904,-0.2412674204455966
1.0,-0.20682867248624792,-0.12094404567804369,-0.22399849522020984,-0.24038372618233844,-0.21552018727418687
2.0,-0.2162400991382098,-0.17870354605781877,-0.19576672717293492,-0.21444510957403315,-0.2394498891738229
-2.0,-0.23804093393478395,-0.0604525650786927,-0.15977854520438256,-0.25541319147879876,-0.13260921002328432
-1.0,-0.24756789470602125,-0.19033552705459628,-0.30757579602900703,-0.23680411495301168,-0.2787100169445754
2.0,-0.20343376196538052,-0.03398069237283417,-0.2042415152177052,-0.1843875647855619,-0.12444486166306461
-2.0,-0.20408664499498444,-0.03028397763113787,-0.129178216720521,-0.20035496053072585,-0.15149332619771377
1.0,-0.20942822226681565,0.010006180774729784,-0.2150268616874805,-0.1401790717143047,-0.2006551856809126
2.0,-0.232872709068341,-0.2818361086505389,-0.21917133217410778,-0.18476872622670154,-0.265398376696225
-2.0,-0.20942822226681565,0.010006180774729784,-0.154197326972536,-0.1695785334754509,-0.12857915812427959
-1.0,-0.21849306614092973,-0.10386059018004304,-0.32128285443686827,-0.2971007623501232,-0.25350115100903087
2.0,-0.21849306614092973,-0.10386059018004304,-0.19512316188072998,-0.19662061351213633,-0.16434320059595153
-2.0,-0.20983222403805077,-0.12528769383187707,-0.129178216720521,-0.20959243887326606,-0.1605538755469009
1.0,-0.22324445136930332,-0.021219124195691108,-0.20883726464695318,-0.17302054158802552,-0.22839486178082793
2.0,-0.19212156322705606,0.032449213746954954,-0.18296283567429555,-0.17438954838590015,-0.17760147800699916
-2.0,-0.20893398649196193,0.01500450713302115,-0.154197326972536,-0.2320327397821453,-0.13593584150592214
-1.0,-0.20473906416195484,-0.28953072345635844,-0.30757579602900703,-0.28391270664308627,-0.30503735647818486
2.0,-0.19460836971514672,-0.26341948616706873,-0.1958243636103417,-0.2221793776239218,-0.23544822772847565
-2.0,-0.15735755642701504,-0.28688256491983705,-0.11124581257540642,-0.22531803314824744,-0.2767141049167005
1.0,-0.15735755642701504,-0.28688256491983705,-0.21834568183687345,-0.23841418609647733,-0.26799375723610835
2.0,-0.19611683920830028,-0.2589512485980431,-0.17886940817421895,-0.1582216905385938,-0.1879541660276927
-2.0,-0.19460836971514672,-0.26341948616706873,-0.1911456841702431,-0.19412347732149587,-0.2317193564724406
-1.0,-0.39190411808581216,-0.1259825494649016,-0.3017685580316213,-0.27805942964707553,-0.3501881434528446
2.0,-0.4253580641403954,0.10439114100201473,-0.18736520465673612,-0.2070066418803975,-0.22431921571907557
-2.0,-0.39190411808581216,-0.1259825494649016,-0.1441676295628289,-0.15808619303398486,-0.22805626031604367
1.0,-0.4253580641403954,0.10439114100201473,-0.20899840707146128,-0.2070066418803975,-0.24133287204504808
2.0,-0.42166963473942454,-0.31697372892144104,-0.17347314234058664,-0.20900933081556888,-0.2985810630619544
-2.0,-0.42166963473942454,-0.31697372892144104,-0.144252258771687,-0.16956879740013428,-0.2550018407453677
-1.0,-0.20349805266072707,-0.49325893494988826,-0.3087698518977031,-0.2574108377581113,-0.2869563848723708
2.0,-0.20769445163097178,-0.43863474164850697,-0.19089684029983398,-0.19786267850795633,-0.21103317075360664
-2.0,-0.20769445163097178,-0.43863474164850697,-0.13399257982696947,-0.2138048090652093,-0.21565902169567575
1.0,-0.2232296488941812,-0.32500740614283674,-0.2150268616874805,-0.1999651104707078,-0.24850246932471842
2.0,-0.1852336342013391,-0.22322208420511344,-0.13049475499175672,-0.17436442862488558,-0.1358213655614324
-2.0,-0.2014056542363226,-0.45241232450636676,-0.15977854520438256,-0.13255182176026128,-0.1739209363221451
-1.0,-0.4119931052359122,-0.6127020544884768,-0.32881537615284473,-0.2729529427650617,-0.32085741174978294
2.0,-0.42411462060009647,-0.8015602691428501,-0.2042415152177052,-0.24765590498372353,-0.24096342184320066
-2.0,-0.42621551772281824,-0.6906913581516796,-0.14887541670725254,-0.23889757267038303,-0.22838713213958958
1.0,-0.4047040871518005,-0.5522964061226122,-0.21834568183687345,-0.24110070401063483,-0.23126542928075394
2.0,-0.3667856538997623,-0.38971351664271114,-0.13049475499175672,-0.174309970864466,-0.1441006101181146
-2.0,-0.42411462060009647,-0.8015602691428501,-0.15977854520438256,-0.16573136124784763,-0.1745695271628001
-1.0,-0.2035340547869144,-0.334376324743518,-0.3101735076801405,-0.21427274104387153,-0.25044482643810106
2.0,-0.21288735656829993,-0.19419570223798469,-0.17276515912750082,-0.1176355997818059,-0.14280932797394708
-2.0,-0.2035340547869144,-0.334376324743518,-0.13765488978027468,-0.13468482972747026,-0.1134268762075964
1.0,-0.22420953225862508,-0.16543519441127136,-0.20899840707146128,-0.14504760388300672,-0.16242196368978543
2.0,-0.1979845556458552,-0.03831348857436515,-0.2033861893785506,-0.14031060391614908,-0.10065919824136094
-2.0,-0.1979845556458552,-0.03831348857436515,-0.154197326972536,-0.07935227717497088,-0.09848579304569455
-1.0,-0.20888510069524255,0.1662397142457333,-0.31710185651931,-0.1811865105018981,-0.2123790047450482
2.0,-0.23253573607002168,0.24568805139370617,-0.17276515912750082,-0.08044744044613127,-0.10306897957987488
-2.0,-0.23255745229092664,-0.007574111788976998,-0.14887541670725254,-0.14180215252686817,-0.10708258690203964
1.0,-0.21570273814364097,-0.04703784808065892,-0.23779025157087233,-0.15323545440271114,-0.18497170007739402
2.0,-0.21570273814364097,-0.04703784808065892,-0.19895126442608455,-0.14102068309396035,-0.1404359613203879
-2.0,-0.22509885875382607,0.15165340975496294,-0.1526441791980563,-0.07574009883017152,-0.07736353339412474
-1.0,-0.23308018391946908,-0.13077658908135245,-0.3101735076801405,-0.2044654933315582,-0.29514870532382814
2.0,-0.24606376438703345,-0.25074825171032766,-0.1826825022286931,-0.15014320362449077,-0.17636504956656748
-2.0,-0.2643091024800765,-0.22897385958378091,-0.14487972598936213,-0.09633458624077311,-0.09166717723957275
1.0,-0.23496811270740817,-0.07235989691873697,-0.22507657689685323,-0.048804505546913395,-0.040943911278804555
2.0,-0.2588975686755777,-0.32268310045357523,-0.21352972495973452,-0.18596360996044017,-0.15674526455186255
-2.0,-0.23456523455379805,-0.19365284624815532,-0.154197326972536,-0.036942117407770904,-0.09848579304569455
-1.0,-0.21963596231769075,-0.243791743102359,-0.3380480486259088,-0.25440991298080806,-0.3230801446160881
2.0,-0.22118086858086233,-0.3483339669525639,-0.18736520465673612,-0.19058704400686596,-0.2084839988621741
-2.0,-0.17823473620806735,-0.21047970401143218,-0.129178216720521,-0.15736515169635526,-0.032876116988575926
1.0,-0.2021491069446182,0.00618879528953879,-0.21834568183687345,-0.1340766432654941,-0.18433162965489835
2.0,-0.20549848286489095,-0.15466631053558763,-0.19895126442608455,-0.1452685895005403,-0.10450137158580629
-2.0,-0.17823473620806735,-0.21047970401143218,-0.1911456841702431,-0.15384839147603585,-0.08970081639329718
-1.0,-0.22702857472927027,0.21574492650401714,-0.3017685580316213,-0.22516364642305128,-0.29697019042714673
2.0,-0.22976256652881716,0.16729081913180086,-0.18736520465673612,-0.14187184257573682,-0.13746169366421795
-2.0,-0.22976256652881716,0.16729081913180086,-0.14887541670725254,-0.18119551731923714,-0.15696306091662474
1.0,-0.2091537822232399,0.2355675542786396,-0.2076565013071877,-0.13522475885655053,-0.23693606349382185
2.0,-0.22925533682013996,0.18784094180990793,-0.21005109650024717,-0.1456100033307864,-0.1537592044667874
-2.0,-0.21281452819707028,0.08532958718807851,-0.15977854520438256,-0.1345372575824942,-0.12829961660034747
-1.0,-0.26285064424609067,-0.22256899263134522,-0.3101735076801405,-0.24598134867264979,-0.182991551682302
2.0,-0.2924396346195691,-0.38300005918188545,-0.18891266748381547,-0.1676280340660956,-0.17115470732003
-2.0,-0.275517578698249,-0.2505230425978442,-0.14487972598936213,-0.16436407425677477,-0.08964421570875197
1.0,-0.275517578698249,-0.2505230425978442,-0.22399849522020984,-0.0980785962007863,-0.1600123253551637
2.0,-0.25760317724621584,-0.23656493306151943,-0.19576672717293492,-0.07291897693744953,-0.09868525627444856
-2.0,-0.27980833209081085,-0.2833702300093652,-0.1526441791980563,-0.15014194128814853,-0.165275349789616
-1.0,-0.27115379364002656,0.05061524427090176,-0.3017685580316213,-0.1370982898966864,-0.24450971199750435
2.0,-0.26883732385493037,0.03103878414203649,-0.17276515912750082,-0.0756912912495024,-0.13444148099312983
-2.0,-0.28139603379944667,-0.027719456971765012,-0.13399257982696947,-0.1274019552346887,-0.07866145819676414
1.0,-0.28944234330184937,-0.008213841526400267,-0.22507657689685323,-0.08599251392542383,-0.11572438145376092
2.0,-0.25778494028012905,-0.028512590993996244,-0.19576672717293492,-0.13866293141163805,-0.10678376323433239
-2.0,-0.2620595139525953,-0.08270000898405996,-0.1493563434523025,-0.13839188022371152,-0.10625232901193479
-1.0,-0.25197969623707467,-0.34108876005290695,-0.29422289218338177,-0.2588335705160453,-0.2505425738350066
2.0,-0.28353147511820603,-0.9739549585418587,-0.2004350204335102,-0.2848452339310425,-0.19834308489689917
-2.0,-0.28353147511820603,-0.9739549585418587,-0.15650341186733532,-0.28508243335003536,-0.16443920321408836
1.0,-0.28353147511820603,-0.9739549585418587,-0.2150268616874805,-0.2854827378007245,-0.2220820961148728
2.0,-0.26195294062975477,-0.11937475528325198,-0.17886940817421895,-0.17254327243967224,-0.16850599888096
-2.0,-0.26195294062975477,-0.11937475528325198,-0.15674202859477548,-0.09305133693752028,-0.18396562680159204
-1.0,-0.30103873487345584,-0.3426954356033463,-0.32128285443686827,-0.2585917330628273,-0.23352036019965594
2.0,-0.24128218135489657,-0.21686755968304633,-0.179838465684383,-0.1504133196396113,-0.07839827385522498
-2.0,-0.2851092546276695,-0.15724121352483114,-0.13765488978027468,-0.1582207253444486,-0.10042983705904088
1.0,-0.301861562213462,-0.13741645809400166,-0.22399849522020984,-0.17584900183619312,-0.20479211466036368
2.0,-0.2821926475778016,-0.21433573523694313,-0.18296283567429555,-0.14392398683871915,-0.18103427524997256
-2.0,-0.2851092546276695,-0.15724121352483114,-0.15977854520438256,-0.116067962710238,-0.11522275431073213
-1.0,-0.29562510597750086,-0.15569907995000143,-0.3101735076801405,-0.24483381468344922,-0.2966385591203068
2.0,-0.29920759982246825,-0.3158038345939646,-0.19089684029983398,-0.23745616083110327,-0.20210396768885305
-2.0,-0.27131502590936285,-0.17408357783820927,-0.11124581257540642,-0.12502929246899877,-0.059000498727244895
1.0,-0.2817967047783088,-0.2924920947159736,-0.2150268616874805,-0.16148361126581706,-0.16160652553555094
2.0,-0.30218591208379064,-0.22759616234774765,-0.21005109650024717,-0.2172264112877578,-0.15967782688266013
-2.0,-0.2817967047783088,-0.2924920947159736,-0.154197326972536,-0.12806011250702057,-0.10735661752921973
-1.0,-0.43729955326047826,-0.4171192322198264,-0.3017685580316213,-0.3800078218020124,-0.3527155994271513
2.0,-0.37875603646853845,-0.5285520329500363,-0.19512316188072998,-0.2800384724547237,-0.25267579825756337
-2.0,-0.4415197533798257,-0.4998215612294031,-0.129178216720521,-0.4074849790376193,-0.37392478738129564
1.0,-0.4054040927941951,-0.5215660589802973,-0.21834568183687345,-0.2719696988769566,-0.36839005017935456
2.0,-0.44068390697735876,-0.6802674445429958,-0.2033861893785506,-0.317421568620941,-0.26942977054975387
-2.0,-0.44068390697735876,-0.6802674445429958,-0.154197326972536,-0.33553624707679575,-0.30708279547387557
-1.0,-0.37355894738237244,0.1656702906632902,-0.32881537615284473,-0.27588625557527174,-0.32085741174978294
2.0,-0.40464402652513853,0.011693599148803302,-0.2004350204335102,-0.2359270390838758,-0.2301165099335037
-2.0,-0.37355894738237244,0.1656702906632902,-0.129178216720521,-0.23472233141369755,-0.15149332619771377
1.0,-0.34475492158207355,0.24879933930011217,-0.22399849522020984,-0.1789620328318274,-0.21666757297804404
2.0,-0.40464402652513853,0.011693599148803302,-0.2033861893785506,-0.24388418319882213,-0.2379597528615382
-2.0,-0.37355894738237244,0.1656702906632902,-0.1911456841702431,-0.254971248226093,-0.21150922823414692
-1.0,-0.3485721459167119,-0.41387008630185984,-0.3087698518977031,-0.34296378369903635,-0.31398948121805
2.0,-0.3485721459167119,-0.41387008630185984,-0.18891266748381547,-0.27940244774943995,-0.2832146549186285
-2.0,-0.33578922456869137,-0.466087855193143,-0.13399257982696947,-0.26507461387961867,-0.20659682227271953
1.0,-0.3307268685705953,-0.45071947727428796,-0.23779025157087233,-0.26025058321260763,-0.323554166078258
2.0,-0.315653673922685,-0.4800345631235702,-0.17347314234058664,-0.22824382201761545,-0.2997459778526915
-2.0,-0.31288167371420283,-0.4405434635399995,-0.14980773126177616,-0.24061901588633658,-0.29080019342428187
-1.0,-0.2594059463606695,-0.4258150524567507,-0.32128285443686827,-0.2697789583334161,-0.3643936413957673
2.0,-0.2901502633723167,-0.16222916947868213,-0.18736520465673612,-0.17015718082188708,-0.22431921571907557
-2.0,-0.2594059463606695,-0.4258150524567507,-0.14020084203400784,-0.1719592699068499,-0.25738518410275457
1.0,-0.2966420260601868,-0.11294351451946974,-0.2076565013071877,-0.16496861077008704,-0.15860930402825144
2.0,-0.2594059463606695,-0.4258150524567507,-0.21917133217410778,-0.21584121925725264,-0.27147247933053864
-2.0,-0.3190676391541004,-0.12272428321539257,-0.154197326972536,-0.20675171752617627,-0.19691906777053342
-1.0,-0.2694024918438314,0.2574870671397426,-0.3017685580316213,-0.20608000614733138,-0.2416226961932325
2.0,-0.2694024918438314,0.2574870671397426,-0.1826825022286931,-0.12839177317149134,-0.11688267156281897
-2.0,-0.27450686313073686,0.06601491015173411,-0.11124581257540642,-0.038002435759673124,-0.023438389205246053
1.0,-0.29442020079373404,0.14070657380995094,-0.20883726464695318,-0.19509261272212586,-0.17327441927577106
2.0,-0.3007702325193149,-0.37216387039922305,-0.19895126442608455,-0.2259177458244415,-0.14804256029852825
-2.0,-0.27450686313073686,0.06601491015173411,-0.144252258771687,-0.08965812108155571,-0.08213491910423606
-1.0,-0.310765530083,0.17346695699468223,-0.32881537615284473,-0.3916759908168726,-0.32085741174978294
2.0,-0.310765530083,0.17346695699468223,-0.1958243636103417,-0.2097525941922962,-0.220568090192975
-2.0,-0.3025783752557691,-0.005047352741507772,-0.14487972598936213,-0.2032971287970525,-0.21193604228202897
1.0,-0.3137471014610339,-0.23837477887978897,-0.22680845176541506,-0.19202354591490478,-0.27825070397265855
2.0,-0.3137471014610339,-0.23837477887978897,-0.18296283567429555,-0.20996127882637922,-0.21763362229439942
-2.0,-0.2907778355895394,0.09203801269254054,-0.144252258771687,-0.17121927655296817,-0.11826329514061353
-1.0,-0.3452581200698512,-0.5916212836691191,-0.3087698518977031,-0.32045606895839057,-0.3083858081520746
2.0,-0.3187583826317666,-0.7100783816333476,-0.1826825022286931,-0.2553681760835423,-0.2129098658993488
-2.0,-0.327934309293505,-0.7043178383312602,-0.13765488978027468,-0.3052514867891076,-0.23366358680043478
1.0,-0.3056611168258939,-0.5837143328374166,-0.20899840707146128,-0.2361002321000602,-0.2465498714415838
2.0,-0.31356395207999355,-0.23041235888137238,-0.13049475499175672,-0.1930400170111359,-0.16775422802099568
-2.0,-0.29540564347717546,-0.6809016177067551,-0.144252258771687,-0.24661499144606835,-0.2533419943920488
-1.0,-0.2816588776584403,-0.41734298830086997,-0.31710185651931,-0.30758350014805075,-0.3077835190155753
2.0,-0.2699547478455253,-0.4353176215636028,-0.1826825022286931,-0.18834790565967893,-0.1917775528396665
-2.0,-0.2699547478455253,-0.4353176215636028,-0.1441676295628289,-0.17659142130757866,-0.16177737593792452
1.0,-0.26774234661352014,-0.4398997687935537,-0.22399849522020984,-0.15410997957161784,-0.21307135921704587
2.0,-0.26774234661352014,-0.4398997687935537,-0.13049475499175672,-0.1254439125025641,-0.1441006101181146
-2.0,-0.2816588776584403,-0.41734298830086997,-0.154197326972536,-0.22869252741983723,-0.12857915812427959
-1.0,-0.271031380688111,-0.13996501583449503,-0.3101735076801405,-0.2683610168832412,-0.3120736971538289
2.0,-0.2852528214156971,-0.018557575192934973,-0.179838465684383,-0.1786461574024481,-0.10794275159503036
-2.0,-0.2939327839447877,-0.7396342096254285,-0.1746372653632738,-0.2706787219245586,-0.23538566680614234
1.0,-0.26769496125342546,-0.29346414833255985,-0.22680845176541506,-0.19487297678934581,-0.20644342269649618
2.0,-0.2939327839447877,-0.7396342096254285,-0.21005109650024717,-0.22910579791594549,-0.259403650490554
-2.0,-0.271031380688111,-0.13996501583449503,-0.15977854520438256,-0.16320842148324377,-0.13438391655377382
-1.0,-0.27309805764088857,0.07122152926149797,-0.32128285443686827,-0.28962102056624855,-0.29926457913435045
2.0,-0.2662290182158266,0.23783835161898872,-0.17276515912750082,-0.21280112003206125,-0.1624483179705563
-2.0,-0.27499444692818553,0.2280440569591788,-0.1746372653632738,-0.25645828003901683,-0.23538566680614234
1.0,-0.2662290182158266,0.23783835161898872,-0.22399849522020984,-0.21287875080178045,-0.21666757297804404
2.0,-0.27499444692818553,0.2280440569591788,-0.21005109650024717,-0.23573703184962372,-0.259403650490554
-2.0,-0.2522246853485699,0.15962243863732067,-0.1493563434523025,-0.15612146331086413,-0.12945730951476417
-1.0,-0.2970366517460553,-0.4455669338976151,-0.3017685580316213,-0.3253790341459835,-0.28324926706878306
2.0,-0.34953262973485255,-1.1075086712980682,-0.2004350204335102,-0.2760588161633947,-0.22386573875577273
-2.0,-0.3250523656451646,-0.8743516785356846,-0.14887541670725254,-0.2450285378607604,-0.250620088093618
1.0,-0.32807060595410215,-1.0103032473360265,-0.20883726464695318,-0.3172593500509902,-0.2736474449071676
2.0,-0.3542823721441549,-0.936609111171148,-0.17347314234058664,-0.21602385122144374,-0.2997459778526915
-2.0,-0.2970366517460553,-0.4455669338976151,-0.1526441791980563,-0.2836009070412665,-0.21434140597528603
-1.0,-0.3924930755519003,-0.22862174651077755,-0.32128285443686827,-0.3097098879856003,-0.3739993867882353
2.0,-0.3781601799188244,-0.5420047453228763,-0.18891266748381547,-0.2653643493554488,-0.23287940314360367
-2.0,-0.3924930755519003,-0.22862174651077755,-0.14020084203400784,-0.28155081047025404,-0.24391009788864385
1.0,-0.3855507453958552,-0.4520912049932225,-0.21834568183687345,-0.19493415254184177,-0.23126542928075394
2.0,-0.3978680366185531,-0.5784137237972179,-0.18296283567429555,-0.2306191036211122,-0.22456665401167464
-2.0,-0.39555751987736526,-0.4475543711146443,-0.1630839778395412,-0.29489877439117623,-0.1962760853719012
-1.0,-0.2992446822603421,0.31592893869600014,-0.29422289218338177,-0.28799147751558907,-0.3309827995078424
2.0,-0.2479767768566499,0.23033878585083198,-0.1826825022286931,-0.16400935988182203,-0.17636504956656748
-2.0,-0.25771140399823667,0.15870555519016427,-0.129178216720521,-0.25961557036350746,-0.15149332619771377
1.0,-0.26504810714714455,-0.3390531660075112,-0.22507657689685323,-0.22142134739481512,-0.2649948327874641
2.0,-0.24159375349081652,0.19900993416596585,-0.21917133217410778,-0.20055336419665662,-0.14803939575687136
-2.0,-0.25771140399823667,0.15870555519016427,-0.1911456841702431,-0.22944813624014382,-0.21150922823414692
-1.0,-0.29742170775577487,-0.19713889429918352,-0.3017685580316213,-0.2629906979394794,-0.3415122090604224
2.0,-0.26745572103719095,-0.23329524116113864,-0.18891266748381547,-0.2255616255138086,-0.23287940314360367
-2.0,-0.2938341472256029,-0.13378928730623207,-0.15650341186733532,-0.2166284826946036,-0.16443920321408836
1.0,-0.2867698485595969,-0.10581845742816567,-0.21834568183687345,-0.21760634409305446,-0.15207637381445419
2.0,-0.2938341472256029,-0.13378928730623207,-0.2033861893785506,-0.23740615568993978,-0.20618632782493368
-2.0,-0.3146365892606344,-0.258624599337633,-0.15674202859477548,-0.1836049241357315,-0.21078917666271565
-1.0,-0.3083150335346869,-0.04652115576387197,-0.32128285443686827,-0.26985823759399263,-0.24604003021358423
2.0,-0.31212963407100824,-0.0909016939671925,-0.1826825022286931,-0.20767030539535516,-0.1917775528396665
-2.0,-0.301977856429759,-0.03257055006060622,-0.129178216720521,-0.16492569732260642,-0.15598981147275992
1.0,-0.29146452177651716,0.048863139489577254,-0.22507657689685323,-0.23580469853047986,-0.2649948327874641
2.0,-0.301977856429759,-0.03257055006060622,-0.19576672717293492,-0.21959559858591102,-0.21047090749917266
-2.0,-0.3425631611073566,-0.28484517027219824,-0.15674202859477548,-0.20642008739157028,-0.20673319891774217
-1.0,-0.2307130687709277,-0.23572750081759594,-0.31710185651931,-0.2716528704917352,-0.3077835190155753
2.0,-0.23478888566132763,-0.04578994882332725,-0.19089684029983398,-0.16753663325844856,-0.1432172414056929
-2.0,-0.23138198211973995,0.12553202223731635,-0.14020084203400784,-0.21943693280124182,-0.08848180392076248
1.0,-0.23853268372784361,0.05793394693395284,-0.2076565013071877,-0.1662972097435056,-0.1714682951950299
2.0,-0.25733569797977035,-0.2087507998110855,-0.17347314234058664,-0.14928591176934855,-0.11319627219260182
-2.0,-0.22532238112190495,-0.06530723984005868,-0.1526441791980563,-0.12440082556076326,-0.15069878136013978
-1.0,-0.3946463845957256,-0.07276529613290035,-0.32128285443686827,-0.2615310619870926,-0.24604003021358423
2.0,-0.3554740195215333,0.13598797323395592,-0.179838465684383,-0.1825210454692604,-0.13578377354459417
-2.0,-0.3946463845957256,-0.07276529613290035,-0.14020084203400784,-0.15703225224960493,-0.14060492148813372
1.0,-0.3946463845957256,-0.07276529613290035,-0.23824673056933743,-0.22821185143553943,-0.18931827281260746
2.0,-0.3946463845957256,-0.07276529613290035,-0.21917133217410778,-0.22288077806148054,-0.14803939575687136
-2.0,-0.3967417876421792,0.13590760643939026,-0.1526441791980563,-0.18834580408611235,-0.18048440511037322
-1.0,-0.35798721704890646,-0.4296167963467421,-0.3017685580316213,-0.19563690319194726,-0.2988672221619789
2.0,-0.35798721704890646,-0.4296167963467421,-0.1826825022286931,-0.15772208693495687,-0.1917775528396665
-2.0,-0.3649436149379816,-0.4321107965266534,-0.14887541670725254,-0.21708352103056,-0.14941409851831106
1.0,-0.35798721704890646,-0.4296167963467421,-0.22680845176541506,-0.15816383946478027,-0.2218559259695952
2.0,-0.34957237146757836,-0.06299999927822306,-0.13049475499175672,-0.13200080498547007,-0.1049125637765214
-2.0,-0.35798721704890646,-0.4296167963467421,-0.1526441791980563,-0.15695849376454105,-0.165275349789616
-1.0,-0.42353829612615507,0.004247033927121913,-0.32128285443686827,-0.26318614256980644,-0.3739993867882353
2.0,-0.4064924656893187,0.1332078736101311,-0.17276515912750082,-0.14353403834536524,-0.15490798889758467
-2.0,-0.3856451309892171,0.061327477699571566,-0.11124581257540642,-0.1841042999204312,-0.04920649404176702
1.0,-0.42612274709561965,0.16047627560260252,-0.20899840707146128,-0.0923899031332371,-0.2071645590087044
2.0,-0.4178875585153467,-0.2789021342059138,-0.19576672717293492,-0.22110076439062912,-0.24594866059084478
-2.0,-0.4603711949988779,-0.2227388820900998,-0.154197326972536,-0.2522333943187894,-0.19582708664212248
-1.0,-0.33066997494574396,-0.4995800168052414,-0.30757579602900703,-0.3203917401086542,-0.33296202467554403
2.0,-0.3317380469356523,-0.4318680873251439,-0.19089684029983398,-0.22442120927262382,-0.21103317075360664
-2.0,-0.34279811470886207,-0.6513999674953179,-0.13765488978027468,-0.3196435341907723,-0.23366358680043478
1.0,-0.3103854951209191,-0.697688812062794,-0.2076565013071877,-0.3308147343318527,-0.3358998355571915
2.0,-0.3317380469356523,-0.4318680873251439,-0.17886940817421895,-0.22442120927262382,-0.1879541660276927
-2.0,-0.33829193657407197,-0.6486388075903118,-0.144252258771687,-0.28397244566189156,-0.2085259511389249
-1.0,-0.28969421576067833,-0.37338495556308715,-0.3017685580316213,-0.2669304782082909,-0.28324926706878306
2.0,-0.2934612307530163,0.021873143557063,-0.2004350204335102,-0.18843744182666133,-0.2301165099335037
-2.0,-0.29369595696664885,0.0569699311275694,-0.14887541670725254,-0.262892749476404,-0.22838713213958958
1.0,-0.29369595696664885,0.0569699311275694,-0.20899840707146128,-0.19686370718026638,-0.24133287204504808
2.0,-0.28674090251479156,-0.07693723370844938,-0.17347314234058664,-0.1838841513100841,-0.2985810630619544
-2.0,-0.28969421576067833,-0.37338495556308715,-0.1526441791980563,-0.24372741319257824,-0.22943083964083258
-1.0,-0.43374025121876153,-0.35252186808056957,-0.32128285443686827,-0.3511326292591369,-0.3739993867882353
2.0,-0.44785228996966614,-0.5934713833662782,-0.1826825022286931,-0.2805283131553187,-0.2096464929363122
-2.0,-0.44785228996966614,-0.5934713833662782,-0.1441676295628289,-0.40658898906152496,-0.28386138253665355
1.0,-0.4386201691184175,-0.4718515614718267,-0.2076565013071877,-0.2721976099568378,-0.26115161222225824
2.0,-0.43231921038373733,-0.4112152506534145,-0.13049475499175672,-0.23151453151558554,-0.132867333514218
-2.0,-0.4333835331315506,-0.3776280444973413,-0.15674202859477548,-0.35469436667511167,-0.13535022141004924
-2.0,-0.32214047147463587,0.17263911932160897,-0.3779107760914247,-0.32014573881021247,-0.26484095711948075
0.0,-0.3064459368252663,0.07887515788008373,-0.26942442939656547,-0.20719392851266408,-0.22146115139815084
0.0,-0.29667528185681147,0.17144941020075727,-0.2918977778372604,-0.202204113258005,-0.24593944369382367
-2.0,-0.32214047147463587,0.17263911932160897,-0.27287302505763467,-0.3695675290053678,-0.280630271456475
-1.0,-0.29015949492177884,0.10086837362641357,-0.2915854354049297,-0.21812784226857432,-0.24091646334727632
3.0,-0.29667528185681147,0.17144941020075727,-0.242204628710026,-0.1934306572040366,-0.21325990204341605
-2.0,-0.2555678497874218,-0.5674531033023221,-0.36244211344124266,-0.39502147222904493,-0.3800593142567361
0.0,-0.23640169038749476,-0.37177582094381023,-0.26942442939656547,-0.2442933721257997,-0.23458454035925125
0.0,-0.24353280480453018,-0.45316021226150555,-0.2719780951631747,-0.2752270728547933,-0.26738794801929416
-2.0,-0.22592778748460962,-0.47961234122040297,-0.3001851740781561,-0.40892547270529156,-0.38155102599108326
-1.0,-0.2469043020547388,-0.4584905110870645,-0.32999237350797966,-0.278985038694408,-0.2889695438846947
3.0,-0.239690546876518,-0.4294960381670365,-0.2031882530844954,-0.23924416644679863,-0.27144909291539293
-2.0,-0.2715374608687645,-0.18619847848873056,-0.3779107760914247,-0.45175362024947674,-0.4572488987183444
0.0,-0.25387564444696403,-0.10104664338543443,-0.24522020101351705,-0.2533532510924026,-0.24673771836091257
0.0,-0.24891190673647898,-0.25300025914190344,-0.26914625203949527,-0.2791314572062459,-0.3408806417720525
-2.0,-0.2443773267338499,-0.04475482833429969,-0.2936857864715142,-0.3968989015832062,-0.35116166309733293
-1.0,-0.24891190673647898,-0.25300025914190344,-0.2915854354049297,-0.36945435212857225,-0.3523227723471225
3.0,-0.22707386862841883,-0.3069577152814228,-0.242204628710026,-0.2934573042554549,-0.2517275283870738
-2.0,-0.3470674231287681,0.08606485909910727,-0.3512021205790861,-0.41865522106924424,-0.32520003305794914
0.0,-0.3470674231287681,0.08606485909910727,-0.25329058066553134,-0.2937084372351773,-0.23795513650966088
0.0,-0.3791056302931167,-0.3425099756261095,-0.2892658896289035,-0.3133506844923419,-0.27487201434022596
-2.0,-0.3765931350989793,-0.06834233299466484,-0.2959687872264998,-0.4380052397902529,-0.3799772830854032
-1.0,-0.3470674231287681,0.08606485909910727,-0.2744296217457854,-0.3933969280180138,-0.25720159521302705
3.0,-0.3791056302931167,-0.3425099756261095,-0.24566927372855007,-0.31539537686085783,-0.2708140267129906
-2.0,-0.3974322366174835,-0.4538890578222536,-0.3476977009576727,-0.380018789363308,-0.3325094575452454
0.0,-0.3477269355618978,-0.555024198839269,-0.25329058066553134,-0.2294189022856638,-0.24344213185002514
0.0,-0.38458509428041965,-0.5949909162041542,-0.2741397203018055,-0.26450061962129995,-0.32739190087146985
-2.0,-0.40331452252891575,-0.5969761022647668,-0.27287302505763467,-0.45350983147573554,-0.35897499958549883
-1.0,-0.40331452252891575,-0.5969761022647668,-0.29836906309848593,-0.39082656312826647,-0.2930905426065746
3.0,-0.3669065709875584,-0.5020666688190065,-0.242204628710026,-0.2818362488857174,-0.25438546353573055
-2.0,-0.21547749273887368,-0.05379746131298868,-0.3476977009576727,-0.23710831835467935,-0.3228838685552522
0.0,-0.21775265507291844,-0.7640350412617922,-0.25329058066553134,-0.2075057707937007,-0.23795513650966088
0.0,-0.2549775375385083,-0.6810842334078958,-0.28993716520170537,-0.20786854898019544,-0.26659312475887825
-2.0,-0.2512623427794416,-1.0462553703550201,-0.2923505105065866,-0.36515453147096444,-0.3104677720609794
-1.0,-0.253737663581733,-0.5427169550448193,-0.29077555204220235,-0.18428793205266394,-0.266469397563158
3.0,-0.2512623427794416,-1.0462553703550201,-0.2536624598146596,-0.19415428033813092,-0.259447960750978
-2.0,-0.3670954674162985,0.04800428034576512,-0.3779107760914247,-0.3004367971301197,-0.2764630886231503
0.0,-0.3670954674162985,0.04800428034576512,-0.25836919066394515,-0.178702893460345,-0.20773268086800611
0.0,-0.360894127719187,-0.06108771938769049,-0.2821052304983226,-0.2042563870015596,-0.21255958045312268
-2.0,-0.37270128140484265,-0.2064254211030007,-0.2936857864715142,-0.42140107927023085,-0.3364097329473301
-1.0,-0.38105575303698785,-0.2531036471119284,-0.30805004766800664,-0.2701054345045446,-0.2710364945779175
3.0,-0.38105575303698785,-0.2531036471119284,-0.2536624598146596,-0.1985125386484232,-0.17987846568137253
-2.0,-0.14670294877777781,0.018695585982759333,-0.3733362962999032,-0.3021346672590627,-0.3526539488821234
0.0,-0.129968105261712,0.30397463480573955,-0.24507322061383421,-0.25327298209009474,-0.2401210621096217
0.0,-0.11768388126712798,-0.0043598836128244224,-0.2741397203018055,-0.23545825990379005,-0.27003611064519095
-2.0,-0.17233533564101336,-0.32398383862280106,-0.3400431301880045,-0.34791672022147374,-0.38094444351648893
-1.0,-0.129968105261712,0.30397463480573955,-0.2758216242637616,-0.24479091753652973,-0.24638672904417513
3.0,-0.129968105261712,0.30397463480573955,-0.2309878711037036,-0.2649438071279302,-0.25848519866407516
-2.0,-0.2670323798904162,-0.18442100145620524,-0.3786488343752817,-0.32538447980027463,-0.41233849388018323
0.0,-0.25286595923209443,0.014070760899800661,-0.25329058066553134,-0.2048987875520333,-0.23795513650966088
0.0,-0.24573229704072153,-0.1685959503468622,-0.26914625203949527,-0.20084042310583158,-0.24023820861993223
-2.0,-0.24573229704072153,-0.1685959503468622,-0.2979104658592248,-0.3323656520659895,-0.3388952316690741
-1.0,-0.24094685349623346,-0.05741711781368664,-0.32999237350797966,-0.2707680147777529,-0.3462445866791886
3.0,-0.24094685349623346,-0.05741711781368664,-0.21565394381681074,-0.21066430149092746,-0.20861856993094807
-2.0,-0.1696428621181127,-0.06271080663198106,-0.3592478477620768,-0.2773068297957128,-0.34875407446366435
0.0,-0.1896453716228332,-0.1597109965071306,-0.2521555519175572,-0.21072776761744696,-0.21494120514973702
0.0,-0.1696428621181127,-0.06271080663198106,-0.2892658896289035,-0.20776826440286822,-0.27049753043647495
-2.0,-0.18336617801093524,-0.0669802483670221,-0.2936857864715142,-0.2978079607635304,-0.36107455977996084
-1.0,-0.14262041347106583,-0.1271244109503315,-0.2915854354049297,-0.24809853345334273,-0.2523049176075445
3.0,-0.19316396079282047,-0.12488157180601904,-0.25103508498735444,-0.2187171243665391,-0.2090533804001653
-2.0,-0.17667158262109064,-0.2903228019312623,-0.3592478477620768,-0.26595466536690326,-0.2480835729652467
0.0,-0.1628189401005364,-0.20346030199708637,-0.24507322061383421,-0.1283677324816365,-0.1788004115256213
0.0,-0.18698197133115232,-0.14874658015577527,-0.2918977778372604,-0.16041141176930696,-0.21311349600383095
-2.0,-0.17667158262109064,-0.2903228019312623,-0.3400431301880045,-0.321219269788399,-0.2553487536897264
-1.0,-0.19132788682226792,-0.1822811343310154,-0.28037751707702613,-0.18520453679438192,-0.20083635275552245
3.0,-0.18690100971835316,-0.25455409499436643,-0.24260247619216974,-0.16683449624384294,-0.13586101769268483
-2.0,-0.2739909024024652,-0.5796238758918001,-0.3786488343752817,-0.36008027126813164,-0.4252744844583037
0.0,-0.2431280086675926,-0.13531055297744227,-0.2573841076773227,-0.246751739110084,-0.2738030518194318
0.0,-0.21606935512266665,-0.12215177395693519,-0.2821052304983226,-0.2172740630856547,-0.24449388317129647
-2.0,-0.2398609537524887,-0.1737217069484156,-0.27476431523623013,-0.3418014815586014,-0.2556045862480371
-1.0,-0.2739909024024652,-0.5796238758918001,-0.29077555204220235,-0.31261321667316216,-0.33346299154022735
3.0,-0.23645923495234855,-0.1771485763047866,-0.25103508498735444,-0.3183964989866529,-0.3668694958938334
-2.0,-0.05309043882219876,-0.004281047908908597,-0.3476977009576727,-0.2575750138285695,-0.248789957301217
0.0,-0.034914896773995764,0.38136614485284265,-0.24393960106578652,-0.13101585726673887,-0.1472425879850939
0.0,-0.034914896773995764,0.38136614485284265,-0.26914625203949527,-0.13462690159822954,-0.18916242988416254
-2.0,-0.05390960181633369,0.04049171380171468,-0.29316126290235256,-0.295363697168583,-0.2939568395243025
-1.0,-0.034914896773995764,0.38136614485284265,-0.2915854354049297,-0.19919824992230062,-0.18761587183029985
3.0,-0.05427890905886441,-0.03574052653182116,-0.21565394381681074,-0.14838841485626994,-0.15981464289376748
-2.0,-0.12819673941012383,0.06966192003382583,-0.3512021205790861,-0.24273756830596435,-0.3010175211195665
0.0,-0.1183149776804166,-0.06960491372129274,-0.2521555519175572,-0.19791846919382866,-0.21494120514973702
0.0,-0.1177653149322682,-0.17724615345010059,-0.2892658896289035,-0.2049898270240376,-0.2590068386896705
-2.0,-0.10302424596036765,-0.18125264538329364,-0.27476431523623013,-0.2751128210318323,-0.2946093365123524
-1.0,-0.12035933706570838,-0.21325106342378045,-0.29836906309848593,-0.2430854894716602,-0.22871846140249066
3.0,-0.1183149776804166,-0.06960491372129274,-0.242204628710026,-0.19913558600499115,-0.21325990204341605
-2.0,-0.11257416206657268,-0.07564492560675629,-0.3476977009576727,-0.2774197736166332,-0.3289235619227198
0.0,-0.12185138335538824,-0.094775096267689,-0.2521555519175572,-0.1753793761367054,-0.21494120514973702
0.0,-0.12237681705446377,-0.22999046435244663,-0.28993716520170537,-0.20243750310497835,-0.2455074712126108
-2.0,-0.12237681705446377,-0.22999046435244663,-0.2936857864715142,-0.302238515923589,-0.31805991589923055
-1.0,-0.12237681705446377,-0.22999046435244663,-0.32999237350797966,-0.24236135152271945,-0.2520373330042823
3.0,-0.15886483637230014,-0.02118139627313025,-0.22585177096723502,-0.18133729893666828,-0.1765875288298036
-2.0,-0.06258915967822035,-0.30156510348815196,-0.3072740709017034,-0.2745899558076277,-0.29215203245610244
0.0,-0.06066226162897248,-0.275647308634221,-0.24393960106578652,-0.14104158451541557,-0.20624024509127584
0.0,-0.07121230041836543,-0.30692165295159934,-0.28404550925112615,-0.18058233108654603,-0.23103209606317807
-2.0,-0.08091248370162972,-0.3133438412988656,-0.2959687872264998,-0.29311349473635306,-0.32184261083201743
-1.0,-0.0841479572333656,-0.3281057261968925,-0.2744296217457854,-0.1939400717179376,-0.22190968014904397
3.0,-0.11469358380865434,-0.5376697301791719,-0.25103508498735444,-0.23056889390740162,-0.2600062365069212
-2.0,-0.17665374395449873,0.013603162593877016,-0.3512021205790861,-0.2802162342578887,-0.32520003305794914
0.0,-0.19073485512031751,0.23911537841036595,-0.25867627228932044,-0.22093245590450067,-0.15115944960012714
0.0,-0.18404152138476174,0.13794390953979102,-0.2892658896289035,-0.22334004363135926,-0.2317128544179373
-2.0,-0.18133679709082404,0.062076277850017014,-0.3001851740781561,-0.31393480870541557,-0.2848861198691871
-1.0,-0.15330646176809043,-0.08250371484337023,-0.30805004766800664,-0.2763014837938511,-0.27875385111410156
3.0,-0.18133679709082404,0.062076277850017014,-0.242204628710026,-0.22905347786765648,-0.21325990204341605
-2.0,-0.1611077824990406,-0.211932930476907,-0.39266490220598993,-0.29759063230512917,-0.3437562121136605
0.0,-0.14093563803861447,-0.1712278958168397,-0.24393960106578652,-0.1831546125442356,-0.20624024509127584
0.0,-0.12930455767934185,-0.17396195460893238,-0.2821052304983226,-0.231591603828539,-0.22588626899294484
-2.0,-0.16704325761513167,-0.3697017931117464,-0.3400431301880045,-0.3637004085187173,-0.34510745611376453
-1.0,-0.14093563803861447,-0.1712278958168397,-0.2915854354049297,-0.24189044885356722,-0.24091646334727632
3.0,-0.16704325761513167,-0.3697017931117464,-0.24566927372855007,-0.21021173409582025,-0.25380062044550467
-2.0,-0.13548216239920502,-0.07743376145174548,-0.39266490220598993,-0.369664778588278,-0.3525571275496877
0.0,-0.1034752084613667,0.0077088115160120815,-0.26942442939656547,-0.2060694404547444,-0.22146115139815084
0.0,-0.09414457219759084,0.0733481308662354,-0.2821052304983226,-0.22697168719695132,-0.23574298648242473
-2.0,-0.09414457219759084,0.0733481308662354,-0.29316126290235256,-0.40556752388781825,-0.2922471471283725
-1.0,-0.13548216239920502,-0.07743376145174548,-0.32999237350797966,-0.2930920665693533,-0.28557275106285435
3.0,-0.1409907440409128,-0.10733117273573153,-0.2309878711037036,-0.19540705940956582,-0.2518960777601224
-2.0,-0.308811525907534,-0.26040201984788963,-0.36244211344124266,-0.3512970861875145,-0.3461402186769944
0.0,-0.29840244835759666,-0.11447472444658516,-0.26142330466058283,-0.2556152241391921,-0.2664850274614849
0.0,-0.3225880213743678,-0.09853733454583555,-0.28993716520170537,-0.21428493726140802,-0.26659312475887825
-2.0,-0.2717154511270314,-0.07737979936519232,-0.27287302505763467,-0.3443403741562374,-0.2865169493698337
-1.0,-0.2834673233462783,-0.28548505726436524,-0.2744296217457854,-0.3043569990922015,-0.25720159521302705
3.0,-0.28240984450735657,-0.0015275453745294376,-0.2031882530844954,-0.1711145918680682,-0.05700266657575078
-2.0,-0.26066673322167977,-0.4924510600311551,-0.3592478477620768,-0.37933327730006405,-0.40306144279191186
0.0,-0.2417102500325858,-0.16278413070972106,-0.25836919066394515,-0.20037229027527356,-0.2601967585540059
0.0,-0.2689490639945896,-0.26148252766780083,-0.29071821161179945,-0.2574047835203103,-0.3024397834271607
-2.0,-0.26066673322167977,-0.4924510600311551,-0.3400431301880045,-0.4353220333161774,-0.361043787732374
-1.0,-0.26800281928298975,-0.033269886583529557,-0.2758216242637616,-0.27863275883916144,-0.24031706813534634
3.0,-0.26800281928298975,-0.033269886583529557,-0.2309878711037036,-0.19757997058624707,-0.2453973063431006
-2.0,-0.18029594290659098,-0.09259577562198404,-0.39266490220598993,-0.3427092043746794,-0.35519980499273496
0.0,-0.18029594290659098,-0.09259577562198404,-0.25867627228932044,-0.2473366839515362,-0.24488940771110498
0.0,-0.17413241706783358,-0.12368891991913218,-0.2821052304983226,-0.2539200712989001,-0.22588626899294484
-2.0,-0.1555961557837493,-0.24556465971124908,-0.2979104658592248,-0.4179841345432978,-0.24733607986701428
-1.0,-0.14937858528440434,-0.34912164532135415,-0.29836906309848593,-0.39726792452631504,-0.3437866034780228
3.0,-0.14937858528440434,-0.34912164532135415,-0.22585177096723502,-0.26589270066361936,-0.29063754175698203
-2.0,-0.1592955345635978,-0.3781242389268289,-0.3664554148868102,-0.38718579314572293,-0.5118873668023068
0.0,-0.14991403733647643,-0.47375599176659927,-0.26142330466058283,-0.27827651427796424,-0.26709625490824696
0.0,-0.15848247034867044,-0.3365167347391816,-0.2741397203018055,-0.21698040462017906,-0.2211272606474441
-2.0,-0.14991403733647643,-0.47375599176659927,-0.3158469058152904,-0.34468455840077994,-0.3064559639525039
-1.0,-0.15491240015749058,-0.1640602576784815,-0.29077555204220235,-0.279770748790156,-0.266469397563158
3.0,-0.13181558214962788,-0.37902733515132747,-0.21565394381681074,-0.3660024028564117,-0.27024878411600556
-2.0,-0.1282100250374358,-0.21189124652137536,-0.36244211344124266,-0.27357610642467023,-0.2827474840454899
0.0,-0.13958868190930393,-0.23737593579514535,-0.25867627228932044,-0.21115768849802882,-0.2325691595395875
0.0,-0.15704831518142057,-0.27172863239623923,-0.3108340812536571,-0.21547858735338887,-0.21835350996724545
-2.0,-0.1337557158830653,-0.13576900658980132,-0.27287302505763467,-0.26436901630152915,-0.2886515362119608
-1.0,-0.14980226218732345,-0.24691528420140463,-0.2915854354049297,-0.2961899584275537,-0.24091646334727632
3.0,-0.14042188349883986,-0.31888777685027014,-0.24260247619216974,-0.2367713963082735,-0.24354575833760964
-2.0,-0.11461894719994764,-0.04619630952943332,-0.3664554148868102,-0.2490820983171218,-0.3208525801998649
0.0,-0.10485664714026953,0.2694247845237809,-0.26142330466058283,-0.14425753419801698,-0.1806205883313517
0.0,-0.10271414315193542,-0.05349083168786375,-0.28993716520170537,-0.21324349675715795,-0.1989098774107847
-2.0,-0.1524146040117712,0.02668597571234179,-0.2959687872264998,-0.21657145017886706,-0.32184261083201743
-1.0,-0.09195541780597898,-0.3032718990225435,-0.29077555204220235,-0.19699948184255667,-0.277640693388323
3.0,-0.10485664714026953,0.2694247845237809,-0.25103508498735444,-0.1955789585204148,-0.16877977818365142
-2.0,-0.11671408778106233,0.011816318488417465,-0.36244211344124266,-0.2036880496131458,-0.1923879197066182
0.0,-0.11052125894540608,0.019415524887483347,-0.2573841076773227,-0.13379694477346513,-0.0791439400035245
0.0,-0.11238999455597319,-0.17801112700088345,-0.3108340812536571,-0.17770125575133053,-0.17554731894243678
-2.0,-0.11671408778106233,0.011816318488417465,-0.2923505105065866,-0.23829979956465727,-0.18034158066072462
-1.0,-0.11052125894540608,0.019415524887483347,-0.2604386592817466,-0.10495630596472666,-0.048748943836363655
3.0,-0.11596513850327064,-0.09460354826569935,-0.24260247619216974,-0.12239218020390459,-0.16922641806241942
-2.0,-0.1394720791823507,-0.012436307142290205,-0.3072740709017034,-0.28453287313478287,-0.29215203245610244
0.0,-0.1444984869239337,0.01777280813258266,-0.26142330466058283,-0.17904565542135445,-0.22077782574347157
0.0,-0.14609624882846603,-0.1269536033762623,-0.2892658896289035,-0.23199517749884926,-0.2277017577082378
-2.0,-0.13926009958632665,-0.32335407747781775,-0.2936857864715142,-0.42415604911425403,-0.3772549604711934
-1.0,-0.1458928746192538,0.13042424336867614,-0.30805004766800664,-0.2551696686794377,-0.2710364945779175
3.0,-0.1458928746192538,0.13042424336867614,-0.2536624598146596,-0.20024036475323503,-0.17987846568137253
-2.0,-0.3985452491500052,-0.3676066453846008,-0.3512021205790861,-0.3365326270528132,-0.32549859538352727
0.0,-0.4659308220000929,-0.19781432188954545,-0.2521555519175572,-0.20331261781784607,-0.27852558966604796
0.0,-0.420883956131138,-0.24071383484877976,-0.29071821161179945,-0.2300542420102643,-0.3024397834271607
-2.0,-0.39136187337033324,-0.08581464011984025,-0.3400431301880045,-0.40738283921219165,-0.4501145716959191
-1.0,-0.39136187337033324,-0.08581464011984025,-0.2604386592817466,-0.2632268770851867,-0.31262630696707666
3.0,-0.3985452491500052,-0.3676066453846008,-0.24260247619216974,-0.19481434180897664,-0.26380582025736915
-2.0,-0.19300296207095735,-0.16229254415355676,-0.3072740709017034,-0.3138448486930557,-0.33741715684711504
0.0,-0.19300296207095735,-0.16229254415355676,-0.24507322061383421,-0.264082218212161,-0.2401210621096217
0.0,-0.19138543854762533,-0.478979235691817,-0.2918977778372604,-0.2772415607465129,-0.2938862823477254
-2.0,-0.15797541146185362,-0.6669095974189176,-0.2959687872264998,-0.39749966249807356,-0.3850324159969002
-1.0,-0.19986816086012008,-0.3061688802432093,-0.32999237350797966,-0.3149069678761227,-0.3855120878164903
3.0,-0.18818082700731142,-0.26324426785759947,-0.22585177096723502,-0.243977881327731,-0.23179773215020752
-2.0,-0.2108020652968916,-0.13670432863525078,-0.3476977009576727,-0.3145921381660437,-0.3678109241884771
0.0,-0.19758851062468025,-0.2792790770065325,-0.24507322061383421,-0.2358696066675026,-0.2509606839258454
0.0,-0.20828039108409124,-0.22839692992032407,-0.2741397203018055,-0.22546895620397753,-0.27003611064519095
-2.0,-0.20013194422084557,-0.26125063735463117,-0.3001851740781561,-0.33068353326081135,-0.2848861198691871
-1.0,-0.19758851062468025,-0.2792790770065325,-0.2758216242637616,-0.2585190371049067,-0.24638672904417513
3.0,-0.20201982347105626,-0.1990059974777336,-0.21565394381681074,-0.227751587807735,-0.19158156932400106
-2.0,-0.21894773143841972,-0.543944714866233,-0.39266490220598993,-0.3203410576410332,-0.4056113169477052
0.0,-0.21894773143841972,-0.543944714866233,-0.25867627228932044,-0.22306305632867554,-0.24564352308989806
0.0,-0.16370302436465076,-0.19073866660515187,-0.2892658896289035,-0.1938927849927231,-0.2277017577082378
-2.0,-0.16953983511171364,-0.10535577253853404,-0.3001851740781561,-0.2676854223065268,-0.2668684692726658
-1.0,-0.1835397400215993,-0.20219093016526263,-0.29836906309848593,-0.2376341590344402,-0.22871846140249066
3.0,-0.18188376969580602,-0.22807628229154556,-0.25103508498735444,-0.1802538673561015,-0.2255489282737994
-2.0,-0.18124293679941283,-0.575326808694799,-0.3476977009576727,-0.2906196522885553,-0.3289235619227198
0.0,-0.16959412048433667,-0.49139827211112974,-0.25836919066394515,-0.17953865269246638,-0.20773268086800611
0.0,-0.15304389085654252,-0.08627320861757692,-0.2892658896289035,-0.20181533922724534,-0.2277017577082378
-2.0,-0.20029781422007087,-0.5104135085243432,-0.2936857864715142,-0.3637392521278463,-0.3364097329473301
-1.0,-0.20029781422007087,-0.5104135085243432,-0.32999237350797966,-0.3174045423482918,-0.28557275106285435
3.0,-0.15304389085654252,-0.08627320861757692,-0.24566927372855007,-0.1896291781045892,-0.20664204678542827
-2.0,-0.3603506975843921,-1.3586033168645455,-0.3779107760914247,-0.3204935670586635,-0.5205321443055562
0.0,-0.37597630251329855,-0.821478450349103,-0.26942442939656547,-0.2047343351057373,-0.23458454035925125
0.0,-0.3497739867124242,-0.6985581737381038,-0.3108340812536571,-0.2509299300521311,-0.3000258841307607
-2.0,-0.3603506975843921,-1.3586033168645455,-0.27287302505763467,-0.28341375935601254,-0.35897499958549883
-1.0,-0.35107092727568595,-0.6628795415557189,-0.2758216242637616,-0.24873945101179384,-0.24638672904417513
3.0,-0.30588175155124026,0.37159259840714187,-0.21565394381681074,-0.21289277298662443,-0.1886311096858763
-2.0,-0.31947970990576896,-0.5319418355221256,-0.36244211344124266,-0.32440754537966104,-0.3461402186769944
0.0,-0.3340758780356119,-0.4322527033210753,-0.26942442939656547,-0.20037152137417352,-0.22146115139815084
0.0,-0.3361845303562664,-0.5325113496135871,-0.28993716520170537,-0.25430129583053634,-0.28393624142608853
-2.0,-0.3469445369441982,-0.6133017578320024,-0.27287302505763467,-0.3530272121963629,-0.35897499958549883
-1.0,-0.3340758780356119,-0.4322527033210753,-0.2855211175562893,-0.25178376557967325,-0.24204687014466225
3.0,-0.31947970990576896,-0.5319418355221256,-0.2536624598146596,-0.2309027346119284,-0.259447960750978
-2.0,-0.32152687698865395,-0.310863985007076,-0.3779107760914247,-0.4609114990439085,-0.526910161405027
0.0,-0.3038433728122762,-0.2610610645614534,-0.24522020101351705,-0.2968187319115567,-0.2588189996435538
0.0,-0.30634854834810826,-0.40612418641926007,-0.28993716520170537,-0.36095612348948664,-0.30644134559719627
-2.0,-0.3179694295039755,-0.22848484742432068,-0.2959687872264998,-0.4688981951777358,-0.31871540223658673
-1.0,-0.3128427212858345,-0.29072065357461674,-0.2915854354049297,-0.3172059310075386,-0.2838989387350116
3.0,-0.3128427212858345,-0.29072065357461674,-0.2031882530844954,-0.2364426363273732,-0.24070244438075636
-2.0,-0.2944393250179353,-0.3057690947625698,-0.3664554148868102,-0.32570033933181525,-0.33492499970130024
0.0,-0.2787834163632976,-0.32841693153500345,-0.24507322061383421,-0.26387109364467726,-0.24587618104183667
0.0,-0.33387393080250577,-0.34107007368454073,-0.2892658896289035,-0.2613153608409872,-0.2848389770674009
-2.0,-0.32168446516575144,-0.4304564244697282,-0.2959687872264998,-0.34769520722145336,-0.3342329112409966
-1.0,-0.29384017694859815,-0.23979717382574933,-0.28037751707702613,-0.28325085792870747,-0.25382283525498145
3.0,-0.30316779519580705,-0.22939496769384093,-0.21565394381681074,-0.24390569028002698,-0.2042722864019077
-2.0,-0.27273953831524295,-0.10993167858322063,-0.3779107760914247,-0.39205404703118585,-0.5205321443055562
0.0,-0.27273953831524295,-0.10993167858322063,-0.25836919066394515,-0.275848210792047,-0.2781226276450212
0.0,-0.2641083885427027,-0.357310620352138,-0.29071821161179945,-0.3027457716570643,-0.3026966323050197
-2.0,-0.2734486088084284,-0.09326054727951047,-0.3158469058152904,-0.37048820746050154,-0.31443120114615264
-1.0,-0.2734486088084284,-0.09326054727951047,-0.28037751707702613,-0.29974074390126026,-0.26953325977119474
3.0,-0.27273953831524295,-0.10993167858322063,-0.22585177096723502,-0.2453818963307434,-0.28391214742835785
-2.0,-0.28008615591666824,-0.18219962712200746,-0.39266490220598993,-0.3319205408024729,-0.4056113169477052
0.0,-0.3136377690799856,-0.5284429207605289,-0.2521555519175572,-0.22689804275585432,-0.2606569818672837
0.0,-0.2806994829492548,-0.5893645483145424,-0.28404550925112615,-0.25535066171206744,-0.2812672641017465
-2.0,-0.28008615591666824,-0.18219962712200746,-0.2936857864715142,-0.36914941207522833,-0.3373500601578779
-1.0,-0.28088641623082233,-0.697260601876499,-0.2758216242637616,-0.27799416580292113,-0.24638672904417513
3.0,-0.28088641623082233,-0.697260601876499,-0.2309878711037036,-0.27905672108540563,-0.25848519866407516
-2.0,-0.21877806726305787,-0.45069579261906006,-0.3072740709017034,-0.2553232397674896,-0.22870284284160247
0.0,-0.22017905034151217,-0.6143694299967659,-0.25329058066553134,-0.20408539223195696,-0.21934752233130925
0.0,-0.25805939707817366,-0.6931342971123156,-0.2741397203018055,-0.1904141479842298,-0.2211272606474441
-2.0,-0.25805939707817366,-0.6931342971123156,-0.2923505105065866,-0.31787030889646506,-0.3137362502184429
-1.0,-0.21877806726305787,-0.45069579261906006,-0.2758216242637616,-0.21198077853813685,-0.22141294950641868
3.0,-0.22542457630862742,-0.7652779408557857,-0.21565394381681074,-0.26629750125546653,-0.21148095944428502
-2.0,-0.18384403648698358,-0.023801187832610454,-0.3664554148868102,-0.2805442367864659,-0.3178376359210576
0.0,-0.1992231720371918,-0.12849504641050652,-0.2573841076773227,-0.18380895218743376,-0.21836770049108442
0.0,-0.2405520927897188,-0.14369210807452643,-0.2741397203018055,-0.19899628011992043,-0.2211272606474441
-2.0,-0.22094326563404276,-0.25438240947446944,-0.3158469058152904,-0.313634933823975,-0.31443120114615264
-1.0,-0.2405520927897188,-0.14369210807452643,-0.30805004766800664,-0.2607011540406929,-0.25882956462280426
3.0,-0.19988251194905116,-0.08610777253760726,-0.242204628710026,-0.21321687411178414,-0.21169103135665235
-2.0,-0.17688825288018759,-0.1271044780340002,-0.3476977009576727,-0.36900255460368675,-0.3289235619227198
0.0,-0.15231079525092758,-0.2374443905366123,-0.26942442939656547,-0.23590079283685977,-0.28708335211502045
0.0,-0.17688825288018759,-0.1271044780340002,-0.3108340812536571,-0.26377424304928654,-0.2802151239798423
-2.0,-0.1709850113446439,-0.3107418820511395,-0.3400431301880045,-0.4177004564810335,-0.367718755977951
-1.0,-0.15940049942556758,-0.16207058579859307,-0.2744296217457854,-0.2923977748717745,-0.24362758870027076
3.0,-0.17233826370663208,-0.49846177311831086,-0.21565394381681074,-0.2445383680548828,-0.21148095944428502
-2.0,-0.20224420828283526,0.4277113028117129,-0.39266490220598993,-0.3118612669586381,-0.2212168391547915
0.0,-0.17590045838144566,0.42013398047378336,-0.2573841076773227,-0.1652567834749516,-0.14369941818712426
0.0,-0.1857546083201453,0.38219488062636564,-0.29071821161179945,-0.20384057655596008,-0.22956579857055331
-2.0,-0.22311249436744432,0.030572310481696452,-0.3158469058152904,-0.3750776693127379,-0.3130794902957942
-1.0,-0.20224420828283526,0.4277113028117129,-0.32999237350797966,-0.2860947674885612,-0.16073511067651486
3.0,-0.22311249436744432,0.030572310481696452,-0.25103508498735444,-0.28177589467443453,-0.29145249346494545
-2.0,-0.4240944620738576,-0.21941817519015186,-0.39266490220598993,-0.306253971441244,-0.44821195815186465
0.0,-0.4192522397327447,-0.1842922472472613,-0.2573841076773227,-0.21079080617910148,-0.2717372500035972
0.0,-0.4240944620738576,-0.21941817519015186,-0.28993716520170537,-0.2679747523061033,-0.30644134559719627
-2.0,-0.42022048920712696,-0.0013060005035306604,-0.2959687872264998,-0.3354463796509883,-0.31871540223658673
-1.0,-0.38714878604160713,-0.27935984915659284,-0.30805004766800664,-0.2777560852301253,-0.27875385111410156
3.0,-0.4214952029862022,-0.18541910700464975,-0.24260247619216974,-0.24449808439124265,-0.23257212652488435
-2.0,-0.2643868997960867,-0.614821742596465,-0.3072740709017034,-0.34111084163995686,-0.33741715684711504
0.0,-0.294991381264362,-0.7721955641294643,-0.25329058066553134,-0.2976811764812136,-0.35374601887073265
0.0,-0.26007186480213523,-0.7210179260171059,-0.28404550925112615,-0.24898396667299902,-0.25599228928014583
-2.0,-0.2643868997960867,-0.614821742596465,-0.27476431523623013,-0.3650722842288553,-0.3237099408262162
-1.0,-0.263584072320076,-0.6856476639270037,-0.2604386592817466,-0.28395832178891756,-0.2732658819092749
3.0,-0.27555562150425883,-0.7927451880840539,-0.242204628710026,-0.33713479113323075,-0.2583454622617108
-2.0,-0.21151542343267615,-0.3157286446544684,-0.3779107760914247,-0.27195215281120855,-0.2764630886231503
0.0,-0.17932673102317018,-0.2566560304814905,-0.24393960106578652,-0.13238584388645427,-0.20338290057696432
0.0,-0.23132655488803636,-0.3937577604909454,-0.28993716520170537,-0.2045595196909313,-0.27958995789704816
-2.0,-0.1890639773906182,-0.28006119640276594,-0.2959687872264998,-0.32741955735530287,-0.32184261083201743
-1.0,-0.17932673102317018,-0.2566560304814905,-0.2915854354049297,-0.20680254306961862,-0.24091646334727632
3.0,-0.1975023871680249,-0.34896008220545055,-0.24566927372855007,-0.18407490994058648,-0.20664204678542827
-2.0,-0.19060266714546348,-0.26029586642649793,-0.3779107760914247,-0.2879245316156624,-0.2847109099363878
0.0,-0.19243985108008246,-0.21760846439483564,-0.2573841076773227,-0.13038158043573736,-0.21836770049108442
0.0,-0.16443487464366177,-0.0038307695473340023,-0.26914625203949527,-0.08541722561974219,-0.22645792790644156
-2.0,-0.18493764289782652,-0.11873201672515998,-0.2923505105065866,-0.32747475732694026,-0.3137362502184429
-1.0,-0.1782815497168486,-0.2548137995416214,-0.2855211175562893,-0.2430784327451313,-0.24204687014466225
3.0,-0.16443487464366177,-0.0038307695473340023,-0.2031882530844954,-0.17776525050482908,-0.1574785633443741
-2.0,-0.2380972890323322,-0.5372075179123849,-0.39266490220598993,-0.3164647502955391,-0.35519980499273496
0.0,-0.2161019317145282,-0.3931365872551174,-0.24393960106578652,-0.13765524821158248,-0.20338290057696432
0.0,-0.24098723826529314,-0.4616934042851327,-0.2918977778372604,-0.24139376524297587,-0.24593944369382367
-2.0,-0.2454915183567368,-0.45263611716475627,-0.29316126290235256,-0.34030932674223946,-0.2939568395243025
-1.0,-0.23917856419743913,-0.433939365659436,-0.2758216242637616,-0.24103311451716664,-0.23963856022749438
3.0,-0.2328467573537766,-0.4373426487602229,-0.24566927372855007,-0.22096483194649577,-0.2907589761543555
-2.0,-0.21297431396565314,-0.5272565883686362,-0.3592478477620768,-0.22304933258519244,-0.2480835729652467
0.0,-0.21600451311024726,-0.6781739466353509,-0.26142330466058283,-0.2389383485440853,-0.24667426731056666
0.0,-0.21729515549119274,-0.6459984045359868,-0.2741397203018055,-0.123805025526672,-0.20049632095886363
-2.0,-0.21729515549119274,-0.6459984045359868,-0.2923505105065866,-0.2961067165443408,-0.2738067423304999
-1.0,-0.20168662756132108,-0.5080494714429962,-0.2744296217457854,-0.17797388025821842,-0.28176384296626966
3.0,-0.2168301248767953,-0.6090982724639653,-0.22585177096723502,-0.09887787131075364,-0.14858069185237707
-2.0,-0.1825096516343274,-0.7556407590288986,-0.3072740709017034,-0.24721380601126236,-0.22870284284160247
0.0,-0.23049634956847873,-0.6820418402575618,-0.26142330466058283,-0.2285955999155494,-0.24667426731056666
0.0,-0.20740675521768512,-0.6346276933352637,-0.29071821161179945,-0.22515078111163828,-0.22956579857055331
-2.0,-0.1825096516343274,-0.7556407590288986,-0.27476431523623013,-0.2805588672042117,-0.3207461122699842
-1.0,-0.1825096516343274,-0.7556407590288986,-0.2758216242637616,-0.2151931996126766,-0.22141294950641868
3.0,-0.20780347125697085,-0.6107599315922861,-0.2031882530844954,-0.1820517725098101,-0.1574785633443741
-2.0,-0.19724472186380804,-0.09504260122886043,-0.39266490220598993,-0.32222802629181707,-0.42102546227787835
0.0,-0.1810588684880372,-0.1885102380637402,-0.24393960106578652,-0.22988320565418413,-0.26441042689832067
0.0,-0.20742075955004746,-0.3175049819869314,-0.3108340812536571,-0.29191678834817725,-0.30063711157752276
-2.0,-0.19555124628850173,-0.24273192526636542,-0.2923505105065866,-0.33518501989874505,-0.3104677720609794
-1.0,-0.19724472186380804,-0.09504260122886043,-0.32999237350797966,-0.27096011697674255,-0.3462445866791886
3.0,-0.22818450350188185,-0.14821136790383385,-0.24566927372855007,-0.26348152161179744,-0.3107996946860899
-2.0,-0.2469877072294007,-0.4286174905567218,-0.39266490220598993,-0.3484312743743376,-0.4359380860356241
0.0,-0.21492234483611927,-0.3523391452004547,-0.25836919066394515,-0.23690989378959298,-0.2601967585540059
0.0,-0.22810247460249655,-0.3017019197190587,-0.2741397203018055,-0.24772086453584868,-0.2641327892284004
-2.0,-0.21290106114072688,-0.23572243751734823,-0.3001851740781561,-0.34358244104823416,-0.4017769373224465
-1.0,-0.21290106114072688,-0.23572243751734823,-0.29077555204220235,-0.26232440906184645,-0.31339634663316185
3.0,-0.2372564344710176,-0.48239994382834545,-0.23103333355226596,-0.2587705285656758,-0.26128781354289293
-2.0,-0.2248893438672205,-0.31584301406136545,-0.3779107760914247,-0.3368827892715255,-0.5269944224265591
0.0,-0.2483431252125186,-0.6649338220205212,-0.26942442939656547,-0.24992719578100275,-0.28708335211502045
0.0,-0.24795263438904125,-0.5428340836181389,-0.2719780951631747,-0.28744713047064185,-0.2818564879249798
-2.0,-0.220262574384026,-0.6091066149058729,-0.2979104658592248,-0.33225230465054817,-0.44570063694061013
-1.0,-0.24110035704789587,-0.5085919990471744,-0.2604386592817466,-0.29652677809505956,-0.25336522612516
3.0,-0.2384120573416135,-0.45274264891577964,-0.24260247619216974,-0.2736210242309627,-0.26380582025736915
-2.0,-0.21471492656629285,-0.07033325675406439,-0.3664554148868102,-0.28912493948472145,-0.3408656036714604
0.0,-0.2314164763387464,-0.25500700635162005,-0.25329058066553134,-0.21963450486599034,-0.23795513650966088
0.0,-0.21471492656629285,-0.07033325675406439,-0.26914625203949527,-0.2088679900086378,-0.24035479987096814
-2.0,-0.25182313658929095,-0.4214392516070017,-0.2959687872264998,-0.36602898069256434,-0.3850324159969002
-1.0,-0.21471492656629285,-0.07033325675406439,-0.2915854354049297,-0.2459677164361562,-0.2523049176075445
3.0,-0.22150097205208605,-0.3136580672478929,-0.22585177096723502,-0.23794884134917477,-0.18996389335398295
-2.0,-0.19728270935584996,-0.5917933126686687,-0.3786488343752817,-0.2776567428932051,-0.3308833665088795
0.0,-0.2464619423936228,-0.5085832313208638,-0.25867627228932044,-0.20610380004129447,-0.24488940771110498
0.0,-0.19728270935584996,-0.5917933126686687,-0.2918977778372604,-0.1841669659534644,-0.24593944369382367
-2.0,-0.2360550026155617,-0.41046803503978196,-0.3158469058152904,-0.29900394835094196,-0.3130794902957942
-1.0,-0.23259803439378857,-0.5060700359046774,-0.2604386592817466,-0.23627028993795116,-0.27061581571426174
3.0,-0.2360550026155617,-0.41046803503978196,-0.25103508498735444,-0.2001110711876762,-0.25680425809739693
-2.0,-0.41177745061039517,-0.5458718304089124,-0.3786488343752817,-0.3859744263382091,-0.4770890966653501
0.0,-0.3811860911003963,-0.7267056182819253,-0.26942442939656547,-0.3292198509909848,-0.30381376222042156
0.0,-0.3811860911003963,-0.7267056182819253,-0.29071821161179945,-0.33255976986936814,-0.32356205080163686
-2.0,-0.3483845087352092,-0.5178857781800175,-0.2979104658592248,-0.39825129487646743,-0.4583422333803878
-1.0,-0.3808114869010508,-0.48660039737184313,-0.2604386592817466,-0.3193150402430445,-0.31262630696707666
3.0,-0.3832231575632115,-0.6281677663820433,-0.21565394381681074,-0.28754662557376176,-0.2766607797627945
-2.0,-0.2744114182373743,-0.6133418406037443,-0.3664554148868102,-0.337237736544636,-0.5118873668023068
0.0,-0.2548194293512812,-0.6387264807004471,-0.25836919066394515,-0.2591292622708955,-0.2886528609752122
0.0,-0.25388955378203576,-0.5005924634099891,-0.28993716520170537,-0.2782492446747515,-0.30644134559719627
-2.0,-0.2340732273809203,-0.45022675483122976,-0.2923505105065866,-0.35541106758675206,-0.4287667345672012
-1.0,-0.26382252048619353,-0.6133040971197793,-0.28037751707702613,-0.3045719400840599,-0.37432371624525473
3.0,-0.25388955378203576,-0.5005924634099891,-0.21565394381681074,-0.26159238572021903,-0.24746857068722658
-2.0,-0.34129532906132265,-0.9857464502740297,-0.3779107760914247,-0.33993986103862206,-0.5205321443055562
0.0,-0.34621967455256386,-0.9106285871540053,-0.2573841076773227,-0.2618142924463632,-0.28207290505269234
0.0,-0.34922032832229577,-0.7260617370206774,-0.2741397203018055,-0.22908700714676858,-0.2641327892284004
-2.0,-0.34260838668077204,-0.94938075121816,-0.29316126290235256,-0.3729550378565928,-0.2937808460242711
-1.0,-0.34621967455256386,-0.9106285871540053,-0.2604386592817466,-0.26930414968612765,-0.27061581571426174
3.0,-0.34260838668077204,-0.94938075121816,-0.24260247619216974,-0.24539217268423294,-0.23257212652488435
-2.0,-0.3721014905730029,-0.310354153814177,-0.36244211344124266,-0.3515137189831348,-0.4492349509266291
0.0,-0.37134326532975925,-0.33053562520068086,-0.26142330466058283,-0.2781010211726474,-0.3274086551149674
0.0,-0.35247833106336496,-0.20995957817700286,-0.29071821161179945,-0.2627472778052387,-0.3024397834271607
-2.0,-0.3578178069292543,-0.1450614048131153,-0.27476431523623013,-0.3435097240024748,-0.3237099408262162
-1.0,-0.32777681004086756,-0.25002758583626983,-0.2915854354049297,-0.31006395490302013,-0.2838989387350116
3.0,-0.37134326532975925,-0.33053562520068086,-0.25103508498735444,-0.3222827927879433,-0.3743300735229537
-2.0,-0.38855103711688466,-0.5735414585103419,-0.3476977009576727,-0.46828005716592447,-0.3963777790936739
0.0,-0.3793034463283707,-0.6476641688492143,-0.25836919066394515,-0.3797538103844937,-0.4268401051980201
0.0,-0.38855103711688466,-0.5735414585103419,-0.3108340812536571,-0.36884642808160845,-0.31696083633173733
-2.0,-0.38320111708746557,-0.6648359130812715,-0.2923505105065866,-0.6278171144042266,-0.7190832081679068
-1.0,-0.35964400680633507,-0.672858665461544,-0.2604386592817466,-0.4351998079386687,-0.4549187780494247
3.0,-0.35964400680633507,-0.672858665461544,-0.24566927372855007,-0.38097770039288664,-0.2950258327393717
-2.0,-0.3698557656045129,-0.33085376435041136,-0.3072740709017034,-0.3386301749208264,-0.25143711868057017
0.0,-0.38923058505751823,-1.0362653686001422,-0.26942442939656547,-0.2161867218441566,-0.28598682692193816
0.0,-0.3798901578752748,-0.9868093621598352,-0.28404550925112615,-0.26874765644634907,-0.3051388282359866
-2.0,-0.37302586323292775,-1.32359411858525,-0.2936857864715142,-0.47771699139893803,-0.3772549604711934
-1.0,-0.37302586323292775,-1.32359411858525,-0.32999237350797966,-0.41184563872553986,-0.3892246703495816
3.0,-0.3698557656045129,-0.33085376435041136,-0.2309878711037036,-0.246624483494462,-0.2518960777601224
-2.0,-0.3976073252176444,-0.540853341025875,-0.36244211344124266,-0.4164624781691874,-0.4350993458080152
0.0,-0.37446531703162234,-0.5999342940738155,-0.2573841076773227,-0.2812781687157484,-0.2604608766379893
0.0,-0.3916490306791601,-0.7010219669835502,-0.2821052304983226,-0.28189203551009573,-0.35686558178001726
-2.0,-0.36555493906178926,-0.4704886324952142,-0.2979104658592248,-0.4217007215538514,-0.3311012852935722
-1.0,-0.36555493906178926,-0.4704886324952142,-0.2915854354049297,-0.35988729847489387,-0.2838989387350116
3.0,-0.41284531937600016,-0.5240670336999298,-0.23103333355226596,-0.20918825933227017,-0.2421252061454994
-2.0,-0.24969430227880574,-0.6333103512930961,-0.3592478477620768,-0.2682997451058167,-0.30725009999521086
0.0,-0.20215954185257687,-0.4704627515352189,-0.26942442939656547,-0.1581908716301585,-0.23458454035925125
0.0,-0.2228814437716728,-0.3997304908116896,-0.2741397203018055,-0.18112517770791461,-0.27003611064519095
-2.0,-0.21320962221749432,-0.20351485171333247,-0.27287302505763467,-0.3032263527828486,-0.2865169493698337
-1.0,-0.21320962221749432,-0.20351485171333247,-0.29836906309848593,-0.19902569566541978,-0.22871846140249066
3.0,-0.20215954185257687,-0.4704627515352189,-0.23103333355226596,-0.16156682867901354,-0.2421252061454994
-2.0,-0.2544194550301245,-0.49626403360954824,-0.3592478477620768,-0.2664146598912622,-0.28228293620020806
0.0,-0.2124779018709426,-0.5513006013884245,-0.26142330466058283,-0.23164213897072528,-0.2664850274614849
0.0,-0.22141965875500877,-0.5288306920527363,-0.26914625203949527,-0.11750921938857727,-0.22645792790644156
-2.0,-0.21459777412138556,-0.49823359080081764,-0.27476431523623013,-0.31689712824153266,-0.30094111184975564
-1.0,-0.22141965875500877,-0.5288306920527363,-0.2915854354049297,-0.19388885525726002,-0.24091646334727632
3.0,-0.22141965875500877,-0.5288306920527363,-0.2031882530844954,-0.11005605030335687,-0.1574785633443741
0.0,-0.23738073791785855,-0.20986087606626552,-0.3434408119073347,-0.31409463572712226,-0.3561488067526113
-3.0,-0.2584019978449164,-0.32678386444584795,-0.36631602533271485,-0.4032550497278939,-0.4791701336978741
-1.0,-0.2535150370320747,-0.2572692763399475,-0.1648875326556019,-0.352121028959019,-0.26296357018127003
-2.0,-0.2535150370320747,-0.2572692763399475,-0.41005596922974374,-0.5214909362476191,-0.44764029857486065
0.0,-0.24572191689658998,-0.2664983189645785,-0.17305657842300426,-0.250314566411925,-0.27414583983647633
-3.0,-0.26544003837367425,-0.28821251078994764,-0.3908513574048011,-0.48856831326216393,-0.4878222408262631
0.0,-0.2424583229127875,-0.19320848183842668,-0.3434408119073347,-0.18363362758159557,-0.25672235171652913
-3.0,-0.2556723515900741,-0.054616253400016614,-0.3976376215609253,-0.344664941569094,-0.31869729379975603
-1.0,-0.2424583229127875,-0.19320848183842668,-0.1823882928229709,-0.2808378597725076,-0.19437245891728896
-2.0,-0.2537117008800241,-0.07723181752483207,-0.4173596707476738,-0.431026866762418,-0.3531054658394418
0.0,-0.2601029195633934,-0.13494489641018728,-0.21132468359459156,-0.20850666512206253,-0.2095026617778735
-3.0,-0.2424583229127875,-0.19320848183842668,-0.38232846677732013,-0.39742277248477387,-0.34234444547290427
0.0,-0.39303400085354717,-0.7257838055351026,-0.3184558543094806,-0.23842004907848338,-0.30104745926459503
-3.0,-0.3909989103135332,-0.6880341025852842,-0.36631602533271485,-0.3283570972450949,-0.385149422946284
-1.0,-0.3959305402162342,-0.8847220922825212,-0.14796985958549067,-0.3122330610956507,-0.3054042371986298
-2.0,-0.3927106945595126,-0.7255510519005199,-0.4237412400326804,-0.35322025575707583,-0.4624474280553817
0.0,-0.4083627704362923,-0.7782606708316462,-0.20031385417242825,-0.2132756912535201,-0.23766617027425213
-3.0,-0.3909989103135332,-0.6880341025852842,-0.36828738509527087,-0.332658919884528,-0.3703392769563077
0.0,-0.38430737466759185,0.0003360913758329198,-0.3184558543094806,-0.24093697806344036,-0.2673271120209371
-3.0,-0.3923726234280494,-0.1709903930523549,-0.36631602533271485,-0.288490130762455,-0.3822327556263224
-1.0,-0.37879348362530796,-0.025750480430074683,-0.14796985958549067,-0.23606685358169793,-0.23365049834469648
-2.0,-0.4047701270029638,-0.12473199240241706,-0.37959686832463685,-0.44356401090949077,-0.3557019642250042
0.0,-0.4104107719463278,-0.04516847217124724,-0.20031385417242825,-0.24419637953880313,-0.19858368535902962
-3.0,-0.37879348362530796,-0.025750480430074683,-0.3539611895803412,-0.25974388511442686,-0.31153302140345507
0.0,-0.34233634277780206,0.29714362430382385,-0.3753009799650813,-0.25517400949310903,-0.1958176342916952
-2.0,-0.34569914304857313,-0.049822833132218206,-0.21300968930355313,-0.28336024502911905,-0.14463809551187137
-2.0,-0.34233634277780206,0.29714362430382385,-0.37959686832463685,-0.32593558530905603,-0.35652182628433055
-3.0,-0.34808164333106123,-0.1325004182576082,-0.36828738509527087,-0.2528883544539087,-0.3024625046027915
-2.0,-0.3263984096284726,0.0567579457969286,-0.43705608726844825,-0.3143182300275358,-0.3171211355204609
0.0,-0.3547150420059275,-0.7302873812428791,-0.3184558543094806,-0.28917939874786364,-0.33473826965985193
-2.0,-0.37686217181851633,-0.5868535699184037,-0.23799168804340154,-0.37164151453619293,-0.4315848318832374
-2.0,-0.36547174238614305,-0.6744132990118894,-0.4173596707476738,-0.49299327959735323,-0.4321178144224203
-3.0,-0.36486131387176535,-0.6024122965478452,-0.37175596506963604,-0.4507720716836381,-0.41439249326379574
-2.0,-0.3777995893312817,-0.6467370244859815,-0.425180661682632,-0.4884635615823942,-0.4812492394214515
0.0,-0.15893520562793492,-0.29706358686545353,-0.31106417263662284,-0.25228878071595745,-0.2856614427117796
-2.0,-0.17928212180886918,-0.5732117647101719,-0.2826902862864831,-0.29913718933310995,-0.2984377861658325
-2.0,-0.17928212180886918,-0.5732117647101719,-0.4173596707476738,-0.37195388149930836,-0.4640681772804118
-3.0,-0.18810585540476094,-0.564660918838303,-0.3583958030860998,-0.33134185211330947,-0.39999837333340216
-2.0,-0.15883976800341842,-0.4458468407233635,-0.4670441382089719,-0.389326774754472,-0.4584627964374006
0.0,-0.1264107370757162,0.4808844166286018,-0.3891071798680523,-0.31304967805810546,-0.26509430705074183
-2.0,-0.17427094704056154,-0.31869307345860526,-0.2642920389798174,-0.2888411580884152,-0.4194808772536135
-2.0,-0.1264107370757162,0.4808844166286018,-0.40252998277657404,-0.36465690127895917,-0.36127627392930683
-3.0,-0.1489313100146435,0.005365238293234875,-0.3706702560322243,-0.3282798833298204,-0.42787125308359564
0.0,-0.2516117405928704,-0.6450203828459514,-0.43014298985376764,-0.32490580130221836,-0.3041048820577979
-3.0,-0.25738625241408253,-0.36863250636455086,-0.3335694271016174,-0.2626552611888939,-0.3334859672080263
-1.0,-0.2510179408492744,-0.534939327108994,-0.1823882928229709,-0.2398269611872037,-0.21126482701357055
-2.0,-0.23170638006839264,-0.6079119489252516,-0.4237412400326804,-0.4372982678340765,-0.44301452210697817
0.0,-0.2188609791841146,-0.5353608290801268,-0.17491969423590706,-0.1788163559071226,-0.18957557518651003
-3.0,-0.261961324561708,-0.3911830562828736,-0.3583958030860998,-0.29627368849330044,-0.3402735706378452
0.0,-0.2452423816379322,-0.5651234861235592,-0.3498601984114407,-0.29263303335392016,-0.3522584709354316
-2.0,-0.22299788021475014,-0.4071612640355612,-0.2826902862864831,-0.31680018004644434,-0.1840369973713411
-2.0,-0.24125685193967597,-0.38977238063015074,-0.37322407561099913,-0.3454987663960698,-0.3562244345728434
-3.0,-0.24125685193967597,-0.38977238063015074,-0.36238292256874,-0.30674799384793966,-0.4359921737268598
-2.0,-0.24592265856823972,-0.45219623392646857,-0.425180661682632,-0.41103832040782373,-0.42794186935609363
0.0,-0.06650777990218577,0.2610886897873338,-0.3434408119073347,-0.052228941278237816,-0.14705893266445363
-2.0,-0.07496222693671947,-0.11771317619039906,-0.27820050223819076,-0.20210803878608014,-0.09492215949526467
-2.0,-0.06068607658391485,0.09393199448969958,-0.40252998277657404,-0.10019531665893863,-0.29357219284143216
-3.0,-0.06539501739723542,-0.02865869115295544,-0.3706702560322243,-0.039676457675342114,-0.37473525693483084
-2.0,-0.08489584468573594,-0.07516589648542854,-0.48729208969617555,-0.15828689217643013,-0.3775006867895652
0.0,-0.09647987917523854,-0.3357059788444714,-0.3498601984114407,-0.25573753532649157,-0.350296886604701
-2.0,-0.11328420631007781,-0.21446208895863275,-0.24568783947900416,-0.16054434306661924,-0.2890433429822063
-2.0,-0.10260858527835173,-0.13332487938955082,-0.41690366271733553,-0.38899248026064415,-0.39272337079533615
-3.0,-0.08274856754888825,-0.2920397624984844,-0.39551779293953326,-0.3241075255140583,-0.3816253993287701
0.0,-0.17621653255930475,-0.38627401280103874,-0.3891071798680523,-0.21143297794179347,-0.2695361274704719
-2.0,-0.21956529558707388,-0.6153935013973802,-0.21300968930355313,-0.2416066426634498,-0.23950005820755466
-2.0,-0.20205863352434553,-0.370042034490566,-0.41005596922974374,-0.3786739542462775,-0.4484617205969765
-3.0,-0.21956529558707388,-0.6153935013973802,-0.3706702560322243,-0.29897966537974596,-0.3984799788237589
0.0,-0.06610931187858031,-0.21981043206608392,-0.43014298985376764,-0.3611301274743511,-0.24251431474462726
-3.0,-0.04639209621518094,-0.024516737869544912,-0.4131476411689771,-0.2057492847237001,-0.3204062613020635
-1.0,-0.053090410959285114,-0.11633893530845865,-0.1823882928229709,-0.19962330184017232,-0.1537473050815785
-2.0,-0.06610931187858031,-0.21981043206608392,-0.41690366271733553,-0.33639697634686894,-0.2181656317722718
0.0,-0.027971464456063893,0.11796672880940104,-0.17491969423590706,-0.09921596938259819,-0.16249537871549205
-3.0,-0.027971464456063893,0.11796672880940104,-0.36828738509527087,-0.18006107040364303,-0.12438744292781202
0.0,-0.23272187570808925,-0.12890204405129546,-0.3753009799650813,-0.28133916266874925,-0.2822554911120859
-3.0,-0.26527823766156405,-0.14767753332607575,-0.368836989495613,-0.28889124081985396,-0.3639185121363531
-1.0,-0.24006376157693932,-0.2187824544544309,-0.21588984844596903,-0.3095047462770969,-0.21938940550608044
-2.0,-0.24006376157693932,-0.2187824544544309,-0.42973411721969235,-0.43005598055591104,-0.49503957565677825
0.0,-0.2574902085923777,-0.15604156846500117,-0.18245612713577775,-0.1964673801901757,-0.21084673973118173
-3.0,-0.22006382052298737,-0.13461587449064963,-0.3539611895803412,-0.3836564949247889,-0.33186708332086723
0.0,-0.03465413185821448,-0.1004390605714002,-0.3891071798680523,-0.173425060071648,-0.24001696224891958
-3.0,-0.058239142137271854,-0.12911857528832396,-0.368836989495613,-0.21428094523952884,-0.23983942568452116
-1.0,-0.03465413185821448,-0.1004390605714002,-0.15817574715024085,-0.14828669814992831,-0.050909762827854164
-2.0,-0.045540795382495024,0.04467987877794643,-0.3907063945133859,-0.28726153488038225,-0.25436772455571455
0.0,-0.045540795382495024,0.04467987877794643,-0.24244273683133505,-0.11985271740974301,-0.17056991169060645
-3.0,-0.05213176405337105,-0.14380077366889837,-0.38232846677732013,-0.2583671853192541,-0.15586271160742143
0.0,-0.06597115391646284,0.2837875715561732,-0.3891071798680523,-0.22112913056695988,-0.18709128296985947
-2.0,-0.07884903880636286,0.3298205330964477,-0.25791059606154604,-0.18177191011261115,-0.10377531759015213
-2.0,-0.10310726506866355,0.26297488813857595,-0.41690366271733553,-0.26008196170515024,-0.18038244102664133
-3.0,-0.08421631127371448,0.1066616212245236,-0.3908513574048011,-0.1475935428872436,-0.18873913950323729
-2.0,-0.09391592145378679,0.2825579266127864,-0.4622780400375292,-0.152799759616279,-0.24525032382989265
0.0,-0.12099915952418357,0.03937837729254166,-0.3378931489306369,-0.19362032759931144,-0.23574079792234237
-3.0,-0.14990522943251042,-0.20156638506917215,-0.3845272318848815,-0.2734806173489103,-0.3532353706882349
-1.0,-0.10829774630752215,-0.2901570776311419,-0.1823882928229709,-0.22404615302356048,-0.19948988867401346
-2.0,-0.17218537517444574,-0.30880474895584553,-0.37322407561099913,-0.3569737275374767,-0.33765782380684134
0.0,-0.17218537517444574,-0.30880474895584553,-0.21132468359459156,-0.1824061424389602,-0.20455609296970384
-3.0,-0.13332029329869066,-0.08864243369018174,-0.33601371992717854,-0.26869566923062244,-0.22572555483451992
0.0,-0.6052837601020183,-0.4678726902090813,-0.3498601984114407,-0.4881536741822409,-0.4171694678516972
-2.0,-0.6052837601020183,-0.4678726902090813,-0.21300968930355313,-0.4931731583816928,-0.37438201037879426
-2.0,-0.6062742796868364,-0.4225127023875821,-0.43550272514787625,-0.58815835888595,-0.8003394803421626
-3.0,-0.5828232887563611,-0.5617079498442344,-0.33601371992717854,-0.6130339334118406,-0.5956139628569814
-2.0,-0.6062742796868364,-0.4225127023875821,-0.425180661682632,-0.5762698214343662,-0.8202876940629182
0.0,-0.16301338415511038,-0.21604041886082037,-0.3891071798680523,-0.2886659626018899,-0.39187110563901956
-2.0,-0.17741596447910338,-0.6298102970871796,-0.21300968930355313,-0.3023101804012066,-0.3302175763725029
-2.0,-0.18150623334020732,-0.2875963244453135,-0.41005596922974374,-0.42780628349077465,-0.44764029857486065
-3.0,-0.15761429136407926,-0.42183507833199824,-0.3539611895803412,-0.2911268686887398,-0.33186708332086723
0.0,-0.24713950775303317,-0.7219019814896621,-0.324908084475882,-0.37559372290407655,-0.3541168923099539
-2.0,-0.29257424414863675,-0.8618365549178967,-0.20070999612636706,-0.3447234927092638,-0.4091713660285621
-2.0,-0.2518497542619129,-0.7823941360513066,-0.41690366271733553,-0.5001876130954463,-0.5045512544174432
-3.0,-0.24713950775303317,-0.7219019814896621,-0.3583958030860998,-0.44878180958843156,-0.40063890506948957
0.0,-0.2630555530111684,-0.43142115793064034,-0.324908084475882,-0.2844076398299148,-0.303740434179144
-2.0,-0.31048301133956463,-1.037077828242082,-0.21300968930355313,-0.38007530577479437,-0.3302175763725029
-2.0,-0.2718891145570989,-0.8189241368586822,-0.3907063945133859,-0.5354869874023247,-0.4388648541653936
-3.0,-0.29107647580075674,-0.9750098880420671,-0.37175596506963604,-0.47723518299743606,-0.4470657083444773
0.0,-0.2660501509403819,0.19196790455269852,-0.31106417263662284,-0.2535676364138257,-0.2986582758499495
-3.0,-0.2910764758007567,-0.14639780229306376,-0.4131476411689771,-0.4146776114128136,-0.5258585376788045
-1.0,-0.2910764758007567,-0.14639780229306376,-0.21588984844596903,-0.3602794092034594,-0.35171599025486
-2.0,-0.31048301133956463,-0.1538778507119083,-0.4237412400326804,-0.5315621620886424,-0.4061349976651884
0.0,-0.2660501509403819,0.19196790455269852,-0.21132468359459156,-0.2518960780954693,-0.23092119477001036
-3.0,-0.2660501509403819,0.19196790455269852,-0.36238292256874,-0.35159391425000985,-0.39430543961610987
0.0,-0.2768904782184373,-0.583620448806076,-0.43014298985376764,-0.3056990293840084,-0.30959187739816213
-2.0,-0.28095701971953646,-0.879969200896356,-0.20070999612636706,-0.2471899913493229,-0.3115560645145882
-2.0,-0.29506174237955496,-0.9738942397078408,-0.42973411721969235,-0.41988228961418944,-0.44461291640680245
-3.0,-0.2768904782184373,-0.583620448806076,-0.3539611895803412,-0.3129894777708709,-0.4484865286422095
0.0,-0.256428050489993,-0.7285813025380315,-0.3498601984114407,-0.22780774538758153,-0.29638271368810487
-3.0,-0.256428050489993,-0.7285813025380315,-0.4003111798739472,-0.3256524925115173,-0.4835845958771241
-1.0,-0.256428050489993,-0.7285813025380315,-0.17635852172738012,-0.2779004342222893,-0.1839560390689369
-2.0,-0.24387617900866293,-0.44427931898227996,-0.41690366271733553,-0.37004985629729237,-0.3814794679179589
0.0,-0.24387617900866293,-0.44427931898227996,-0.19969070854131246,-0.19145658625604986,-0.2444127578136611
-3.0,-0.24840572633227884,-0.4168142396091822,-0.3583958030860998,-0.32644894770660204,-0.32487606259237184
0.0,-0.6080133583558223,-0.9994263959239986,-0.3425187839145853,-0.5566827379255689,-0.30946307860579997
-3.0,-0.6154434227921369,-1.1053003773560068,-0.342607056641381,-0.5938631362816998,-0.5937372862669559
-1.0,-0.61495879653177,-1.2519795787756602,-0.1657676633341612,-0.6002020468609589,-0.38825610858023624
-2.0,-0.6080133583558223,-0.9994263959239986,-0.4173596707476738,-0.6251548787804061,-0.41892117067205
0.0,-0.6584439048973996,-1.2566289931445414,-0.24244273683133505,-0.5251914314437579,-0.32837564787103135
-3.0,-0.6291645073854489,-1.3259695007257215,-0.38232846677732013,-0.796109883634537,-0.7126505359557953
0.0,-0.15719185066663394,0.08858839730730077,-0.3891071798680523,-0.18747372175731414,-0.2695361274704719
-2.0,-0.1592777737092873,-0.056729441191172236,-0.2496793628860428,-0.21619756035037163,-0.23394338815811153
-2.0,-0.1707008939053252,-0.06287433279326311,-0.41690366271733553,-0.28850404550123265,-0.3662100670564938
-3.0,-0.13779012006199806,0.056992611089717066,-0.36238292256874,-0.24935731264003413,-0.20030819576467787
0.0,-0.1812684436739641,0.08293722820539845,-0.3498601984114407,-0.19236366112712236,-0.2302112513980343
-3.0,-0.16836800087286086,0.016198745305648382,-0.39115296039679476,-0.24638865499367532,-0.3094630555434181
-1.0,-0.15260854078375816,-0.09703240551724521,-0.21588984844596903,-0.2058137382710769,-0.16272347057356726
-2.0,-0.1385418273995909,0.3739709140436819,-0.3907063945133859,-0.3601769784593241,-0.2514512912192442
0.0,-0.1385418273995909,0.3739709140436819,-0.24244273683133505,-0.22766644887221474,-0.10228062785215357
-3.0,-0.16836800087286086,0.016198745305648382,-0.3583958030860998,-0.2083865385772,-0.2662185881786326
0.0,-0.1481355571857227,0.07301039758715937,-0.3434408119073347,-0.17171476694427337,-0.2426327291500575
-2.0,-0.14099066038887004,0.2817709444845242,-0.2637517208904515,-0.20280921801549118,-0.17212373640475248
-2.0,-0.14099066038887004,0.2817709444845242,-0.3907063945133859,-0.3332922021571717,-0.2514512912192442
-3.0,-0.14099066038887004,0.2817709444845242,-0.3908513574048011,-0.26161202390775207,-0.13743972541263771
0.0,-0.13505046381300845,-0.26648928965355323,-0.3753009799650813,-0.24122150268273845,-0.21989122756475193
-3.0,-0.19686693413173398,-0.11197508310389433,-0.4003111798739472,-0.2517646216216051,-0.24395183033797654
-1.0,-0.15461566442008434,-0.16268399044157317,-0.1648875326556019,-0.2441154671538344,-0.25519995870849893
-2.0,-0.14586826962191593,-0.1434833385011903,-0.42973411721969235,-0.3138592953827719,-0.47966762767363674
0.0,-0.12603154084172422,-0.08129751931356928,-0.21132468359459156,-0.1303601277766217,-0.1486876318335479
-3.0,-0.14616240240575618,-0.1394545003185684,-0.39551779293953326,-0.23916238491870964,-0.33343769308072674
0.0,-0.11222387570836835,-0.06805821809762735,-0.324908084475882,-0.19246677431468187,-0.2855584014263915
-2.0,-0.09129056331220581,-0.2022080878875666,-0.2637517208904515,-0.11717990245289309,-0.2526660716035867
-2.0,-0.1460273954313726,-0.225715773383704,-0.4237412400326804,-0.30786657683587354,-0.5491364953842227
-3.0,-0.09798396844561932,-0.3110546240552282,-0.38232846677732013,-0.26959063368891567,-0.2940560089581135
-2.0,-0.09412273698787772,-0.12273156596003254,-0.47396683409440354,-0.1894642935864503,-0.39134648026831614
0.0,-0.12122058375459711,-0.2886683482082965,-0.3891071798680523,-0.29922719630483413,-0.33707963698341314
-3.0,-0.09419054249674677,0.11212510833546126,-0.342607056641381,-0.15813662489439118,-0.24547793513739594
-1.0,-0.11323326848202996,-0.027576768361815614,-0.1823882928229709,-0.24901062196530493,-0.16879745992842396
-2.0,-0.1258096146498222,0.12976027061273457,-0.4237412400326804,-0.29565732383769844,-0.5491364953842227
0.0,-0.11458977442133313,0.059485896056765686,-0.19969070854131246,-0.19404479214960046,-0.2209311455128099
-3.0,-0.12227957776544325,0.015579032413857241,-0.37175596506963604,-0.24193450791151497,-0.4233493744263597
0.0,-0.21602071214701202,-0.5841659382001579,-0.3378931489306369,-0.22204334051766766,-0.2506715606318464
-2.0,-0.18874453275838052,-0.3667429437865908,-0.21300968930355313,-0.24102603210440066,-0.27072489780925935
-2.0,-0.22513712478982137,-0.4379586564204244,-0.37322407561099913,-0.3699096072387319,-0.3562244345728434
-3.0,-0.22207636832420719,-0.5432155705809231,-0.3908513574048011,-0.34241220486411994,-0.3736861041251088
-2.0,-0.22207636832420719,-0.5432155705809231,-0.43705608726844825,-0.39124907780647195,-0.5234363635413466
0.0,-0.21386505615181656,-0.2428088434457364,-0.3498601984114407,-0.26644685573128607,-0.3522584709354316
-2.0,-0.24033404015843768,-0.08665227995151895,-0.25791059606154604,-0.23638343574370307,-0.3544652569224302
-2.0,-0.2227262443359926,-0.4373196143852549,-0.4173596707476738,-0.41802407836728767,-0.4195930637730118
-3.0,-0.24033404015843768,-0.08665227995151895,-0.38232846677732013,-0.3065340944638032,-0.43851342655859843
0.0,-0.22617649450316596,-0.33685025455201834,-0.3184558543094806,-0.1695208386378998,-0.23318914634816976
-3.0,-0.2366909772529313,-0.336814232469092,-0.4131476411689771,-0.2665982330364186,-0.3204062613020635
-1.0,-0.23685025679113825,-0.30622844841777447,-0.16111943090205116,-0.21392485653949145,-0.19617536999460158
-2.0,-0.2295271709828942,-0.4144704406763816,-0.37322407561099913,-0.36728366236014337,-0.34149371471022905
0.0,-0.24039711524457677,-0.4034421298378894,-0.17491969423590706,-0.13769149764928393,-0.17459142149264759
-3.0,-0.22052722348618004,-0.37593495448784164,-0.3583958030860998,-0.2629753766701193,-0.25350046361445494
0.0,-0.2117370019283406,-0.24979430665852365,-0.3891071798680523,-0.294904149036044,-0.26509430705074183
-2.0,-0.19058931730121867,-0.12957864343927017,-0.23799168804340154,-0.12417229393062636,-0.1456270867492919
-2.0,-0.1862977789101257,0.11410102016331415,-0.4173596707476738,-0.28769462055553136,-0.3518122268812365
-3.0,-0.2117370019283406,-0.24979430665852365,-0.36828738509527087,-0.2590167451801301,-0.33357490913475385
-2.0,-0.18517699399400372,-0.12389021314763252,-0.46852837245956863,-0.34715254945383367,-0.5639964698658843
0.0,-0.5192746650388703,-0.2932480513372146,-0.324908084475882,-0.20449361153230436,-0.303740434179144
-2.0,-0.45708658139308217,-0.03082627031212635,-0.21300968930355313,-0.27810507860893185,-0.1464128020423609
-2.0,-0.4059364964201751,-0.2765405649940987,-0.43550272514787625,-0.2780931123267787,-0.4128143596515073
-3.0,-0.4059364964201751,-0.2765405649940987,-0.38232846677732013,-0.2643541499290443,-0.3267592135939886
-2.0,-0.41728205530782664,-0.1979828485095871,-0.43705608726844825,-0.37594913089660376,-0.3308617292301086
0.0,-0.1942384766177587,-0.07296346337625118,-0.3753009799650813,-0.30185006319276836,-0.21363484719083253
-3.0,-0.2064923990649859,-0.11286903828982073,-0.40503774222188677,-0.1907856485470362,-0.3549393191880547
-1.0,-0.19620249705234136,-0.07397578145918564,-0.1648875326556019,-0.1986198315812536,-0.20192048590642803
-2.0,-0.2064923990649859,-0.11286903828982073,-0.43550272514787625,-0.23121899073652646,-0.4128143596515073
0.0,-0.20364239086612979,-0.1635477866565844,-0.19969070854131246,-0.11550950528295886,-0.2000386304492525
-3.0,-0.19837227932825344,-0.15608400496046987,-0.3706702560322243,-0.18184376939299568,-0.3984799788237589
0.0,-0.3558370590628637,-0.3570161891652954,-0.3753009799650813,-0.3469000584500543,-0.3461159812117617
-2.0,-0.3648103208793517,-0.5955652667620143,-0.20070999612636706,-0.26276139526121195,-0.34019872395637213
-2.0,-0.368159916191152,-0.4108835237592215,-0.3907063945133859,-0.4411596556847955,-0.44338020648588683
-3.0,-0.3479985774278883,-0.5412575877068471,-0.3583958030860998,-0.3893196475522204,-0.3670483558342614
-2.0,-0.368159916191152,-0.4108835237592215,-0.43705608726844825,-0.4316321958196956,-0.5967468762183216
0.0,-0.3149730402942915,0.3768415972651868,-0.31106417263662284,-0.23497619077407012,-0.29061153728948724
-2.0,-0.3312775317847866,-0.13404955322727205,-0.2826902862864831,-0.26089992702848935,-0.26107100666675587
-2.0,-0.3647069117753667,0.18471302085856664,-0.42973411721969235,-0.43648286044388757,-0.48703050058206515
-3.0,-0.3149730402942915,0.3768415972651868,-0.36238292256874,-0.356892433795464,-0.29244453002638565
0.0,-0.26014626859347717,-0.4676778634979944,-0.3891071798680523,-0.4130563246990721,-0.5006317105407833
-2.0,-0.29877980823144556,-0.4659934542558992,-0.21300968930355313,-0.4504919063123305,-0.3756442495246525
-2.0,-0.27436498930054415,-0.711223653565161,-0.37322407561099913,-0.5549042821364673,-0.5783357035434696
-3.0,-0.2678865870528363,-0.6501737952654921,-0.37175596506963604,-0.5400097256728825,-0.4571447481730232
0.0,-0.2130855871957157,0.09064282602019101,-0.3425187839145853,-0.15240037037132273,-0.28551413344177523
-3.0,-0.23096233211041414,0.024037988754090838,-0.368836989495613,-0.1883507964088088,-0.27470437076437737
-1.0,-0.23585032051070062,-0.04324202853409889,-0.17961287347853847,-0.10696226650851952,-0.09036190886985596
-2.0,-0.22600864632863563,-0.045357221210033744,-0.43550272514787625,-0.2868567374907309,-0.32555211930152655
0.0,-0.22265415138026554,-0.16275722128222964,-0.24244273683133505,-0.12280557042627724,-0.18134670472644618
-3.0,-0.2130855871957157,0.09064282602019101,-0.39551779293953326,-0.24448985030264006,-0.3269108621328475
0.0,-0.22425436647832564,-0.2234558855741038,-0.3184558543094806,-0.17550937604392153,-0.23318914634816976
-3.0,-0.2516780853119594,-0.34481682191636287,-0.39115296039679476,-0.2529529590887349,-0.39775141567443767
-1.0,-0.25854274909319575,-0.5263882407714641,-0.16111943090205116,-0.21694116785529563,-0.2475016489496273
-2.0,-0.2104029232112316,-0.261285182028767,-0.37322407561099913,-0.3014649925921241,-0.3159117224650881
0.0,-0.22425436647832564,-0.2234558855741038,-0.24244273683133505,-0.15440962349279735,-0.17880291376007484
-3.0,-0.25854274909319575,-0.5263882407714641,-0.39551779293953326,-0.34479930302451295,-0.4398373142230186
0.0,-0.34709648513347485,-1.4998682450804741,-0.3434408119073347,-0.4183992720867306,-0.5090464550393733
-2.0,-0.4055552910011199,-1.4380522966013487,-0.20070999612636706,-0.5109493567414003,-0.6619337208628265
-2.0,-0.4126895409642348,-1.4079640969945475,-0.37322407561099913,-0.5750630340261987,-0.6179823533864983
-3.0,-0.34709648513347485,-1.4998682450804741,-0.38232846677732013,-0.5949651626813262,-0.7126505359557953
-2.0,-0.3466942917340957,-1.4920980000013315,-0.43705608726844825,-0.7003460255957323,-0.7152035805769492
0.0,-0.15104517581746948,-0.03431586957683667,-0.3498601984114407,-0.23479926724271066,-0.2157611500695003
-3.0,-0.19694729396061428,-0.09581442252211868,-0.4131476411689771,-0.3013591560960977,-0.47754737873644754
-1.0,-0.16183348111131124,-0.40086007190613776,-0.1657676633341612,-0.24197354924196207,-0.2294325062979872
-2.0,-0.19694729396061428,-0.09581442252211868,-0.42973411721969235,-0.3594660812012173,-0.49503957565677825
0.0,-0.16183348111131124,-0.40086007190613776,-0.21132468359459156,-0.17839084622673804,-0.21792436163184062
-3.0,-0.16183348111131124,-0.40086007190613776,-0.36238292256874,-0.312445176984856,-0.29244453002638565
0.0,-0.2286434590924362,-0.23092344948774102,-0.31106417263662284,-0.19976623678219713,-0.22720013712861548
-2.0,-0.2616970554408364,-0.7004046245926364,-0.27820050223819076,-0.287201822720848,-0.2827467880893604
-2.0,-0.2616970554408364,-0.7004046245926364,-0.42973411721969235,-0.3576974026408025,-0.4397947593862509
-3.0,-0.2133152173005975,-0.4284777245304359,-0.39551779293953326,-0.3124547352344026,-0.33343769308072674
-2.0,-0.20610208828079615,-0.34997294020636005,-0.4670441382089719,-0.38988283902940296,-0.3607669410255182
0.0,-0.38224707084879134,-0.43725530654162786,-0.3184558543094806,-0.23818059447309922,-0.2673271120209371
-2.0,-0.4332717438834456,-0.8010836943239298,-0.21300968930355313,-0.2744238036098758,-0.3165710154560315
-2.0,-0.4291015344820882,-0.8065742219052723,-0.41690366271733553,-0.5011873959453186,-0.3576010665921469
-3.0,-0.4369716821487924,-0.5060722656974367,-0.3583958030860998,-0.284687103409697,-0.3212346366223131
0.0,-0.20864011307381403,0.09060900678169409,-0.3753009799650813,-0.15605792115070125,-0.21363484719083253
-2.0,-0.18854796903908655,-0.0627036319692767,-0.2826902862864831,-0.14292085238747493,-0.2444271826514141
-2.0,-0.20089700166258898,-0.12332040427419484,-0.43550272514787625,-0.449098838667425,-0.4473452775763781
-3.0,-0.2206011729711627,0.17882415869495383,-0.37175596506963604,-0.24994728622782825,-0.12520673351269956
0.0,-0.29108153052614427,-0.27581844017214163,-0.3753009799650813,-0.3507462542781868,-0.34818178302759634
-3.0,-0.2886195158037819,-0.0030439402201291378,-0.4131476411689771,-0.33232974481920136,-0.46661175488652973
-1.0,-0.29512327462959936,-0.0629459943261163,-0.1823882928229709,-0.27765691229282186,-0.21126482701357055
-2.0,-0.2929038945622507,0.008222921384006331,-0.4173596707476738,-0.41345596111177996,-0.3518122268812365
0.0,-0.29512327462959936,-0.0629459943261163,-0.20031385417242825,-0.22961047809835036,-0.23766617027425213
-3.0,-0.29512327462959936,-0.0629459943261163,-0.38232846677732013,-0.39475163795241563,-0.2940560089581135
0.0,-0.1591040243054746,-0.6070837520602268,-0.3753009799650813,-0.3025736202160993,-0.5194621945248825
-2.0,-0.16574856929341947,-0.32912841033976753,-0.25791059606154604,-0.20705841243900558,-0.261062386587041
-2.0,-0.17299171074696804,-0.31998689908845984,-0.40252998277657404,-0.32798483209178164,-0.34598795196995974
-3.0,-0.17299171074696804,-0.31998689908845984,-0.36828738509527087,-0.310741071310563,-0.3024625046027915
-2.0,-0.16574856929341947,-0.32912841033976753,-0.425180661682632,-0.3122712565382956,-0.37378365726363993
0.0,-0.17394003832711685,-0.4084486836031645,-0.43014298985376764,-0.4014208940800396,-0.4510731056926695
-2.0,-0.17394003832711685,-0.4084486836031645,-0.2642920389798174,-0.3345441788389634,-0.41568333047461326
-2.0,-0.14585327706606435,0.5225846457635418,-0.4173596707476738,-0.3123198487853996,-0.3531054658394418
-3.0,-0.14841826524078594,0.5128494205066001,-0.37175596506963604,-0.2818344173972333,-0.3728491429226523
0.0,-0.23688956755150342,-0.2973512742907872,-0.3498601984114407,-0.2535480907975917,-0.29151512880005387
-3.0,-0.27437454214127144,-0.26634283244552953,-0.368836989495613,-0.3139963673852972,-0.3611828171331711
-1.0,-0.24597750531337123,-0.2689973031465585,-0.17961287347853847,-0.22496506905391042,-0.24283078354875373
-2.0,-0.2635273410374785,-0.380245652772028,-0.4173596707476738,-0.4265302687048835,-0.4245129095088074
0.0,-0.28289955296023594,-0.2624940387772142,-0.17491969423590706,-0.20257105593281569,-0.1960743466035319
-3.0,-0.24597750531337123,-0.2689973031465585,-0.33601371992717854,-0.31843847021214977,-0.4007470873153252
0.0,-0.2636966975754683,-0.4822441011608491,-0.3184558543094806,-0.3241959697995098,-0.33473826965985193
-2.0,-0.27619429507055276,-0.4288170897061085,-0.21300968930355313,-0.3293288123578571,-0.25831839700259196
-2.0,-0.2745099367356994,-0.6097464692565813,-0.43550272514787625,-0.5216548445794406,-0.46935766522555505
-3.0,-0.27619429507055276,-0.4288170897061085,-0.3706702560322243,-0.3653354976868094,-0.3982755342116919
-2.0,-0.2800694026406964,-0.4629430383756732,-0.48729208969617555,-0.4900639457113361,-0.4819701365486331
0.0,-0.254920130219355,-0.3245927524094539,-0.3891071798680523,-0.25194620225928654,-0.32180905637000723
-3.0,-0.2401099089704503,-0.2146403718823536,-0.3335694271016174,-0.2813220476776823,-0.3627801847559809
-1.0,-0.24396512535260656,-0.3970847634049224,-0.17961287347853847,-0.20717882646532482,-0.25110063678201416
-2.0,-0.22526997968830131,-0.6210014860186783,-0.4173596707476738,-0.47685677038707036,-0.4640681772804118
0.0,-0.2669017162382968,-0.4069068702160544,-0.21132468359459156,-0.2379257768677292,-0.23092119477001036
-3.0,-0.22526997968830131,-0.6210014860186783,-0.39551779293953326,-0.41043126651163453,-0.4398373142230186
0.0,-0.2677149294754726,0.040479807720437966,-0.43014298985376764,-0.34602627186574364,-0.27669165271381646
-3.0,-0.24181601065719704,0.30139946689992675,-0.3845272318848815,-0.25027774300773187,-0.3532353706882349
-1.0,-0.24181601065719704,0.30139946689992675,-0.16111943090205116,-0.20858940506184664,-0.19617536999460158
-2.0,-0.29688290926114747,-0.12536217125202687,-0.3907063945133859,-0.37075436658985583,-0.32914221175693553
0.0,-0.29688290926114747,-0.12536217125202687,-0.24244273683133505,-0.24184040124212586,-0.2064548616079179
-3.0,-0.2680231739530286,0.05843073827210382,-0.37175596506963604,-0.2539768499171172,-0.4233493744263597
0.0,-0.28813098439399976,-0.30588322694592074,-0.43014298985376764,-0.3617927938743307,-0.25168715605544134
-2.0,-0.29829673875917934,-0.6208581395709855,-0.23799168804340154,-0.2122696237623267,-0.18130086853213004
-2.0,-0.26187517286509276,-0.6878851769986175,-0.4173596707476738,-0.3172384864053084,-0.34928524328422106
-3.0,-0.283770151761844,-0.4822366654272722,-0.36828738509527087,-0.3118284936413602,-0.32903052962423807
-2.0,-0.29829673875917934,-0.6208581395709855,-0.47396683409440354,-0.26226324946045043,-0.38431675572916124
0.0,-0.33727503339173664,-0.5568422001197012,-0.31106417263662284,-0.340490716716906,-0.3000382657060076
-2.0,-0.33595454029482746,-0.685090059108116,-0.23799168804340154,-0.32023432376389815,-0.33831083573915877
-2.0,-0.33726977831668736,-0.46471724499629213,-0.40252998277657404,-0.362897909605685,-0.4375124942977712
-3.0,-0.3440729926867764,-0.4296630054445287,-0.3706702560322243,-0.26902126354702555,-0.4383318973977448
0.0,-0.3739341987318351,-0.16064257506563498,-0.3378931489306369,-0.26601105263726044,-0.27923544422281094
-3.0,-0.36117153912817535,-0.2585468273375449,-0.3335694271016174,-0.30969754379527586,-0.40094546352935173
-1.0,-0.3995793634031092,-0.30838075732314124,-0.1823882928229709,-0.2522797308682193,-0.2714076432708138
-2.0,-0.377754802534897,-0.2598927843352744,-0.40252998277657404,-0.3097997413394976,-0.4375124942977712
0.0,-0.3995793634031092,-0.30838075732314124,-0.20031385417242825,-0.21669454719247486,-0.28152286912073626
-3.0,-0.3739341987318351,-0.16064257506563498,-0.37175596506963604,-0.30623532702982403,-0.4158204807369358
0.0,-0.42946212235863773,-0.1596940446643588,-0.43014298985376764,-0.39260366849758666,-0.5046706625855993
-2.0,-0.4217639940874462,-0.37949969300602215,-0.27820050223819076,-0.4137730223655945,-0.4094892811158818
-2.0,-0.4354188713119551,-0.3163003673927579,-0.40252998277657404,-0.48389468729072954,-0.5433385462787333
-3.0,-0.4336011102010008,-0.200381468127539,-0.33601371992717854,-0.3670980494776877,-0.37634428022247013
-2.0,-0.42946212235863773,-0.1596940446643588,-0.44723821552958914,-0.4159124921317757,-0.4545786682902337
0.0,-0.2968359862160004,-0.5798552450800748,-0.43014298985376764,-0.36936250983971275,-0.3041048820577979
-2.0,-0.2968359862160004,-0.5798552450800748,-0.2642920389798174,-0.25630206129365196,-0.2636328523775811
-2.0,-0.2788103565456166,-0.050097272285153704,-0.40252998277657404,-0.30201550688921036,-0.3492332383643658
-3.0,-0.29530764867055703,0.08949370033739963,-0.3706702560322243,-0.1868725722693497,-0.1525193317858827
0.0,-0.28715931367076275,-0.6378679216810168,-0.31106417263662284,-0.25151610043021677,-0.2905181725688037
-2.0,-0.3452678312299667,-1.0333871991004122,-0.23799168804340154,-0.36752811386768924,-0.39966121840362523
-2.0,-0.3143859166857931,-1.0192262412551836,-0.3907063945133859,-0.4580337362826048,-0.43519449440820784
-3.0,-0.3346379536334714,-1.0334414969944135,-0.3539611895803412,-0.37815964753017073,-0.442715788849727
-2.0,-0.3193723159245827,-0.9264552194622936,-0.4295374823036575,-0.36836495331268254,-0.4068540751840937
0.0,-0.2598354024562158,-0.19614839982525434,-0.31106417263662284,-0.30067153776051775,-0.3000382657060076
-2.0,-0.28701010009276956,-0.5861234003060252,-0.2826902862864831,-0.38055384713511403,-0.3931305474141907
-2.0,-0.26020060718538435,-0.17443887033487196,-0.3907063945133859,-0.3992836467492666,-0.43439379417748203
-3.0,-0.28741470015087256,-0.3034577647877084,-0.3583958030860998,-0.3311562144647766,-0.35127983486051145
0.0,-0.34320858008177085,-1.1396967867371979,-0.43014298985376764,-0.4234370317166852,-0.45637335055620476
-3.0,-0.3581068871951336,-0.5407108962799838,-0.368836989495613,-0.3239282515588426,-0.4352469027213364
-1.0,-0.345948069957735,-1.0210104826298463,-0.1823882928229709,-0.38482041992686766,-0.2714076432708138
-2.0,-0.3581068871951336,-0.5407108962799838,-0.37322407561099913,-0.45948529374632097,-0.3981362621027724
0.0,-0.34320858008177085,-1.1396967867371979,-0.19969070854131246,-0.3285386673573902,-0.26714965832492416
-3.0,-0.3504397732419461,-0.9325708996832296,-0.33601371992717854,-0.48014191718872345,-0.5463317081381904
0.0,-0.3141127447149636,-0.637490116187767,-0.3753009799650813,-0.28737557061490004,-0.3547402636302687
-2.0,-0.33925146033326714,-0.6831758492069551,-0.2642920389798174,-0.34848037846968055,-0.4209835753381485
-2.0,-0.3141127447149636,-0.637490116187767,-0.37959686832463685,-0.4756195391566434,-0.39201153169468256
-3.0,-0.31371425752844123,-0.8470782609707359,-0.37175596506963604,-0.37181471968967283,-0.4214683020720287
-2.0,-0.31057522719626046,-0.8318566201941202,-0.4670441382089719,-0.5197150541427237,-0.4866319059756694
0.0,-0.6046900530003868,-0.9624224221102822,-0.3378931489306369,-0.4381588383452098,-0.3746647067021234
-2.0,-0.6052837601020183,-0.9244216487490198,-0.21300968930355313,-0.46450268677957945,-0.3756442495246525
-2.0,-0.6062742796868364,-1.182726838364415,-0.43550272514787625,-0.685006793502074,-0.8032350537518764
-3.0,-0.5828232887563611,-0.7931828509097999,-0.33601371992717854,-0.5109926559591471,-0.6429193262454478
-2.0,-0.6062742796868364,-1.182726838364415,-0.425180661682632,-0.6693212827885708,-0.8202876940629182
0.0,-0.3623569073747218,-0.4271955612723861,-0.3425187839145853,-0.2802266754675656,-0.3198600532688926
-2.0,-0.4058752461455752,-0.4593115255609899,-0.2637517208904515,-0.2636558851277768,-0.2526660716035867
-2.0,-0.4058752461455752,-0.4593115255609899,-0.3907063945133859,-0.42924669609823596,-0.3432722238290991
-3.0,-0.39662832948337634,-0.7336560745362913,-0.36828738509527087,-0.34362456362091653,-0.3674226096363461
0.0,-0.39218634924882806,-0.6741815204641256,-0.3498601984114407,-0.3821907510869892,-0.4000027847688099
-3.0,-0.3744416516138449,-0.6963854562334948,-0.36631602533271485,-0.3058051465742073,-0.3583900774243764
-1.0,-0.36722251265613326,-0.7836160625623395,-0.14796985958549067,-0.2947590842898299,-0.24042896228772986
-2.0,-0.36828249497019566,-0.43870746021135715,-0.37959686832463685,-0.46258355540109636,-0.3691842021540663
0.0,-0.3974352462479212,-0.7747960221264341,-0.1856516252667161,-0.2488116843544279,-0.23409169798394758
-3.0,-0.36722251265613326,-0.7836160625623395,-0.3539611895803412,-0.42510475089719385,-0.3159367432081501
0.0,-0.34970428346057386,-1.6415726254442473,-0.3891071798680523,-0.324092387227477,-0.3790632960536846
-3.0,-0.35936081648629054,-1.4523520725205847,-0.4131476411689771,-0.3597349097679599,-0.5280820589763089
-1.0,-0.3617981347413646,-1.52890352193899,-0.1648875326556019,-0.33410016553607175,-0.26296357018127003
-2.0,-0.34970428346057386,-1.6415726254442473,-0.40252998277657404,-0.47365310000891314,-0.4652458973923808
0.0,-0.307634512194744,-0.40975332785374513,-0.17305657842300426,-0.2687285247631499,-0.27414583983647633
-3.0,-0.35093347517098955,-1.3740942726952912,-0.36238292256874,-0.3845670749864845,-0.4142818722093732
0.0,-0.40996367887967183,-0.7418892005831889,-0.3425187839145853,-0.5303687294109717,-0.30946307860579997
-2.0,-0.4165133574942118,-0.6683016162346732,-0.23799168804340154,-0.47109413527996813,-0.5082488395563519
-2.0,-0.44325057816409963,-0.7491980285793162,-0.40252998277657404,-0.7218170861211466,-0.7801200856852928
-3.0,-0.41929745488383985,-0.6903782169080787,-0.3706702560322243,-0.62841216048623,-0.4234018524526372
-1.0,-0.17762426712796534,-0.0173514858979323,-0.3062805431834448,-0.18456280239502884,-0.10700133955952343
-3.0,-0.21350411503042196,-0.1318224040471142,-0.2298486196475915,-0.14061404151174905,-0.09468492843635384
1.0,-0.1785348196712766,-0.04914224619252296,-0.26898975554908755,-0.12538025172466172,-0.19586265231943742
-2.0,-0.204247731682969,-0.09353160397049777,-0.4529204520656647,-0.3040504491758343,-0.27994179266360364
0.0,-0.17762426712796534,-0.0173514858979323,-0.1929397358015575,-0.09277199511303993,-0.14158728455530825
0.0,-0.21350411503042196,-0.1318224040471142,-0.13662525491299005,-0.11622109563177593,-0.06513177126940316
2.0,-0.21350411503042196,-0.1318224040471142,-0.24651923454837824,-0.1171191792156032,-0.13404263416701892
-1.0,-0.2531042493325141,-0.4165084026885338,-0.29168067210608917,-0.23902391604207396,-0.21991922219734747
-3.0,-0.23670291431348678,-0.4533449587116634,-0.2298486196475915,-0.18821603005829665,-0.1611714552484475
1.0,-0.22636658260558543,-0.34621147204589936,-0.2597702051013247,-0.1843188919380764,-0.23360141892265765
-2.0,-0.22958794981330588,-0.3233756882187714,-0.3837907332093858,-0.2876757043872934,-0.2675566795312532
0.0,-0.22208304451649602,-0.1912555412149737,-0.16487717398570825,-0.1350989631198949,-0.13287093760154411
0.0,-0.2531042493325141,-0.4165084026885338,-0.1609708421177742,-0.1454918847887314,-0.13025732615072136
2.0,-0.22958794981330588,-0.3233756882187714,-0.22974071523422435,-0.20885434017367666,-0.1757454285343078
-1.0,-0.1284940894629005,-0.18665092859406526,-0.2973446635901998,-0.20806410680846638,-0.20291275368810796
-3.0,-0.13887425930063518,-0.1430465953466119,-0.2430330236126989,-0.22717117240994636,-0.18594586477172026
1.0,-0.11273187139148694,0.026488592748425993,-0.2493241790436197,-0.17856707289106424,-0.17664517992816295
-2.0,-0.12939118639996613,-0.12321206532452104,-0.3837907332093858,-0.2544095440324924,-0.2675566795312532
0.0,-0.13795903561068726,-0.12460568331177568,-0.20852895112734066,-0.1795442705357416,-0.15537845947155818
0.0,-0.1284940894629005,-0.18665092859406526,-0.1776654180709676,-0.15900280207638834,-0.10602815966126476
2.0,-0.12572116340987907,-0.031877377236601966,-0.2119247168555906,-0.19915068708112635,-0.18094267184694543
-1.0,-0.1340227935514757,-0.41431277552950857,-0.3089136852567492,-0.2872695520942809,-0.3154234305039164
-3.0,-0.08132225103158856,-0.3720563805979762,-0.2298486196475915,-0.2436823295312229,-0.3137199804433408
1.0,-0.10506829887707823,-0.5033005823571973,-0.3537803823237926,-0.19713704909991,-0.4213003953171098
-2.0,-0.09916383180476906,-0.28552342196544167,-0.3632108938541112,-0.29882573676716984,-0.34554255397559064
0.0,-0.08132225103158856,-0.3720563805979762,-0.2270257032882442,-0.1982271050384141,-0.26938876654879357
0.0,-0.11525387463326041,-0.41108342736825415,-0.14364943485999107,-0.17332992222327936,-0.18424599740633785
2.0,-0.10506829887707823,-0.5033005823571973,-0.2496957730092984,-0.19491718414184073,-0.27698439547038994
-1.0,-0.12138069455174257,-1.5935690726429794,-0.3018803633019614,-0.24655624030986611,-0.2623776563754804
-3.0,-0.11560141055075211,-0.4705961951046154,-0.23535485182038177,-0.1725723909178709,-0.1485533193235119
1.0,-0.12885527354142146,-1.3136986141776525,-0.2597702051013247,-0.17342450783197144,-0.1779787762624291
-2.0,-0.11763233328560782,-1.1655836953450007,-0.45860104423632303,-0.2708814195779036,-0.32161649557537186
0.0,-0.1485546938354439,-1.3033246618496783,-0.16487717398570825,-0.21397404610687645,-0.1740071064508118
0.0,-0.12885527354142146,-1.3136986141776525,-0.14364943485999107,-0.14984086210245232,-0.12453531336512237
2.0,-0.12138069455174257,-1.5935690726429794,-0.23620068871416502,-0.19473827879064168,-0.21451681782698725
-1.0,-0.20717592562801457,0.01786310437148138,-0.29168067210608917,-0.27916161543779355,-0.21991922219734747
-3.0,-0.20298389441175763,-0.10740346445673567,-0.2562074102325307,-0.23261698588555196,-0.191569506007253
1.0,-0.20717592562801457,0.01786310437148138,-0.2276378734294588,-0.21228688290861653,-0.22643143791075834
-2.0,-0.2070881081824482,-0.30549357772501223,-0.40241110260650464,-0.31718878780154747,-0.40724381494499706
0.0,-0.2216221049400058,-0.18416418539554139,-0.22572704495329662,-0.23385256010032068,-0.2524474267523175
0.0,-0.18058910724475122,-0.14531372573437693,-0.14778749433900853,-0.19692009293238819,-0.15347156757933447
2.0,-0.22211001047828988,-0.22101390693478895,-0.2710915572177771,-0.23808877180678903,-0.29525716814455355
-1.0,-0.2773340892209396,-0.5329161336448924,-0.3089136852567492,-0.27125684672373235,-0.310517648245382
-3.0,-0.28053695916716614,-0.4432749869989903,-0.2016023547648202,-0.20721868035936483,-0.17165701309441703
1.0,-0.28093618396978975,-0.5303299130384349,-0.24263687467699005,-0.18916808924654543,-0.24897782429209292
-2.0,-0.3184759403462376,-0.3420474790367736,-0.3837907332093858,-0.2769949352945326,-0.2675566795312532
0.0,-0.28093618396978975,-0.5303299130384349,-0.1981515039169774,-0.18916808924654543,-0.23918484306595325
0.0,-0.30132464058424235,-0.5039050019247427,-0.13662525491299005,-0.18677859834676008,-0.19422412874355507
2.0,-0.2773340892209396,-0.5329161336448924,-0.2527383476962784,-0.17257058663820643,-0.23338759299439774
-1.0,-0.1950346060306858,-0.03408889956270992,-0.3062805431834448,-0.18911864507858273,-0.21885872960294708
-3.0,-0.17136048450250338,0.02212037899901898,-0.2562074102325307,-0.2743361810352282,-0.25377958941244766
1.0,-0.18559765557045943,-0.16123884599766392,-0.2601497743463909,-0.19032038667314763,-0.25552140291772196
-2.0,-0.18766864275342685,-0.1422849127640364,-0.41671376705613483,-0.27008432789937126,-0.36048950025107696
0.0,-0.17136048450250338,0.02212037899901898,-0.1901617129384037,-0.20704447141105423,-0.21582402115384008
0.0,-0.18559765557045943,-0.16123884599766392,-0.13662525491299005,-0.1680703546186887,-0.19422412874355507
2.0,-0.16916135868315627,-0.06822242293743219,-0.2496957730092984,-0.18772284425321645,-0.14331688300069756
-1.0,-0.2940071660723772,-0.40526505737220164,-0.3062805431834448,-0.4584693908965537,-0.40439000961769167
-3.0,-0.2723480804118369,-0.39919603369309886,-0.27284868906527737,-0.3566911409734268,-0.28748881652839053
1.0,-0.2498482096433535,-0.183863765234718,-0.2276378734294588,-0.2797606330453417,-0.2576383666508974
-2.0,-0.26487038115523365,-0.03225705683149042,-0.3841358981509557,-0.3745612787109651,-0.4281497429688578
0.0,-0.23679482193314064,-0.16075944774453238,-0.20852895112734066,-0.26425342581375594,-0.22440514328303604
0.0,-0.2702337650305778,-0.26118814749131464,-0.20047376938787584,-0.30439580326162474,-0.23407857779508337
2.0,-0.2940071660723772,-0.40526505737220164,-0.2592811811820996,-0.3269650612197482,-0.35639739129960735
-1.0,-0.3101642719033126,-0.17679720481782435,-0.3062805431834448,-0.23950945419677802,-0.29678616088142895
-3.0,-0.3086838284322931,-0.29157746181815525,-0.23535485182038177,-0.3254906398661552,-0.2300231194221826
1.0,-0.3071258030646194,-0.3242626498579873,-0.2601497743463909,-0.273691861369585,-0.29054973242833065
-2.0,-0.2807241025620814,-0.13382345264399712,-0.41985318879435013,-0.3323521072493205,-0.4496266855989779
0.0,-0.3071258030646194,-0.3242626498579873,-0.2270257032882442,-0.31303371739111147,-0.310731854268139
0.0,-0.3280902873279987,-0.37487812453785,-0.20047376938787584,-0.2605924666550213,-0.27102141161068116
2.0,-0.3071258030646194,-0.3242626498579873,-0.24651923454837824,-0.32188550306123126,-0.3023700287888444
-1.0,-0.3120621652358762,-0.5537603016268039,-0.2973446635901998,-0.33061768693030674,-0.26327939925033755
-3.0,-0.2934813515484125,-0.4972452838623263,-0.2298486196475915,-0.2664338638857123,-0.3137199804433408
1.0,-0.3075959180082331,-0.48450436148965464,-0.26898975554908755,-0.2702924760952587,-0.29898369176542394
-2.0,-0.3120621652358762,-0.5537603016268039,-0.41985318879435013,-0.41081717778283117,-0.4496266855989779
0.0,-0.2984453822996152,-0.49857615936129235,-0.1901617129384037,-0.27553788724928746,-0.2799827277220828
0.0,-0.2743738911098814,-0.5463723409700729,-0.13542934985101726,-0.24158081000183443,-0.20349780168926304
2.0,-0.3120621652358762,-0.5537603016268039,-0.20955417854928515,-0.22105952324868133,-0.2607676973764953
-1.0,-0.24785544318042851,-0.4970221750994776,-0.28570246963654566,-0.27092872132593365,-0.2442655389816005
-3.0,-0.27510494742874564,-0.5267680344854384,-0.252674384751256,-0.29472590020279715,-0.28516397591556725
1.0,-0.24578134786932773,-0.45151239329428333,-0.22446030075878956,-0.20910877786684892,-0.19137662986358434
-2.0,-0.28103890813532895,-0.4571933909854343,-0.46525025712805484,-0.3223070840397033,-0.4589220057022551
0.0,-0.28103890813532895,-0.4571933909854343,-0.2270257032882442,-0.20206297778020552,-0.2628431772824511
0.0,-0.24785544318042851,-0.4970221750994776,-0.14364943485999107,-0.20668135444885782,-0.18424599740633785
2.0,-0.2707013412864259,-0.4034768984893182,-0.22974071523422435,-0.1812373588552428,-0.22367984792870707
-1.0,-0.24200106510629582,0.038022471437020845,-0.3089136852567492,-0.20941499143751016,-0.16194932699815834
-3.0,-0.27496770992447084,-0.1001346387450486,-0.25208283465581965,-0.1868332137617664,-0.1876786788828868
1.0,-0.27496770992447084,-0.1001346387450486,-0.2597702051013247,-0.16548852072784506,-0.182894601743114
-2.0,-0.28396486439498325,0.11816965804868979,-0.3837907332093858,-0.24843969868758625,-0.18820960969855202
0.0,-0.2546326169974557,0.1140843571540107,-0.1981515039169774,-0.19552589673455334,-0.12250714272130672
0.0,-0.2519932356591856,0.016797611374689214,-0.13542934985101726,-0.16033194443189647,-0.11657759017045086
2.0,-0.27496770992447084,-0.1001346387450486,-0.2710915572177771,-0.1835383163258484,-0.18826774553524722
-1.0,-0.2405971746334661,-0.0485151349297013,-0.3089136852567492,-0.21828600031574105,-0.16194932699815834
-3.0,-0.2564821091341643,-0.1425268359542989,-0.23535485182038177,-0.17301435470857346,-0.1549342341764469
1.0,-0.25382586317002687,-0.1308202592247208,-0.24263687467699005,-0.17348791747631265,-0.09905851699015882
-2.0,-0.24523431980368837,-0.1641315911653112,-0.40915465817760355,-0.251172095647441,-0.31751255875409123
0.0,-0.27802711810842823,-0.18240324190123078,-0.20852895112734066,-0.16733037062564035,-0.1752340490717783
0.0,-0.2763170955295614,-0.1836108279254492,-0.17269868828074533,-0.1397397420755776,-0.0971656110632011
2.0,-0.2763170955295614,-0.1836108279254492,-0.23620068871416502,-0.1397397420755776,-0.12138891913161211
-1.0,-0.2981143954288954,-0.42030556871870317,-0.29168067210608917,-0.2380688534796151,-0.22383834408405542
-3.0,-0.33813235990374013,-0.6676371045326034,-0.252674384751256,-0.240775129311505,-0.29112528328324505
1.0,-0.3465367628583188,-0.7085647272854616,-0.26898975554908755,-0.3185771006337301,-0.3602636404381734
-2.0,-0.2981143954288954,-0.42030556871870317,-0.3632108938541112,-0.301732282576739,-0.3480627210755262
0.0,-0.3193496655709158,-0.6868695158072948,-0.1929397358015575,-0.2833871141604471,-0.23957956313083836
0.0,-0.30610180754571964,-0.7556043932697759,-0.14364943485999107,-0.3264766114495043,-0.30296899618923007
2.0,-0.3465367628583188,-0.7085647272854616,-0.2119247168555906,-0.3233127330698311,-0.2878596590057779
-1.0,-0.3527437551920149,-0.4479149143858028,-0.3061113120666392,-0.3382634270918442,-0.3056428607271431
-3.0,-0.3527437551920149,-0.4479149143858028,-0.2016023547648202,-0.29344201320001445,-0.297700675665599
1.0,-0.3287993619457251,-0.276022466057344,-0.2545822480256595,-0.2694913616854209,-0.25320999155181273
-2.0,-0.3439292026025525,-0.36124327265273387,-0.45860104423632303,-0.3603615236585636,-0.5609109017568331
0.0,-0.3527437551920149,-0.4479149143858028,-0.22395786634412662,-0.27652259596988576,-0.30703461454368486
0.0,-0.3439292026025525,-0.36124327265273387,-0.16962178223231147,-0.2669120248856797,-0.1914748932080688
2.0,-0.3681173062846143,-0.316543553920638,-0.20955417854928515,-0.24094857117137966,-0.2699747764380259
-1.0,-0.40221043177299476,-0.121912104236074,-0.2973446635901998,-0.21909588226163368,-0.11502817795866399
-3.0,-0.375388883304989,-0.2680090201998764,-0.2562074102325307,-0.16148670408672838,-0.191569506007253
1.0,-0.4167694928945385,-0.3617261444416093,-0.3537803823237926,-0.20533728097408524,-0.4738912903474663
-2.0,-0.40038242499860144,-0.0775292373289695,-0.4529204520656647,-0.305043873611967,-0.3996104119582524
0.0,-0.40038242499860144,-0.0775292373289695,-0.20852895112734066,-0.1801429419579624,-0.18957153366333018
0.0,-0.460314810447547,-0.047771568762893055,-0.13662525491299005,-0.0761179719089419,-0.09236604837921654
2.0,-0.460314810447547,-0.047771568762893055,-0.24651923454837824,-0.098716163452418,-0.16141799202733764
-1.0,-0.3755098654510108,0.024969989366736535,-0.32754533017706644,-0.2336347637460521,-0.28111005910847364
-3.0,-0.37251012148164775,-0.011432271028243896,-0.2562074102325307,-0.2246765675874009,-0.25377958941244766
1.0,-0.36233682937192396,-0.04336367844286337,-0.26898975554908755,-0.19874964353579042,-0.2532511174903171
-2.0,-0.3663944808485292,-0.007855113256415748,-0.45860104423632303,-0.27380014076277953,-0.32161649557537186
0.0,-0.3755098654510108,0.024969989366736535,-0.2270257032882442,-0.1839482560522242,-0.17311574346499228
0.0,-0.37970689287947096,-0.04437175467209801,-0.1776654180709676,-0.20569173216202702,-0.11698904229505046
2.0,-0.37251012148164775,-0.011432271028243896,-0.22974071523422435,-0.2065847772993932,-0.22367984792870707
-1.0,-0.2782190892535068,-0.3209759521868976,-0.3018803633019614,-0.3729913671843734,-0.40281500744792587
-3.0,-0.2228226131859547,-0.07529074047678913,-0.2016023547648202,-0.35284475143564037,-0.3987491376487388
1.0,-0.2168711021469173,-0.09911693909500806,-0.22446030075878956,-0.1821238172327658,-0.29335424090451706
-2.0,-0.23463738734894993,-0.19945509999251484,-0.45860104423632303,-0.46002647653890416,-0.6603394189177837
0.0,-0.24965793308268558,-0.14874529123347294,-0.2270257032882442,-0.214635862322822,-0.309384167482491
0.0,-0.2782190892535068,-0.3209759521868976,-0.17269868828074533,-0.2726381258356838,-0.30816403216887417
2.0,-0.22894907057578423,-0.20182926363761564,-0.2710915572177771,-0.2931921976894959,-0.32529326511014234
-1.0,-0.2662296783719942,-0.3312461824344775,-0.29168067210608917,-0.26153233630102485,-0.31409243527131003
-3.0,-0.2639143179499317,-0.3536065434181917,-0.2016023547648202,-0.23653756023719763,-0.18293574848796174
1.0,-0.23647731523353466,-0.23921609448939218,-0.24246239422310398,-0.18619242942258177,-0.26174060154443507
-2.0,-0.24710079457501394,-0.41159376065490944,-0.46525025712805484,-0.3430937524767643,-0.43573697638853176
0.0,-0.2581041479656436,-0.3116592332229106,-0.1981515039169774,-0.21946088179615778,-0.23780389369264757
0.0,-0.262978938561016,-0.2978838103088977,-0.20047376938787584,-0.1832653772744717,-0.18955268512038168
2.0,-0.2662296783719942,-0.3312461824344775,-0.24536824425737477,-0.19711120671085258,-0.2548292385106418
-1.0,-0.1764923199629641,-0.4277377923242846,-0.3018803633019614,-0.3128182767386857,-0.2902309295407304
-3.0,-0.19944302011712073,-0.49192189466010283,-0.2577976366402424,-0.2950680468638618,-0.26364940462390146
1.0,-0.19284807773540522,-0.4392966725140968,-0.24246239422310398,-0.25106389064683815,-0.26091093021265865
-2.0,-0.21948156947536385,-0.5312809362121885,-0.3837907332093858,-0.3562340021163454,-0.3771177224472092
0.0,-0.19944302011712073,-0.49192189466010283,-0.1981515039169774,-0.29326689678903994,-0.23918484306595325
0.0,-0.21948156947536385,-0.5312809362121885,-0.20047376938787584,-0.2699100219465658,-0.24177891134200488
2.0,-0.18770113743448819,-0.45325724461691097,-0.2119247168555906,-0.25948868717479723,-0.20875357452331753
-1.0,-0.2248087999989127,-0.03545185786838998,-0.3061113120666392,-0.2862461405423011,-0.28805078498104886
-3.0,-0.22381799987158235,-0.15893712087920625,-0.23535485182038177,-0.2584754100064501,-0.14802146720256534
1.0,-0.2248087999989127,-0.03545185786838998,-0.26898975554908755,-0.2282543685099658,-0.2380454499054984
-2.0,-0.199264343037572,0.14064740180433663,-0.3841358981509557,-0.2562198586671761,-0.36557849481869026
0.0,-0.20003584433828456,-0.06365955877743029,-0.22572704495329662,-0.23389990661294832,-0.20859492780469926
0.0,-0.21281494457178263,-0.10018172876782135,-0.1776654180709676,-0.19187412401441906,-0.20893379857095223
2.0,-0.18595287949115968,-0.05958242311047706,-0.2592811811820996,-0.23231103488668006,-0.1371183693435835
-1.0,-0.3189152694726168,-0.12032143761826344,-0.3089136852567492,-0.20675727599065738,-0.16194932699815834
-3.0,-0.30402789373432415,-0.03387867713679661,-0.2016023547648202,-0.17017007895806283,-0.10893892554058981
1.0,-0.26579623987973333,0.03839470437628408,-0.2601497743463909,-0.1366579613494876,-0.08822960284373044
-2.0,-0.26579623987973333,0.03839470437628408,-0.46525025712805484,-0.22096670421073544,-0.27410913918320917
0.0,-0.3189152694726168,-0.12032143761826344,-0.16487717398570825,-0.13109162430533447,-0.0738861391629123
0.0,-0.2860815510791686,-0.031092026058915475,-0.1776654180709676,-0.1556645894035459,-0.08960375266050297
2.0,-0.31826412702190215,-0.0017340118284004252,-0.24536824425737477,-0.12711141388552544,-0.19513386462230187
-1.0,-0.290319306999049,-0.2743780340898572,-0.28570246963654566,-0.2789102955120303,-0.259746321133665
-3.0,-0.2830584538312472,-0.24310996816853647,-0.27284868906527737,-0.21319011543019567,-0.2243021434489573
1.0,-0.2979676770829016,-0.315162718981456,-0.2545822480256595,-0.2282477868003441,-0.22899701459814487
-2.0,-0.2812208079196163,-0.05419669563531144,-0.40241110260650464,-0.2355288613854691,-0.26489184313853226
0.0,-0.2969142193679302,-0.25214197739177296,-0.1981515039169774,-0.1677965897688285,-0.1390398579238874
0.0,-0.2979676770829016,-0.315162718981456,-0.20047376938787584,-0.2209247492175946,-0.18955268512038168
2.0,-0.3212125431303155,-0.19408053804928235,-0.23620068871416502,-0.14993322149114804,-0.18499526908409966
-1.0,-0.39590675256812613,-0.37181069326204946,-0.2973446635901998,-0.3726538635252363,-0.31974960223194465
-3.0,-0.40702999725292144,-0.747208089132368,-0.2562074102325307,-0.3789862144013772,-0.3497802564965948
1.0,-0.3994097775370862,-0.40634088844542887,-0.3537803823237926,-0.31023064543675677,-0.5021362183848863
-2.0,-0.380810449434884,-0.17996818566377193,-0.40915465817760355,-0.33219358211115013,-0.32918212302148125
0.0,-0.3698429588737025,-0.18898447776172123,-0.16487717398570825,-0.2574164647693806,-0.1682387445415434
0.0,-0.40702999725292144,-0.747208089132368,-0.20047376938787584,-0.3265893688461117,-0.23407857779508337
2.0,-0.4008484225817253,-0.3895828346772539,-0.2119247168555906,-0.3122548700208921,-0.2491575087830627
-1.0,-0.2877994697238152,-0.2549729855983384,-0.29628296667243637,-0.2096317981213306,-0.16868971142973707
-3.0,-0.2596379771045962,-0.371011367243631,-0.2570397138127033,-0.23830310110209,-0.32102251400630755
1.0,-0.2877994697238152,-0.2549729855983384,-0.3537803823237926,-0.18835192672153475,-0.2688760548700342
-2.0,-0.2796155573489808,-0.15291985639593716,-0.40241110260650464,-0.2740191277469744,-0.310090508584799
0.0,-0.26237803030497064,-0.2641022302397792,-0.20294625805087807,-0.19405840038411104,-0.21857159832816547
0.0,-0.29243935601621274,-0.22149089735034802,-0.1776654180709676,-0.1765846140075726,-0.10602815966126476
2.0,-0.288000025018668,-0.24698697983121398,-0.2592811811820996,-0.21998500697550966,-0.21610694457775312
-1.0,-0.31446598940792847,-0.5657822652731016,-0.28570246963654566,-0.2845690172142547,-0.2987389953177924
-3.0,-0.30488483277389233,-0.5428649737117086,-0.27284868906527737,-0.3206109776562023,-0.28707616379032097
1.0,-0.29317781519655806,-0.4607284262529297,-0.22446030075878956,-0.2758159643902424,-0.3522491835877262
-2.0,-0.3247804030029027,-0.6227765659271024,-0.41985318879435013,-0.3340581049224339,-0.4496266855989779
0.0,-0.3101405012206372,-0.5303764003154867,-0.22395786634412662,-0.24072333797218393,-0.3064233870969228
0.0,-0.3247804030029027,-0.6227765659271024,-0.1776654180709676,-0.23461631782155148,-0.21713402743711624
2.0,-0.35400474035848767,-0.5716057810549325,-0.24651923454837824,-0.2844623144459465,-0.3023700287888444
-1.0,-0.35593155541265703,-0.3873362178842154,-0.2973446635901998,-0.3681474195491575,-0.31974960223194465
-3.0,-0.35365652224872074,-0.25016263465539357,-0.2562074102325307,-0.30631704611661376,-0.32236828149289515
1.0,-0.37309551325873114,-0.4870834912800112,-0.2276378734294588,-0.30247435069582823,-0.2824738827342778
-2.0,-0.3630062930609959,-0.29185437434741673,-0.41671376705613483,-0.38573639334458937,-0.4904403777071688
0.0,-0.39393900866168735,-0.5771007194220201,-0.2270257032882442,-0.3178334708922703,-0.32511094204443913
0.0,-0.35737374744137,-0.42276661961051376,-0.13542934985101726,-0.2402178224033581,-0.2877601214257333
2.0,-0.3630062930609959,-0.29185437434741673,-0.2527383476962784,-0.225915775899522,-0.264400713454434
-1.0,-0.4462799418387347,0.07837363532378167,-0.3089136852567492,-0.2971208135307654,-0.310517648245382
-3.0,-0.4462799418387347,0.07837363532378167,-0.2570397138127033,-0.2996321254781864,-0.3017099692705054
1.0,-0.4596357368965719,-0.3618807321864976,-0.3537803823237926,-0.2580262365031179,-0.45149376859121587
-2.0,-0.46258024582473295,0.11152248320423208,-0.3632108938541112,-0.3488833709727114,-0.39370037220393395
0.0,-0.43233541047077306,-0.01507523681230169,-0.1901617129384037,-0.239059845743923,-0.2696470726729877
0.0,-0.4328834067659693,0.08225970500108182,-0.13662525491299005,-0.15920764844747307,-0.17686299079166426
2.0,-0.4462799418387347,0.07837363532378167,-0.2527383476962784,-0.18956945628007651,-0.23338759299439774
-1.0,-0.47537203592576655,-0.46319826461106955,-0.2973446635901998,-0.36509556560832834,-0.31974960223194465
-3.0,-0.48124227778154666,-0.5086607368197686,-0.2016023547648202,-0.4535314740732987,-0.3849034422702038
1.0,-0.43351504019380227,-0.442324391583017,-0.24246239422310398,-0.2794360867669391,-0.2514049902823567
-2.0,-0.47537203592576655,-0.46319826461106955,-0.41985318879435013,-0.4595398599831826,-0.5283653914534818
0.0,-0.48124227778154666,-0.5086607368197686,-0.22395786634412662,-0.3455658238453917,-0.32542245326021646
0.0,-0.47198368602356583,-0.48548764953536855,-0.20047376938787584,-0.3652524963999496,-0.2623513935847309
2.0,-0.47537203592576655,-0.46319826461106955,-0.20955417854928515,-0.2542390976445944,-0.28037493555375337
-1.0,-0.4179289176561647,-0.46240064539023135,-0.3018803633019614,-0.35855087075289616,-0.40281500744792587
-3.0,-0.40278858296747827,-0.40637153136980253,-0.2430330236126989,-0.3370521480483523,-0.4236136851269773
1.0,-0.40002923424609976,-0.4302709844540252,-0.2597702051013247,-0.25947982053599555,-0.24001934799522726
-2.0,-0.4462831067295576,-0.48199959675941245,-0.45860104423632303,-0.479184827528471,-0.6603394189177837
0.0,-0.40278858296747827,-0.40637153136980253,-0.1929397358015575,-0.28605030773122003,-0.3153679898028808
0.0,-0.41831119692819757,-0.42438233555081434,-0.13662525491299005,-0.2637550074230735,-0.2638209463985272
2.0,-0.41904087394097994,-0.43783835076123195,-0.20955417854928515,-0.2502734833084564,-0.28037493555375337
-1.0,-0.25052734458728176,-0.10435763565470468,-0.32754533017706644,-0.20049729250814918,-0.07458394630017885
-3.0,-0.24516197479467075,-0.12806391056738484,-0.23535485182038177,-0.11529216571178744,-0.1549342341764469
1.0,-0.2309135784352507,-0.16201300802950688,-0.24246239422310398,-0.11789051713502895,-0.21638050229512967
-2.0,-0.23447931066860883,0.18471661742908055,-0.3837907332093858,-0.11193987257683645,-0.1908209258594498
0.0,-0.2309135784352507,-0.16201300802950688,-0.16487717398570825,-0.07703318915473034,-0.12141942544136848
0.0,-0.23100248330062698,-0.16589143575509682,-0.1776654180709676,-0.09672385743487738,-0.10028707162311203
2.0,-0.23447931066860883,0.18471661742908055,-0.22974071523422435,-0.02763683448701129,-0.04798851339265362
0.0,-0.1672846925788207,-0.6106284445630258,-0.1548513953238891,-0.1901679201793589,-0.16980926624373893
2.0,-0.17620737245005727,-0.6381236157174496,-0.21830512962050494,-0.12965715171347258,-0.23113066514594882
1.0,-0.1686475713452935,-0.5498576806638774,-0.3215980069580134,-0.1979162683284353,-0.2893333599639793
-3.0,-0.1958764310450258,-0.5279379956936946,-0.3712283072310964,-0.37106225208482635,-0.34087960493616176
-2.0,-0.16964982920501068,-0.4178400346767794,-0.43617840426270066,-0.3587673372348268,-0.24888002667734183
-1.0,-0.1763621221681666,-0.5851146641793035,-0.26863531820514286,-0.24983860589136497,-0.2797182392986159
3.0,-0.1958764310450258,-0.5279379956936946,-0.1065975938098851,-0.19020653187804584,-0.11483176600881141
0.0,-0.24572605133275896,-0.010272715460599565,-0.15128683959750944,-0.06888707675845983,0.013264894576995033
2.0,-0.2342063491424003,-0.11378011583936193,-0.21109272652930777,-0.11032424496224913,-0.1316390062992055
1.0,-0.2405665387979478,-0.08237288687848428,-0.2633937989570691,-0.10657524649915276,-0.18454951056512017
-3.0,-0.20589380022869694,-0.09101410864128125,-0.35116655067024144,-0.23356013634507408,-0.2861256987422309
-2.0,-0.21162169243545578,0.04240540037047812,-0.4851828301853599,-0.4193040038702327,-0.28153312227107247
-1.0,-0.22401374875931337,-0.14433293469468744,-0.2879037581658735,-0.22119600882947715,-0.1375282181310424
3.0,-0.23633845112349813,-0.21491769231098826,-0.12245498845782493,-0.16919010943204907,0.007400351976943686
0.0,-0.3499157763205238,-0.25792886589147146,-0.14147223167347625,-0.26558746049093,-0.22607960402303878
2.0,-0.3499157763205238,-0.25792886589147146,-0.20703507408078298,-0.27794090198228366,-0.26510484646814036
1.0,-0.3499157763205238,-0.25792886589147146,-0.3215980069580134,-0.3602893683246185,-0.3537529847315868
-3.0,-0.34499649048180353,-0.4976436844504857,-0.36251619163896154,-0.43517055170634933,-0.36582913801406736
-2.0,-0.3763192760383076,-0.6067917545188888,-0.46483480107490943,-0.49310979148692596,-0.5843596243634844
-1.0,-0.34592022249504595,-0.5550893087982934,-0.26951448634700115,-0.420970839497092,-0.44398225425823173
3.0,-0.3499157763205238,-0.25792886589147146,-0.13269699885106928,-0.2637260252542185,-0.24416972993402175
0.0,-0.4047085901270737,-0.20794449884661156,-0.16752916271761562,-0.16754433663826512,-0.18200707446750333
2.0,-0.39366089619924677,-0.2102332145149365,-0.2065584922745106,-0.17174148037026374,-0.19342206632715192
1.0,-0.3991195185720828,-0.2628251116178531,-0.34864686631276764,-0.26288883038623195,-0.28149797019359785
-3.0,-0.3926452361243266,-0.14003966898142406,-0.3553144714469373,-0.31647813450138523,-0.24291015369535507
-2.0,-0.4047085901270737,-0.20794449884661156,-0.43617840426270066,-0.3584091512489243,-0.20967511847126863
-1.0,-0.4107301526236909,-0.26655044019174184,-0.2502688109372794,-0.24731213559202622,-0.27056846627266257
3.0,-0.3926452361243266,-0.14003966898142406,-0.12245498845782493,-0.13658846220628917,-0.04719610558175886
0.0,-0.37956784048448156,-0.042002335103744286,-0.12798989187102483,-0.13452814285805403,-0.14587240987822764
2.0,-0.3785090979496784,-0.18599296470531132,-0.21830512962050494,-0.12636405076451568,-0.192818865170873
1.0,-0.3823530267943364,-0.02336958219577927,-0.3364690968453881,-0.21855668578667029,-0.2679779015886934
-3.0,-0.35232124360512385,-0.08310820995257398,-0.35351105461667975,-0.321688409136576,-0.35712809372764687
-2.0,-0.37433420044611354,0.05213696180239875,-0.43617840426270066,-0.39135248364535197,-0.26799807026102523
-1.0,-0.36189667688396004,-0.0796016413677905,-0.25493954133087293,-0.2586625768828791,-0.28517853610981847
3.0,-0.3785090979496784,-0.18599296470531132,-0.1426039203508528,-0.11593096581337506,-0.12961655727454302
0.0,-0.4181996671448202,-0.5132389250649,-0.1122660024420987,-0.22343504876163117,-0.20597630654919818
2.0,-0.39168082781967517,-0.37059356369937674,-0.23194688414373013,-0.21253571588942707,-0.21021667042384165
1.0,-0.41125087937424853,-0.43871225595588864,-0.3381912258757764,-0.2676181875007046,-0.25687889131114816
-3.0,-0.4085862348835653,-0.4514809304894919,-0.34345131597825435,-0.3850141635066386,-0.31702556058206655
-2.0,-0.4085862348835653,-0.4514809304894919,-0.46792967883848263,-0.5787517211767262,-0.3466897590761698
-1.0,-0.4025095584662273,-0.4803788206480304,-0.25493954133087293,-0.2563806721033354,-0.3083998576491116
3.0,-0.39168082781967517,-0.37059356369937674,-0.12245498845782493,-0.1791810883863619,-0.11704131086084175
0.0,-0.36004765945553036,-0.584747268469182,-0.1122660024420987,-0.2525802324964389,-0.20597630654919818
2.0,-0.3431045649795555,-0.2908810527635575,-0.20939959847251008,-0.21383106090875378,-0.2369187548919146
1.0,-0.36004765945553036,-0.584747268469182,-0.34864686631276764,-0.3090198655327627,-0.35259576185626446
-3.0,-0.3627810283422679,-0.41296051046453314,-0.35116655067024144,-0.3313678238939637,-0.45128197137121345
-2.0,-0.36163161925363063,-0.5473026420237382,-0.4900739290555719,-0.40365652336569174,-0.4638466431399636
-1.0,-0.3627810283422679,-0.41296051046453314,-0.28263531559687055,-0.2679513100861181,-0.42133019291771406
3.0,-0.3515801944923501,-0.42536584454856224,-0.12245498845782493,-0.23296672839896834,-0.16799229582945044
0.0,-0.27950086466930313,-0.50137071408603,-0.1122660024420987,-0.25779990002976155,-0.2046229324782569
2.0,-0.28363404317001345,-0.4239260029187892,-0.2065584922745106,-0.2919409114061332,-0.23197798704337932
1.0,-0.2802659647434746,-0.4136480201156385,-0.3364690968453881,-0.30116437888605246,-0.3293806886455476
-3.0,-0.27137844338891437,-0.5231717734070496,-0.35116655067024144,-0.35920703499597056,-0.45128197137121345
-2.0,-0.2791324141842516,-0.408195893604321,-0.3943009978727671,-0.3867343931931951,-0.38423735353097405
-1.0,-0.2814828273525033,-0.49899635378912705,-0.25493954133087293,-0.32048896080680706,-0.3157711440394417
3.0,-0.2814828273525033,-0.49899635378912705,-0.13269699885106928,-0.2719409614882533,-0.23969972605392087
0.0,-0.11230588911783758,-0.12884578413183323,-0.12880944136789824,-0.18594891132010047,-0.16242324070946312
2.0,-0.12554090742508486,-0.2546532214055694,-0.21813243615691097,-0.25690217489985134,-0.2723221950076128
1.0,-0.11230588911783758,-0.12884578413183323,-0.3602397734408878,-0.26656621273934383,-0.3128350334982188
-3.0,-0.15271805100714586,-0.19492480777615281,-0.35258522650824387,-0.3788344720599249,-0.31742373301344745
-2.0,-0.11230588911783758,-0.12884578413183323,-0.3943009978727671,-0.3567829969444671,-0.42073061746501395
-1.0,-0.09583414350543965,-0.15821369107197095,-0.26534320472257894,-0.26935586571514536,-0.2537368771877499
3.0,-0.09583414350543965,-0.15821369107197095,-0.15583789438088963,-0.19163824671283622,-0.12577931481662472
0.0,-0.15537501305616427,-0.3913203946656605,-0.1675573222005471,-0.1705847421826177,-0.19683511772283027
2.0,-0.13279842608111864,-0.40546854426341256,-0.21830512962050494,-0.1799777329929208,-0.23113066514594882
1.0,-0.1508068103222681,-0.4274116252258828,-0.3381912258757764,-0.31181675467048453,-0.26824595166581094
-3.0,-0.1299863339185797,-0.3956072645402043,-0.3553144714469373,-0.4429478247569033,-0.4801608344598368
-2.0,-0.16432387711619284,-0.16539232967756734,-0.43617840426270066,-0.32109427179930106,-0.18317784966657694
-1.0,-0.10925615101322582,-0.4309028295929462,-0.26863531820514286,-0.3742986943028972,-0.28430068476393056
3.0,-0.14563402721704602,-0.41070905220522613,-0.16916916370034957,-0.21255192447490032,-0.21979186048106886
0.0,-0.15492989013636693,-0.08724174295906943,-0.1675573222005471,-0.24659231103009235,-0.22697610816753394
2.0,-0.09782504199587647,-0.012391151168681214,-0.2063731675323731,-0.151865512685051,-0.17835528992166788
1.0,-0.09782504199587647,-0.012391151168681214,-0.30382478851028627,-0.21392216695643027,-0.2442155859869826
-3.0,-0.12334679826209609,-0.09434480139556638,-0.36251619163896154,-0.3211004779962489,-0.40780044356813644
-2.0,-0.12848729032910672,-0.3017479226733075,-0.43617840426270066,-0.4587203194213641,-0.45635457264415236
-1.0,-0.12371700436736774,-0.0816866591900166,-0.2502688109372794,-0.24519262159211333,-0.27056846627266257
3.0,-0.12170049519315077,-0.1309615105839373,-0.13269699885106928,-0.19459148369153167,-0.1834087078166565
0.0,-0.15551418344730605,0.17401109519834826,-0.1548513953238891,-0.15292126158624564,-0.09579919669893318
2.0,-0.13290717997793802,0.37648439815784296,-0.21830512962050494,-0.1015297344225848,-0.05246281803102476
1.0,-0.1572289700191348,0.32990427498051356,-0.34236789783717475,-0.23186143455987152,-0.19416171502710583
-3.0,-0.13120654858805902,0.19422281469326433,-0.34345131597825435,-0.29403270475628407,-0.3512918958253813
-2.0,-0.1572289700191348,0.32990427498051356,-0.43803240179402325,-0.3468585098818903,-0.3490392213903902
-1.0,-0.1482577012171122,0.20632882686214774,-0.2549501835062113,-0.18138372927020321,-0.13653551708433778
3.0,-0.13120654858805902,0.19422281469326433,-0.1403817983486031,-0.16074323343991076,-0.1312265792518043
0.0,-0.2028704802330203,-0.24553613223977744,-0.16752916271761562,-0.17155338123485717,-0.19476611785221953
2.0,-0.17388908545694282,-0.24852311690598783,-0.2063731675323731,-0.1404810882972501,-0.13084986580898017
1.0,-0.20934597994870363,-0.19809284474513414,-0.34864686631276764,-0.20289911253760037,-0.1742425360978033
-3.0,-0.17494365780011792,-0.1766265344027885,-0.3621542737818722,-0.2947880851399476,-0.33769691666201146
-2.0,-0.21373134014353795,-0.32393512045369693,-0.46483480107490943,-0.4262800576684651,-0.3686408212842405
-1.0,-0.21510701624758824,-0.264909144796396,-0.2502688109372794,-0.19543598074005555,-0.2402965116747085
3.0,-0.21510701624758824,-0.264909144796396,-0.1065975938098851,-0.11712324428545585,-0.07657024884617113
0.0,-0.24332588792913773,-0.843436499197143,-0.12649555449717398,-0.2715609680202082,-0.26409517081241096
2.0,-0.21486550660356787,-0.4359643936963577,-0.2172847069040129,-0.27614214248850955,-0.3123447015864909
1.0,-0.2388221889709727,-0.8436054164173967,-0.30382478851028627,-0.2287916080786037,-0.3666878938971345
-3.0,-0.24332588792913773,-0.843436499197143,-0.3712283072310964,-0.3863536046170999,-0.3839723940208343
-2.0,-0.21486550660356787,-0.4359643936963577,-0.43803240179402325,-0.40505778059269015,-0.4446717173835413
-1.0,-0.24378776488910256,-0.6197097055144731,-0.25493954133087293,-0.33352458065637525,-0.3016008034245041
3.0,-0.2388221889709727,-0.8436054164173967,-0.1361974473362002,-0.24715342359727027,-0.3042898372949424
0.0,-0.11817469385592264,-0.35019117177628567,-0.16752916271761562,-0.14639882164468884,-0.1785401224108653
2.0,-0.10449932678050913,-0.4235006854574278,-0.2172847069040129,-0.1337167832303222,-0.16860521081063498
1.0,-0.08985063902719569,-0.09708936132209978,-0.3381912258757764,-0.19220135386791085,-0.1842189362292603
-3.0,-0.08589743157950418,-0.25755005867940456,-0.34345131597825435,-0.2617696768628789,-0.2557134067394742
-2.0,-0.11817469385592264,-0.35019117177628567,-0.43617840426270066,-0.21243901444807542,-0.22244214618992808
-1.0,-0.07665051408316219,-0.2885697011882211,-0.25493954133087293,-0.1347885211850468,-0.10854401224751972
3.0,-0.10449932678050913,-0.4235006854574278,-0.14281753372417272,-0.09999002022961297,-0.07907156419061728
0.0,-0.10083160809360212,0.1955648869359359,-0.16752916271761562,-0.14959597500410093,-0.11440509292509542
2.0,-0.08099178106428226,0.4280304940939546,-0.20703507408078298,-0.03928732525987739,0.022042528851264412
1.0,-0.10483671570430163,0.22321612602222482,-0.3602397734408878,-0.18382114355788554,-0.23187051087367608
-3.0,-0.09353518944288423,0.16932581022797122,-0.35116655067024144,-0.2723945712113191,-0.24115622693487643
-2.0,-0.08301466282377389,0.037253585386282984,-0.4900739290555719,-0.2256903223334525,-0.3156596053647611
-1.0,-0.10483671570430163,0.22321612602222482,-0.28302585183625506,-0.21004113720148362,-0.16854446779850368
3.0,-0.09082044739686607,0.09599338585924111,-0.15583789438088963,-0.1313606911760664,-0.09927636826078781
0.0,-0.6330651583537488,-1.0304211257822338,-0.12649555449717398,-0.34084192644101285,-0.40675483577767163
2.0,-0.6062742796868364,-1.021230866750157,-0.21109272652930777,-0.45269409597212495,-0.2898858904030808
1.0,-0.6074506058405628,-0.9866356293648154,-0.32411589439165,-0.32979962734000706,-0.32620721446528533
-3.0,-0.6046900530003867,-1.025939619564226,-0.35116655067024144,-0.4902826676631532,-0.5149771504806328
-2.0,-0.5998433123796,-0.6342825410547328,-0.3943009978727671,-0.35518400744871553,-0.40033033134102697
-1.0,-0.6052837601020183,-1.0267983675251597,-0.2879037581658735,-0.45246997237320974,-0.44745067954008405
3.0,-0.6074506058405628,-0.9866356293648154,-0.1403817983486031,-0.32616441325999934,-0.25695249187794783
0.0,-0.23309657439102152,-0.04275808967988548,-0.1122660024420987,-0.1491686248329766,-0.054996420744714024
2.0,-0.20468528444846157,0.025462814534566357,-0.2122335563482782,-0.12898522964735532,-0.18064011227295954
1.0,-0.25048683973382907,0.019926453574889102,-0.3602397734408878,-0.21893056391879126,-0.23187051087367608
-3.0,-0.20468528444846157,0.025462814534566357,-0.3712283072310964,-0.2571911148550501,-0.35240016514114353
-2.0,-0.2344333000889794,-0.03138480314898997,-0.43803240179402325,-0.40575970005530243,-0.37613879242201564
-1.0,-0.2149458489449366,-0.06781619401476954,-0.26951448634700115,-0.25354518246752666,-0.28934230825929164
3.0,-0.2568363382569546,-0.08353658453470399,-0.13269699885106928,-0.14925730414239333,-0.1834087078166565
0.0,-0.08448669540527652,-0.09114777680923528,-0.15128683959750944,-0.1635299313880733,-0.10475648911643333
2.0,-0.08448669540527652,-0.09114777680923528,-0.21813243615691097,-0.17617439221185266,-0.16427247309778184
1.0,-0.10810193641479064,0.16962526165079694,-0.3381912258757764,-0.21832299234643096,-0.2428314022816022
-3.0,-0.0842888075990885,0.012598316220026254,-0.35351105461667975,-0.3097630713411398,-0.3412506247665655
-2.0,-0.10837723247511917,-0.20930843579811545,-0.46483480107490943,-0.31415097748868126,-0.273141343880897
-1.0,-0.10810193641479064,0.16962526165079694,-0.2502688109372794,-0.23797065947692578,-0.27056846627266257
3.0,-0.06818793190515975,-0.11164053099115955,-0.13269699885106928,-0.16400860204025175,-0.07550758713657808
0.0,-0.09415003767818682,-0.1701533433720748,-0.12649555449717398,-0.2083479068459542,-0.16773149029164575
2.0,-0.08034573947506976,-0.1256296886937837,-0.2063731675323731,-0.17576078356767014,-0.16126933859261405
1.0,-0.09521392755166713,0.012567069763994595,-0.2633937989570691,-0.20462697252151626,-0.18454951056512017
-3.0,-0.10497121748775981,-0.1976079933026512,-0.36251619163896154,-0.34378866605008646,-0.3899121684639799
-2.0,-0.0831470399393321,-0.18970086889298937,-0.4900739290555719,-0.48551842120968364,-0.5747812448559981
-1.0,-0.0831470399393321,-0.18970086889298937,-0.2730920753393836,-0.30999505080576095,-0.3151160053978731
3.0,-0.06273643576368268,-0.25998669929510937,-0.13269699885106928,-0.20104670714437606,-0.1733395721455668
0.0,-0.06385168274627182,-0.2684524898880635,-0.12880944136789824,-0.13900313224740535,-0.14398026460624302
2.0,-0.06324294206425916,-0.09465793338235765,-0.20703507408078298,-0.17052542564345471,-0.2301964053353001
1.0,-0.09521494340963842,-0.2679669094668611,-0.3381912258757764,-0.19424456811084695,-0.2493626466608614
-3.0,-0.13466643177416301,-0.13943835964129492,-0.35116655067024144,-0.3120994406729519,-0.3407440129719344
-2.0,-0.07945538206731238,-0.061111688670549696,-0.41731680589618997,-0.2760663197134254,-0.2772383688883566
-1.0,-0.06324294206425916,-0.09465793338235765,-0.25493954133087293,-0.21328951726623877,-0.2865482776748024
3.0,-0.07904826803022325,-0.21678645214014367,-0.1403817983486031,-0.1452109716869459,-0.06926847121599605
0.0,-0.118719140327421,-0.2910878523094967,-0.1675573222005471,-0.19761299796366683,-0.19607286746862101
2.0,-0.08206278473824177,0.1905658355082673,-0.23194688414373013,-0.1852009573060887,-0.22738796750365453
1.0,-0.05970679131774254,0.3428838325002697,-0.30382478851028627,-0.23793142927202848,-0.19317443432406264
-3.0,-0.043965030020864396,0.11750723766906424,-0.35258522650824387,-0.348903034218871,-0.32209966319109856
-2.0,-0.06762293617696927,0.25991849065168476,-0.4900739290555719,-0.43026804905968846,-0.3781373620990904
-1.0,-0.05970679131774254,0.3428838325002697,-0.26951448634700115,-0.27141178260776777,-0.1576005064394385
3.0,-0.118719140327421,-0.2910878523094967,-0.14281753372417272,-0.1794138432714904,-0.08763040392887217
0.0,-0.2134041208806966,-0.5577100050724842,-0.16752916271761562,-0.17214071136878997,-0.19476611785221953
2.0,-0.2105305409773047,-0.3345529310319454,-0.2063731675323731,-0.1475597372364565,-0.17835528992166788
1.0,-0.19739795846344554,-0.37720556454788573,-0.3602397734408878,-0.23177109170088014,-0.23187051087367608
-3.0,-0.2105305409773047,-0.3345529310319454,-0.35351105461667975,-0.2924129606097752,-0.3412506247665655
-2.0,-0.21217454875201522,-0.025520804706399104,-0.38105403895791595,-0.3005980188475961,-0.2130652006414639
-1.0,-0.18077182468286918,-0.2583490057926539,-0.2730920753393836,-0.1786092137397745,-0.20418895354242464
3.0,-0.20420059230980597,-0.36738103581778153,-0.13269699885106928,-0.13765422094744417,-0.06479272627691891
0.0,-0.16379998588550757,-0.3490793603876725,-0.15128683959750944,-0.20853728956662118,-0.17454979844760818
2.0,-0.1964046992937717,-0.3991311719779925,-0.2172847069040129,-0.23968850461508645,-0.26850349488185216
1.0,-0.18681976208632883,-0.295896614732989,-0.3215980069580134,-0.2408115053434039,-0.2893333599639793
-3.0,-0.17940423121797858,-0.22219573947128382,-0.34345131597825435,-0.3136698405064792,-0.33872590499266403
-2.0,-0.15740429488003588,-0.29415636198904843,-0.46483480107490943,-0.36552890825604584,-0.4134989856375301
-1.0,-0.1964046992937717,-0.3991311719779925,-0.28263531559687055,-0.28656352716142286,-0.29874872816039116
3.0,-0.17633554973598747,-0.3309919509246444,-0.11549333279337276,-0.1639332534929078,-0.10575994956113069
0.0,-0.19863656956321604,-0.20051418138418825,-0.1675573222005471,-0.2283159670552949,-0.19607286746862101
2.0,-0.18881217494450742,-0.1831489447700878,-0.2122335563482782,-0.19152173232098071,-0.21322302487529687
1.0,-0.2027603128007318,-0.0046184930901640164,-0.34864686631276764,-0.2992447685919165,-0.3060831306712279
-3.0,-0.20100969700349072,-0.09356340766455136,-0.35351105461667975,-0.3598071749096386,-0.3643840809371459
-2.0,-0.2027603128007318,-0.0046184930901640164,-0.38105403895791595,-0.3776645206408973,-0.3841733505094831
-1.0,-0.19863656956321604,-0.20051418138418825,-0.28263531559687055,-0.30860125588163484,-0.2881265035188301
3.0,-0.2027603128007318,-0.0046184930901640164,-0.1426039203508528,-0.21304011849178306,-0.11836470621815388
0.0,-0.14085117240426992,-0.16624707156075808,-0.12798989187102483,-0.1674503745336632,-0.17926756197967425
2.0,-0.12862763037409924,-0.12419540297809517,-0.20703507408078298,-0.1988500600318406,-0.25136354626302354
1.0,-0.16715219090606045,-0.2077129247233145,-0.352534356823678,-0.23927800898598883,-0.3460508119192942
-3.0,-0.14190047543237838,-0.2258259116204041,-0.36085602167269065,-0.3613074393693313,-0.3276330738518954
-2.0,-0.07880220828456828,-0.042278688980873835,-0.43803240179402325,-0.2349746465974439,-0.3575307771865766
-1.0,-0.1442599119587403,-0.17702895341576316,-0.28302585183625506,-0.2798401730487939,-0.3124833955154698
3.0,-0.14085117240426992,-0.16624707156075808,-0.1403817983486031,-0.19099929628661144,-0.11968108845424107
0.0,-0.24056262460833125,-0.3062194276727683,-0.1548513953238891,-0.23340088354518598,-0.245623722978195
2.0,-0.20819689320709753,-0.06310868905958462,-0.2122335563482782,-0.2513688646367613,-0.22574603196102472
1.0,-0.2474889781677334,-0.219320521404034,-0.34864686631276764,-0.41581592477210594,-0.36310339090273935
-3.0,-0.23496449902555147,0.28313288550306653,-0.3553144714469373,-0.4541956137246006,-0.4466063465895301
-2.0,-0.23496449902555147,0.28313288550306653,-0.3943009978727671,-0.4541956137246006,-0.35947285286644387
-1.0,-0.2697444237715058,-0.24525080491206167,-0.2730920753393836,-0.34951607637528953,-0.300337521117146
3.0,-0.23496449902555147,0.28313288550306653,-0.12245498845782493,-0.2670390459501678,-0.165732899336028
0.0,-0.2772431978970927,-0.6513573794535225,-0.1548513953238891,-0.38413870421553453,-0.25355633124358906
2.0,-0.2847220317196016,-0.5049622868537776,-0.21813243615691097,-0.3007026759624397,-0.23366798856142698
1.0,-0.22892913974122858,-0.18591332224648993,-0.2633937989570691,-0.2768795516942924,-0.2589729954086775
-3.0,-0.25325524133533944,-0.5357344646786244,-0.3712283072310964,-0.40453035392286346,-0.42157903194073
-2.0,-0.2585095405119418,-0.679724206415953,-0.3943009978727671,-0.497019701326814,-0.3619129210536374
-1.0,-0.2675266035610799,-0.8159589708695408,-0.28263531559687055,-0.5105775437535008,-0.4076752010085473
3.0,-0.2924442922955647,-0.5847561363353161,-0.1426039203508528,-0.29957422869287675,-0.2791784542432554
0.0,-0.27610387812786136,-0.22970860151823386,-0.1675573222005471,-0.26718861611874706,-0.27289924709825275
2.0,-0.28220985655571507,-0.25844573312041164,-0.2063731675323731,-0.20519563488114462,-0.2084141639496107
1.0,-0.27610387812786136,-0.22970860151823386,-0.34236789783717475,-0.2614989926813509,-0.3684312956029147
-3.0,-0.27903951620699063,-0.2023165883202448,-0.35258522650824387,-0.3690168968413201,-0.4056372409663217
-2.0,-0.28220985655571507,-0.25844573312041164,-0.41731680589618997,-0.3445322253334786,-0.3415187987667893
-1.0,-0.25736756397325034,-0.1607248619615493,-0.2502688109372794,-0.29391879556226996,-0.309321740483774
3.0,-0.2896531401736932,-0.3658487746769879,-0.1403817983486031,-0.2566405331690095,-0.1911423363382807
0.0,-0.2978988768156698,-0.4764391782766444,-0.15128683959750944,-0.36714153418111894,-0.2542049139349751
2.0,-0.26305555301116834,-0.39626707204454453,-0.20703507408078298,-0.26231668529442426,-0.2697011157492865
1.0,-0.301383802061479,-0.4440850710100956,-0.32411589439165,-0.26053567805355626,-0.31057496791866196
-3.0,-0.2910764758007568,-0.4570253510352024,-0.35116655067024144,-0.4423406181461185,-0.517282799266685
-2.0,-0.3104830113395645,-0.4302409391330468,-0.38105403895791595,-0.5480473234641717,-0.4566189242011338
-1.0,-0.26305555301116834,-0.39626707204454453,-0.25493954133087293,-0.32175051889418865,-0.31071474998939824
3.0,-0.2913561514703515,-0.47448472954332105,-0.15583789438088963,-0.26103663171176844,-0.2771742594524312
0.0,-0.3086195124183684,-0.3178685577849447,-0.15128683959750944,-0.20050324934712166,-0.20174552217861044
2.0,-0.3086195124183684,-0.3178685577849447,-0.21813243615691097,-0.21458164801259402,-0.2497108951434266
1.0,-0.28883030977044927,-0.07975355920125435,-0.34236789783717475,-0.25191787598597337,-0.25540453057731377
-3.0,-0.30828931798326237,-0.2028162903068548,-0.36251619163896154,-0.27963167023366814,-0.3821233928870976
-2.0,-0.28690848380440687,-0.10291525072610848,-0.43617840426270066,-0.3518340911442421,-0.2992317639935098
-1.0,-0.28883030977044927,-0.07975355920125435,-0.28263531559687055,-0.24723271174657183,-0.2881265035188301
3.0,-0.3005610522708912,-0.27447296102905955,-0.15583789438088963,-0.24516155881070695,-0.13085270635343535
0.0,-0.30865620839511265,-0.3549638652238633,-0.1548513953238891,-0.2662841061269174,-0.2767626268032183
2.0,-0.31074937617937526,-0.3421623788670236,-0.21813243615691097,-0.3376530584732223,-0.2603845745862652
1.0,-0.3251294228650336,-0.6071923951632945,-0.3602397734408878,-0.39811192230914405,-0.35409061934789954
-3.0,-0.3251294228650336,-0.6071923951632945,-0.3553144714469373,-0.465210386932167,-0.4250527815283518
-2.0,-0.31074937617937526,-0.3421623788670236,-0.4900739290555719,-0.44689721559295503,-0.48935095908240184
-1.0,-0.3251294228650336,-0.6071923951632945,-0.28302585183625506,-0.42928044612236227,-0.318218978712393
3.0,-0.30865620839511265,-0.3549638652238633,-0.15583789438088963,-0.3344017112726394,-0.27307600025994067
0.0,-0.252754014547642,-0.15883685881225348,-0.1122660024420987,-0.17762107898670967,-0.20597630654919818
2.0,-0.24338470046802219,-0.29395513776071297,-0.20703507408078298,-0.214537447559815,-0.26510484646814036
1.0,-0.2276140554888179,-0.05581925618704529,-0.30382478851028627,-0.1602168066911844,-0.2726445009405223
-3.0,-0.2310420561239537,-0.10908426257431143,-0.3621542737818722,-0.3873765908162639,-0.38240957818071847
-2.0,-0.22516396340787329,-0.11709112284168298,-0.43871857392807834,-0.4105381509041694,-0.3537986303475782
-1.0,-0.25773019269675834,-0.1316951003929749,-0.28263531559687055,-0.23171809104059307,-0.3093305878561784
3.0,-0.24797061254300004,-0.06532442087321962,-0.1403817983486031,-0.2067972291036173,-0.12735416249962433
0.0,-0.18078034920391772,-0.32172891989615293,-0.1548513953238891,-0.14075554766057014,-0.21940683657693968
2.0,-0.18500309253176364,-0.11192263110115559,-0.20939959847251008,-0.13745597828220693,-0.09475843164891334
1.0,-0.1732242020980098,-0.1005369844873933,-0.32411589439165,-0.24647225380577342,-0.2671982357357456
-3.0,-0.18078034920391772,-0.32172891989615293,-0.36085602167269065,-0.392297710129517,-0.3276330738518954
-2.0,-0.1601719503455379,-0.15337314869279714,-0.41731680589618997,-0.2773028264253066,-0.32433077417763706
-1.0,-0.16944862248572065,-0.3156678917639339,-0.2879037581658735,-0.3210269067686087,-0.27848131081857724
3.0,-0.18078034920391772,-0.32172891989615293,-0.15583789438088963,-0.14075554766057014,-0.2042321903064951
0.0,-0.14553692073371124,-0.07826888386189657,-0.14147223167347625,-0.18083321636936917,-0.1759588213420781
2.0,-0.1289038314500401,-0.3236974237256105,-0.23194688414373013,-0.2634525360883846,-0.25573644900354336
1.0,-0.1289038314500401,-0.3236974237256105,-0.3602397734408878,-0.31688211866335136,-0.36912975244429486
-3.0,-0.1289038314500401,-0.3236974237256105,-0.3553144714469373,-0.4305371431850466,-0.4348337409320319
-2.0,-0.15915804804165076,-0.0716678911292764,-0.38105403895791595,-0.4275453792115631,-0.38281976186862243
-1.0,-0.13629428948559175,-0.009699421215320933,-0.2502688109372794,-0.29288955582838166,-0.27056846627266257
3.0,-0.15915804804165076,-0.0716678911292764,-0.1426039203508528,-0.22910891212983067,-0.16366207461829566
0.0,-0.1289843274141339,0.06343970126964159,-0.1675573222005471,-0.08424229304544854,-0.09285319134438125
2.0,-0.15808282095088988,0.12543449750080124,-0.20703507408078298,-0.01819873121967273,-0.12046722604050754
1.0,-0.13226378267791286,0.37563222313515726,-0.3381912258757764,-0.08859163467131749,-0.24095814424530973
-3.0,-0.13226378267791286,0.37563222313515726,-0.3712283072310964,-0.15977635903550966,-0.29359969101481764
-2.0,-0.1700094183223173,-0.04106490866111338,-0.4900739290555719,-0.2922353070360938,-0.2997846120782157
-1.0,-0.13092568976408184,0.19979892497649845,-0.2549501835062113,-0.05328662751525671,-0.1708078164041456
3.0,-0.1700094183223173,-0.04106490866111338,-0.16916916370034957,-0.08711078411778658,0.006603201041987042
0.0,-0.5647728605595862,-0.8911154914968034,-0.12798989187102483,-0.40292488497276463,-0.2682325383999758
2.0,-0.5761371386632629,-0.6841855019950905,-0.20703507408078298,-0.4305443746996736,-0.2699792005408414
1.0,-0.5953717910041164,-0.42788569114743086,-0.2633937989570691,-0.3700745270934055,-0.2323975603254052
-3.0,-0.5953717910041164,-0.42788569114743086,-0.3207006506077174,-0.5340366719768572,-0.48905309961502585
-2.0,-0.5761371386632629,-0.6841855019950905,-0.4851828301853599,-0.6530083639294113,-0.526898364409145
-1.0,-0.5761371386632629,-0.6841855019950905,-0.25493954133087293,-0.4853873620860115,-0.32511550199224354
3.0,-0.5647728605595862,-0.8911154914968034,-0.1403817983486031,-0.4436356124923285,-0.27946386056786543
0.0,-0.17482161810347863,-0.29045825687666205,-0.1675573222005471,-0.2183450800398926,-0.19607286746862101
2.0,-0.15237367781270195,-0.1714422266614147,-0.20939959847251008,-0.21957536112920864,-0.24406189388381344
1.0,-0.16673061928583666,-0.3444554114884042,-0.3215980069580134,-0.2426694187087409,-0.28770523435029705
-3.0,-0.18681114518599146,-0.3181279660143539,-0.3621542737818722,-0.4360810037310066,-0.3794999619354798
-2.0,-0.15237367781270195,-0.1714422266614147,-0.43617840426270066,-0.41208967879323855,-0.4478666790655934
-1.0,-0.18681114518599146,-0.3181279660143539,-0.2730920753393836,-0.31417664914294324,-0.28200587661896354
3.0,-0.16673061928583666,-0.3444554114884042,-0.13269699885106928,-0.2029256013697679,-0.1733395721455668
0.0,-0.12525678690784103,-0.39788632867568197,-0.12880944136789824,-0.07743706937941168,-0.1614849019012147
2.0,-0.13740913568144036,-0.14946504553183082,-0.20939959847251008,-0.07314020261642333,-0.09207783307776496
1.0,-0.13245367566724128,-0.4397380198188467,-0.352534356823678,-0.2839000137921935,-0.2426067595273955
-3.0,-0.13735588592573525,-0.48818425194406556,-0.35116655067024144,-0.22295497716574467,-0.2863886077576207
-2.0,-0.13001708265977807,-0.5808398272956695,-0.4851828301853599,-0.3094875266637139,-0.3160820978016188
-1.0,-0.15651026367359305,-0.4082358423405494,-0.26951448634700115,-0.15454262710360248,-0.16739451112491635
3.0,-0.12512377111052791,-0.36151460005895775,-0.1065975938098851,-0.1241150941081883,-0.0047713465033216804
0.0,-0.1141070652182046,0.13217506775423488,-0.14147223167347625,-0.15639235963111156,-0.07193676529985471
2.0,-0.1102772500523742,0.04061026191025345,-0.2172847069040129,-0.1688387639547562,-0.12265822836873051
1.0,-0.11304894672668643,0.11369559844074968,-0.34864686631276764,-0.20583706530262627,-0.28149797019359785
-3.0,-0.09411556722301026,0.18249064999921136,-0.35351105461667975,-0.2702718689255376,-0.2732935280196039
-2.0,-0.1141070652182046,0.13217506775423488,-0.4851828301853599,-0.3705681541968124,-0.28913119051121283
-1.0,-0.09636408954496962,0.15985332221214338,-0.2730920753393836,-0.15701100759042377,-0.1977257779975793
3.0,-0.09411556722301026,0.18249064999921136,-0.1361974473362002,-0.09095956928424963,-0.015483945043194666
0.0,-0.22226484956657094,-0.014253774610829292,-0.1122660024420987,-0.1394312950810649,-0.07152913594729475
2.0,-0.21236701719483025,0.307278899554571,-0.23194688414373013,-0.16498545230361433,-0.1482552245067388
1.0,-0.2438773457764673,-0.08239998188725088,-0.30382478851028627,-0.2895079080983789,-0.27466492308252416
-3.0,-0.2393825256501871,-0.3732239992938654,-0.3621542737818722,-0.32557243980645945,-0.4486270946628966
-2.0,-0.2173627016230929,-0.14040219707149604,-0.43803240179402325,-0.3292736012023132,-0.3575307771865766
-1.0,-0.2393825256501871,-0.3732239992938654,-0.2730920753393836,-0.27074839317112276,-0.3036179050336666
3.0,-0.2297107577712297,-0.11331475978826444,-0.13269699885106928,-0.18818335526122107,-0.14054241322147165
0.0,-0.26605676139703593,-0.13365447515602416,-0.1122660024420987,-0.1629788622242184,-0.17612510264833056
2.0,-0.2729741502924157,-0.1645587576758085,-0.20703507408078298,-0.1972920673674655,-0.1779349894425374
1.0,-0.2598236758452228,-0.25468271197871417,-0.2633937989570691,-0.2566906685278326,-0.25587933223598847
-3.0,-0.26605676139703593,-0.13365447515602416,-0.36251619163896154,-0.28078778566943513,-0.40614042725425664
-2.0,-0.2598236758452228,-0.25468271197871417,-0.43617840426270066,-0.4534523001789595,-0.45115870523777934
-1.0,-0.22445391609063142,-0.15925458165219167,-0.2502688109372794,-0.24492631137362042,-0.27056846627266257
3.0,-0.24093455872636704,-0.15290842213744907,-0.12245498845782493,-0.1985947902333243,-0.04719610558175886
0.0,-0.2407571113815384,-0.3337383570899159,-0.12649555449717398,-0.17119319903081534,-0.14749936897314783
2.0,-0.24791460695216963,-0.27870410290832254,-0.2172847069040129,-0.155068274555001,-0.12265822836873051
1.0,-0.2480375663110503,-0.21709303066651295,-0.3364690968453881,-0.21141099234136077,-0.2679779015886934
-3.0,-0.267851098161948,-0.2611768163124193,-0.3621542737818722,-0.37507652609945286,-0.31929833384127626
-2.0,-0.24853487765552187,-0.21687490122835804,-0.4851828301853599,-0.37870433019235067,-0.28512531573743005
-1.0,-0.23150721131839616,-0.19187066056092347,-0.28302585183625506,-0.23542749853580433,-0.16586084531186265
3.0,-0.24106665590780008,-0.26039589293305765,-0.1403817983486031,-0.20516149119875168,-0.24511155217864478
0.0,-0.21628675192390537,-0.38307119528471206,-0.12798989187102483,-0.1540690837674048,-0.1949100178499813
2.0,-0.26766720251278464,-0.362241867579392,-0.20939959847251008,-0.20386338429373366,-0.21633866562902743
1.0,-0.24073603236794677,-0.3909679154759445,-0.3364690968453881,-0.2539090084014923,-0.27336889321042046
-3.0,-0.23802295799410733,-0.4510480487389819,-0.35351105461667975,-0.3450070347525739,-0.35712809372764687
-2.0,-0.26432831714062777,-0.48926909781500855,-0.38105403895791595,-0.4403791207164747,-0.3343508171546642
-1.0,-0.2238458845067168,-0.41499812796296404,-0.25493954133087293,-0.278667943439103,-0.3016008034245041
3.0,-0.21628675192390537,-0.38307119528471206,-0.1403817983486031,-0.16291048880641842,-0.16053063755282015
0.0,-0.22354381205725754,-0.5513317402962405,-0.1548513953238891,-0.16624421788605687,-0.16287623452646371
2.0,-0.2166580185792265,-0.5693824725236126,-0.20703507408078298,-0.19602570022938248,-0.25136354626302354
1.0,-0.22354381205725754,-0.5513317402962405,-0.3364690968453881,-0.20654348705890785,-0.2679779015886934
-3.0,-0.21486456504258342,-0.5116997167405125,-0.3712283072310964,-0.36582415028560966,-0.34087960493616176
-2.0,-0.16329448757661177,0.1502329974255431,-0.38105403895791595,-0.2698448847672396,-0.2268701829336076
-1.0,-0.21303206653738863,-0.3674669032131111,-0.26863531820514286,-0.21996715839358688,-0.2797182392986159
3.0,-0.22096964156145318,-0.3102843305773397,-0.12245498845782493,-0.16569699382893985,-0.04816018458045394
0.0,-0.22225171566950006,0.08182512715710605,-0.1330627234185755,-0.11345725663282737,-0.12334047734539741
2.0,-0.23914125431914343,0.21638428083337344,-0.21109272652930777,-0.03390517868848425,-0.15105538395677806
1.0,-0.2614533979548538,-0.16291732851337543,-0.3602397734408878,-0.2094660041451618,-0.24646625327611593
-3.0,-0.2331101688369688,0.24550752048986574,-0.3712283072310964,-0.2549372764633528,-0.34087960493616176
-2.0,-0.25781626699042753,-0.14574754736048365,-0.46792967883848263,-0.5563797384819004,-0.4232162411910255
-1.0,-0.2331101688369688,0.24550752048986574,-0.2502688109372794,-0.18971056823801227,-0.27056846627266257
3.0,-0.2614533979548538,-0.16291732851337543,-0.12245498845782493,-0.17029231138894074,-0.04719610558175886
0.0,-0.18001026294087935,-0.22085952933117814,-0.1675573222005471,-0.20564774065909447,-0.19607286746862101
2.0,-0.1961043739794052,-0.41083580659500485,-0.23194688414373013,-0.2795196054878933,-0.21021667042384165
1.0,-0.19568967960146286,-0.12300674766071525,-0.3364690968453881,-0.2111349029561943,-0.2749109333059686
-3.0,-0.1757511459503306,-0.1563141824303811,-0.36251619163896154,-0.2968269004951165,-0.2168310420717173
-2.0,-0.1581569279896515,-0.14669493278766654,-0.4851828301853599,-0.2516543219726064,-0.3476320740149438
-1.0,-0.17449648375222782,-0.17501576636138524,-0.2549501835062113,-0.22955811462359707,-0.23090286568043325
3.0,-0.1961057704821658,-0.1965176612472748,-0.1403817983486031,-0.1328488329016173,-0.1312265792518043
0.0,-0.1967398595319215,0.7556900891376443,-0.1122660024420987,-0.04293361305345654,-0.0312692341336272
2.0,-0.21138071150597354,0.5070648067401717,-0.21109272652930777,-0.1087649918147222,-0.0936238236223866
1.0,-0.21138071150597354,0.5070648067401717,-0.3364690968453881,-0.13623127741341653,-0.17263247550077235
-3.0,-0.17113299923910966,0.672483920010318,-0.35351105461667975,-0.22663273183794644,-0.2354986103199912
-2.0,-0.21138071150597354,0.5070648067401717,-0.46483480107490943,-0.2293771057048986,-0.2002819271367389
-1.0,-0.18826669469985455,0.6468877521178467,-0.2549501835062113,-0.14018044684292785,-0.13653551708433778
3.0,-0.17971031080102187,0.34813649459365076,-0.16916916370034957,-0.045591456481439564,-0.03400753496794379
0.0,-0.3081556207547517,-0.6597656221058906,-0.12880944136789824,-0.2603634006818744,-0.25022175188838713
2.0,-0.3582477882745626,-0.5113341582259877,-0.21109272652930777,-0.26946714331958854,-0.26929050624303574
1.0,-0.33282127904064346,-0.6482270681603318,-0.30382478851028627,-0.2771523918258588,-0.3390107952609187
-3.0,-0.32574303284721196,-0.6171125710190565,-0.3621542737818722,-0.37164580958669813,-0.39940061771959473
-2.0,-0.35492192730573113,-0.7203263333365618,-0.4851828301853599,-0.5319999518679404,-0.5555864942122499
-1.0,-0.31985685595621977,-0.6394218621415215,-0.2549501835062113,-0.33654184635973344,-0.3062778328532883
3.0,-0.37277773384957774,-0.7046460476890525,-0.1426039203508528,-0.24326969819365504,-0.20001220995958632
0.0,-0.35609034350820945,-0.34338972764780185,-0.14147223167347625,-0.2226338171228826,-0.1709740857307368
2.0,-0.3223786589416427,-0.3796549839160286,-0.20939959847251008,-0.2010697674221274,-0.2438762556748522
1.0,-0.3223786589416427,-0.3796549839160286,-0.2633937989570691,-0.22714375448968424,-0.2837749933082854
-3.0,-0.3434644656110898,-0.43334958636347426,-0.35116655067024144,-0.37719758333601516,-0.37099340680314896
-2.0,-0.35581669066084826,-0.37461240708517246,-0.46483480107490943,-0.43970402335490105,-0.3524814475590786
-1.0,-0.35609034350820945,-0.34338972764780185,-0.25493954133087293,-0.28032668824643225,-0.27400724028465356
3.0,-0.33670509913809665,-0.4253732101435814,-0.16916916370034957,-0.24789014136375723,-0.2313524395870468
0.0,-0.3695146259365844,-0.057649423606470705,-0.12880944136789824,-0.15794203779356175,-0.10333131550800063
2.0,-0.3740213115315347,-0.21790753041915978,-0.20703507408078298,-0.17916769535077334,-0.1779349894425374
1.0,-0.34898923149067634,-0.03686970930726661,-0.3364690968453881,-0.19576103972719466,-0.22735847394012992
-3.0,-0.36883819510399074,0.034223788212521894,-0.35116655067024144,-0.3188157461017694,-0.2795861270535349
-2.0,-0.3837116016608864,-0.12101192159395416,-0.38105403895791595,-0.3270355712319729,-0.38167245246212045
-1.0,-0.35267165870678086,-0.002155767419001142,-0.2549501835062113,-0.20374505399971168,-0.16932836639604684
3.0,-0.3837116016608864,-0.12101192159395416,-0.1426039203508528,-0.12633899753342095,-0.1352614044628585
0.0,-0.35834230569870984,-0.6398122252268391,-0.15128683959750944,-0.2644415476551646,-0.2279167884514763
2.0,-0.4256567406492051,-0.41949087607894536,-0.20703507408078298,-0.2720145581614239,-0.2565402451640605
1.0,-0.38365858844746564,-0.5582580209779465,-0.34864686631276764,-0.2581355055857356,-0.2960841697729793
-3.0,-0.3790083364759516,-0.5402572528829803,-0.35351105461667975,-0.3555995359944506,-0.3616083444574464
-2.0,-0.3790645486648612,-0.5687021462128647,-0.46792967883848263,-0.4068066808794167,-0.47070527037187365
-1.0,-0.3790645486648612,-0.5687021462128647,-0.26863531820514286,-0.31156534864214463,-0.35575424499087566
3.0,-0.38365858844746564,-0.5582580209779465,-0.1426039203508528,-0.21230015931548396,-0.11836470621815388
0.0,-0.37510312104354926,-0.4326544919125601,-0.12649555449717398,-0.18556797393238122,-0.22567273002347712
2.0,-0.3373230710836221,-0.24528817310769155,-0.2065584922745106,-0.1897563381341205,-0.21775468008062865
1.0,-0.34274477463637265,-0.32360978873986274,-0.34236789783717475,-0.2958708710973534,-0.2543130802936595
-3.0,-0.35655940013329673,-0.2709984399862943,-0.3553144714469373,-0.3644064101669541,-0.48843447689150665
-2.0,-0.34274477463637265,-0.32360978873986274,-0.43803240179402325,-0.42384367685800267,-0.38131134415043944
-1.0,-0.3373230710836221,-0.24528817310769155,-0.26863531820514286,-0.26751744372818664,-0.2849791926717825
3.0,-0.35655940013329673,-0.2709984399862943,-0.12245498845782493,-0.15279402737116277,-0.13539363464319004
0.0,-0.37450139046161074,-0.5026015636821333,-0.15128683959750944,-0.20624049498274577,-0.20174552217861044
2.0,-0.34129104632726914,-0.6771478011056108,-0.21109272652930777,-0.21959230793176837,-0.26929050624303574
1.0,-0.33055939475813706,-0.14391329422107882,-0.2633937989570691,-0.17930633079992414,-0.2978589022898541
-3.0,-0.3579678496713297,-0.6229815418054225,-0.36251619163896154,-0.31153630103960633,-0.39384432901031563
-2.0,-0.34129104632726914,-0.6771478011056108,-0.46483480107490943,-0.3236091540497335,-0.5557989797609496
-1.0,-0.3521615757020735,-0.6238035955712772,-0.2502688109372794,-0.26802072846403313,-0.27056846627266257
3.0,-0.3521615757020735,-0.6238035955712772,-0.1065975938098851,-0.1798556465827431,-0.11483176600881141
0.0,-0.3033641159509087,-0.11996250641579605,-0.15128683959750944,-0.17481490472055333,-0.20174552217861044
2.0,-0.25264940211152104,-0.3049216932161741,-0.20939959847251008,-0.2157327155280162,-0.24406189388381344
1.0,-0.3033641159509087,-0.11996250641579605,-0.352534356823678,-0.19918016158731608,-0.3578366488298034
-3.0,-0.2622492596103038,-0.19258784746766522,-0.35258522650824387,-0.43406093688286845,-0.43317596897576505
-2.0,-0.26992325507520304,-0.23085254841969047,-0.3943009978727671,-0.294757360258942,-0.45140165727141507
-1.0,-0.26561001540821444,-0.2459438076511464,-0.26951448634700115,-0.35201170933139225,-0.3174399579991103
3.0,-0.26992325507520304,-0.23085254841969047,-0.12245498845782493,-0.20111229857226498,-0.09895613450919423
0.0,-0.2582275465910481,-0.42482180081763754,-0.15128683959750944,-0.17959878526746992,-0.15447875223890895
2.0,-0.27536007637847604,-0.4894984084829741,-0.2122335563482782,-0.19465139001827203,-0.20329958180299956
1.0,-0.26410371529109594,-0.3848960909552444,-0.34864686631276764,-0.19782607367095595,-0.28149797019359785
-3.0,-0.2582275465910481,-0.42482180081763754,-0.3621542737818722,-0.3198682271759794,-0.358125562756838
-2.0,-0.30243745692317087,-0.2106093964626847,-0.4851828301853599,-0.44193392210373095,-0.3237661589163737
-1.0,-0.24693417859416228,-0.41551373199451375,-0.2549501835062113,-0.2109235717388894,-0.23146252650159596
3.0,-0.30914820933928694,-0.470887714431518,-0.1361974473362002,-0.1719802980151628,-0.1288171690639928
0.0,-0.38859978180683924,-0.8939685146046746,-0.1330627234185755,-0.33749015532380183,-0.22458585448809565
2.0,-0.3439105069736911,-0.6888441726601048,-0.21109272652930777,-0.3128875877453203,-0.2827241974750895
1.0,-0.38658992648023227,-0.6713612595908641,-0.34236789783717475,-0.35446888742665456,-0.3687464711621916
-3.0,-0.38859978180683924,-0.8939685146046746,-0.35351105461667975,-0.45470991225868934,-0.4561248475252382
-2.0,-0.38859978180683924,-0.8939685146046746,-0.41731680589618997,-0.5108660541388591,-0.5902380590216065
-1.0,-0.3439105069736911,-0.6888441726601048,-0.26534320472257894,-0.37884641508898925,-0.3680479492990127
3.0,-0.3949165960766142,-0.6678042967711173,-0.11549333279337276,-0.35089565122789435,-0.17749127467775463
0.0,-0.23516414259041402,0.422862614585091,-0.14147223167347625,-0.14465402480284376,-0.07193676529985471
2.0,-0.21586802343399214,0.3038141867041851,-0.2122335563482782,-0.15610559540556282,-0.18064011227295954
1.0,-0.21505618563345924,0.30126331875386037,-0.352534356823678,-0.2529110731093413,-0.304152765148443
-3.0,-0.23516414259041402,0.422862614585091,-0.35258522650824387,-0.30929662667573893,-0.3232515379379213
-2.0,-0.1930232645708549,0.38465901505218175,-0.43617840426270066,-0.35191208979459193,-0.18317784966657694
-1.0,-0.2428180917228517,0.3017326166580767,-0.2879037581658735,-0.23009593473059656,-0.1744340143313947
3.0,-0.21505618563345924,0.30126331875386037,-0.16916916370034957,-0.16658081529686466,-0.1888440311344763
0.0,-0.22548494691901055,0.06107894199936048,-0.12649555449717398,-0.15311857533287473,-0.10304099805313005
2.0,-0.22822097451819895,-0.585574982668681,-0.2063731675323731,-0.15624400435632466,-0.17835528992166788
1.0,-0.2626213607119823,-0.6948463035646523,-0.3602397734408878,-0.2545682211719145,-0.31547771094126603
-3.0,-0.24375818052913478,-0.5937801851065266,-0.36085602167269065,-0.32529040923451613,-0.32095844601756185
-2.0,-0.24920752855438394,-0.762827556107568,-0.43617840426270066,-0.3526000218947738,-0.20967511847126863
-1.0,-0.23349484042312066,-0.8629491922041468,-0.2730920753393836,-0.24153379081120643,-0.2778065582483563
3.0,-0.2605264232577814,-0.8107951390439725,-0.1426039203508528,-0.19135261567082731,-0.1557281301360522
0.0,-0.20532499914111899,-0.227371057776944,-0.15128683959750944,-0.19093101628747,-0.18597012260068177
2.0,-0.2170572939993381,-0.14239107929448055,-0.20939959847251008,-0.15329480667008746,-0.2076355999892847
1.0,-0.22893706218557028,-0.0030963079263048644,-0.34236789783717475,-0.2419057539334148,-0.2543130802936595
-3.0,-0.19902079849771828,-0.27131413228028806,-0.3712283072310964,-0.3372407746044294,-0.34087960493616176
-2.0,-0.22893706218557028,-0.0030963079263048644,-0.43803240179402325,-0.3397352055591806,-0.38131134415043944
-1.0,-0.2313311717902251,-0.2810087968315276,-0.28302585183625506,-0.2951170848196331,-0.3124833955154698
3.0,-0.20670196302888943,-0.2665266552926291,-0.13269699885106928,-0.1695180872982661,-0.1575959990541051
0.0,-0.20153786209820568,-0.7094725754296006,-0.16752916271761562,-0.1674857677660219,-0.1785401224108653
2.0,-0.1757034865446317,-0.5325273887254387,-0.21830512962050494,-0.17347180186009556,-0.23113066514594882
1.0,-0.18635750620785443,-0.7566390302180498,-0.3364690968453881,-0.3096807120171046,-0.3650753937230523
-3.0,-0.18942407015026036,-0.70221945610805,-0.35258522650824387,-0.3455593609917814,-0.3341048942716024
-2.0,-0.20153786209820568,-0.7094725754296006,-0.43617840426270066,-0.37004607880576496,-0.20967511847126863
-1.0,-0.19382162593551674,-0.6803603204993882,-0.2730920753393836,-0.26016635634325386,-0.28178860045000126
3.0,-0.20687568597137673,-0.7487583738295339,-0.14281753372417272,-0.18577167788512627,-0.22027824022741568
0.0,-0.23307903402208638,-0.4106926209920342,-0.1122660024420987,-0.15824077600008724,-0.16199771220504675
2.0,-0.23610099535606305,-0.372048805825692,-0.21109272652930777,-0.17162253256033963,-0.16470210829193443
1.0,-0.2493909684363366,-0.4279364310838892,-0.32411589439165,-0.20643898310485276,-0.252201969676523
-3.0,-0.2493909684363366,-0.4279364310838892,-0.34345131597825435,-0.3017171439292799,-0.3512918958253813
-2.0,-0.2493909684363366,-0.4279364310838892,-0.46792967883848263,-0.4034183622358957,-0.47263330661642006
-1.0,-0.23307903402208638,-0.4106926209920342,-0.2879037581658735,-0.23902510599187082,-0.2759804127712146
3.0,-0.23610099535606305,-0.372048805825692,-0.15583789438088963,-0.1691269784134034,-0.09683877051863372
0.0,-0.2229189279447498,-0.8275011909126286,-0.1122660024420987,-0.17674808250913418,-0.18096830120489518
2.0,-0.2229189279447498,-0.8275011909126286,-0.21830512962050494,-0.20394361428696903,-0.23113066514594882
1.0,-0.21337013897792995,-0.24544258221301027,-0.3602397734408878,-0.28189869022291875,-0.31547771094126603
-3.0,-0.21495590643561205,-0.3507369161129497,-0.3207006506077174,-0.3307592928820508,-0.33096723936424316
-2.0,-0.21455530329175002,-0.2976943235001826,-0.4851828301853599,-0.28664269367312023,-0.5051368686020005
-1.0,-0.2229189279447498,-0.8275011909126286,-0.2879037581658735,-0.27904539655713717,-0.27848131081857724
3.0,-0.2229189279447498,-0.8275011909126286,-0.1426039203508528,-0.17734226226852323,-0.11836470621815388
0.0,-0.20878790886594503,-0.19829631149211566,-0.16752916271761562,-0.1527911701711616,-0.09585069387553603
2.0,-0.22850658219046874,-0.32432464327239013,-0.2063731675323731,-0.14669833245796662,-0.16158354650963025
1.0,-0.2340176690128356,-0.22962109473057074,-0.34236789783717475,-0.1856773720304613,-0.23782640824307172
-3.0,-0.1946975742174125,-0.21553256573794424,-0.34345131597825435,-0.2923630403593341,-0.3001215140988956
-2.0,-0.1946975742174125,-0.21553256573794424,-0.46792967883848263,-0.4197701901308874,-0.45912555307885844
-1.0,-0.2340176690128356,-0.22962109473057074,-0.28263531559687055,-0.18074947253010207,-0.2645601918508589
3.0,-0.20878790886594503,-0.19829631149211566,-0.11549333279337276,-0.1426740366080403,-0.04958414066918672
0.0,-0.21059695733628786,-0.013612569853932239,-0.15128683959750944,-0.10459960427220741,-0.1526909085108327
2.0,-0.20539296157289347,0.058245606256617594,-0.21109272652930777,-0.14348217758749082,-0.15105538395677806
1.0,-0.18537624670684621,0.5900844916865885,-0.2633937989570691,-0.042273559815720854,-0.1470851044172483
-3.0,-0.20691416213687452,0.43612187716891376,-0.36251619163896154,-0.21516089274497707,-0.20845523961642806
-2.0,-0.21059695733628786,-0.013612569853932239,-0.4900739290555719,-0.2791679978802395,-0.3781373620990904
-1.0,-0.2132743065365673,0.3765378874585889,-0.28302585183625506,-0.20592186345008381,-0.16586084531186265
3.0,-0.21059695733628786,-0.013612569853932239,-0.16916916370034957,-0.07683807474298425,-0.18705618740640004
0.0,-0.2614461941624876,-0.022814031971870874,-0.16752916271761562,-0.1221909159847365,-0.11440509292509542
2.0,-0.25982904094656845,-0.29404899415386393,-0.21830512962050494,-0.2022049527243212,-0.22119045842753324
1.0,-0.24025766610126614,0.0502494681957392,-0.30382478851028627,-0.1531722379111152,-0.2524315240397564
-3.0,-0.27057030713181474,0.07717026515011777,-0.3553144714469373,-0.2857296751950296,-0.19760253988503687
-2.0,-0.26362090914954067,0.08319698783938737,-0.46792967883848263,-0.32513702458514515,-0.3130973209232435
-1.0,-0.26362090914954067,0.08319698783938737,-0.26863531820514286,-0.14016570330138248,-0.15015133806139283
3.0,-0.26362090914954067,0.08319698783938737,-0.1403817983486031,-0.09595521501319795,-0.028715823595091335
0.0,-0.23950353165249966,0.009650892143306656,-0.1548513953238891,-0.1874203635512756,-0.16980926624373893
2.0,-0.24093023988828857,-0.22497401342200654,-0.2122335563482782,-0.26175119413543646,-0.3056314058219464
1.0,-0.2458885451275944,-0.06721136283732251,-0.34236789783717475,-0.19079868303675615,-0.25540453057731377
-3.0,-0.24642234185386902,0.10034340800410835,-0.35351105461667975,-0.31896015852855053,-0.35712809372764687
-2.0,-0.24642234185386902,0.10034340800410835,-0.41731680589618997,-0.3426109998147646,-0.3941375280056409
-1.0,-0.2552503286704567,0.014046689094596235,-0.2549501835062113,-0.20626943026334768,-0.23090286568043325
3.0,-0.23950353165249966,0.009650892143306656,-0.15583789438088963,-0.19585546127171524,-0.13778573807071057
0.0,-0.2860544649324909,-0.5545863278549902,-0.12798989187102483,-0.25056010907804915,-0.2222820514078338
2.0,-0.25165004299876703,-0.3430404379981639,-0.20703507408078298,-0.2478200964716711,-0.3027342324475957
1.0,-0.2371124865406576,-0.4698815171902473,-0.34864686631276764,-0.30815984757920367,-0.3060831306712279
-3.0,-0.2669507305356792,-0.32371147017913054,-0.35351105461667975,-0.3801510699353467,-0.3637124706935534
-2.0,-0.24986394538925832,-0.44638668566808737,-0.4900739290555719,-0.47124907109164105,-0.4315875785819999
-1.0,-0.2669507305356792,-0.32371147017913054,-0.26951448634700115,-0.34234213680237363,-0.3174399579991103
3.0,-0.25165004299876703,-0.3430404379981639,-0.13269699885106928,-0.1957982556151416,-0.28179911591347695
0.0,-0.20819703192483252,-0.06650345129127914,-0.12649555449717398,-0.22815167419635746,-0.17434995357331945
2.0,-0.22905193430024776,-0.2400761200565579,-0.23194688414373013,-0.2474398469665252,-0.22700274083012892
1.0,-0.22905193430024776,-0.2400761200565579,-0.3602397734408878,-0.30980450804765297,-0.3305614311150537
-3.0,-0.2184904541910601,-0.12508839721045265,-0.36251619163896154,-0.3968971839453038,-0.3958059133410463
-2.0,-0.21254536232066623,-0.13074628586434225,-0.4900739290555719,-0.4133687610349542,-0.5519696808732858
-1.0,-0.240858856758959,-0.12578839529866695,-0.26863531820514286,-0.3149378370716217,-0.28430068476393056
3.0,-0.21519608442308386,-0.1585690874178612,-0.1361974473362002,-0.21127224836298042,-0.17747788631292186
0.0,-0.18876430840063183,-0.5257977598968586,-0.1330627234185755,-0.2000687055817863,-0.16158123336583027
2.0,-0.21703919380921868,-0.587064756578822,-0.21813243615691097,-0.22339289062903722,-0.2723221950076128
1.0,-0.22556900518116763,-0.5207150812505124,-0.34236789783717475,-0.2925468334208991,-0.25540453057731377
-3.0,-0.20559705881123835,-0.507541555244753,-0.3207006506077174,-0.3251178232948307,-0.3500210971122801
-2.0,-0.22411642446885296,-0.561339975404953,-0.3943009978727671,-0.39142961566661444,-0.35738596583082594
-1.0,-0.22556900518116763,-0.5207150812505124,-0.28263531559687055,-0.2743446170276714,-0.2881265035188301
3.0,-0.21703919380921868,-0.587064756578822,-0.16916916370034957,-0.20737678675409835,-0.23526085399470595
0.0,-0.2804860889388748,-0.5035533945201838,-0.1675573222005471,-0.20083453989839817,-0.19607286746862101
2.0,-0.2601219864189115,-0.54312891682655,-0.2065584922745106,-0.18528958991846295,-0.21775468008062865
1.0,-0.2812016965417512,-0.451695537790567,-0.3364690968453881,-0.2540638348342019,-0.2679779015886934
-3.0,-0.26335758148580785,-0.40953294678438557,-0.35258522650824387,-0.37315055978944023,-0.3341048942716024
-2.0,-0.274256817302516,-0.1968450658639107,-0.38105403895791595,-0.3523905322061215,-0.38167245246212045
-1.0,-0.26335758148580785,-0.40953294678438557,-0.25493954133087293,-0.28544718743675424,-0.27400724028465356
3.0,-0.2804860889388748,-0.5035533945201838,-0.14281753372417272,-0.1888080376226176,-0.08763040392887217
0.0,-0.28884311998057804,-1.228276458272947,-0.12798989187102483,-0.2019246994640695,-0.1949100178499813
2.0,-0.29712949479206174,-1.1968010961365763,-0.20939959847251008,-0.29506847987154755,-0.24406189388381344
1.0,-0.28498732785186526,-0.4851597566076247,-0.3215980069580134,-0.22965207360819373,-0.2893333599639793
-3.0,-0.28884311998057804,-1.228276458272947,-0.34345131597825435,-0.3957194118087713,-0.3523983644969606
-2.0,-0.27114854694239093,-0.8468940855776114,-0.41731680589618997,-0.3787973522723383,-0.39815156102798216
-1.0,-0.31629501579190333,-1.0406823355839627,-0.28302585183625506,-0.29585468858899505,-0.29961022064760245
3.0,-0.2986935848059935,-1.160042583717863,-0.16916916370034957,-0.24609911727908113,-0.20096808637412128
0.0,-0.34648604960026547,-0.04623186406595884,-0.12649555449717398,-0.2756114745581545,-0.17434995357331945
2.0,-0.39831971269968663,0.047095507435937635,-0.21109272652930777,-0.24408169847710262,-0.16790012346841524
1.0,-0.3244975649874647,0.06731821035753154,-0.30382478851028627,-0.1986680040298854,-0.2524315240397564
-3.0,-0.37695477131885285,0.10813371347017722,-0.3207006506077174,-0.3112398549965762,-0.29408038238391826
-2.0,-0.34021645051988325,-0.22285831823747282,-0.4851828301853599,-0.5100180639460312,-0.523245595890351
-1.0,-0.3481215577619154,0.012120980789704694,-0.28263531559687055,-0.2915095561085296,-0.2870350532351758
3.0,-0.37695477131885285,0.10813371347017722,-0.11549333279337276,-0.24032154578998696,-0.08219765912557764
0.0,-0.3753433891574323,-0.7768969813382258,-0.14147223167347625,-0.23075312094795472,-0.23401924159150286
2.0,-0.37812126707302035,-0.600690381194547,-0.2122335563482782,-0.30497941862182454,-0.2913789619799291
1.0,-0.3753433891574323,-0.7768969813382258,-0.3215980069580134,-0.3940895376238163,-0.3430923009198956
-3.0,-0.37815360124496006,-0.6182132878013693,-0.3553144714469373,-0.41380460617299597,-0.4348337409320319
-2.0,-0.41987071199298204,-0.6096702678504972,-0.4900739290555719,-0.5446846507393224,-0.48935095908240184
-1.0,-0.3753433891574323,-0.7768969813382258,-0.25493954133087293,-0.41298155793722074,-0.2788681522251828
3.0,-0.42773854118867516,-0.6060939608099433,-0.15583789438088963,-0.30458753846310893,-0.2678590068858606
0.0,-0.3666389197574233,-0.6336746922384451,-0.1122660024420987,-0.2583688534872959,-0.19255650989570114
2.0,-0.3666389197574233,-0.6336746922384451,-0.21830512962050494,-0.2729885761423503,-0.25459414508217043
1.0,-0.35555582917364426,-0.6501541898915945,-0.3602397734408878,-0.37619903005724337,-0.36912975244429486
-3.0,-0.3596456991408094,-0.6361870683534727,-0.3712283072310964,-0.5094822436509361,-0.42157903194073
-2.0,-0.36467042733321087,-0.5950568326147455,-0.46792967883848263,-0.5951808253556232,-0.5149061082468036
-1.0,-0.37967686579962706,-0.6277897014153294,-0.28263531559687055,-0.428996839109143,-0.41225631356955766
3.0,-0.3596456991408094,-0.6361870683534727,-0.1065975938098851,-0.24779065409824008,-0.2855020999382121
0.0,-0.3567000569035681,-0.6627511054198566,-0.15128683959750944,-0.26464899606979575,-0.2179498257243013
2.0,-0.34098163609285065,-0.41008191425257906,-0.21830512962050494,-0.20392627420541373,-0.27027346501875366
1.0,-0.3326563966219974,-0.470116964523243,-0.3364690968453881,-0.30662835722069853,-0.33393648989802893
-3.0,-0.3500645584505433,-0.40373237427584185,-0.34345131597825435,-0.44754276586620023,-0.34921636015686963
-2.0,-0.3277224563014444,-0.42433315388279524,-0.41731680589618997,-0.4441511745835379,-0.45597014440593303
-1.0,-0.3277224563014444,-0.42433315388279524,-0.26951448634700115,-0.3111893516172368,-0.3269688489280119
3.0,-0.3773177432291293,-0.5519484706847948,-0.13269699885106928,-0.31031995752378805,-0.28179911591347695
0.0,-0.2777112770958436,-0.10551917941594242,-0.12880944136789824,-0.18568279444273295,-0.19822751619719206
2.0,-0.3172109009215501,-0.4668858995780843,-0.20939959847251008,-0.31409483028511626,-0.2642805749174402
1.0,-0.2834731778094893,-0.09770878113170255,-0.30382478851028627,-0.28466750719602046,-0.30779295121392536
-3.0,-0.3050050412066509,-0.14505541101075775,-0.35258522650824387,-0.47130718027404234,-0.3341048942716024
-2.0,-0.3050050412066509,-0.14505541101075775,-0.4851828301853599,-0.476519448913979,-0.5051368686020005
-1.0,-0.32443680984105155,-0.10166786687198737,-0.2879037581658735,-0.4307606234855431,-0.3288460147505083
3.0,-0.3025910960125837,-0.1764916359266183,-0.1065975938098851,-0.22615653252431597,-0.10580610236353793
0.0,-0.2810733957250387,-0.6012519990395404,-0.12649555449717398,-0.26221013701948503,-0.27776938600385576
2.0,-0.29900617832222376,-0.4348246579210985,-0.2063731675323731,-0.23086304332308255,-0.3142811279163772
1.0,-0.2810733957250387,-0.6012519990395404,-0.3381912258757764,-0.3423988211994674,-0.3435652234643785
-3.0,-0.2949650017409368,-0.7143785496448185,-0.3553144714469373,-0.4874843367029949,-0.45172813259628947
-2.0,-0.340674220758852,-0.6250363996047835,-0.38105403895791595,-0.46055775350094075,-0.46490812003901905
-1.0,-0.29900617832222376,-0.4348246579210985,-0.26951448634700115,-0.35930123393110425,-0.4309147832795501
3.0,-0.3139020125862826,-0.592265941812642,-0.14281753372417272,-0.22179255595035868,-0.28239174123303057
0.0,-0.29828534926284056,-0.6178330454768279,-0.14147223167347625,-0.2341979826667046,-0.23067587330418488
2.0,-0.27092851664291356,-0.3120600827325501,-0.2122335563482782,-0.1754838591752288,-0.20329958180299956
1.0,-0.2661711800062857,-0.40585040363144353,-0.3602397734408878,-0.2693503112910301,-0.31547771094126603
-3.0,-0.29828534926284056,-0.6178330454768279,-0.35258522650824387,-0.39163209451079967,-0.4146769705589145
-2.0,-0.26413625685752484,-0.533417227290424,-0.46792967883848263,-0.5442576922922434,-0.3466897590761698
-1.0,-0.2875596482261063,-0.4544286959016886,-0.2730920753393836,-0.25578925134636016,-0.2862980336965537
3.0,-0.2661711800062857,-0.40585040363144353,-0.12245498845782493,-0.17219754168257942,-0.11968398830388906
0.0,-0.2730152979226327,-0.12383933024886062,-0.16752916271761562,-0.17522712324626138,-0.19476611785221953
2.0,-0.2730152979226327,-0.12383933024886062,-0.20939959847251008,-0.16966468791208952,-0.22039464337400091
1.0,-0.21440473229292187,0.12930848244736265,-0.3602397734408878,-0.20419174961751127,-0.23606114904065015
-3.0,-0.24545449179063647,-0.191559484972174,-0.3712283072310964,-0.2720107192484347,-0.34087960493616176
-2.0,-0.28449766263854903,0.07386313509881892,-0.41731680589618997,-0.22989450368571115,-0.25160667144914134
-1.0,-0.2655427656146421,0.009102253779210099,-0.26863531820514286,-0.2521497393945377,-0.2656602783327965
3.0,-0.2736192846011276,0.036790294957798515,-0.14281753372417272,-0.1629974096787022,-0.13491797837663286
0.0,-0.6046900530003867,-0.8357830308004055,-0.1675573222005471,-0.44837419140395807,-0.2558115564407278
2.0,-0.6330651583537489,-0.9394032059222844,-0.2122335563482782,-0.5201333480085882,-0.4663024381833504
1.0,-0.5831969804163375,-0.9305152601627777,-0.3215980069580134,-0.4519942271726002,-0.3518840745692071
-3.0,-0.5669631395480911,-0.7364220844533137,-0.35351105461667975,-0.4475152562654633,-0.4672496849408214
-2.0,-0.5998433123796,-0.4657500735533557,-0.3943009978727671,-0.5308185329350158,-0.4192257912460905
-1.0,-0.6062742796868364,-0.7368403409654483,-0.26534320472257894,-0.47810952511759747,-0.4247866218463845
3.0,-0.5761226223272753,-0.6959075753480007,-0.11549333279337276,-0.35980936408983033,-0.20927290220264544
0.0,-0.4207476186514353,0.26646719602131264,-0.12880944136789824,-0.12237634622478201,-0.1436090364929596
2.0,-0.39292064090311934,0.3492727188675763,-0.2063731675323731,-0.019499566055391715,-0.03241683808636896
1.0,-0.4112967583011076,0.3285699469224947,-0.32411589439165,-0.18113910498809987,-0.20684380799099977
-3.0,-0.4207476186514353,0.26646719602131264,-0.3553144714469373,-0.34710996462977844,-0.3461138444996641
-2.0,-0.4147518923549015,0.6720493131164947,-0.4900739290555719,-0.3603654745129508,-0.2997846120782157
-1.0,-0.4147518923549015,0.6720493131164947,-0.2730920753393836,-0.10043024728702316,-0.18109448701517816
3.0,-0.4259203986838426,0.08675359974010816,-0.15583789438088963,-0.16559738712940902,-0.13085270635343535
0.0,-0.33292869139853215,-0.7623567274061844,-0.1548513953238891,-0.29102317569988073,-0.2135035151601491
2.0,-0.3600238472500752,-0.8685437233648469,-0.23194688414373013,-0.30138449425682673,-0.2740053725699983
1.0,-0.29897219795111823,-0.055455791564526666,-0.30382478851028627,-0.21998738935206194,-0.30779295121392536
-3.0,-0.33146897109630374,-0.7774175206308827,-0.36251619163896154,-0.3798470030186224,-0.39384432901031563
-2.0,-0.33983771437653326,-1.113170366968189,-0.4851828301853599,-0.5039993354846608,-0.5134871043526937
-1.0,-0.33292869139853215,-0.7623567274061844,-0.26534320472257894,-0.3454927032079289,-0.2978181101611107
3.0,-0.29897219795111823,-0.055455791564526666,-0.1361974473362002,-0.23163988731700585,-0.21635656797216113
0.0,-0.38174731904287096,-0.15293732513301306,-0.1675573222005471,-0.23198213909380316,-0.2651243221804512
2.0,-0.4140831100069281,-0.20241076758730897,-0.23194688414373013,-0.26726212658754683,-0.2740053725699983
1.0,-0.3812056861040837,-0.1877744089235266,-0.352534356823678,-0.35558743565300993,-0.3743645626553548
-3.0,-0.38645971239117427,-0.22303693321124984,-0.36085602167269065,-0.3739029289039093,-0.4157256625043979
-2.0,-0.36605904334381795,-0.07382707199161233,-0.41731680589618997,-0.47287109683826967,-0.5771705880429249
-1.0,-0.40668066260041597,-0.211348035755938,-0.2879037581658735,-0.3784914029158214,-0.35868155009620384
3.0,-0.4140831100069281,-0.20241076758730897,-0.12245498845782493,-0.22304557441814155,-0.23162202289018263
0.0,-0.272209224176895,-0.6074214562683803,-0.1330627234185755,-0.21408588393022573,-0.15924977676891897
2.0,-0.2448898261697082,-0.13212994936570402,-0.21830512962050494,-0.17361877298791423,-0.20019654641405946
1.0,-0.24336689741159026,-0.4969125324771733,-0.3364690968453881,-0.23154935195550178,-0.2749109333059686
-3.0,-0.24263602257270198,-0.31580954621682694,-0.35258522650824387,-0.3249514855059813,-0.3341048942716024
-2.0,-0.2643568129698253,-0.3203895593678279,-0.43803240179402325,-0.31958966700826974,-0.38240279443409375
-1.0,-0.2758763624700343,-0.6207329964325098,-0.2730920753393836,-0.27193335211659186,-0.2994473239069174
3.0,-0.24263602257270198,-0.31580954621682694,-0.13269699885106928,-0.1619128666083725,-0.1834087078166565
0.0,-0.3019930454465831,-0.628855387278135,-0.15128683959750944,-0.25734397467601317,-0.2279167884514763
2.0,-0.2937317603430608,-0.43940751480216134,-0.21830512962050494,-0.2590969896795246,-0.23113066514594882
1.0,-0.2859092175175434,-0.7060635279644979,-0.34236789783717475,-0.31224802175259525,-0.36993649537431783
-3.0,-0.2902922380823368,-0.4025166029787216,-0.3207006506077174,-0.3564189974225465,-0.32508492328393335
-2.0,-0.2937317603430608,-0.43940751480216134,-0.38105403895791595,-0.34322156043405944,-0.3841733505094831
-1.0,-0.2902922380823368,-0.4025166029787216,-0.2549501835062113,-0.32333471142547215,-0.2952168343131012
3.0,-0.284532851437759,-0.7228755527380822,-0.15583789438088963,-0.30247954136383076,-0.24193709643491737
0.0,-0.3286775624072602,-0.5806341429393272,-0.1330627234185755,-0.27385183834350074,-0.20099726723782993
2.0,-0.37104425558211757,-0.7548870029537914,-0.23194688414373013,-0.2722346429206041,-0.25573644900354336
1.0,-0.3539598199412549,-0.5055281817125672,-0.34864686631276764,-0.30092811947111414,-0.35259576185626446
-3.0,-0.34569346587834604,-0.7574939516730498,-0.3712283072310964,-0.38847474657777425,-0.3839723940208343
-2.0,-0.34181720141174854,-0.5366560388253078,-0.4900739290555719,-0.37881525350669465,-0.4638466431399636
-1.0,-0.37104425558211757,-0.7548870029537914,-0.28302585183625506,-0.34203638912072704,-0.3709445954800142
3.0,-0.34181720141174854,-0.5366560388253078,-0.16916916370034957,-0.19437839316077823,-0.2313524395870468
0.0,-0.38188761143466604,-0.3756878017446413,-0.1330627234185755,-0.25076611872509186,-0.22458585448809565
2.0,-0.41614733300112844,-0.23458961192707797,-0.2122335563482782,-0.2506080445830902,-0.3094140125915609
1.0,-0.42106824359540507,-0.402660464401465,-0.3602397734408878,-0.31871504590126143,-0.36912975244429486
-3.0,-0.40879245451818386,-0.2528796997871179,-0.3207006506077174,-0.38071923703003285,-0.27886778034028736
-2.0,-0.42106824359540507,-0.402660464401465,-0.3943009978727671,-0.48959116448770973,-0.3730366534432168
-1.0,-0.42106824359540507,-0.402660464401465,-0.28302585183625506,-0.3634161186590686,-0.38058699057397744
3.0,-0.41614733300112844,-0.23458961192707797,-0.1065975938098851,-0.23422505095545498,-0.2990627020258399
0.0,-0.3258987375629894,-0.5078759106374504,-0.1122660024420987,-0.24822552381236598,-0.21316897719400105
2.0,-0.353557872864095,-0.4048556703174248,-0.20703507408078298,-0.28078928097104927,-0.26510484646814036
1.0,-0.3169320056545727,-0.3059779305308539,-0.34236789783717475,-0.31410252264553035,-0.3684312956029147
-3.0,-0.3169320056545727,-0.3059779305308539,-0.35116655067024144,-0.40538601625212745,-0.45128197137121345
-2.0,-0.323887900924355,-0.42474505644082927,-0.41731680589618997,-0.46977197578301255,-0.5771705880429249
-1.0,-0.3570053675183223,-0.3353442285705123,-0.2549501835062113,-0.3602238907601818,-0.5090582355386241
3.0,-0.3258987375629894,-0.5078759106374504,-0.1426039203508528,-0.2414232801732707,-0.2874676500811406
0.0,-0.2632941023448808,-0.1654983273571143,-0.12798989187102483,-0.19853666129932335,-0.17926756197967425
2.0,-0.2632941023448808,-0.1654983273571143,-0.2065584922745106,-0.20832042324773298,-0.22425345149765052
1.0,-0.29795577879157187,-0.39242780327362775,-0.3602397734408878,-0.3158172130922738,-0.32847454407943577
-3.0,-0.28729672300963377,-0.33504721603176174,-0.35116655067024144,-0.3433059999646927,-0.40991204591385577
-2.0,-0.3231441743160195,-0.5351276274348088,-0.4900739290555719,-0.5088707877192784,-0.5529474894426966
-1.0,-0.3015902546921021,-0.32074359657536855,-0.2502688109372794,-0.29272242097763745,-0.2760173331598467
3.0,-0.2857330411038071,-0.3296122504235606,-0.15583789438088963,-0.20912967893158368,-0.2042321903064951
0.0,-0.3137705115209446,-0.5374522788662762,-0.1675573222005471,-0.3005599637658283,-0.2595077275195075
2.0,-0.3336322359678384,-0.3048171223511985,-0.2122335563482782,-0.25654940039547525,-0.2041973631716126
1.0,-0.2869545983670639,-0.4670246604773987,-0.32411589439165,-0.29926421285772276,-0.31057496791866196
-3.0,-0.3336322359678384,-0.3048171223511985,-0.3712283072310964,-0.4111920296701674,-0.34662322536351614
-2.0,-0.31209953661291556,-0.38022673101585236,-0.3943009978727671,-0.4120780507541844,-0.42788435146827336
-1.0,-0.31209953661291556,-0.38022673101585236,-0.28302585183625506,-0.35518954719650336,-0.3169944520756819
3.0,-0.3336322359678384,-0.3048171223511985,-0.1065975938098851,-0.2536947964139798,-0.11572954737742445
0.0,-0.4689742159394699,-0.15422449095601193,-0.1675573222005471,-0.11150325573824717,-0.19683511772283027
2.0,-0.4482065082645199,-0.15372017243454686,-0.21109272652930777,-0.177699445854158,-0.1916748116053418
1.0,-0.42581981569339483,0.014049861726032009,-0.352534356823678,-0.20200735105602535,-0.3386294586837211
-3.0,-0.44934415959129903,0.0031576798753134385,-0.36251619163896154,-0.3085415167079468,-0.3779029662725448
-2.0,-0.4689742159394699,-0.15422449095601193,-0.43803240179402325,-0.19757728901394375,-0.3785383980860361
-1.0,-0.42581981569339483,0.014049861726032009,-0.2730920753393836,-0.23311781354680633,-0.2932089246030748
3.0,-0.4482065082645199,-0.15372017243454686,-0.15583789438088963,-0.1772576933243346,-0.13085270635343535
0.0,-0.4202669456291397,-0.07050222222746724,-0.14147223167347625,-0.14328088043419007,-0.1709740857307368
2.0,-0.4202669456291397,-0.07050222222746724,-0.20703507408078298,-0.14805941143629361,-0.2532270780673183
1.0,-0.42451744984734335,-0.17157147792675553,-0.3381912258757764,-0.15581997498405026,-0.2493626466608614
-3.0,-0.42451744984734335,-0.17157147792675553,-0.3712283072310964,-0.34263493861934347,-0.34087960493616176
-2.0,-0.3992691312532953,-0.04595583196525791,-0.43803240179402325,-0.28839330050240664,-0.3575307771865766
-1.0,-0.41667958514114045,-0.06446105069671519,-0.26863531820514286,-0.24233812744204686,-0.2656602783327965
3.0,-0.37095079432030503,-0.0557283678958553,-0.12245498845782493,-0.15163226118476497,-0.04816018458045394
1.0,-0.38152978684506195,-0.019313511207018803,-0.1701274119758638,-0.18729796620752862,-0.22404573466119873
-3.0,-0.3525662231320834,-0.135380174157543,-0.17167575908189794,-0.32932338242183795,-0.1729585015053994
0.0,-0.3730322964912857,-0.2667694069764051,-0.1745526523427411,-0.2544353600548822,-0.22138927542775622
1.0,-0.3730322964912857,-0.2667694069764051,-0.19978300904156476,-0.2516863531229323,-0.27581032063350924
2.0,-0.38152978684506195,-0.019313511207018803,-0.10932906092113669,-0.187370504319196,-0.20064518162029826
-1.0,-0.3525662231320834,-0.135380174157543,-0.22395930892780516,-0.28946981528564436,-0.20741458840506827
1.0,-0.32222658099730117,0.04276004448199536,-0.14145055451720667,-0.09452446515182286,-0.15133290561506635
-3.0,-0.32222658099730117,0.04276004448199536,-0.17945626803173562,-0.1786436721608859,-0.09948822586413048
0.0,-0.2714844835447417,0.20396023721914097,-0.16242233753505192,-0.10300783194635658,-0.17392764562489846
1.0,-0.31605832798505135,-0.13709585209078615,-0.18456992066866465,-0.11751485819268123,-0.09680685482384264
2.0,-0.31095964481983873,-0.12247394618111698,-0.09774501574101802,-0.15432525760720542,-0.07071855426849226
-1.0,-0.31605832798505135,-0.13709585209078615,-0.20322188963898344,-0.16025722263555306,-0.15432141545753655
1.0,-0.2270649335610391,-0.08566441736821089,-0.1701274119758638,-0.1674413742279122,-0.13013099529539293
-1.0,-0.2374590250890617,-0.06287440776182252,-0.15390943239916838,-0.1856302783382105,-0.14775837981942316
0.0,-0.23808816916013156,0.06637155712565364,-0.17822806640001365,-0.14059640420213923,-0.17105856389227997
1.0,-0.23808816916013156,0.06637155712565364,-0.2162102978114624,-0.14059640420213923,-0.17030004089617887
2.0,-0.20138109107591232,-0.019517431862263956,-0.06226876235305175,-0.14545999006823293,-0.10559174560921417
-1.0,-0.22737178489400983,-0.19934984005640471,-0.19648036045092065,-0.20783902980532895,-0.1629909736646752
1.0,-0.1584150101652901,-0.26760439006913683,-0.15819822555981197,-0.16855977900990765,-0.1561160956978411
-3.0,-0.17016059088341362,0.11291470303438082,-0.15591208929688025,-0.24634509421669798,-0.08399021745582622
0.0,-0.17261107910422163,-0.13206773302570246,-0.17374437306216783,-0.18262399776112392,-0.15885904858069963
1.0,-0.1468969848960289,0.15355454273538255,-0.21790214505391928,-0.10532212543788136,-0.12267082055176856
2.0,-0.18621427915521116,0.003939715650095721,-0.09621890612292558,-0.14104382447217753,-0.11327233468890449
-1.0,-0.16498880886068112,0.12474625779713253,-0.20322188963898344,-0.19310581207819433,-0.13865739682367267
1.0,-0.2109237276182769,0.5842121426717874,-0.14394455868685183,-0.08477509093673966,-0.07429998747420863
-1.0,-0.15998389500387403,0.7109818351372275,-0.16774879275448346,-0.1225109100830396,-0.12289705480801372
0.0,-0.20479977753755557,0.9141342622589184,-0.1453509588450037,-0.059486009203035525,-0.09691109906913024
1.0,-0.19339131202846954,-0.00869549681134117,-0.2162102978114624,-0.11930264245329321,-0.1729987252868604
2.0,-0.19585291253493703,0.7853426111538053,-0.06226876235305175,-0.025619634559219333,-0.09960563897891181
-1.0,-0.20479977753755557,0.9141342622589184,-0.21665409648119408,-0.15996393905668452,-0.13446174430576283
1.0,-0.25322046858048947,-0.021004802107086423,-0.14972626872231184,-0.12791986830253527,-0.1763733347020556
-3.0,-0.2621374258988096,0.042684562159390496,-0.1600899509958609,-0.18489452089877967,-0.05576168978521517
0.0,-0.25322046858048947,-0.021004802107086423,-0.16242233753505192,-0.12090833047329463,-0.17392764562489846
1.0,-0.2621374258988096,0.042684562159390496,-0.20333320613640998,-0.11400724153952219,-0.09257013831138243
2.0,-0.25322046858048947,-0.021004802107086423,-0.06226876235305175,-0.08493137873759529,-0.11809476800384186
-1.0,-0.27045322153813267,0.08631516578133862,-0.22395930892780516,-0.1327054734942754,-0.1596502327802903
1.0,-0.24784134035843602,-0.40146690398754303,-0.15795654508518175,-0.14892420635852252,-0.16323857233767852
-1.0,-0.2546512726164195,-0.3056737089202733,-0.14393398018112663,-0.1955645046996607,-0.17658315061927293
0.0,-0.24784134035843602,-0.40146690398754303,-0.1745526523427411,-0.1473149941485369,-0.19064166373672406
1.0,-0.25151583363868363,-0.29532122466871924,-0.19324008577879306,-0.17642095845585742,-0.13489185980591742
2.0,-0.2569702262902588,-0.3608485648743879,-0.09871558973513721,-0.19038503207898141,-0.150013723125027
-1.0,-0.25151583363868363,-0.29532122466871924,-0.22395930892780516,-0.2301812740789465,-0.17989716083072257
1.0,-0.38558762611405833,-0.20283528666434525,-0.14145055451720667,-0.18963393026207573,-0.1803160584259911
-1.0,-0.3873678019999257,-0.36323013046671215,-0.16570593281525814,-0.30021595306049337,-0.23154049141031552
0.0,-0.37359082248528724,-0.2878703044128194,-0.15084629961580162,-0.22749103311295416,-0.19805664477059987
1.0,-0.4021211547881654,-0.306790953056549,-0.20333320613640998,-0.2320496214662719,-0.19046227197419338
2.0,-0.37701989853140444,-0.255958214049872,-0.09269727772394101,-0.14544580780488067,-0.15392193446172858
-1.0,-0.3873678019999257,-0.36323013046671215,-0.21145695153612415,-0.30021595306049337,-0.24632268079020112
1.0,-0.3574332942421837,-0.16210507457781026,-0.15819822555981197,-0.17285534902745597,-0.1561160956978411
-1.0,-0.3574332942421837,-0.16210507457781026,-0.2001242402493911,-0.18346240816650092,-0.17029447243885318
0.0,-0.35689910399840824,-0.0062287106593623244,-0.1745526523427411,-0.162789424325419,-0.16584367025080385
1.0,-0.3574332942421837,-0.16210507457781026,-0.19324008577879306,-0.17040716227232972,-0.17111956648231325
2.0,-0.36094128508366224,-0.03721666788443858,-0.09871558973513721,-0.1757688929871483,-0.10488051307190337
-1.0,-0.3574332942421837,-0.16210507457781026,-0.22395930892780516,-0.1989904540818899,-0.1614826168800295
1.0,-0.37795419888184806,-0.40031636009217664,-0.14145055451720667,-0.23638889948527744,-0.24863832038442416
-3.0,-0.350836238878692,-0.5080391641024724,-0.1673928399373999,-0.3144483785723023,-0.30711071877886176
0.0,-0.38556416535762256,-0.594161521999258,-0.1453509588450037,-0.27753856575281005,-0.16131712884802488
1.0,-0.38556416535762256,-0.594161521999258,-0.20333320613640998,-0.27753856575281005,-0.21341635524160912
2.0,-0.36656888305594226,-0.4662779788283194,-0.06226876235305175,-0.1886101470369482,-0.17010748164336742
-1.0,-0.36819882209730265,-0.5157198665627416,-0.20730962417015827,-0.2874547869658548,-0.30637086619811094
1.0,-0.35789049095274533,-0.33883177857837493,-0.14394455868685183,-0.23202247141877197,-0.2022596294127615
-1.0,-0.3708348535633269,-0.22257640294830158,-0.16046541502317582,-0.3478825286150826,-0.23397559538809287
0.0,-0.35789049095274533,-0.33883177857837493,-0.17374437306216783,-0.2300174544791263,-0.20704005513895699
1.0,-0.36048278104672987,-0.19810509185062383,-0.21790214505391928,-0.21599166832350675,-0.24479822515557093
2.0,-0.3655360887861813,-0.3702030620680098,-0.07660216889031092,-0.18650720933882953,-0.11986107236657685
-1.0,-0.3733688668693275,-0.3543690193812883,-0.20322188963898344,-0.37173175899345917,-0.258606171879576
1.0,-0.28054510959123036,-0.3706758640338032,-0.1701274119758638,-0.28860497129604057,-0.2985247102007284
-1.0,-0.28054510959123036,-0.3706758640338032,-0.16046541502317582,-0.33474135648817493,-0.2774583057949415
0.0,-0.26893445453324616,-0.038562297087075856,-0.16242233753505192,-0.246503782872547,-0.12370036504805297
1.0,-0.28085626472186004,0.1346712474157396,-0.2162102978114624,-0.19559054284819097,-0.1638772910589077
2.0,-0.24643647257858792,0.04222977632872551,-0.09774501574101802,-0.17463502656096513,-0.1411910931046572
-1.0,-0.28054510959123036,-0.3706758640338032,-0.20730962417015827,-0.37874689705130654,-0.3044092818673803
1.0,-0.28298322918298063,-0.34666639004882155,-0.14145055451720667,-0.22263647678078027,-0.18832948847141553
-3.0,-0.27247888050780517,-0.26034374424313705,-0.15591208929688025,-0.2569230611727769,-0.24716758198480468
0.0,-0.2515619245675819,-0.20240599814917326,-0.1453509588450037,-0.19067533198162329,-0.16131712884802488
1.0,-0.26288323637272004,-0.34598226254622877,-0.18456992066866465,-0.21169293249212856,-0.19011807447272538
2.0,-0.26288323637272004,-0.34598226254622877,-0.09259503692255279,-0.20190917054371893,-0.15854748275257768
-1.0,-0.28298322918298063,-0.34666639004882155,-0.17237368904014422,-0.257486746734452,-0.22764419018187124
1.0,-0.14073660725167436,0.042318773770419774,-0.14523603314841818,-0.20047150311752754,-0.22098731620433681
-1.0,-0.14812511699290543,0.018770787917449572,-0.15750214055353545,-0.15972307470999492,-0.15358688263461368
0.0,-0.10439361406611276,0.20106132177136776,-0.16242233753505192,-0.1970025328397779,-0.1614246232302707
1.0,-0.12882184334708138,0.4256862348400235,-0.19324008577879306,-0.14799857664500923,-0.14051927954136934
2.0,-0.12882184334708138,0.4256862348400235,-0.07660216889031092,-0.1500157396109904,-0.06667755901828176
-1.0,-0.14073660725167436,0.042318773770419774,-0.22262695408414085,-0.19059065211884377,-0.19999098610187654
1.0,-0.11637691006755983,0.542069757634242,-0.14523603314841818,-0.07461578251795685,-0.04023787922437363
-3.0,-0.11637691006755983,0.542069757634242,-0.1679304644826523,-0.07916755584708561,-0.10862152528788724
0.0,-0.10595843066787777,0.10151124594812946,-0.17374437306216783,-0.14457238855553634,-0.12377585945061212
1.0,-0.12047495216948081,-0.1457773547549975,-0.1969771904256909,-0.13670739925578168,-0.08790633037256718
2.0,-0.08105269277504905,0.40813487140522436,-0.10932906092113669,-0.0705152211367084,-0.1279767520629375
-1.0,-0.08105269277504905,0.40813487140522436,-0.20730962417015827,-0.08520120656453231,-0.2012564786666485
1.0,-0.16075676009818224,0.3084544207644001,-0.15795654508518175,-0.09138956991359222,-0.007479389660573396
-1.0,-0.14022706628690138,0.30734295321058863,-0.16774879275448346,-0.03470560187432555,-0.13169387827676043
0.0,-0.14298607038129227,0.25356502595310276,-0.17822806640001365,-0.09634354995316849,-0.0358865940530232
1.0,-0.14298607038129227,0.25356502595310276,-0.2162102978114624,-0.09634354995316849,-0.019564089454934038
2.0,-0.09893062569456508,0.5061941567036279,-0.10932906092113669,-0.060006052522841156,-0.1279767520629375
-1.0,-0.12358632951007045,0.5097048136685153,-0.2040500073467949,-0.078816232344904,-0.15326635702654445
1.0,-0.24696577742363435,-0.555468147407378,-0.14972626872231184,-0.17155127996239616,-0.1639907140882403
-1.0,-0.19815724555666095,-0.4808077485470729,-0.13516762464084028,-0.13897865272817017,-0.13573812292601753
0.0,-0.1801539388532956,-0.529049045036132,-0.15084629961580162,-0.10005357262985633,-0.08021938572223206
1.0,-0.17432443172813142,-0.2725085251664663,-0.19324008577879306,-0.11261628070093406,-0.17111956648231325
2.0,-0.17432443172813142,-0.2725085251664663,-0.07660216889031092,-0.08280492185198145,-0.08655683255681532
-1.0,-0.21821302266348813,-0.436046859703534,-0.19648036045092065,-0.2417790260332001,-0.10573908772803374
1.0,-0.14792175559949988,-0.4669129556308219,-0.14145055451720667,-0.24791121972194874,-0.1803160584259911
-1.0,-0.17188003435498492,-0.6081878776151449,-0.1809089429606631,-0.24208473004947811,-0.2540307080840829
0.0,-0.1620298960232569,-0.4290539564536616,-0.16338731786005606,-0.2384872789938074,-0.13268745125866788
1.0,-0.14792175559949988,-0.4669129556308219,-0.2162102978114624,-0.2588675828618967,-0.20198187809778514
2.0,-0.1511209908993928,-0.6161878008457309,-0.06226876235305175,-0.2092959785609937,-0.11039885012797253
-1.0,-0.1620298960232569,-0.4290539564536616,-0.20730962417015827,-0.2694860807458517,-0.18881697457236254
1.0,-0.17513186873101635,0.026628091679191623,-0.14523603314841818,-0.12164076241723872,-0.066558312822311
-3.0,-0.15331917993509725,-0.35393954957869855,-0.14794881973613305,-0.16096495878257547,-0.24735852654375975
0.0,-0.17302225420247927,-0.055835782063445014,-0.16868258533131897,-0.12168015648325566,-0.16681001365526327
1.0,-0.15331917993509725,-0.35393954957869855,-0.22196611093581195,-0.17275481544496538,-0.20904362523694073
2.0,-0.15331917993509725,-0.35393954957869855,-0.06226876235305175,-0.1469133800966279,-0.12778618638757722
-1.0,-0.15331917993509725,-0.35393954957869855,-0.23508295811912858,-0.1976237529488961,-0.25164318316130674
1.0,-0.22398954941095048,-0.21368933225111775,-0.15795654508518175,-0.14244492736048675,-0.1672444471114613
-1.0,-0.17556940648671926,0.2516221138308088,-0.15390943239916838,-0.1729786048961523,-0.13580636411862923
0.0,-0.21160143450376395,0.10714185482752152,-0.16868258533131897,-0.17607696593385877,-0.13916344112230145
1.0,-0.17556940648671926,0.2516221138308088,-0.18456992066866465,-0.1522666018053072,-0.06953205444537017
2.0,-0.17703544218727676,-0.020705470013782597,-0.0999547862161445,-0.1438006745861927,-0.12157294447765202
-1.0,-0.2099501833589445,0.015122374662730203,-0.22262695408414085,-0.2215649821509522,-0.20710814064536076
1.0,-0.18510193643283437,-0.3556717978999411,-0.14394455868685183,-0.14473209632149317,-0.08751610504006271
-3.0,-0.21997497726317392,-0.13467005731252668,-0.15275109418886662,-0.13903590018858297,-0.01476591400730882
0.0,-0.1871719466677718,-0.01891296902070133,-0.16338731786005606,-0.11907401355568309,-0.1476050779652815
1.0,-0.18510193643283437,-0.3556717978999411,-0.2128613513014165,-0.1427270793818475,-0.1031282270853835
2.0,-0.17850059390740533,-0.005687923771587511,-0.09621890612292558,-0.06096874518019622,-0.06871054469802437
-1.0,-0.1871719466677718,-0.01891296902070133,-0.20730962417015827,-0.14843703317259796,-0.20976216799519343
1.0,-0.22604067008966192,-1.038186189880546,-0.14394455868685183,-0.18255744025518708,-0.1597615502190712
-3.0,-0.21829135209298595,-1.0596132204424291,-0.17167575908189794,-0.26150017284358096,-0.15236854749754675
0.0,-0.24476948306428842,-1.05405097651177,-0.165980115228516,-0.13960112390400037,-0.16047932864124154
1.0,-0.24476948306428842,-1.05405097651177,-0.1969771904256909,-0.13960112390400037,-0.15906768695475762
2.0,-0.21748567885729267,-0.9464784421447083,-0.10932906092113669,-0.15772086294855026,-0.10863344557531715
-1.0,-0.20041364010138937,-0.1949580647726073,-0.17237368904014422,-0.18011307143915198,-0.1752198263903487
1.0,-0.0857404667117516,-0.21697125146187918,-0.14854065393575863,-0.20275639229088308,-0.2176037992684629
-1.0,-0.0857404667117516,-0.21697125146187918,-0.15390943239916838,-0.2643313038297576,-0.2692515125422708
0.0,-0.10298816842082638,-0.14814327689756424,-0.1745526523427411,-0.17714599726794655,-0.19431258773053953
1.0,-0.10572182205107189,-0.20975486085436118,-0.21790214505391928,-0.18866240606494836,-0.20220929511346908
2.0,-0.10298816842082638,-0.14814327689756424,-0.07351202616014542,-0.12835034774479487,-0.06139000675892642
-1.0,-0.09494275172287833,-0.16833975696329934,-0.20730962417015827,-0.2361275068563344,-0.2625152620593629
1.0,-0.04026532044872983,0.20885453686297759,-0.15795654508518175,-0.011174067113659343,-0.15596924235578968
-1.0,-0.055530984361811246,0.40016103013038395,-0.13516762464084028,-0.010081052507765535,-0.024281050241624018
0.0,-0.05838087044520156,0.23004952460187664,-0.16242233753505192,-0.021130087385053807,-0.1439205620771756
1.0,-0.055530984361811246,0.40016103013038395,-0.2162102978114624,-0.005287011348125589,-0.012515682965973423
2.0,-0.055530984361811246,0.40016103013038395,-0.0999547862161445,-0.009673648749652253,0.03895087264143798
-1.0,-0.07597540863408545,0.1864991395833691,-0.22395930892780516,-0.1295161800879566,-0.0879953255271927
1.0,-0.07995873933882634,0.012428882987779999,-0.14394455868685183,-0.11269384223992238,-0.14728285902605376
-3.0,-0.07763806588636855,0.07304727210558196,-0.14794881973613305,-0.05881492238470377,-0.1491175489509268
0.0,-0.06001826744306893,0.048679925039424886,-0.15084629961580162,-0.13496172247126353,-0.09856998374364029
1.0,-0.0758160722736744,-0.1892835197129048,-0.19324008577879306,-0.14222934134820697,-0.15696922765290808
2.0,-0.07252276390580413,0.06374582586922506,-0.09774501574101802,-0.06279305615985427,-0.10529515447381475
-1.0,-0.07252276390580413,0.06374582586922506,-0.21665409648119408,-0.10833809086889262,-0.18903271632514848
1.0,-0.0775623859813265,-0.006121846778311629,-0.15819822555981197,-0.01677256468076893,-0.00015927860107928048
-1.0,-0.05513108813203649,-0.06944365451948341,-0.1476431447735185,-0.03369930988457206,-0.1793893805572004
0.0,-0.03985697277460425,-0.10126647640195738,-0.1745526523427411,0.009867975791693764,-0.1735946442379115
1.0,-0.0417489661258096,-0.09432025486804178,-0.1969771904256909,0.01611762815805238,-0.14993399379845418
2.0,-0.05513108813203649,-0.06944365451948341,-0.06226876235305175,0.025843956436406475,-0.11809476800384186
-1.0,-0.0800533681443253,-0.022731155030804428,-0.22262695408414085,-0.07888277746206136,-0.15729794338230368
1.0,-0.04617391024004894,0.05488100714938775,-0.14854065393575863,-0.05451105104737032,-0.2564376750611004
-3.0,-0.05151513585656593,0.029783685481250773,-0.1600899509958609,-0.10780099838104867,-0.0827491247201139
0.0,-0.05151513585656593,0.029783685481250773,-0.1453509588450037,-0.06634870974741013,-0.11870277898659036
1.0,-0.08224976748293289,-0.037357012004513086,-0.21790214505391928,-0.04513763468469957,-0.09241422012431037
2.0,-0.07737308623139984,-0.11939408329394288,-0.09269727772394101,-0.12639302436406735,-0.09981995807835797
-1.0,-0.05056375570080851,0.006610888672957016,-0.17237368904014422,-0.06879064762702786,-0.08642409180840412
1.0,-0.07792162038106011,-0.3688509576789721,-0.14523603314841818,-0.12062433050473455,-0.04023787922437363
-3.0,-0.07792162038106011,-0.3688509576789721,-0.1679304644826523,-0.10762931586183987,-0.10862152528788724
0.0,-0.0464234861340021,-0.35427680655112154,-0.16242233753505192,-0.10560103578577443,-0.17392764562489846
1.0,-0.02539151550902814,-0.12085409720141382,-0.19978300904156476,-0.05504085124154816,-0.17431932978391693
2.0,-0.020184545024619055,-0.2666574761272892,-0.09259503692255279,-0.07606102476046486,0.04354745357836993
-1.0,-0.03043420196036902,-0.5473024979324151,-0.20730962417015827,-0.18524210659395138,-0.20976216799519343
1.0,-0.09433967641793074,0.0495519870773097,-0.15795654508518175,-0.11573083782969444,-0.044451874343974775
-1.0,-0.09433967641793074,0.0495519870773097,-0.15750214055353545,-0.1586828570218811,-0.04363059845326573
0.0,-0.09775242348508177,-0.014065376654874128,-0.17822806640001365,-0.12563256319891203,-0.11977574254775318
1.0,-0.0888595693638665,0.1238294402550713,-0.20243311856368557,-0.13335320648064686,-0.06408128234049164
2.0,-0.08695622018644109,0.09685572812634881,-0.09621890612292558,-0.11220912560334793,-0.11327233468890449
-1.0,-0.08241993449213175,0.0017881262170172441,-0.22395930892780516,-0.17251120327538544,-0.1596502327802903
1.0,-0.16977219865762147,0.05422604526029605,-0.14854065393575863,-0.07525963611448716,-0.08472320288904567
-1.0,-0.18266792894862519,0.13151048729219644,-0.16046541502317582,-0.12723797437710654,-0.13000826203718027
0.0,-0.18851246749539793,-0.10826619072333657,-0.16242233753505192,-0.1467181388839933,-0.17392764562489846
1.0,-0.19368149993782893,0.12625918625126487,-0.19978300904156476,-0.12414127308841036,-0.13110315515005488
2.0,-0.18266792894862519,0.13151048729219644,-0.10932906092113669,-0.12349288044546092,-0.09591104847018604
-1.0,-0.15482108627021846,-0.0046825062028793855,-0.22395930892780516,-0.15876701397451307,-0.1596502327802903
1.0,-0.21093848672558083,0.030339383075552527,-0.1701274119758638,-0.10822909151482907,-0.13468282324099673
-3.0,-0.19957856210688224,-0.01035241271051146,-0.14794881973613305,-0.08636488413896158,-0.1491175489509268
0.0,-0.15644439732013243,0.04949326381565178,-0.16868258533131897,-0.08359599700448603,-0.019594396431304513
1.0,-0.19002009980129594,-0.21100407567860724,-0.19978300904156476,-0.13616188054928247,-0.10199347981604669
2.0,-0.20373096950116953,0.03850797919261293,-0.09774501574101802,-0.1469512264834839,-0.029147225944773942
-1.0,-0.19002009980129594,-0.21100407567860724,-0.19648036045092065,-0.16694748880443827,-0.11460991221155892
1.0,-0.1249093667175706,-0.23151792330655468,-0.14145055451720667,-0.10474097015210428,-0.08437452401827435
-1.0,-0.1526433118808749,-0.0864571977096963,-0.16046541502317582,-0.11888916277390534,-0.17965682893917115
0.0,-0.14246275050648718,-0.00418467460451154,-0.15229684035517224,-0.0938193129764497,-0.10656402577164759
1.0,-0.1149889533858965,-0.1300858848982173,-0.18456992066866465,-0.05071147523032279,-0.09565527336684977
2.0,-0.1249093667175706,-0.23151792330655468,-0.0999547862161445,-0.10926889892314735,-0.02919904481946753
-1.0,-0.13490036712467865,-0.20579464230464276,-0.2040500073467949,-0.11096060744758143,-0.06860503543741704
1.0,-0.13477974644592336,-0.06330217228673947,-0.1701274119758638,-0.1286804980951652,-0.13787523765837795
-1.0,-0.10885705338760038,0.03803754720566425,-0.15750214055353545,-0.1827273859864421,-0.1053926327773408
0.0,-0.09414069051545917,-0.050459249637637094,-0.15084629961580162,-0.12779022477463514,-0.08150673826072892
1.0,-0.12820948237073337,-0.13469041846894667,-0.20333320613640998,-0.12825257027914075,-0.11980548462139799
2.0,-0.09414069051545917,-0.050459249637637094,-0.09259503692255279,-0.11899533018574394,-0.040904745311000794
-1.0,-0.13477974644592336,-0.06330217228673947,-0.20730962417015827,-0.19957129994644895,-0.15558819847058766
1.0,-0.11250257113426197,0.009614229702790026,-0.15819822555981197,-0.15809671146487964,-0.1561160956978411
-3.0,-0.13612668762602784,0.10962821343149193,-0.15591208929688025,-0.1616026396676126,-0.18964888814012443
0.0,-0.11845636096818798,0.1521984011601812,-0.1453509588450037,-0.1080598289548294,-0.11870277898659036
1.0,-0.13612668762602784,0.10962821343149193,-0.20243311856368557,-0.11920439086598067,-0.15267389300400927
2.0,-0.11559077267650274,0.10520031750337155,-0.09871558973513721,-0.08637257277312034,-0.10065906126887195
-1.0,-0.12585433784971536,0.14299232373027954,-0.2040500073467949,-0.14148210105974052,-0.06860503543741704
1.0,-0.06758453155100189,-0.06771073483372103,-0.15819822555981197,-0.14855335144880824,-0.1561160956978411
-1.0,-0.09270932062953827,0.059791134073256896,-0.1476431447735185,-0.14645103317132682,-0.2439090767133896
0.0,-0.10477622873456727,0.13113039215779307,-0.17374437306216783,-0.16405279645020687,-0.11055974188475809
1.0,-0.06758453155100189,-0.06771073483372103,-0.19324008577879306,-0.15428372565283063,-0.17111956648231325
2.0,-0.09270932062953827,0.059791134073256896,-0.06226876235305175,-0.07455848021388586,-0.16764551247690995
-1.0,-0.06763918810006367,0.19409610889458154,-0.21145695153612415,-0.17037550796973747,-0.1427534117324264
1.0,-0.04288586079085484,0.37189321076862364,-0.16121182172000276,-0.14823194530407313,-0.09182020473340027
-1.0,-0.06205107480009583,-0.07305555457808564,-0.1809089429606631,-0.23819941835878733,-0.15626634632874317
0.0,-0.04288586079085484,0.37189321076862364,-0.165980115228516,-0.1416028369961468,-0.08290532838517636
1.0,-0.058568713349440076,0.3097023849375452,-0.19324008577879306,-0.14848529526654586,-0.17111956648231325
2.0,-0.06205107480009583,-0.07305555457808564,-0.09774501574101802,-0.1918966947210465,-0.12177471544708462
-1.0,-0.0462434094160666,0.2822936904154321,-0.20322188963898344,-0.1581679049174303,-0.15572064230658403
1.0,-0.022846903027039015,0.12499951477381892,-0.14854065393575863,-0.12137278215917455,-0.05213958738311203
-1.0,-0.03405389460689291,0.3198780584470078,-0.15750214055353545,-0.14086011925286257,-0.04363059845326573
0.0,-0.04153660240672894,0.11904716538095361,-0.15229684035517224,-0.1691241815487688,-0.10505968222378866
1.0,-0.05449919562285395,-0.3932861361909003,-0.2162102978114624,-0.16842483691356186,-0.1747200194742052
2.0,-0.056258361625170415,0.14787878455154185,-0.06226876235305175,-0.09226183240601199,-0.09960563897891181
-1.0,-0.03405389460689291,0.3198780584470078,-0.19648036045092065,-0.14427238439818074,-0.07131661171881988
1.0,-0.07625117624915644,0.20329331055991362,-0.14145055451720667,-0.06394901051984007,0.009150136705820565
-3.0,-0.09167158973006148,-0.03772671149934527,-0.14625467183889881,-0.07142187587237239,-0.10084796014244224
0.0,-0.07625117624915644,0.20329331055991362,-0.17822806640001365,-0.05934644604628876,-0.028838187564062617
1.0,-0.05959028480124329,-0.01948893459314821,-0.22196611093581195,-0.0878884766764371,-0.17329559988685037
2.0,-0.08055412349760592,0.006099764157247933,-0.10932906092113669,-0.1140849946189006,-0.1279767520629375
-1.0,-0.07625117624915644,0.20329331055991362,-0.17237368904014422,-0.07433354870670854,-0.08642409180840412
1.0,-0.07554333509528613,0.053923966561807424,-0.15354348822415598,-0.22416125175732277,-0.17404262713298554
-1.0,-0.12931786702117606,0.11946416440019758,-0.14393398018112663,-0.19709832597954632,-0.17658315061927293
0.0,-0.09360265690120394,0.02430992514154253,-0.17822806640001365,-0.1710053818074357,-0.1646358140550088
1.0,-0.12679790522862314,-0.0015828285439743683,-0.20243311856368557,-0.136367007537749,-0.11702831582588892
2.0,-0.11409214103729548,0.0617588747622574,-0.07660216889031092,-0.15484171138330263,-0.1057023928120228
-1.0,-0.13262552159208554,-0.03292357989268848,-0.22262695408414085,-0.24983811282863982,-0.2168025507419648
1.0,-0.13608229090308163,0.07040686017090698,-0.15819822555981197,-0.08973723767323247,-0.00015927860107928048
-1.0,-0.10899636354701966,0.016983503519140825,-0.16774879275448346,-0.0917551410340987,-0.13169387827676043
0.0,-0.12833277089861989,0.2163960630452372,-0.17822806640001365,-0.057111631156104584,-0.028838187564062617
1.0,-0.12462065612116181,0.3167304882656171,-0.2128613513014165,-0.08816243916875614,-0.13027092351508587
2.0,-0.11254585710541495,0.14589245806261275,-0.10932906092113669,-0.04445260350332468,-0.12330516177299976
-1.0,-0.10105292616730402,0.21954662391714944,-0.21665409648119408,-0.10722804395521207,-0.14787102882702843
1.0,-0.11684811351476768,-0.1849767529247905,-0.14394455868685183,-0.15694597023124712,-0.14728285902605376
-3.0,-0.12733214282138797,-0.27650887636752064,-0.17945626803173562,-0.08277622428886165,-0.09948822586413048
0.0,-0.11342398082040532,-0.32588500091443895,-0.15084629961580162,-0.12773398902154576,-0.1459249193836214
1.0,-0.10440224395529683,-0.23422458558295361,-0.20243311856368557,-0.13080086029578508,-0.1100276439561667
2.0,-0.10367561420021221,-0.34389589784577784,-0.07351202616014542,-0.1092465515867719,-0.0633600262477721
-1.0,-0.15616984117880509,-0.36310825974693184,-0.23508295811912858,-0.1850868165792924,-0.19355025419421978
1.0,-0.11899078633569152,-0.023988273701901375,-0.1701274119758638,-0.08824849779142323,-0.13468282324099673
-3.0,-0.14700051731880243,-0.40043499685737255,-0.1673928399373999,-0.1324880901632574,-0.13961592297814715
0.0,-0.14700051731880243,-0.40043499685737255,-0.165980115228516,-0.0960071228281394,-0.14634817350398693
1.0,-0.12081099079443343,-0.10699577355767016,-0.2162102978114624,-0.09034610594308704,-0.019564089454934038
2.0,-0.14700051731880243,-0.40043499685737255,-0.09621890612292558,-0.07218514662403519,-0.11327233468890449
-1.0,-0.12054232930164384,0.011742366523499487,-0.21665409648119408,-0.1746283594420093,-0.15945732863403586
1.0,-0.10169230220575064,-0.008411199935300373,-0.14523603314841818,-0.17282465824358492,-0.14755863590654691
-1.0,-0.12069145577968797,-0.13631599745560016,-0.2001242402493911,-0.2324879360159286,-0.2526203270986613
0.0,-0.10200660625439774,-0.17514834064064214,-0.16242233753505192,-0.1892684430752371,-0.1614246232302707
1.0,-0.10200660625439774,-0.17514834064064214,-0.22196611093581195,-0.20139043340431445,-0.17661433160801246
2.0,-0.11099485913232648,0.057788872690601664,-0.09259503692255279,-0.13334015353732845,-0.08612137480848413
-1.0,-0.12416703052441387,0.04188104355628104,-0.2040500073467949,-0.13366455249440296,-0.12612366059684205
1.0,-0.11099853717251454,-0.41938165868061106,-0.14523603314841818,-0.2345652076803092,-0.20645168639594932
-3.0,-0.11099853717251454,-0.41938165868061106,-0.1679304644826523,-0.2414750542848616,-0.23841528797674394
0.0,-0.11099853717251454,-0.41938165868061106,-0.15229684035517224,-0.22705806014750862,-0.20003328906931833
1.0,-0.06313063656454726,0.22424037093520272,-0.1969771904256909,-0.1362712917565275,-0.0814936866986924
2.0,-0.11099853717251454,-0.41938165868061106,-0.09871558973513721,-0.2238307173522644,-0.14127629968480843
-1.0,-0.020933212367647856,0.2556674060636025,-0.23508295811912858,-0.2256886964992136,-0.18150080008656153
1.0,-0.10093800293597144,-0.09818560811147076,-0.14854065393575863,-0.12084893745045117,-0.05213958738311203
-1.0,-0.10408720208516076,-0.23339810740272487,-0.16046541502317582,-0.17635528906713724,-0.14674522492428269
0.0,-0.10093800293597144,-0.09818560811147076,-0.15084629961580162,-0.09537466978308858,-0.07776695959614065
1.0,-0.10235020936647603,-0.08392495392112295,-0.19324008577879306,-0.16633974001691307,-0.14051927954136934
2.0,-0.10235020936647603,-0.08392495392112295,-0.07660216889031092,-0.10770051682841024,-0.06667755901828176
-1.0,-0.10791910770600706,-0.2622601811983595,-0.21665409648119408,-0.1698728182003645,-0.15659299580079647
1.0,-0.1692518359508171,-0.42236555703419004,-0.16121182172000276,-0.16685208138803317,-0.16736171077584855
-3.0,-0.20428654738422541,-0.4516084920088999,-0.17167575908189794,-0.2307449317149175,-0.15881290578615542
0.0,-0.1692518359508171,-0.42236555703419004,-0.165980115228516,-0.15549130328657368,-0.15472549646015527
1.0,-0.1940682035416167,-0.36996970473804325,-0.2162102978114624,-0.1401896245505809,-0.1638772910589077
2.0,-0.19705666941923053,-0.3254581328976597,-0.06226876235305175,-0.11520151952119644,-0.10559174560921417
-1.0,-0.1692518359508171,-0.42236555703419004,-0.21145695153612415,-0.18282148627078143,-0.1605196104314608
1.0,-0.19903167630167337,0.7145564995562065,-0.15354348822415598,-0.1318445345083823,-0.0960395704886466
-1.0,-0.23101515836094053,-0.015870898768359315,-0.16046541502317582,-0.1429245720473909,-0.13989581135284668
0.0,-0.23466830086244775,0.5975941227488415,-0.15084629961580162,-0.06634469589335733,-0.2702844559156951
1.0,-0.2501590923160615,0.6653243821023269,-0.2128613513014165,-0.12241034277719635,-0.04560960192595847
2.0,-0.23101515836094053,-0.015870898768359315,-0.10932906092113669,-0.1308366454598116,-0.09412507995512555
-1.0,-0.21037301919500592,0.4980266816892268,-0.21145695153612415,-0.14191139877534092,-0.1236513602959088
1.0,-0.3259732371064198,-0.1582183442404305,-0.14145055451720667,-0.22229443655823525,-0.22280618200669366
-1.0,-0.2911991659603321,0.03666864272038426,-0.16570593281525814,-0.26823777454820835,-0.24086002096727166
0.0,-0.3127407855624257,-0.03503316834542847,-0.1745526523427411,-0.17877121819749778,-0.20823799540219748
1.0,-0.3259732371064198,-0.1582183442404305,-0.2162102978114624,-0.22294055700893203,-0.2409822899195957
2.0,-0.3259732371064198,-0.1582183442404305,-0.0999547862161445,-0.22682236532927832,-0.19263864640133196
-1.0,-0.3341685218027874,0.0171436656175894,-0.21665409648119408,-0.2615525610168298,-0.24087279549890614
1.0,-0.13982932877912915,-0.08461313872652954,-0.1701274119758638,-0.132280818315464,-0.11264420749005499
-1.0,-0.12043490435258027,-0.08320832738951328,-0.1809089429606631,-0.18828159786198548,-0.15969914357171658
0.0,-0.14560269257383246,0.051327485583892066,-0.1745526523427411,-0.16009796335166226,-0.13082561999028733
1.0,-0.14122337484628344,-0.2445032781773297,-0.19324008577879306,-0.16256458207444882,-0.15696922765290808
2.0,-0.16500293189716186,-0.07686716541086282,-0.0999547862161445,-0.13425364397955172,-0.08447947144173204
-1.0,-0.14560269257383246,0.051327485583892066,-0.19648036045092065,-0.1792068849277248,-0.11460991221155892
1.0,-0.11626274863082088,0.6260835118350029,-0.16121182172000276,-0.14645949323783952,-0.17564095533253074
-3.0,-0.16951077040227322,0.46259019454832506,-0.17945626803173562,-0.2501025578427177,-0.25615592023721034
0.0,-0.16951077040227322,0.46259019454832506,-0.17822806640001365,-0.13183890807265689,-0.20274040109388625
1.0,-0.14610981998395217,0.6425215736279442,-0.22196611093581195,-0.07303576249093902,-0.17062822497771013
2.0,-0.15222294227262942,0.7326511587036957,-0.10932906092113669,-0.12020015391301285,-0.10863344557531715
-1.0,-0.15222294227262942,0.7326511587036957,-0.20730962417015827,-0.2132233121221593,-0.18417242277795087
1.0,-0.1402656083708665,0.14457875614094276,-0.14394455868685183,-0.12788726668219816,-0.14265499461655454
-1.0,-0.19542329580241358,0.2301871435733885,-0.15390943239916838,-0.15862517225279868,-0.1491534949085857
0.0,-0.1393380251631165,0.051114465157229255,-0.165980115228516,-0.1492211257010156,-0.14634817350398693
1.0,-0.169017711211799,0.13944077719395784,-0.20333320613640998,-0.16589144672295003,-0.1537849193911519
2.0,-0.169017711211799,0.13944077719395784,-0.09774501574101802,-0.16589144672295003,-0.12177471544708462
-1.0,-0.1393380251631165,0.051114465157229255,-0.21145695153612415,-0.18609868935743945,-0.1427534117324264
1.0,-0.2995503001078677,-0.5826386535090965,-0.15795654508518175,-0.15786275251345847,-0.1478709888395454
-1.0,-0.2955311703099694,-0.47398473177822353,-0.2001242402493911,-0.19193636280283383,-0.15960518146126096
0.0,-0.3190854886782307,-0.5736272618311493,-0.17822806640001365,-0.14245321245382223,-0.18086644768461407
1.0,-0.3190854886782307,-0.5736272618311493,-0.2162102978114624,-0.1477018973780704,-0.1729987252868604
2.0,-0.2955311703099694,-0.47398473177822353,-0.07660216889031092,-0.12757098152134144,-0.0901817038368801
-1.0,-0.26851249063130367,-0.5262462855152226,-0.20730962417015827,-0.21199134822025226,-0.14850735176048588
1.0,-0.3168473190367422,-0.028440609666199722,-0.14145055451720667,-0.13003876391518007,-0.15305419980241117
-3.0,-0.3131283761924808,-0.29398882445524377,-0.1600899509958609,-0.2235143513307598,-0.16836644565831557
0.0,-0.26971217585227936,0.3040222723398025,-0.15229684035517224,-0.10460916850166334,-0.13307406258606758
1.0,-0.3131283761924808,-0.29398882445524377,-0.20333320613640998,-0.154024198015398,-0.17320129704872445
2.0,-0.30737228315031284,-0.19904350037766133,-0.09259503692255279,-0.1026596538169029,-0.08612137480848413
-1.0,-0.26971217585227936,0.3040222723398025,-0.22262695408414085,-0.1866219220821621,-0.1667830981752756
1.0,-0.28735083067286377,-0.001620562888327226,-0.14972626872231184,-0.03952856596057554,-0.1763733347020556
-3.0,-0.27776596498909734,-0.07963920259895979,-0.15275109418886662,-0.14497435545061238,-0.052625398187701976
0.0,-0.2865554474827039,-0.09332668022482016,-0.16868258533131897,-0.11206153658766778,-0.14453553194101595
1.0,-0.23788050693167723,-0.018079387215056354,-0.1969771904256909,-0.07910043923216387,-0.15288491764735393
2.0,-0.27776596498909734,-0.07963920259895979,-0.07351202616014542,-0.08578242179422595,-0.03816638431671794
-1.0,-0.27776596498909734,-0.07963920259895979,-0.19648036045092065,-0.13085573469753858,-0.10573908772803374
1.0,-0.30473845516952813,-0.7576557693892437,-0.14523603314841818,-0.25483226018605276,-0.20913064391706412
-1.0,-0.3068812053308156,-0.7858070118918732,-0.13516762464084028,-0.23739505195783414,-0.24227692024261033
0.0,-0.30581430495211137,-0.7060535630367963,-0.1453509588450037,-0.2526375836144756,-0.24202303159993493
1.0,-0.28637738198186324,-0.638867750021161,-0.19324008577879306,-0.26243044586092373,-0.23775753398968524
2.0,-0.30581430495211137,-0.7060535630367963,-0.09774501574101802,-0.2526375836144756,-0.266519772401384
-1.0,-0.3068812053308156,-0.7858070118918732,-0.17237368904014422,-0.27166239351129606,-0.24096399073394795
1.0,-0.19194737848672472,-0.05297938770903124,-0.1701274119758638,-0.15852501474280228,-0.14487590952810017
-1.0,-0.16610596591422488,0.062026490816338764,-0.15750214055353545,-0.18869783700413623,-0.14022387144201398
0.0,-0.17027617722134253,-0.03807257236736747,-0.16868258533131897,-0.1649249703384615,-0.1532923273274227
1.0,-0.19194737848672472,-0.05297938770903124,-0.20243311856368557,-0.15852501474280228,-0.11702831582588892
2.0,-0.1614053159488298,0.0019798860587300847,-0.09259503692255279,-0.1733257024068228,-0.09658937471676966
-1.0,-0.17027617722134253,-0.03807257236736747,-0.22395930892780516,-0.2304442336381155,-0.1614826168800295
1.0,-0.14954695871127158,-0.07816648695363723,-0.15795654508518175,-0.12028895040196444,-0.1672444471114613
-3.0,-0.15920203168453187,-0.2242546668382633,-0.17167575908189794,-0.09227727114928996,-0.15087773313921993
0.0,-0.14954695871127158,-0.07816648695363723,-0.1745526523427411,-0.11867973819197883,-0.19064166373672406
1.0,-0.12990056465435978,0.008123182106979621,-0.2128613513014165,-0.11604947481937647,-0.16630899568160468
2.0,-0.14647512594556972,-0.16435058187554252,-0.09774501574101802,-0.07783529550390342,-0.12177471544708462
-1.0,-0.14647512594556972,-0.16435058187554252,-0.21665409648119408,-0.10187132886726336,-0.16513267909124443
1.0,-0.12563615075008314,-0.12261233924353124,-0.14972626872231184,-0.0981034295956517,-0.16720555107385043
-1.0,-0.15744194806088427,-0.20383157717572814,-0.15750214055353545,-0.1438020039721435,-0.1053926327773408
0.0,-0.14482307939942748,-0.5650329375913494,-0.16868258533131897,-0.2400825132918679,-0.19943537236386624
1.0,-0.12873151640105088,-0.07376497716759763,-0.1969771904256909,-0.06314631193904213,-0.14993399379845418
2.0,-0.13097237303138326,-0.24162752542393226,-0.10932906092113669,-0.12327969364996783,-0.1298726458393295
-1.0,-0.14482307939942748,-0.5650329375913494,-0.22395930892780516,-0.2589237279705281,-0.25474176343230787
1.0,-0.17928971195220053,-0.3078832128888996,-0.14854065393575863,-0.20594528015697705,-0.05213958738311203
-1.0,-0.16724415193056671,-0.36707637199805615,-0.16774879275448346,-0.15511506292928706,-0.16816588749268008
0.0,-0.1621792542046479,-0.30429372784589526,-0.17822806640001365,-0.14771114829787724,-0.18086644768461407
1.0,-0.15538693046416224,-0.1910466712356707,-0.20333320613640998,-0.13138559544581213,-0.10765050260032728
2.0,-0.17928971195220053,-0.3078832128888996,-0.09259503692255279,-0.20230742679025573,-0.040904745311000794
-1.0,-0.1377904691032043,-0.3330913717095937,-0.2040500073467949,-0.1655272604634572,-0.17851563363860057
1.0,-0.21148090997208913,-0.44378007112943996,-0.1701274119758638,-0.27705937588977725,-0.14619618637248674
-3.0,-0.1675154473244206,-0.591448680936614,-0.15275109418886662,-0.15418841615031809,-0.12811998560235807
0.0,-0.1675154473244206,-0.591448680936614,-0.1745526523427411,-0.23047864758709932,-0.19064166373672406
1.0,-0.14878318088397283,-0.04307831397401204,-0.22196611093581195,-0.12261560632796044,-0.1891173540026402
2.0,-0.1675154473244206,-0.591448680936614,-0.07351202616014542,-0.18443200499589768,-0.0633600262477721
-1.0,-0.1899379882715352,-0.42042059566754614,-0.20322188963898344,-0.2673508711674016,-0.14884455694057017
1.0,-0.09563988855162307,-0.6507544544288988,-0.14854065393575863,-0.14101192076167357,-0.08472320288904567
-1.0,-0.10007746944944183,-0.5786549099610102,-0.1476431447735185,-0.12642898822029655,-0.18103666466886745
0.0,-0.15221562685429482,-0.566829713544636,-0.16338731786005606,-0.13307849683572814,-0.1476050779652815
1.0,-0.10501425600741388,0.014993807025272074,-0.19978300904156476,-0.11664711724819772,-0.04180848007106127
2.0,-0.10007746944944183,-0.5786549099610102,-0.06226876235305175,-0.10783899143868729,-0.11809476800384186
-1.0,-0.11107720654747853,-0.531176734171698,-0.22395930892780516,-0.1575709827236574,-0.1596502327802903
1.0,-0.08988287698719238,-0.4359206928602509,-0.15354348822415598,-0.08126507331704373,-0.11111993477759145
-3.0,-0.09602469744621991,-0.3569404710326008,-0.14625467183889881,-0.06393051604380683,0.0068055707103977505
0.0,-0.11618981786116407,-0.42050508814123744,-0.16868258533131897,-0.08998204536426883,-0.019594396431304513
1.0,-0.08063579582602924,-0.29955588486550183,-0.19978300904156476,-0.10205217108791029,-0.17431932978391693
2.0,-0.11066830910842955,-0.36751516950614976,-0.10932906092113669,-0.10726269530194579,-0.1279767520629375
-1.0,-0.10026085194442252,-0.29376190043642697,-0.23508295811912858,-0.12232832760059659,-0.20218471563490664
1.0,-0.10840950976682402,-0.2857810779648453,-0.16121182172000276,-0.1336547223979172,-0.15526304985221095
-1.0,-0.09874211412551447,-0.46532838894588247,-0.16046541502317582,-0.13164381764535443,-0.1851428972251757
0.0,-0.07391940663598835,-0.17638516649092933,-0.1453509588450037,-0.11324593632810334,-0.11870277898659036
1.0,-0.10840950976682402,-0.2857810779648453,-0.1969771904256909,-0.12473346539145752,-0.14493653181750302
2.0,-0.06617030670042474,-0.33571295598292245,-0.07351202616014542,-0.11061618481907173,-0.03816638431671794
-1.0,-0.04544261146124251,-0.2147587596226551,-0.17237368904014422,-0.13573622117818016,-0.15117104662656097
1.0,-0.49844368564741437,-0.6218619095035106,-0.15795654508518175,-0.40665792009476165,-0.2469609975923448
-3.0,-0.4894523042229291,-0.4962170662580269,-0.15591208929688025,-0.2960548927169009,-0.25414045211056274
0.0,-0.48478477308684714,-0.5833321905537517,-0.15229684035517224,-0.2672337794466855,-0.215313166539773
1.0,-0.4894523042229291,-0.4962170662580269,-0.20243311856368557,-0.23856744066975205,-0.24044400293796783
2.0,-0.48478477308684714,-0.5833321905537517,-0.09871558973513721,-0.26640823785894197,-0.1565561771552631
-1.0,-0.45129954178330306,-0.4035547240508543,-0.17237368904014422,-0.33030940796732944,-0.22536211409818435
1.0,-0.18876986764568499,-1.044596689448335,-0.14145055451720667,-0.2253038151734557,-0.14863422122438483
-1.0,-0.18876986764568499,-1.044596689448335,-0.13516762464084028,-0.18698387265132482,-0.13573812292601753
0.0,-0.18876986764568499,-1.044596689448335,-0.17822806640001365,-0.22070125069990432,-0.17105856389227997
1.0,-0.17662749877321118,-0.4034172702660495,-0.18456992066866465,-0.1871870783709377,-0.21633083237553055
2.0,-0.16884936206094195,-0.9321697948251533,-0.10932906092113669,-0.3264736319807026,-0.2245959505405879
-1.0,-0.18876986764568499,-1.044596689448335,-0.17237368904014422,-0.21680397023319964,-0.1678023376089621
1.0,-0.47057516336129634,-0.663075091025187,-0.14394455868685183,-0.29048119692788404,-0.23784817231190766
-1.0,-0.4719776286548072,-0.44918893960287215,-0.16774879275448346,-0.29854051629206707,-0.26491334531927563
0.0,-0.4484111613869381,-0.45261251135070035,-0.1453509588450037,-0.28637166348051657,-0.15788854265459082
1.0,-0.45035463088876354,-0.5097459209278007,-0.22196611093581195,-0.23723745390655868,-0.23832973868714724
2.0,-0.47057516336129634,-0.663075091025187,-0.09269727772394101,-0.28567738992459873,-0.17299249255272886
-1.0,-0.4341490185499647,-0.30538020236908336,-0.17237368904014422,-0.2974885801661079,-0.22764419018187124
1.0,-0.2563487028890935,-0.1652155957460983,-0.14854065393575863,-0.183403677443265,-0.05213958738311203
-3.0,-0.24561331646552456,-0.26892249535142926,-0.14794881973613305,-0.11000027325964425,-0.14696108228390373
0.0,-0.274829891969249,-0.21414873405008925,-0.1453509588450037,-0.1357665479350671,-0.1192483405852333
1.0,-0.2661238462517183,-0.16596413189701065,-0.21790214505391928,-0.16557419170575077,-0.09741324458865525
2.0,-0.2563487028890935,-0.1652155957460983,-0.09259503692255279,-0.16508758106634694,-0.040904745311000794
-1.0,-0.24307721048252356,-0.13137614271707718,-0.21145695153612415,-0.13986935424882183,-0.1427534117324264
1.0,-0.4885540973277522,-0.42219611292218817,-0.15795654508518175,-0.32414270021508435,-0.2209215847591685
-1.0,-0.42929596151159566,-0.223240392620312,-0.13516762464084028,-0.19531274326157266,-0.20973657528361175
0.0,-0.43127902979734517,-0.3219239956683304,-0.16868258533131897,-0.20990025537348994,-0.1989233558737621
1.0,-0.4560219501991916,-0.1520966635053614,-0.18456992066866465,-0.23821410635454612,-0.21588484756678664
2.0,-0.44550372972664964,-0.45410200998252204,-0.09871558973513721,-0.24046688732054083,-0.1603723286839933
-1.0,-0.44419657641498345,-0.21885188204417658,-0.2040500073467949,-0.3282069692106488,-0.23314881115315336
1.0,-0.26785068940917867,-0.1449409641895399,-0.1701274119758638,-0.16390630074323556,-0.13013099529539293
-1.0,-0.24562825546967323,-0.16447142343791776,-0.16774879275448346,-0.19760342491908597,-0.14042489152315238
0.0,-0.2448157037763987,-0.12825969919832964,-0.15084629961580162,-0.12140558903016062,-0.1126671284266418
1.0,-0.2448157037763987,-0.12825969919832964,-0.18456992066866465,-0.12003366611045489,-0.09151730648269663
2.0,-0.28725508887073836,-0.14118952501485565,-0.0999547862161445,-0.13976282915837845,-0.08447947144173204
-1.0,-0.25948990975446473,-0.026442475955275286,-0.22395930892780516,-0.22305645328692758,-0.1664155078281211
1.0,-0.21879291950119986,-1.090487757118933,-0.15819822555981197,-0.19735472893451977,-0.20683600537099572
-1.0,-0.23941632955538059,-0.7301745898054212,-0.16774879275448346,-0.2650510289258541,-0.24579249235429168
0.0,-0.23941632955538059,-0.7301745898054212,-0.15229684035517224,-0.20717297299549525,-0.20003328906931833
1.0,-0.20362346907306633,-1.004315263830828,-0.18456992066866465,-0.252096489287858,-0.21633083237553055
2.0,-0.19751065754042257,-1.0262300865392038,-0.10932906092113669,-0.24764622234305067,-0.20064518162029826
-1.0,-0.19751065754042257,-1.0262300865392038,-0.20730962417015827,-0.31543311821976266,-0.2582948354448101
1.0,-0.4757236239098281,0.25187811760918666,-0.15795654508518175,-0.10279028138422817,-0.05626024799213244
-1.0,-0.39870556642741967,0.17783870307372782,-0.2001242402493911,-0.1532669470795389,-0.1454762952561397
0.0,-0.409661771533081,0.11672789928809205,-0.17374437306216783,-0.11857973238875505,-0.16987180168114344
1.0,-0.3743602996132779,0.23360576918814396,-0.20333320613640998,-0.12115324714106467,-0.17320129704872445
2.0,-0.409661771533081,0.11672789928809205,-0.09269727772394101,-0.1074490132292063,-0.1118127376872619
-1.0,-0.3963110040342759,0.22370284860467465,-0.17237368904014422,-0.1328806989523675,-0.1621494247326117
1.0,-0.21721933125570264,-0.09247495334007987,-0.14523603314841818,-0.1763890516694149,-0.14755863590654691
-1.0,-0.21721933125570264,-0.09247495334007987,-0.16774879275448346,-0.18462548957449149,-0.16816588749268008
0.0,-0.21928947822701134,-0.13859914438475968,-0.16242233753505192,-0.1673899161795083,-0.16565231126785207
1.0,-0.23093307675786637,-0.04031993523154896,-0.19978300904156476,-0.17022423741031617,-0.15763390152887172
2.0,-0.20978021897853913,-0.2627761313236106,-0.09621890612292558,-0.19047273646024826,-0.12635177547801518
-1.0,-0.21721933125570264,-0.09247495334007987,-0.22262695408414085,-0.19665270344033534,-0.20710814064536076
1.0,-0.20967239659523787,-0.3183733694177623,-0.14854065393575863,-0.10936244300747892,-0.2174276507447406
-3.0,-0.2084195846872623,-0.4085804468865617,-0.15591208929688025,-0.1242387988380223,-0.12500516214194393
0.0,-0.23862093246312038,-0.37909930997058916,-0.1745526523427411,-0.15638507700240536,-0.12195479550676208
1.0,-0.2601493578739845,-0.38587480939326224,-0.20333320613640998,-0.1547775873002123,-0.13593315561121785
2.0,-0.23862093246312038,-0.37909930997058916,-0.07351202616014542,-0.13901960328298021,-0.029264781324454
-1.0,-0.2601493578739845,-0.38587480939326224,-0.21665409648119408,-0.19860905750280414,-0.15659299580079647
1.0,-0.19765348237329466,-0.07311435934198451,-0.15354348822415598,-0.1534628090978922,-0.12327491679866219
-1.0,-0.17002499400210744,-0.34611501414863205,-0.15750214055353545,-0.14836798372642954,-0.1582957550799364
0.0,-0.18742449702471478,-0.13120616585061393,-0.16242233753505192,-0.16262464304349636,-0.16410824571691174
1.0,-0.20268519050991424,0.013037486408942334,-0.18456992066866465,-0.14927213943911743,-0.13782792438623784
2.0,-0.1910434074636089,-0.1211688146198761,-0.0999547862161445,-0.1795294475601222,-0.10621508641100785
-1.0,-0.17002499400210744,-0.34611501414863205,-0.19648036045092065,-0.17264603606026477,-0.16769984610999794
1.0,-0.1648506434462738,-0.08401463023806938,-0.15795654508518175,-0.08817402847582431,-0.11275306772192749
-1.0,-0.1648506434462738,-0.08401463023806938,-0.15750214055353545,-0.16481710774692615,-0.19052101246287617
0.0,-0.19351309150910956,-0.16330872969410615,-0.15229684035517224,-0.15382703980795379,-0.11940430258131884
1.0,-0.19554234586006292,-0.13074005076351264,-0.1969771904256909,-0.13626886792941892,-0.14493653181750302
2.0,-0.18873056279077427,-0.10007188783245291,-0.10932906092113669,-0.15137451771489177,-0.15030065904882986
-1.0,-0.18692985830980832,0.12132040654220715,-0.2040500073467949,-0.12547418288243226,-0.15326635702654445
1.0,-0.18230797142195584,-0.3885967264479139,-0.14394455868685183,-0.1786165818246205,-0.27881422800376415
-3.0,-0.18334571962074692,-0.3372551109885481,-0.15275109418886662,-0.23770272881542973,-0.2313153438016673
0.0,-0.18230797142195584,-0.3885967264479139,-0.17374437306216783,-0.17661156488497484,-0.2701676431837464
1.0,-0.17302548057353853,-0.23338547829844317,-0.20243311856368557,-0.2190348112560137,-0.1824292922309024
2.0,-0.17302548057353853,-0.23338547829844317,-0.10932906092113669,-0.2190348112560137,-0.1437862744507317
-1.0,-0.2078492354344795,-0.29963935484847026,-0.23508295811912858,-0.3026446063380137,-0.18608913339877323
1.0,-0.2022909932652729,-0.29606248399434354,-0.14523603314841818,-0.08173521398939504,-0.04023787922437363
-1.0,-0.18958344532533475,-0.041767322094753596,-0.13516762464084028,-0.044690782263296695,-0.024281050241624018
0.0,-0.1933599757027512,-0.141430170469893,-0.165980115228516,-0.0552084561403701,-0.15429655933383785
1.0,-0.21482664792701375,-0.2883722778536284,-0.2128613513014165,-0.09293149298377969,-0.1031282270853835
2.0,-0.21482664792701375,-0.2883722778536284,-0.09269727772394101,-0.08162848472705254,-0.07431926030809465
-1.0,-0.18958344532533475,-0.041767322094753596,-0.17237368904014422,-0.07061527499230871,-0.08642409180840412
1.0,-0.20339874814079598,-0.599865906952851,-0.1701274119758638,-0.18262934438194747,-0.13013099529539293
-3.0,-0.19163189078900372,0.11735220239717649,-0.14625467183889881,-0.1233988484782151,-0.05071305444902731
0.0,-0.20339874814079598,-0.599865906952851,-0.16338731786005606,-0.18262934438194747,-0.10316939045033131
1.0,-0.19163189078900372,0.11735220239717649,-0.2128613513014165,-0.1486435873029791,-0.1031282270853835
2.0,-0.18423206312672097,-0.07289322947581678,-0.09871558973513721,-0.16704239496529602,-0.12087104290716191
-1.0,-0.1825365290780602,-0.09412634091920233,-0.22395930892780516,-0.18625737625516275,-0.1596502327802903
1.0,-0.6046900530003868,0.14020598732528966,-0.14523603314841818,-0.19276005897630755,-0.07037496393478615
-3.0,-0.5998433123796,0.010393599588041104,-0.14794881973613305,-0.2526391913571535,-0.14653368499706934
0.0,-0.5998433123796,0.010393599588041104,-0.16242233753505192,-0.19267407178873852,-0.1614246232302707
1.0,-0.5831969804163375,0.06832660253840162,-0.19978300904156476,-0.20245929455664058,-0.17229848735546488
2.0,-0.6330651583537489,-0.14799238276576046,-0.09621890612292558,-0.28524246074147,-0.18216966980984803
-1.0,-0.5831969804163375,0.06832660253840162,-0.19648036045092065,-0.20306022150373004,-0.1629909736646752
1.0,-0.307094160966054,-0.4375654212462889,-0.14523603314841818,-0.18857426299952157,-0.1768899848386515
-1.0,-0.30190203025806117,-0.4450164766470498,-0.15750214055353545,-0.17642824689382883,-0.14022387144201398
0.0,-0.2671020505928774,-0.5390109944895753,-0.16242233753505192,-0.18736819043950276,-0.16410824571691174
1.0,-0.32214547073840016,-0.44138718583582986,-0.18456992066866465,-0.204178250050965,-0.21633083237553055
2.0,-0.333886317185138,-0.5296724467212974,-0.10932906092113669,-0.2186903606875051,-0.20064518162029826
-1.0,-0.3138354586547112,-0.44135722347164863,-0.2040500073467949,-0.20473416374688053,-0.22331885256101022
1.0,-0.29838085615739324,-0.21210877159037073,-0.14854065393575863,-0.14619435562429997,-0.09735621688059541
-1.0,-0.33029513173215164,-0.3184147803287246,-0.16570593281525814,-0.20923471050243778,-0.21651512281288
0.0,-0.31561898431679786,-0.20688162829883364,-0.16338731786005606,-0.16038387498005358,-0.10609194680175556
1.0,-0.28745938147661,-0.30693380180977226,-0.2128613513014165,-0.17917749848040776,-0.1683948301548731
2.0,-0.3190893873569694,-0.21177099520329304,-0.07351202616014542,-0.11942203299360162,-0.07782198265025303
-1.0,-0.3035405333336594,-0.18215126740546625,-0.21665409648119408,-0.20155460216497872,-0.23287195757312612
1.0,-0.33903749178372883,-0.43649343931269957,-0.15795654508518175,-0.14930634612926127,-0.05008840428669505
-1.0,-0.34436495318585914,-0.6368633548667534,-0.1809089429606631,-0.20342381652589842,-0.15969914357171658
0.0,-0.3472364439791646,-0.7060669256392386,-0.16868258533131897,-0.186315615065402,-0.19943537236386624
1.0,-0.33903749178372883,-0.43649343931269957,-0.19978300904156476,-0.1449481269873257,-0.09312265533252151
2.0,-0.3472364439791646,-0.7060669256392386,-0.07660216889031092,-0.13468580799829455,-0.15812917636154228
-1.0,-0.3636009112444312,-0.6275716794440941,-0.20730962417015827,-0.20994828164516557,-0.18417242277795087
1.0,-0.34082577729785896,-0.39800231359316945,-0.15819822555981197,-0.25336289587169053,-0.19409505989393855
-3.0,-0.354753892605926,-0.4451904004681645,-0.1600899509958609,-0.36235433677304996,-0.3857366140280041
0.0,-0.34230280033331184,-0.45270549251602593,-0.15229684035517224,-0.22785676854640077,-0.19699258125966834
1.0,-0.3550009280004785,-0.4283024058255448,-0.1969771904256909,-0.2473748443029021,-0.29142944770137413
2.0,-0.3550009280004785,-0.4283024058255448,-0.09621890612292558,-0.2302926499412858,-0.24858013161679346
-1.0,-0.354753892605926,-0.4451904004681645,-0.21665409648119408,-0.3515749166264243,-0.2840388668548117
1.0,-0.328854446523551,0.08653562869419602,-0.16121182172000276,-0.20313312392013563,-0.16736171077584855
-1.0,-0.35990661867390494,0.013274012389800471,-0.16774879275448346,-0.2098155009027359,-0.17786029758928415
0.0,-0.42162811686264406,-0.15823503552566245,-0.1745526523427411,-0.21797104864979397,-0.19064166373672406
1.0,-0.328854446523551,0.08653562869419602,-0.1969771904256909,-0.19177234581867614,-0.1580159726066138
2.0,-0.3643124723915008,-0.2678162777001288,-0.09259503692255279,-0.22385214175482862,-0.15854748275257768
-1.0,-0.36979708839849573,-0.17859759071073042,-0.22395930892780516,-0.2653108308199498,-0.25474176343230787
1.0,-0.31736957064985766,0.3957380098620339,-0.16121182172000276,-0.17641692685961866,-0.09182020473340027
-3.0,-0.31736957064985766,0.3957380098620339,-0.1673928399373999,-0.20204897486308301,-0.11854315310624536
0.0,-0.31247161727244993,0.2766379270903447,-0.1453509588450037,-0.19676653805179317,-0.13628484264798904
1.0,-0.4136547425898152,-0.4091653130640897,-0.19978300904156476,-0.2155526065487877,-0.176678762083227
2.0,-0.374283752374602,0.032722266881865636,-0.09269727772394101,-0.17262280778344194,-0.10817726693392983
-1.0,-0.37014075111823225,0.14802245127645766,-0.20730962417015827,-0.21934925993738563,-0.18417242277795087
1.0,-0.2609450351847668,-0.22877276493104157,-0.14523603314841818,-0.21180238500542198,-0.1768899848386515
-3.0,-0.24862482341761732,-0.0502483450561382,-0.15591208929688025,-0.13914193954994214,-0.12541232695869078
0.0,-0.2609450351847668,-0.22877276493104157,-0.15229684035517224,-0.2042952374726214,-0.17382330398087686
1.0,-0.2656019602839226,-0.15181715544196778,-0.18456992066866465,-0.18902659287139295,-0.19011807447272538
2.0,-0.25820014699351873,-0.1104728547129414,-0.09774501574101802,-0.18834515869330737,-0.15727541518196772
-1.0,-0.2770734161024149,-0.09957876683107633,-0.19648036045092065,-0.2106152460225293,-0.23044205692658232
1.0,-0.23258880784140856,-0.04561365123318217,-0.14854065393575863,-0.01702022053876979,-0.2564376750611004
-1.0,-0.23686214290331345,-0.10240870854856783,-0.16046541502317582,-0.09452787068745022,-0.17965682893917115
0.0,-0.2531164531513182,-0.07342804947576384,-0.16868258533131897,-0.12041888913657499,-0.019594396431304513
1.0,-0.2530212007002365,-0.047505717082995426,-0.19978300904156476,-0.05984745284736314,-0.17431932978391693
2.0,-0.22419488457522035,-0.0704833385022996,-0.09621890612292558,-0.060898343703911575,-0.06871054469802437
-1.0,-0.2630041783887848,-0.40380869044582146,-0.22262695408414085,-0.1296313152944449,-0.14850111991355694
1.0,-0.5761226223272753,-0.3579249949814808,-0.14394455868685183,-0.24902524560724132,-0.1597615502190712
-3.0,-0.6062742796868364,-0.6221251516081828,-0.1600899509958609,-0.3607437145454402,-0.41363152354569743
0.0,-0.6052837601020183,-0.6474636045425602,-0.16338731786005606,-0.35420115867815044,-0.2446609266892651
1.0,-0.5669631395480911,-0.46603867125402154,-0.19324008577879306,-0.26747456077199266,-0.16263785442144085
2.0,-0.5831969804163375,-0.45482489806475873,-0.07351202616014542,-0.21025885610570713,-0.15563289145967607
-1.0,-0.5828232887563611,-0.786331123399119,-0.17237368904014422,-0.3289535796064503,-0.24302979254978258
1.0,-0.19976804136393156,-0.5812142723481502,-0.14523603314841818,-0.14395095496974758,-0.08636706954143811
-1.0,-0.1818381144256847,-0.34469088949178545,-0.14393398018112663,-0.104644939530068,-0.1505338970632462
0.0,-0.1818381144256847,-0.34469088949178545,-0.17374437306216783,-0.11990052001658329,-0.16348691299019885
1.0,-0.19818936210291233,-0.3446039664072941,-0.18456992066866465,-0.0854806985174723,-0.09565527336684977
2.0,-0.21102412872719847,-0.5736001062718764,-0.06226876235305175,-0.09511475614404237,-0.14339711277676728
-1.0,-0.19600839449994203,-0.5786701727808274,-0.17237368904014422,-0.11530314755436435,-0.1687769723313153
1.0,-0.14863017087535685,-0.05180937073754732,-0.14854065393575863,-0.11403658694653031,-0.07941438776158449
-3.0,-0.1323544386464192,-0.06540563136572781,-0.17167575908189794,-0.1589867858132826,-0.15087773313921993
0.0,-0.15256369277316886,0.05912724243069636,-0.1745526523427411,-0.1347131951826557,-0.12195479550676208
1.0,-0.14009255433284273,-0.052789528775231485,-0.2162102978114624,-0.12417645704785925,-0.1729987252868604
2.0,-0.188073688622493,-0.0071898239629801354,-0.09621890612292558,-0.08625949037263499,-0.09494640597581859
-1.0,-0.14863017087535685,-0.05180937073754732,-0.20322188963898344,-0.1547325763692789,-0.15432141545753655
1.0,-0.23793081072301944,0.05355281722704319,-0.14523603314841818,-0.20105958990277756,-0.196737923082981
-1.0,-0.24975000227426222,-0.06036980112362115,-0.1809089429606631,-0.21226179741936546,-0.2476889444592561
0.0,-0.1928963138060555,0.2477937714075031,-0.17822806640001365,-0.14706324318881103,-0.17105856389227997
1.0,-0.19564443014625119,-0.1002488551812047,-0.2128613513014165,-0.1833963723479726,-0.20591688084686283
2.0,-0.1928963138060555,0.2477937714075031,-0.0999547862161445,-0.15094505150915732,-0.08620076562907686
-1.0,-0.20117706024122428,0.052323219831430366,-0.20322188963898344,-0.19296654444169076,-0.14454658449155935
1.0,-0.15693151298518596,0.2301372870423714,-0.14145055451720667,-0.15882969560590743,-0.15133290561506635
-1.0,-0.1313691527401615,0.02125785537793231,-0.2001242402493911,-0.3148621826717703,-0.20489393133431097
0.0,-0.17058068129662265,0.18835031128763197,-0.1745526523427411,-0.19184365749689583,-0.19431258773053953
1.0,-0.13836168422586562,0.14599671410663398,-0.1969771904256909,-0.17594214610378922,-0.0814936866986924
2.0,-0.1635984932674919,0.29917846299427714,-0.09774501574101802,-0.14273110956519405,-0.12177471544708462
-1.0,-0.13539671245456636,0.32280684356517464,-0.20730962417015827,-0.2573197708702835,-0.18881697457236254
1.0,-0.12919242266352746,0.1256278657641528,-0.14854065393575863,-0.20405606745371418,-0.20272366173296225
-3.0,-0.1410904462674705,0.14409225708826554,-0.17945626803173562,-0.26944143349657707,-0.25615592023721034
0.0,-0.1410904462674705,0.14409225708826554,-0.17822806640001365,-0.1875054666103503,-0.20274040109388625
1.0,-0.12919242266352746,0.1256278657641528,-0.18456992066866465,-0.20405606745371418,-0.2014506948400299
2.0,-0.14931689700750278,0.09396161768663855,-0.09774501574101802,-0.19315686069551594,-0.1549254131963043
-1.0,-0.12919242266352746,0.1256278657641528,-0.20322188963898344,-0.2702755650475547,-0.2602435855313195
1.0,-0.17904234481318662,0.6349777102112955,-0.1701274119758638,-0.0355696010006115,-0.11085376137088872
-1.0,-0.18830783695451989,0.7988433474119192,-0.1809089429606631,0.008022216256990082,-0.15352981162383572
0.0,-0.17209185444641265,0.7601360813719228,-0.17822806640001365,-0.016583831118347367,-0.028838187564062617
1.0,-0.2143583833657503,0.12537543730164247,-0.19978300904156476,-0.06395588415704277,-0.17431932978391693
2.0,-0.1793514208682124,0.7974160492254504,-0.06226876235305175,0.01823334218466669,-0.11809476800384186
-1.0,-0.17002653720437233,0.8543293416664375,-0.22395930892780516,-0.0895448826595347,-0.1376940785892277
1.0,-0.22172270704468308,-0.034155666773019344,-0.14145055451720667,-0.1582554763997116,-0.14221147138711365
-1.0,-0.23905580061594237,-0.44615933758696763,-0.1809089429606631,-0.2078215949839836,-0.2476889444592561
0.0,-0.23272491701767725,-0.5343667915402417,-0.17374437306216783,-0.20447034117627838,-0.21031348036652062
1.0,-0.22172270704468308,-0.034155666773019344,-0.2162102978114624,-0.1589015968504084,-0.1638772910589077
2.0,-0.2119757837153844,-0.5260182901335869,-0.09621890612292558,-0.2036651983669828,-0.18216966980984803
-1.0,-0.24863782832721157,-0.6281013996048073,-0.19648036045092065,-0.2891836801114266,-0.24562077271999744
1.0,-0.2129437603588588,-0.2421518223706018,-0.16121182172000276,-0.16700074303920595,-0.16736171077584855
-3.0,-0.24122451096592404,-0.3601838275481295,-0.17167575908189794,-0.19246118263762843,-0.1428648234727773
0.0,-0.2120131557701735,-0.14192005623508896,-0.15084629961580162,-0.11384252660264382,-0.18974887137803423
1.0,-0.24015530873094756,-0.015401544592836287,-0.2162102978114624,-0.15620520604926832,-0.1729987252868604
2.0,-0.24122451096592404,-0.3601838275481295,-0.07660216889031092,-0.12777318912605432,-0.03124502884810995
-1.0,-0.23821160258960977,-0.29046469364223026,-0.21665409648119408,-0.1849809876529624,-0.23929629107083628
1.0,-0.2907053521223178,-0.031007875310760602,-0.15354348822415598,-0.2959012358005807,-0.19254582440161183
-3.0,-0.32818287777726196,-0.17214169969732385,-0.14794881973613305,-0.22679507804287663,-0.29054589675318904
0.0,-0.325354503536046,-0.12370966473671693,-0.15229684035517224,-0.2700082326173133,-0.18088076991952723
1.0,-0.2907053521223178,-0.031007875310760602,-0.20333320613640998,-0.26555419375459505,-0.23595036589192572
2.0,-0.2883083921317976,-0.30062412604336386,-0.09621890612292558,-0.24598737717860447,-0.20776200650464383
-1.0,-0.27770462626377934,-0.21342037959197477,-0.17237368904014422,-0.27044968896822097,-0.251299645783043
1.0,-0.2564627742711147,-0.29891218371882067,-0.16121182172000276,-0.21857582848071166,-0.19926596775030606
-1.0,-0.25221964389063445,-0.3787508220838666,-0.15390943239916838,-0.28849313608713306,-0.2692515125422708
0.0,-0.26148652096302716,-0.3684715067617218,-0.16338731786005606,-0.2223574817309219,-0.23854810916157582
1.0,-0.2648235852989265,-0.24351307251358997,-0.19978300904156476,-0.2157171351292915,-0.22054557055316606
2.0,-0.25100492406989067,-0.27660060786910073,-0.09774501574101802,-0.25528089625164657,-0.18120989297389498
-1.0,-0.25100492406989067,-0.27660060786910073,-0.21665409648119408,-0.3195589129693122,-0.23013235206476004
1.0,-0.24264729389707868,-0.5033951206485014,-0.14854065393575863,-0.21282898871638134,-0.207125454867455
-1.0,-0.24102632626192122,-0.5271743252955053,-0.15750214055353545,-0.33654778276495506,-0.2344508617949717
0.0,-0.2553075356019778,-0.49976405740397284,-0.17374437306216783,-0.22095343992113045,-0.20704005513895699
1.0,-0.24102632626192122,-0.5271743252955053,-0.19978300904156476,-0.28776895897190374,-0.22054557055316606
2.0,-0.22781668511237058,-0.5355316291339205,-0.09774501574101802,-0.2648778281008116,-0.18120989297389498
-1.0,-0.24465090288886737,-0.4434174085143887,-0.17237368904014422,-0.2510501010672641,-0.24096399073394795
1.0,-0.23423045792756048,-0.3472308170174198,-0.14523603314841818,-0.15902748708482348,-0.09018187668741075
-3.0,-0.19529180270211713,-0.2527448569885448,-0.17945626803173562,-0.24120114330310535,-0.25615592023721034
0.0,-0.22064923136220757,-0.3550887966300459,-0.17374437306216783,-0.1642710632285159,-0.20138427730176703
1.0,-0.2155300609602155,-0.3537888040409537,-0.1969771904256909,-0.16826172020895291,-0.19423632907868585
2.0,-0.22064923136220757,-0.3550887966300459,-0.09269727772394101,-0.14717913030780067,-0.13769593902037436
-1.0,-0.19529180270211713,-0.2527448569885448,-0.17237368904014422,-0.19608798367234626,-0.23323174946241024
1.0,-0.2293196364804039,0.07906434124534495,-0.14523603314841818,-0.16250250047376244,-0.09018187668741075
-1.0,-0.21928912381347979,0.4322806469479244,-0.15390943239916838,-0.151285012359711,-0.12464076338769328
0.0,-0.21624952019311763,0.26179503946836535,-0.1745526523427411,-0.1453645263684273,-0.12195479550676208
1.0,-0.2293196364804039,0.07906434124534495,-0.21790214505391928,-0.15499535294096187,-0.12638846954973237
2.0,-0.21928912381347979,0.4322806469479244,-0.09259503692255279,-0.1005248606033346,-0.040904745311000794
-1.0,-0.21357357003546856,0.3924968832880543,-0.21145695153612415,-0.17293913751013,-0.11490705180978723
1.0,-0.21282143506371673,0.2608360294559302,-0.16121182172000276,-0.07866579685597627,-0.1552852735259251
-3.0,-0.20366919813382386,0.21373562794289458,-0.17945626803173562,-0.17821132728316216,-0.05810154576686589
0.0,-0.21282143506371673,0.2608360294559302,-0.165980115228516,-0.06974453984951659,-0.15429655933383785
1.0,-0.21282143506371673,0.2608360294559302,-0.1969771904256909,-0.06974453984951659,-0.15288491764735393
2.0,-0.21326154510848686,0.18008889440792908,-0.07351202616014542,-0.09870561593593263,-0.003743908307504058
-1.0,-0.23538612959102798,0.05363525130802647,-0.22262695408414085,-0.16199224427218575,-0.14850111991355694
1.0,-0.24534788852578931,0.12279331207234537,-0.14854065393575863,-0.08496643430184608,-0.06637260486763738
-1.0,-0.24802428950166672,0.07524533694115168,-0.14393398018112663,-0.1233136967952274,-0.018229951655763417
0.0,-0.24750731863248537,0.09616998951829434,-0.17822806640001365,-0.12676594770871172,-0.12526202871979855
1.0,-0.2541855671398059,0.24110595736407542,-0.22196611093581195,-0.1324000663082072,-0.17062822497771013
2.0,-0.2541855671398059,0.24110595736407542,-0.06226876235305175,-0.04374218339012325,-0.09960563897891181
-1.0,-0.23748601898455435,0.20669668898405766,-0.21145695153612415,-0.17073632024560179,-0.11490705180978723
1.0,-0.2181574513848853,-0.5278245494091892,-0.14394455868685183,-0.21762155176135148,-0.23784817231190766
-1.0,-0.2181574513848853,-0.5278245494091892,-0.14393398018112663,-0.2200922761848955,-0.25144572275414645
0.0,-0.2181574513848853,-0.5278245494091892,-0.17374437306216783,-0.2156165348217058,-0.23146754111795884
1.0,-0.22610332160714142,-0.4831012040804585,-0.18456992066866465,-0.23102753926831232,-0.22282960379255243
2.0,-0.24684492152853166,-0.569649075242367,-0.07660216889031092,-0.19479683759496258,-0.11986107236657685
-1.0,-0.21797431019143948,-0.3515285654861856,-0.19648036045092065,-0.2530084823569073,-0.23444947689483253
1.0,-0.2536364892014309,-0.08936784207868204,-0.15819822555981197,-0.18304025000584864,-0.14035343232557387
-3.0,-0.22765690394514754,-0.1890801582609937,-0.1447867331090272,-0.16978475646764335,-0.15478299073609844
0.0,-0.23839815432268202,-0.06387914051454001,-0.16242233753505192,-0.1507740959537212,-0.1614246232302707
1.0,-0.23726228794703114,-0.1164906686598854,-0.20333320613640998,-0.17243035478615568,-0.15721771663412532
2.0,-0.24178742604840844,-0.17871341317664163,-0.09621890612292558,-0.10816006848816055,-0.11327233468890449
-1.0,-0.22765690394514754,-0.1890801582609937,-0.20322188963898344,-0.22105154531674753,-0.14633142494114876
1.0,-0.21675616134006725,-0.1286633086998041,-0.14523603314841818,-0.21533980866717903,-0.037488040478327364
-1.0,-0.22448764254057105,-0.06067285179778122,-0.16046541502317582,-0.19064518780178985,-0.0926549712248899
0.0,-0.20453610728275928,-0.14336433779516283,-0.15084629961580162,-0.25706483577620065,-0.18672402440329536
1.0,-0.2236438220416477,-0.029592943970998722,-0.1969771904256909,-0.19230923611007816,-0.16989143092429415
2.0,-0.21675616134006725,-0.1286633086998041,-0.09871558973513721,-0.23352973595774623,-0.03845593688265197
-1.0,-0.2236438220416477,-0.029592943970998722,-0.21145695153612415,-0.21742618759354942,-0.22259659756723502
1.0,-0.19324954908809192,0.021445164959150775,-0.15795654508518175,-0.08317834255129726,-0.044451874343974775
-3.0,-0.19040780329876558,-0.35277156769595847,-0.1673928399373999,-0.2890666326638314,-0.23265665797078444
0.0,-0.19522729743761486,-0.059527580441678773,-0.15229684035517224,-0.10870354927679325,-0.14446357461166978
1.0,-0.19324954908809192,0.021445164959150775,-0.19978300904156476,-0.07882012340936169,-0.06280196177210207
2.0,-0.20772860840361648,-0.004998839045116998,-0.0999547862161445,-0.16683448321947605,-0.08620076562907686
-1.0,-0.20912419238145197,0.04171226310396433,-0.20322188963898344,-0.14273624271573818,-0.13865739682367267
1.0,-0.17725047423600074,0.5393980549115209,-0.15354348822415598,-0.09180654890670145,-0.11111993477759145
-3.0,-0.20851484677000154,0.672521122383106,-0.14625467183889881,-0.13435577256649153,-0.07197516457229616
0.0,-0.2113818727882082,0.4578121049199977,-0.17822806640001365,-0.12460825173373295,-0.12526202871979855
1.0,-0.2113818727882082,0.4578121049199977,-0.2162102978114624,-0.12460825173373295,-0.11739430632204494
2.0,-0.1568774587732755,0.663993805182049,-0.10932906092113669,-0.0010008844237252396,-0.1279767520629375
-1.0,-0.2113818727882082,0.4578121049199977,-0.17237368904014422,-0.12466982838113148,-0.11047662445680183
1.0,-0.19780773381819874,-0.4117298436355254,-0.14394455868685183,-0.21525925644767074,-0.2122800627890241
-1.0,-0.14867741679579108,-0.34285714872459094,-0.2001242402493911,-0.20567664000162642,-0.2526203270986613
0.0,-0.15767205182783967,-0.3196201559246584,-0.1745526523427411,-0.1546254016085941,-0.19431258773053953
1.0,-0.15762817745649846,0.02407293093868723,-0.20333320613640998,-0.10731128211765743,-0.11980548462139799
2.0,-0.17517591596872573,-0.28984435993399604,-0.0999547862161445,-0.15582326040532507,-0.10621508641100785
-1.0,-0.17517591596872573,-0.28984435993399604,-0.17237368904014422,-0.1750918050730942,-0.1752198263903487
1.0,-0.31324742899863606,0.028784372456854102,-0.15819822555981197,-0.11481913248299262,-0.10955396118525093
-3.0,-0.3632731243352688,-0.05896290097120116,-0.14625467183889881,-0.1239326593599161,-0.1627709714162505
0.0,-0.3632731243352688,-0.05896290097120116,-0.17374437306216783,-0.139765022554161,-0.15885904858069963
1.0,-0.29278389150189427,0.10391210878328012,-0.19978300904156476,-0.11136201877755396,-0.09312265533252151
2.0,-0.29973928922857046,-0.1602551303839181,-0.09774501574101802,-0.1516926428342088,-0.1411910931046572
-1.0,-0.299329527118282,0.20894178537268063,-0.17237368904014422,-0.10423309312861197,-0.11047662445680183
1.0,-0.2222748243343483,-0.2931709621908235,-0.14523603314841818,-0.2008625925798939,-0.18899528742030017
-1.0,-0.22043120846450628,-0.2508197186985595,-0.16570593281525814,-0.2435632659935181,-0.21651512281288
0.0,-0.19415152452184292,-0.2332728536530407,-0.17822806640001365,-0.15288523077132343,-0.18086644768461407
1.0,-0.22711592041904546,-0.29631000121392864,-0.18456992066866465,-0.1915612550976953,-0.09151730648269663
2.0,-0.22711592041904546,-0.29631000121392864,-0.09259503692255279,-0.17337663922595206,-0.08155543130351779
-1.0,-0.22711592041904546,-0.29631000121392864,-0.20322188963898344,-0.21828741075358232,-0.1487789395654985
1.0,-0.23292953848649783,0.32732909978165703,-0.16121182172000276,-0.15000984930159375,-0.1552852735259251
-3.0,-0.22067329379919032,0.33291174225777803,-0.17945626803173562,-0.11865850583659793,-0.175895871000847
0.0,-0.26786692570418885,0.07374585903133057,-0.15084629961580162,-0.10892499783895913,-0.19805664477059987
1.0,-0.23292953848649783,0.32732909978165703,-0.1969771904256909,-0.14915913721273266,-0.15288491764735393
2.0,-0.21749015447858747,0.3125604168540306,-0.10932906092113669,-0.12737306413048421,-0.0750521469741749
-1.0,-0.25551853777911526,0.038479485936937854,-0.23508295811912858,-0.2869313442069591,-0.20489680801425092
1.0,-0.2564733250216714,-0.05035829500981555,-0.15795654508518175,-0.18540894706871652,-0.16323857233767852
-1.0,-0.2753976801494069,-0.29216422839347567,-0.1809089429606631,-0.2701433095723892,-0.24689315906994436
0.0,-0.256975823335757,0.006933438197611652,-0.17822806640001365,-0.18190012669983516,-0.1646358140550088
1.0,-0.2753976801494069,-0.29216422839347567,-0.20333320613640998,-0.2482742913289547,-0.19390681556870076
2.0,-0.25991343536281936,-0.2772555569141889,-0.09871558973513721,-0.19407645240337051,-0.14127629968480843
-1.0,-0.2627948992130218,-0.012495455070162387,-0.2040500073467949,-0.1713511186710234,-0.17236576833262338
1.0,-0.2543439921025858,-0.3768115340115075,-0.14523603314841818,-0.24157879819568528,-0.20650605157026292
-3.0,-0.2404567616600553,-0.20951056261582182,-0.1600899509958609,-0.18952544202226174,-0.18366714550500485
0.0,-0.2286745357110066,-0.39322805270083633,-0.165980115228516,-0.20217479729603005,-0.16300474101683748
1.0,-0.23002409342933935,-0.3969973157816637,-0.19978300904156476,-0.1778887877488889,-0.18166280936983178
2.0,-0.2404567616600553,-0.20951056261582182,-0.09774501574101802,-0.17384096547524527,-0.15727541518196772
-1.0,-0.2404567616600553,-0.20951056261582182,-0.21665409648119408,-0.19260041099527894,-0.23287195757312612
1.0,-0.24151796668329542,-0.23350715329725896,-0.15795654508518175,-0.16730464088386351,-0.044451874343974775
-3.0,-0.24321176421464363,-0.39751393053594386,-0.17945626803173562,-0.1364951779763044,-0.1012095200514753
0.0,-0.30005369268947435,-0.2390393113776368,-0.165980115228516,-0.1714362709979048,-0.16047932864124154
1.0,-0.22869618188188914,-0.1674774329587928,-0.18456992066866465,-0.12288993638282102,-0.06953205444537017
2.0,-0.2894287158419562,-0.32181160588519786,-0.06226876235305175,-0.16092379568180917,-0.09960563897891181
-1.0,-0.2608524720278458,-0.2970138624301072,-0.22262695408414085,-0.1536993988845,-0.1781726102008778
1.0,-0.29795906631503705,-0.27311358111953826,-0.14145055451720667,-0.1903241335793279,-0.14221147138711365
-1.0,-0.2618498541281183,-0.23741437962834352,-0.15750214055353545,-0.1426966615087156,-0.11426345726086598
0.0,-0.27097671085161706,-0.21772751906951687,-0.1453509588450037,-0.16910844822406368,-0.15088067936045538
1.0,-0.2688544938132184,-0.26283543826774486,-0.20243311856368557,-0.1840702252371503,-0.11702831582588892
2.0,-0.262385088950469,-0.3850561318317112,-0.09269727772394101,-0.1609168007700392,-0.1042163136354286
-1.0,-0.25797235856278294,-0.29621879929183914,-0.22395930892780516,-0.1837189451593614,-0.1614826168800295
1.0,-0.3681123281043976,-0.53608741436482,-0.14854065393575863,-0.3908923721644944,-0.23760558815222024
-1.0,-0.36314774076651785,-0.5273474447412119,-0.16570593281525814,-0.27823136660764386,-0.2695875514406163
0.0,-0.3543173851810107,-0.48925652842661604,-0.15229684035517224,-0.2578705871463265,-0.215313166539773
1.0,-0.37776233230887474,-0.5639494672464738,-0.20243311856368557,-0.3717768486743064,-0.31158751005993435
2.0,-0.38833218270987735,-0.5479388828107776,-0.09269727772394101,-0.29831295873151076,-0.17994999333566644
-1.0,-0.3543173851810107,-0.48925652842661604,-0.22262695408414085,-0.3034779340852787,-0.274976022856772
1.0,-0.389986768217697,-0.2471169673655766,-0.14145055451720667,-0.2029793431717817,-0.14807727283297084
-3.0,-0.36079160213186384,-0.09717442580443944,-0.14794881973613305,-0.15418416375271907,-0.1475382686484249
0.0,-0.34316757545576765,-0.12074290030358134,-0.16868258533131897,-0.20545205406357056,-0.19943537236386624
1.0,-0.3986324149581285,-0.1548394042450519,-0.20333320613640998,-0.1726953514248152,-0.17320129704872445
2.0,-0.36640414973497004,-0.18949562377876636,-0.09259503692255279,-0.18186709432392437,-0.09658937471676966
-1.0,-0.3878554743225128,-0.22523035380883072,-0.20730962417015827,-0.29604977316840075,-0.2582948354448101
1.0,-0.4382216967598408,-0.13569542955281244,-0.14394455868685183,-0.29915704374862145,-0.2022596294127615
-1.0,-0.44496479921471066,-0.5054556777090742,-0.1809089429606631,-0.404697135164253,-0.3369317316574667
0.0,-0.4414440340038334,-0.30902691770105994,-0.17822806640001365,-0.3405598527551759,-0.1916139869901953
1.0,-0.4382216967598408,-0.13569542955281244,-0.2128613513014165,-0.2735989579517842,-0.2209018882462952
2.0,-0.44030698826916687,-0.22444118447033254,-0.07351202616014542,-0.28376055860240834,-0.22099367088514935
-1.0,-0.407289177146225,-0.24046202888724072,-0.21145695153612415,-0.31692415330577045,-0.27385547758169215
1.0,-0.44704483714738424,-0.378437330327789,-0.15354348822415598,-0.20923728519253734,-0.17748717072749293
-3.0,-0.4271785196803776,-0.3655173803181285,-0.17167575908189794,-0.31880305184103797,-0.20058656142090234
0.0,-0.45202079012909946,-0.3301371226517248,-0.1745526523427411,-0.27107577655042475,-0.22269043484965734
1.0,-0.4035040072057718,-0.23661029149671792,-0.1969771904256909,-0.1978139126920518,-0.19423632907868585
2.0,-0.4039507003589053,-0.3680150417146669,-0.06226876235305175,-0.18375532097219432,-0.13692281987561056
-1.0,-0.4463212898659358,-0.2654832157066798,-0.22262695408414085,-0.3073899139903631,-0.26441758913607616
1.0,-0.38042761685577225,-1.4999222590858499,-0.14523603314841818,-0.3023102667939856,-0.221731563866404
-1.0,-0.35361450957452356,-0.3765430177414084,-0.1476431447735185,-0.25207531457727467,-0.25501966627041806
0.0,-0.39749317396499934,-1.5437299344263145,-0.1453509588450037,-0.23110117904314853,-0.16131712884802488
1.0,-0.4226497838393697,-1.6528611110579277,-0.19978300904156476,-0.390917646912059,-0.2771114800554103
2.0,-0.35361450957452356,-0.3765430177414084,-0.06226876235305175,-0.19567874504673502,-0.14995882577963435
-1.0,-0.34960005669178257,-1.4764053435912003,-0.21145695153612415,-0.34215730970722863,-0.24542489942158802
1.0,-0.2724789867913902,-0.04921249150386568,-0.1701274119758638,-0.19276070901758155,-0.13523530373870105
-1.0,-0.2750875019456538,-0.10662462393948494,-0.2001242402493911,-0.24254302026163377,-0.19985309234406667
0.0,-0.26532657979840907,-0.07108755916622651,-0.1453509588450037,-0.11588885646682295,-0.14744788211748197
1.0,-0.29010253691446386,-0.1825062432864691,-0.2128613513014165,-0.21130047325186757,-0.2309223216225578
2.0,-0.23464066712320236,-0.11283786355555825,-0.07351202616014542,-0.14011164791257788,-0.05865115380244937
-1.0,-0.2746744728825571,-0.27181874398447514,-0.22262695408414085,-0.31992519680849735,-0.2508097453486545
1.0,-0.25709221256342135,-0.3039478536155328,-0.15819822555981197,-0.20959539486244558,-0.1503927459201
-3.0,-0.2624931762226651,-0.3147370553014257,-0.1447867331090272,-0.24372631573294828,-0.26363816001914947
0.0,-0.2895900046196491,-0.3573241597249564,-0.165980115228516,-0.2248154644439527,-0.18354257871883015
1.0,-0.2683635738344603,-0.3245914335672954,-0.21790214505391928,-0.21730548825204965,-0.25456635364285296
2.0,-0.2683635738344603,-0.3245914335672954,-0.09871558973513721,-0.21647994666430598,-0.12073820437885502
-1.0,-0.2624931762226651,-0.3147370553014257,-0.20322188963898344,-0.22118278779359504,-0.258606171879576
1.0,-0.3080607007874423,-0.3881318296315362,-0.14394455868685183,-0.13846330745909166,-0.1939546244108432
-1.0,-0.292987973115018,-0.4223217704198944,-0.15750214055353545,-0.16331498818817514,-0.1582957550799364
0.0,-0.26689055460751504,-0.37161708117938863,-0.16868258533131897,-0.153385347029984,-0.15876096587245084
1.0,-0.26689055460751504,-0.37161708117938863,-0.19324008577879306,-0.1545090916550813,-0.16201006664315237
2.0,-0.30037790419813265,-0.32372967044876455,-0.09621890612292558,-0.09060245136929387,-0.12635177547801518
-1.0,-0.30501684673200014,-0.3237296704487645,-0.17237368904014422,-0.14843146594268292,-0.1678023376089621
1.0,-0.28764429009212267,-0.6110613997601629,-0.15819822555981197,-0.2071426899180743,-0.201137458807111
-3.0,-0.28634298831030874,-0.44548774894907844,-0.15275109418886662,-0.20790908609915237,-0.2313153438016673
0.0,-0.29457369929291405,-0.4802369533587857,-0.15084629961580162,-0.30444168616087813,-0.20940319413085842
1.0,-0.29104057730124094,-0.6259308680521791,-0.1969771904256909,-0.19271098666550956,-0.1951341104472989
2.0,-0.2878177442949086,-0.5737430212617701,-0.09871558973513721,-0.21727579713068548,-0.12542492015533324
-1.0,-0.28634298831030874,-0.44548774894907844,-0.19648036045092065,-0.22165647161494395,-0.23444947689483253
1.0,-0.3329569441828842,-0.018654963280292213,-0.14145055451720667,-0.2018256581532277,-0.14221147138711365
-1.0,-0.27238831769957594,0.05669685247556261,-0.1476431447735185,-0.2100955354874011,-0.16584196058719777
0.0,-0.26667294646375034,-0.10715521545311109,-0.165980115228516,-0.14838913867784556,-0.16300474101683748
1.0,-0.27238831769957594,0.05669685247556261,-0.22196611093581195,-0.19950077037044314,-0.1792979540946535
2.0,-0.31422552764709394,0.07959581105662643,-0.09259503692255279,-0.0978984777089428,-0.056568763944864695
-1.0,-0.2769483658394274,0.23635928569906586,-0.19648036045092065,-0.19708400789611963,-0.10573908772803374
1.0,-0.29253678869263317,-0.5069470074344061,-0.15795654508518175,-0.2059767426410702,-0.06513107247565758
-3.0,-0.2686230741258704,-0.5014021074396298,-0.15591208929688025,-0.1839383557549255,-0.12541232695869078
0.0,-0.27736175763485205,-0.2797439128981937,-0.16868258533131897,-0.17372183583820752,-0.16681001365526327
1.0,-0.27736175763485205,-0.2797439128981937,-0.19324008577879306,-0.17484558046330484,-0.17111956648231325
2.0,-0.29253678869263317,-0.5069470074344061,-0.07351202616014542,-0.17127460273969117,-0.029264781324454
-1.0,-0.2686230741258704,-0.5014021074396298,-0.20730962417015827,-0.21412893134038202,-0.14850735176048588
1.0,-0.32785409875597554,-0.05846498047753525,-0.14394455868685183,-0.21338843610689165,-0.2122800627890241
-1.0,-0.34856133752602003,0.05717383171323422,-0.16046541502317582,-0.2452606862060058,-0.15833988200800134
0.0,-0.36069281538006737,-0.012744149214573314,-0.15084629961580162,-0.17365174553276255,-0.18672402440329536
1.0,-0.32785409875597554,-0.05846498047753525,-0.2128613513014165,-0.21138341916724598,-0.2309223216225578
2.0,-0.3583440799969194,0.015553605407031445,-0.07351202616014542,-0.19359266634348127,-0.0633600262477721
-1.0,-0.327330669162824,0.05559864896928098,-0.23508295811912858,-0.25642529813404885,-0.19086663170757875
1.0,-0.3749158912150801,0.2651401612442953,-0.14972626872231184,-0.17284601561751192,-0.15976302605065895
-3.0,-0.3749158912150801,0.2651401612442953,-0.14794881973613305,-0.15183594741727158,-0.14331058061084354
0.0,-0.34618957746495416,0.07737520914410191,-0.17374437306216783,-0.19263628964418003,-0.16719120310999502
1.0,-0.3599805587869597,0.32354270347782865,-0.20243311856368557,-0.1478544503391113,-0.1022834015931817
2.0,-0.34618957746495416,0.07737520914410191,-0.09269727772394101,-0.18133328138745294,-0.0858653714606861
-1.0,-0.39653270988351375,0.16204912048466688,-0.21145695153612415,-0.23487215029862066,-0.22834104809576697
1.0,-0.3956482096639178,0.25026796704526827,-0.15795654508518175,-0.18013363494326937,-0.1478709888395454
-1.0,-0.3775921360510668,-0.030750288278340275,-0.16570593281525814,-0.20545744858857323,-0.2306427100417025
0.0,-0.34971775201170063,0.20423556204900667,-0.15084629961580162,-0.15013427160756185,-0.07776695959614065
1.0,-0.3956482096639178,0.25026796704526827,-0.19978300904156476,-0.1724743254994982,-0.15763390152887172
2.0,-0.3956482096639178,0.25026796704526827,-0.07351202616014542,-0.14543149504189032,-0.04895560662729723
-1.0,-0.33293291316840273,-0.04669097183678651,-0.22395930892780516,-0.20871233595642213,-0.2516909351095798
1.0,-0.341229245293058,-0.30797473116118246,-0.15795654508518175,-0.18558914967682372,-0.16323857233767852
-3.0,-0.3180192000399421,-0.20868400178804328,-0.1447867331090272,-0.11010400127076445,-0.1076508484879366
0.0,-0.3523210263654134,-0.27696856376075907,-0.16338731786005606,-0.19898575597327098,-0.23056549817027844
1.0,-0.35892051291860905,-0.2671749725293754,-0.1969771904256909,-0.14460385351510524,-0.1580159726066138
2.0,-0.35892051291860905,-0.2671749725293754,-0.09621890612292558,-0.1356028271937485,-0.12201664623330646
-1.0,-0.341229245293058,-0.30797473116118246,-0.19648036045092065,-0.1565089812907892,-0.23044205692658232
1.0,-0.3096407982436731,-0.49301478596136034,-0.14854065393575863,-0.26744131226751316,-0.21692529136061095
-1.0,-0.31902122696836727,-0.5966313344976779,-0.15750214055353545,-0.29768919176033704,-0.22327956596980694
0.0,-0.3111244595045472,-0.4330653686810063,-0.17822806640001365,-0.1944482607732153,-0.20274040109388625
1.0,-0.31902122696836727,-0.5966313344976779,-0.19978300904156476,-0.29791048102324535,-0.22054557055316606
2.0,-0.33085406972907927,-0.48113576461875385,-0.10932906092113669,-0.22590838786849293,-0.21223420709412963
-1.0,-0.31902122696836727,-0.5966313344976779,-0.19648036045092065,-0.3126010574265843,-0.23444947689483253
1.0,-0.32353750615499943,-0.10569799871161885,-0.15819822555981197,-0.2068381988907769,-0.18702933937747854
-1.0,-0.32746712536501865,0.0011887764001997647,-0.13516762464084028,-0.19401658502786442,-0.14858018499013
0.0,-0.32746712536501865,0.0011887764001997647,-0.17822806640001365,-0.19004481883091542,-0.17473809139521235
1.0,-0.3288274198587317,-0.20230446610265668,-0.22196611093581195,-0.19922272106625546,-0.1792979540946535
2.0,-0.32746712536501865,0.0011887764001997647,-0.0999547862161445,-0.19004481883091542,-0.10621508641100785
-1.0,-0.3288274198587317,-0.20230446610265668,-0.23508295811912858,-0.23358266267582442,-0.19355025419421978
1.0,-0.3281049587048774,-0.19265931250915316,-0.16121182172000276,-0.1844406976349699,-0.16736171077584855
-3.0,-0.3244815043230948,-0.11685555633945546,-0.1600899509958609,-0.15670752198971893,-0.12787840048543322
0.0,-0.3281049587048774,-0.19265931250915316,-0.165980115228516,-0.1730799195335104,-0.15472549646015527
1.0,-0.3315350772544923,-0.11345611967585775,-0.18456992066866465,-0.17667222305181074,-0.13782792438623784
2.0,-0.3091743106322735,-0.16644485082937205,-0.07660216889031092,-0.16877571253113455,-0.15528945528664834
-1.0,-0.33852676806940424,-0.07744818692754471,-0.17237368904014422,-0.21366649608862626,-0.1752198263903487
1.0,-0.29331250882206944,-0.2781653152511828,-0.1701274119758638,-0.21054936916250394,-0.17132807670242714
-1.0,-0.32479067858337135,-0.2702326260524542,-0.15750214055353545,-0.280552745261151,-0.2251430977741017
0.0,-0.3135265937965265,-0.16186127330790417,-0.15084629961580162,-0.17080620967390997,-0.1444283982760331
1.0,-0.3065224875649834,-0.2585432981612133,-0.21790214505391928,-0.20836301715025582,-0.16990739507429217
2.0,-0.32970105090792967,-0.4465981734688421,-0.0999547862161445,-0.2506865427554626,-0.19263864640133196
-1.0,-0.3064973709773942,-0.39250083156134347,-0.23508295811912858,-0.27668948450101427,-0.3051934425971749
1.0,-0.3171695650089391,0.05320076313894721,-0.16121182172000276,-0.2089629952532192,-0.198368186381693
-3.0,-0.28078554325883287,-0.17988931122024457,-0.14625467183889881,-0.26935054256702606,-0.16624135582246377
0.0,-0.2904710108983988,-0.1396283545123005,-0.15084629961580162,-0.2008147817860227,-0.19805664477059987
1.0,-0.30032109443255167,-0.634133912252245,-0.2162102978114624,-0.2573291545264971,-0.27508428153058656
2.0,-0.3171695650089391,0.05320076313894721,-0.09621890612292558,-0.173465665491126,-0.18216966980984803
-1.0,-0.2957780949552259,-0.17099535801901794,-0.19648036045092065,-0.2596727295032148,-0.23444947689483253
1.0,-0.33869714415567964,-0.44200292431584254,-0.15795654508518175,-0.2174676998609521,-0.20323613331725526
-1.0,-0.3107281630363183,-0.49277689704085154,-0.14393398018112663,-0.2537399613014836,-0.25144572275414645
0.0,-0.35626886649616296,-0.47336875257354744,-0.16242233753505192,-0.25257763218659407,-0.20299055034723232
1.0,-0.32894586605393006,-0.635976991078965,-0.20243311856368557,-0.26432742461917097,-0.3096259257292037
2.0,-0.3107281630363183,-0.49277689704085154,-0.09269727772394101,-0.17342675873912813,-0.17994999333566644
-1.0,-0.356682680537735,-0.5928167899145382,-0.22262695408414085,-0.361712063279954,-0.22073286608560805
1.0,-0.39611065882456764,-0.3813999291652997,-0.1701274119758638,-0.13914095838373747,-0.138334349779736
-3.0,-0.39611065882456764,-0.3813999291652997,-0.15591208929688025,-0.1305434480253277,-0.18964888814012443
0.0,-0.404421417953005,-0.1365439799872144,-0.1453509588450037,-0.10690783242452108,-0.1353760115750532
1.0,-0.39611065882456764,-0.3813999291652997,-0.20243311856368557,-0.13914095838373747,-0.15267389300400927
2.0,-0.41557009679423706,-0.1576631068525478,-0.07351202616014542,-0.09281649131021175,-0.03816638431671794
-1.0,-0.36966811509343034,-0.1344567081631258,-0.2040500073467949,-0.14884876734829428,-0.06860503543741704
1.0,-0.32326238545151165,-0.4146389869070015,-0.1701274119758638,-0.20168058715032516,-0.14619618637248674
-3.0,-0.33430885346387784,-0.4396311289233349,-0.1679304644826523,-0.17770129124276846,-0.23147447072817898
0.0,-0.30999587980443144,-0.3682302424775228,-0.17374437306216783,-0.1594650527903497,-0.16227537762931013
1.0,-0.35093041981947837,-0.5041307823012458,-0.19978300904156476,-0.20682162865900358,-0.17700735980078763
2.0,-0.30999587980443144,-0.3682302424775228,-0.09269727772394101,-0.15387455499471794,-0.1042163136354286
-1.0,-0.32350023227106683,-0.355082526676741,-0.20322188963898344,-0.21503849061239627,-0.14454658449155935
1.0,-0.3867059485372746,-0.28414950477270656,-0.14523603314841818,-0.19087325251041756,-0.20650605157026292
-1.0,-0.3867059485372746,-0.28414950477270656,-0.16774879275448346,-0.27669541688079113,-0.2481252680338727
0.0,-0.399966942157414,-0.03494209234014282,-0.16242233753505192,-0.18367543540832262,-0.16410824571691174
1.0,-0.3419282676134495,-0.3168891193474362,-0.19324008577879306,-0.2238961750848315,-0.21028519793561698
2.0,-0.38711340698736774,-0.3452343819258106,-0.09259503692255279,-0.26990522024588676,-0.19502667392268458
-1.0,-0.3867059485372746,-0.28414950477270656,-0.22262695408414085,-0.2658195547520954,-0.26441758913607616
1.0,-0.4001483122923202,-0.2495185048807713,-0.14972626872231184,-0.2375372498987887,-0.14814976849535702
-1.0,-0.35409979126036356,-0.16041922768512468,-0.2001242402493911,-0.2674805764116457,-0.2084792012428824
0.0,-0.4001483122923202,-0.2495185048807713,-0.16242233753505192,-0.2375372498987887,-0.17303294805388816
1.0,-0.35409979126036356,-0.16041922768512468,-0.19324008577879306,-0.20952946442321835,-0.16263785442144085
2.0,-0.38932375473446457,-0.20582804658812176,-0.0999547862161445,-0.24111880931568544,-0.20841404597926066
-1.0,-0.40270165289602494,-0.3009995197308858,-0.21665409648119408,-0.35064483841420213,-0.23013235206476004
1.0,-0.2610182356749232,0.09964007727100255,-0.15819822555981197,-0.1129543042106717,-0.10955396118525093
-1.0,-0.19889014147048228,-0.03411010878887677,-0.16046541502317582,-0.12610389297444727,-0.17965682893917115
0.0,-0.2610182356749232,0.09964007727100255,-0.16868258533131897,-0.10847166815774327,-0.14453553194101595
1.0,-0.22340304360514285,-0.2035655300602416,-0.21790214505391928,-0.11075709374727107,-0.11157669300996985
2.0,-0.23815461201327545,-0.07990749379009998,-0.09259503692255279,-0.07987380174641691,-0.04288860054602156
-1.0,-0.24578482229827453,0.016317844157223215,-0.21665409648119408,-0.11481375581987684,-0.14787102882702843
1.0,-0.35434555413487895,-0.0230876515451904,-0.15795654508518175,-0.18136429922188094,-0.1478709888395454
-1.0,-0.34849020079999815,-0.054742338402569896,-0.16774879275448346,-0.2329449266576637,-0.26491334531927563
0.0,-0.30285773233447794,-0.054390280991086296,-0.15084629961580162,-0.20260948168705742,-0.21293678230610052
1.0,-0.34849020079999815,-0.054742338402569896,-0.21790214505391928,-0.21418955110147822,-0.2729938443485182
2.0,-0.3272068843646563,-0.10952324675681942,-0.09269727772394101,-0.1976175366443065,-0.17994999333566644
-1.0,-0.3555614839717453,-0.04853580331488316,-0.21145695153612415,-0.2328387555312593,-0.24542489942158802
1.0,-0.3041270445945848,-0.06943912093000572,-0.14523603314841818,-0.1491230148064698,-0.066558312822311
-3.0,-0.3126168616732429,-0.013158060102241954,-0.1673928399373999,-0.2308181098836701,-0.1977461450657531
0.0,-0.3168286924524159,-0.1355805427487178,-0.1745526523427411,-0.18607008285476265,-0.19064166373672406
1.0,-0.2890065591669961,-0.05744368088741789,-0.2128613513014165,-0.1474407023466812,-0.18825041975509327
2.0,-0.29548728137073077,-0.051745574395036686,-0.07660216889031092,-0.14888931404757483,-0.08362502496503227
-1.0,-0.2806354281625683,0.04293219869657109,-0.20322188963898344,-0.13997323080539742,-0.13865739682367267
1.0,-0.30568147995138917,-0.47187191754916513,-0.15795654508518175,-0.27624444119243136,-0.214034701084787
-1.0,-0.2692899150507767,-0.4943977495024822,-0.15390943239916838,-0.31671531017966637,-0.27575028395929263
0.0,-0.2943173751935305,-0.4106133717058528,-0.165980115228516,-0.30255551024858096,-0.24580425014272747
1.0,-0.2822587980572433,-0.4617467029351716,-0.2128613513014165,-0.24331093755428973,-0.27661531270562273
2.0,-0.2943173751935305,-0.4106133717058528,-0.09621890612292558,-0.288082940029347,-0.20776200650464383
-1.0,-0.31955660785476503,-0.4848058574325864,-0.17237368904014422,-0.3106907274063389,-0.24302979254978258
1.0,-0.289765548668665,-0.3175514558058592,-0.14854065393575863,-0.24466027078750915,-0.23760558815222024
-1.0,-0.289765548668665,-0.3175514558058592,-0.15390943239916838,-0.3473327399091834,-0.25991124067990046
0.0,-0.3089648747466879,-0.26569269293809405,-0.1745526523427411,-0.23101512796129225,-0.22138927542775622
1.0,-0.3089648747466879,-0.26569269293809405,-0.19978300904156476,-0.2209027980715306,-0.27581032063350924
2.0,-0.32009311675384655,-0.34367424616081266,-0.09621890612292558,-0.239914217410614,-0.25786597357705476
-1.0,-0.3327658806265765,-0.24093722871846163,-0.21665409648119408,-0.32262352264630445,-0.23013235206476004
1.0,-0.26992978947412993,-0.38476459821468445,-0.14854065393575863,-0.1932927492798996,-0.2176037992684629
-3.0,-0.31205117217642603,-0.2077993451823937,-0.17167575908189794,-0.3115541647720839,-0.18523407131032676
0.0,-0.3212028606317349,-0.2832557096227496,-0.165980115228516,-0.2091501331756015,-0.19032703800080183
1.0,-0.3358333380151746,-0.14839803984513694,-0.22196611093581195,-0.19820625931931893,-0.21818025872497407
2.0,-0.27926726489652315,-0.1667406975045684,-0.07351202616014542,-0.15964652775003726,-0.06880404965632149
-1.0,-0.31845282458502594,-0.19082061753879814,-0.20730962417015827,-0.2723494007573365,-0.2607957334921727
1.0,-0.3713077513618033,0.3656583962220466,-0.16121182172000276,-0.1622161385025749,-0.16736171077584855
-3.0,-0.36982984938341246,0.48706197487529596,-0.1447867331090272,-0.23754415680082414,-0.16301566047112434
0.0,-0.38338485918710985,0.2479313634349522,-0.17374437306216783,-0.1876994293883148,-0.16719120310999502
1.0,-0.36777105644870534,0.49914332840467246,-0.19324008577879306,-0.1318485516887538,-0.14051927954136934
2.0,-0.3871559583808723,-0.0017892207021232675,-0.10932906092113669,-0.156502137210254,-0.08660489336765369
-1.0,-0.37296828352280814,0.34209331939658416,-0.23508295811912858,-0.22102791297320218,-0.18608913339877323
1.0,-0.43784223435618247,-0.6197138445584729,-0.14972626872231184,-0.19317444121903854,-0.16660787919898828
-1.0,-0.3856138902503697,-0.29779865016479523,-0.15750214055353545,-0.26055769752238844,-0.26643386729276775
0.0,-0.4090107691526264,-0.2506015770625309,-0.17374437306216783,-0.18563173609014477,-0.16719120310999502
1.0,-0.43784223435618247,-0.6197138445584729,-0.22196611093581195,-0.19317444121903854,-0.1908108213158205
2.0,-0.43047524312339336,-0.36276324971699864,-0.10932906092113669,-0.15519697016470066,-0.1146313714406701
-1.0,-0.4171405438753483,-0.2706110741795949,-0.17237368904014422,-0.19520145460205823,-0.16511754905014514
1.0,-0.4043438609463027,-0.5383936486395176,-0.16121182172000276,-0.23903120263949043,-0.198368186381693
-1.0,-0.3948635453211563,-0.43862817568883566,-0.16046541502317582,-0.24978131202570644,-0.24042088783696142
0.0,-0.36581176923262243,-0.37997677475644426,-0.17374437306216783,-0.201150356718718,-0.21031348036652062
1.0,-0.3660607507139171,-0.3223595789027208,-0.19324008577879306,-0.2204678624487375,-0.21357617271542542
2.0,-0.3982297527669532,-0.4531733935831451,-0.0999547862161445,-0.24401296981499354,-0.1596775315165295
-1.0,-0.3920666893407871,-0.24725603438547514,-0.22262695408414085,-0.2258060179455097,-0.26441758913607616
2.0,-0.33890585421023883,-0.4622680603491324,-0.20176176491126604,-0.16466156205777743,-0.2207054757384006
-3.0,-0.3179059344706098,-0.35987117622802955,-0.3565385160141986,-0.37775222709855366,-0.40618949010305616
-2.0,-0.2872173092610545,-0.40365857569325825,-0.31981109004468516,-0.3456905385748181,-0.34667953564891757
-2.0,-0.3074090434293911,-0.5059315095974052,-0.3429251420169751,-0.3327076025405748,-0.3334478027935033
1.0,-0.33890585421023883,-0.4622680603491324,-0.16020891693455533,-0.14857448033694642,-0.20568339099281202
2.0,-0.2214122755647309,-0.36575216973427627,-0.2342460421180249,-0.15160601679500033,-0.23346378821799763
-3.0,-0.17236367148266432,-0.22355172583879807,-0.338091533860925,-0.26543907411555595,-0.3233494838028358
-2.0,-0.20761262129630748,-0.37352376376125584,-0.31981109004468516,-0.24814408841356453,-0.2758206610778805
-2.0,-0.20761262129630748,-0.37352376376125584,-0.3646528787449668,-0.27375049387621286,-0.30698466856864415
1.0,-0.2063914944212131,-0.4039747491899927,-0.16020891693455533,-0.10405769398716685,0.007611201884906961
2.0,-0.3900327524784683,-0.6437676667549161,-0.2097772395176816,-0.16697806449891908,-0.20994310984151218
-3.0,-0.39536920470373754,-0.6882397596878098,-0.338091533860925,-0.37227537506142017,-0.3567865737853325
-2.0,-0.39536920470373754,-0.6882397596878098,-0.31190616034343766,-0.2946750580017347,-0.34772915201115306
-2.0,-0.4001333864162102,-0.47403073091709275,-0.3646528787449668,-0.2624624347138587,-0.34578370861507185
1.0,-0.4001333864162102,-0.47403073091709275,-0.18241023281136412,-0.13477687051432638,-0.16685215707240514
2.0,-0.4023213457763097,-0.15080610802455266,-0.24674093517900988,-0.23813850392792926,-0.2853866625706506
-3.0,-0.4064063568412279,-0.20823780987814694,-0.33744076367024334,-0.34826490758939893,-0.34348264184069655
-2.0,-0.38561553732808823,-0.2291682663525227,-0.32183435877357597,-0.3077314917981712,-0.29930777380341783
-2.0,-0.4023213457763097,-0.15080610802455266,-0.33354716888889874,-0.31268298311786097,-0.3831996033067344
1.0,-0.3917916774730445,-0.1679793205003529,-0.16430465031596608,-0.20517049738429496,-0.23200685333184645
2.0,-0.22849799740493112,-0.279753266945874,-0.21491386599785894,-0.06142107824982935,-0.13214495039597562
-3.0,-0.21400390787728127,-0.514881817876814,-0.338091533860925,-0.25343093126971145,-0.3356614605108222
-2.0,-0.22849799740493112,-0.279753266945874,-0.31482335124629374,-0.22205566746621727,-0.28305672500868045
-2.0,-0.22849799740493112,-0.279753266945874,-0.350772567232781,-0.22765405875836642,-0.29260136270961545
1.0,-0.26557039456181986,-0.5689547344964634,-0.18241023281136412,-0.1191695352269176,-0.13662603600665643
2.0,-0.3644445939974907,-0.3221165984623635,-0.21491386599785894,-0.2388005481410078,-0.27746867506951456
-3.0,-0.3629982894667015,-0.24648420203060584,-0.34267248497928693,-0.414881747047652,-0.2941918691347081
-2.0,-0.3553015829533596,-0.3020823073647178,-0.31187523892256136,-0.4416030929679685,-0.33296908604552083
-2.0,-0.36569040888923654,-0.4202705566485006,-0.3490748422370516,-0.4368516026420406,-0.5937162058628815
1.0,-0.36922927996583943,-0.4307810221493964,-0.18237882765846147,-0.26304631131744755,-0.32865656765032614
2.0,-0.13159185661903317,0.043006452678043455,-0.24674093517900988,-0.2497048649690252,-0.291945143173323
-3.0,-0.15251313113637438,0.20561296791428893,-0.3542699006699386,-0.3848261095027098,-0.35310845577335226
-2.0,-0.13159185661903317,0.043006452678043455,-0.3161423584855424,-0.32702782058497043,-0.4279677615378795
-2.0,-0.13159185661903317,0.043006452678043455,-0.33354716888889874,-0.32702782058497043,-0.4090235840195633
1.0,-0.15251313113637438,0.20561296791428893,-0.17342502795807013,-0.22940727826931898,-0.18810076648534993
2.0,-0.10880775681962783,-0.5639394285482038,-0.21491386599785894,-0.14882349507227235,-0.20909932449100627
-3.0,-0.10880775681962783,-0.5639394285482038,-0.32511512955626826,-0.4679141141947419,-0.3500883506799956
-2.0,-0.13265814168746431,-0.20488347504071722,-0.31187523892256136,-0.28052059370712246,-0.25002340190383143
-2.0,-0.15165324401564348,-0.07866341471306278,-0.3543054673804572,-0.25670156170358777,-0.2602863068508468
1.0,-0.13265814168746431,-0.20488347504071722,-0.171333463353305,-0.12031195584159868,-0.12099060854307991
2.0,-0.1332359065245781,-0.38186143184958166,-0.24674093517900988,-0.26856782714289873,-0.2853866625706506
-3.0,-0.1787071145761729,-0.4449686278155614,-0.34852156219834657,-0.36961782616193833,-0.3581015594316599
-2.0,-0.15360580501099122,-0.445983696919258,-0.31981109004468516,-0.3418008367163065,-0.40269035190368624
-2.0,-0.17936459066920357,-0.3237497936824129,-0.4145348582367368,-0.48265034663071393,-0.526201535085273
1.0,-0.1787071145761729,-0.4449686278155614,-0.17974305146050987,-0.255028262865846,-0.2428972051086702
2.0,-0.04376696574903306,0.4400501125452276,-0.2097772395176816,-0.028332478572724827,-0.10947005708398526
-3.0,-0.04920678743428544,-0.15767464063615277,-0.33744076367024334,-0.2514015158988407,-0.20798223508742705
-2.0,-0.039591808135316375,0.48942236704539893,-0.30953162929595207,-0.13666248382370658,-0.1285777838879841
-2.0,-0.04920678743428544,-0.15767464063615277,-0.4145348582367368,-0.2303961488201588,-0.27357671891501184
1.0,-0.07384096533438056,0.5010405177905178,-0.17938776935763787,-0.07311343432732005,-0.14142197357367015
2.0,-0.0783687244817054,1.2138639326173635,-0.21491386599785894,-0.0504106146617488,-0.07202156850076939
-3.0,-0.09644221570379227,1.323832162800004,-0.3565385160141986,-0.1870933105459002,-0.10965280766163821
-2.0,-0.12227043467092258,0.7837558076557243,-0.33287267472516496,-0.1557368631963167,-0.2035801571923549
-2.0,-0.12227043467092258,0.7837558076557243,-0.3543054673804572,-0.1557368631963167,-0.2455381243010902
1.0,-0.08506824485488579,1.1940813104421784,-0.171333463353305,-0.057075969759315275,-0.0016237450306198012
2.0,-0.0924853330450007,-0.36294530804284486,-0.20430457474765276,-0.2253257036268553,-0.19933998742872522
-3.0,-0.12317956067076305,-0.40611740944164443,-0.34267248497928693,-0.37343121668197854,-0.2941918691347081
-2.0,-0.08298036942905149,-0.4290835553415513,-0.31187523892256136,-0.3100190735013225,-0.3341931419664959
-2.0,-0.08298036942905149,-0.4290835553415513,-0.35793962555608205,-0.38121153289300186,-0.33778020023353966
1.0,-0.09113666853520049,-0.45656931049548205,-0.17342502795807013,-0.22733790144327018,-0.18810076648534993
2.0,-0.16105438843006245,-0.18753070363329238,-0.24674093517900988,-0.16605254618287527,-0.16004991877419483
-3.0,-0.16105438843006245,-0.18753070363329238,-0.3565385160141986,-0.30180785436265034,-0.220934960322501
-2.0,-0.16334315030392524,0.024128177562768693,-0.31482335124629374,-0.22652681013568593,-0.28305672500868045
-2.0,-0.20181199429116742,0.08477265241885434,-0.3543054673804572,-0.2157390662082017,-0.30644218474378543
1.0,-0.1909629266660014,-0.27441974424905957,-0.17938776935763787,-0.11693663139254075,-0.15744840427547202
2.0,-0.1205638730081079,-0.005570984317139899,-0.23680224414976192,-0.10625622183772966,-0.20515478672007903
-3.0,-0.1122522765020547,-0.04306279842994995,-0.34267248497928693,-0.2622310055062331,-0.2764590988685272
-2.0,-0.09806852234014779,-0.044663757653331526,-0.31482335124629374,-0.18814442341437979,-0.061743957909158945
-2.0,-0.10327626205793182,-0.08569847190837933,-0.35793962555608205,-0.2659028397386114,-0.21294927740633315
1.0,-0.10327626205793182,-0.08569847190837933,-0.171333463353305,-0.06420618499844483,-0.05274985885458343
2.0,-0.05731448062743823,-0.6708973628765861,-0.21491386599785894,-0.13561765734816847,-0.13395290470671908
-3.0,-0.06650070767443206,-0.5392588334165723,-0.33744076367024334,-0.2676897497074423,-0.3188788571497021
-2.0,-0.06650070767443206,-0.5392588334165723,-0.3159340036313484,-0.22475332070278986,-0.2593269647440853
-2.0,-0.0534861960979952,-0.47076219256728186,-0.3257340884829842,-0.22570663382452047,-0.28103398476316305
1.0,-0.04282680471141173,-0.8123061483797742,-0.17342502795807013,-0.14603575850579392,-0.1232838514729681
2.0,-0.0499161337032889,-0.2158688419344044,-0.23680224414976192,-0.193644563701197,-0.23097007873981787
-3.0,-0.045266374587038326,0.1552953368179252,-0.338091533860925,-0.3438432387560452,-0.32632710838131773
-2.0,-0.026312641062509908,0.009606752586390543,-0.32183435877357597,-0.2541203332125986,-0.26565120385403446
-2.0,-0.0499161337032889,-0.2158688419344044,-0.3646528787449668,-0.30952804929234795,-0.34578370861507185
1.0,-0.034787184191281885,0.10766257188246675,-0.171333463353305,-0.13577605857514524,-0.08886882897667482
2.0,-0.05527733417124307,-0.08670821823695653,-0.24674093517900988,-0.13838441770731139,-0.1316756333410299
-3.0,-0.017834447174006365,-0.048692175167446804,-0.34388818422303474,-0.31549447484641785,-0.30490465978232967
-2.0,-0.036332977123616876,-0.15189981674126907,-0.3159340036313484,-0.22452900195754463,-0.2593269647440853
-2.0,-0.06345964967602609,-0.2261026711958237,-0.3490748422370516,-0.23978899725533107,-0.22945615378252865
1.0,-0.04528118019737701,-0.0466477704355963,-0.16430465031596608,-0.07442250043287871,0.0028315377280857565
2.0,-0.047996571006229755,-0.3183711378252318,-0.20176176491126604,-0.1988492993025632,-0.12889791618509738
-3.0,-0.034695130482737625,-0.23628046404495312,-0.34852156219834657,-0.2817436063692702,-0.3316880762796926
-2.0,-0.034695130482737625,-0.23628046404495312,-0.32183435877357597,-0.22099512432392707,-0.30174241197123747
-2.0,-0.019920474959400494,-0.12221335701399785,-0.3462736637638758,-0.25447772214521547,-0.23704805601822987
1.0,-0.034695130482737625,-0.23628046404495312,-0.17974305146050987,-0.11135502468561931,-0.13242939909152726
2.0,-0.05054998646124987,-0.0857072725973202,-0.2342460421180249,-0.0500825028710761,-0.11502095943923193
-3.0,-0.08451995920653987,-0.021928337260102237,-0.34740472357359575,-0.2970653141157987,-0.2596842415774125
-2.0,-0.08451995920653987,-0.021928337260102237,-0.3362312689068021,-0.22646136035043035,-0.22801248520657103
-2.0,-0.05043394083931703,0.018833687938891536,-0.3257340884829842,-0.16170344380895751,-0.252003762537664
1.0,-0.09836855762510277,-0.27901627696781384,-0.17938776935763787,-0.10980820195815479,-0.16091465803560695
2.0,-0.10952883723147736,-0.1826707152769772,-0.21491386599785894,-0.06865981885276098,-0.07646032099020673
-3.0,-0.13910860093245764,-0.17352793832793284,-0.338091533860925,-0.3061467515486667,-0.32984685224248333
-2.0,-0.11997018353677191,-0.166726136241443,-0.32183435877357597,-0.23156278063196156,-0.2875988482572198
-2.0,-0.14294137342301133,-0.13734967394928974,-0.3490748422370516,-0.27070481904803795,-0.20853520772787174
1.0,-0.12874954470719374,-0.47773355565502384,-0.18241023281136412,-0.07972731437721851,-0.11945244925563839
2.0,-0.11968368853765786,-0.32836396172921245,-0.20430457474765276,-0.16708255566420774,-0.19240695571145
-3.0,-0.13760311027992075,-0.3044615329118179,-0.3713240346239475,-0.31949996934403935,-0.3588862895953094
-2.0,-0.13760311027992075,-0.3044615329118179,-0.31981109004468516,-0.297378537304468,-0.31789596513386736
-2.0,-0.12883968751451386,-0.29653667396128264,-0.3257340884829842,-0.28655465113233375,-0.3114934612745074
1.0,-0.1536275845655419,-0.46717178433777756,-0.17938776935763787,-0.1720745946131145,-0.17360193195577003
2.0,-0.14246719391342927,-0.4454008199642404,-0.23680224414976192,-0.22036214088183184,-0.23628787566127094
-3.0,-0.12398413987230014,-0.2538655179283401,-0.34267248497928693,-0.3201588712075474,-0.36215270007373496
-2.0,-0.12752300610303768,-0.277277826468467,-0.32183435877357597,-0.31016368911100933,-0.29930777380341783
-2.0,-0.13824050386340525,-0.15592111967590658,-0.3490748422370516,-0.2733473282375368,-0.1718965172199957
1.0,-0.1453394194006768,-0.1737587899937069,-0.171333463353305,-0.196926804840578,-0.15380746233062267
2.0,-0.12221971769625381,-0.10525352415127082,-0.21491386599785894,-0.1865870345275142,-0.13214495039597562
-3.0,-0.12974526566696856,0.03105407379920922,-0.34852156219834657,-0.3137218446750502,-0.3418767031967086
-2.0,-0.13650824692259136,-0.15331412398213176,-0.3362312689068021,-0.29572892436776926,-0.2518698720019466
-2.0,-0.13685212167614605,-0.202714896855864,-0.3462736637638758,-0.30219801561828175,-0.28883512238588865
1.0,-0.12221971769625381,-0.10525352415127082,-0.18882327225024598,-0.17442935036838084,-0.1017534710889497
2.0,-0.10658962346222042,0.7417793737107946,-0.2122178205638976,-0.10421821483687434,-0.02101960346328509
-3.0,-0.10788331679428063,0.5102717954346128,-0.32511512955626826,-0.3067994357292493,-0.25533508872817123
-2.0,-0.10658962346222042,0.7417793737107946,-0.33287267472516496,-0.21492186863017468,-0.20920512009149697
-2.0,-0.11067498473377045,0.40381880271635806,-0.33354716888889874,-0.16697602477761114,-0.2385550776801908
1.0,-0.12024750844394096,-0.18718821136062552,-0.17938776935763787,-0.14260524026736351,-0.15744840427547202
2.0,-0.11952344061356136,-0.2523684889033637,-0.21491386599785894,-0.11989503177407644,-0.13214495039597562
-3.0,-0.09949615401536162,-0.2479899842692378,-0.338091533860925,-0.24958272158776598,-0.3233494838028358
-2.0,-0.1239189057494064,-0.14820933409826914,-0.3362312689068021,-0.27746941599326563,-0.3503156615682315
-2.0,-0.12560159351282246,-0.35660050178093816,-0.3646528787449668,-0.2980092600745565,-0.24435495891447004
1.0,-0.12560159351282246,-0.35660050178093816,-0.18241023281136412,-0.1264306688480442,-0.13364893896344646
2.0,-0.09866508983784462,0.22930019832259385,-0.2342460421180249,-0.06678533170420886,-0.11502095943923193
-3.0,-0.12494768228124047,-0.10040310634129283,-0.34852156219834657,-0.3284380704233122,-0.34797111541759895
-2.0,-0.1297659408914739,0.31676781359062633,-0.3161423584855424,-0.18742441877032034,-0.2641097777952053
-2.0,-0.09660237285447323,0.2420531242575172,-0.3646528787449668,-0.28910696645232375,-0.22532607610537392
1.0,-0.13628928467734694,0.2564058132940902,-0.16020891693455533,-0.09385706446837203,-0.03730377842529672
2.0,-0.13764727761924564,0.24470454458539825,-0.2122178205638976,-0.18085623018244518,-0.19985617087680116
-3.0,-0.08900052044560558,-0.05783081100323621,-0.3713240346239475,-0.41266455442740096,-0.3520419450781063
-2.0,-0.07744579706400447,0.05496789113831185,-0.31482335124629374,-0.2912326367180792,-0.29455286682216564
-2.0,-0.1195145637815438,0.041693845593441664,-0.3429251420169751,-0.2931062069414464,-0.3334478027935033
1.0,-0.13764727761924564,0.24470454458539825,-0.16430465031596608,-0.1389706321679651,-0.17771854349323235
2.0,-0.0940203322194157,-0.16817593638768957,-0.20176176491126604,-0.19764004259577247,-0.21645252030126141
-3.0,-0.11860012098625598,-0.10162819332652245,-0.34267248497928693,-0.3198843042206666,-0.3770648283518432
-2.0,-0.0782510550573928,-0.07105089066115605,-0.31981109004468516,-0.25029811481993486,-0.21319095142370645
-2.0,-0.056330786556937844,0.12817614299446606,-0.3257340884829842,-0.21446749004001156,-0.2770410733461939
1.0,-0.0852673387253474,-0.5227923581696213,-0.18882327225024598,-0.12843382297344044,-0.18617179581387355
2.0,-0.13146948296424582,-0.06943599398488759,-0.23680224414976192,-0.2352432149327435,-0.23856047935685534
-3.0,-0.10678040301786694,-0.06493965644726757,-0.3542699006699386,-0.412172181656869,-0.35310845577335226
-2.0,-0.14070198971954317,-0.15153073402245487,-0.31187523892256136,-0.33625333096780724,-0.3326982463734112
-2.0,-0.10678040301786694,-0.06493965644726757,-0.3462736637638758,-0.3540549468566858,-0.3037683800074811
1.0,-0.13146948296424582,-0.06943599398488759,-0.18241023281136412,-0.1824110417180997,-0.20775743831379853
2.0,-0.15620645012115025,-0.011614954898911227,-0.20430457474765276,-0.19720004262954113,-0.19240695571145
-3.0,-0.19263902994142557,-1.027077745152273,-0.3542699006699386,-0.37819832417422666,-0.35310845577335226
-2.0,-0.18802131079054812,-0.9837613299310132,-0.31981109004468516,-0.3332517376752046,-0.33517406311802106
-2.0,-0.1709402615008527,-1.0558542478187938,-0.3429251420169751,-0.27542427789336127,-0.3461261040581316
1.0,-0.20332020108969787,-1.058848929729622,-0.171333463353305,-0.2487133696718583,-0.1863291721143621
2.0,-0.19147250384411094,0.2569026931668098,-0.20176176491126604,-0.1436966195515984,-0.1374354625961901
-3.0,-0.21008848174808853,0.12898120439425723,-0.3713240346239475,-0.31512389997525825,-0.2974724441109496
-2.0,-0.18508900705886527,-0.2133607113904461,-0.33287267472516496,-0.27985989220598334,-0.33766167156479165
-2.0,-0.18938907319708184,0.1051138197705764,-0.4145348582367368,-0.26415674040604176,-0.3061285986901375
1.0,-0.21305948663351393,0.06921227803782337,-0.171333463353305,-0.19444164017613585,-0.1566648068449342
2.0,-0.19994580976634949,0.09278365605286026,-0.24674093517900988,-0.21263376256674907,-0.2853866625706506
-3.0,-0.19685062144064616,0.20563142567544634,-0.3542699006699386,-0.31147715831506073,-0.32219125534596377
-2.0,-0.17511074049018646,-0.03226158305420226,-0.31187523892256136,-0.27265623098534325,-0.3941068665993061
-2.0,-0.16228973174222144,-0.08647613472390926,-0.4145348582367368,-0.44207101208139304,-0.5403371402038869
1.0,-0.16228973174222144,-0.08647613472390926,-0.18237882765846147,-0.26222546624720533,-0.29751766382530276
2.0,-0.2234820540550971,-0.4888771096210278,-0.24674093517900988,-0.2712868795115354,-0.291945143173323
-3.0,-0.19155809336211463,-0.467503855454138,-0.33744076367024334,-0.3893673574014117,-0.303871763746208
-2.0,-0.16299676091217066,-0.33013983720972095,-0.31190616034343766,-0.400236517160411,-0.3102281279276809
-2.0,-0.16063651131638912,-0.2570119354820641,-0.3257340884829842,-0.3720125083848995,-0.3448101546198804
1.0,-0.19155809336211463,-0.467503855454138,-0.18237882765846147,-0.22908114891096618,-0.2556892194503258
2.0,-0.18537418232512115,-0.4264646800938152,-0.2097772395176816,-0.21168918991526467,-0.23238955999953734
-3.0,-0.24526649752866395,-0.37801316425852877,-0.34388818422303474,-0.4602107446820197,-0.3616245029469572
-2.0,-0.23383612618351066,-0.3467507104879001,-0.31482335124629374,-0.3320682077056472,-0.29466239571284125
-2.0,-0.1940718133724572,-0.3407600424158041,-0.3429251420169751,-0.3908500746777526,-0.3471263357724611
1.0,-0.22364847330588655,-0.3734021881332887,-0.18241023281136412,-0.20805509594070992,-0.17757774829149464
2.0,-0.2718891145570989,-0.6830038333628464,-0.2097772395176816,-0.26204980859263266,-0.28419219034101084
-3.0,-0.266050150940382,-0.7712145855549046,-0.3713240346239475,-0.4125244960788725,-0.49608589881550236
-2.0,-0.31512739340281826,-0.5910109449631782,-0.31187523892256136,-0.4005584481548678,-0.44961051453620804
-2.0,-0.2978988768156698,-0.5002938018446257,-0.33354716888889874,-0.3690849537874144,-0.48579698190384296
1.0,-0.31512739340281826,-0.5910109449631782,-0.171333463353305,-0.2934321485958468,-0.3186588340127056
2.0,-0.3151273934028183,-0.5382037969937541,-0.19225567529294632,-0.23454964731440361,-0.28113425986938945
-3.0,-0.29107647580075674,-0.5825002668594559,-0.34267248497928693,-0.3972246951075236,-0.3856027679836991
-2.0,-0.2630555530111684,-0.5058157395145778,-0.30953162929595207,-0.39197616189298823,-0.4075854705978637
-2.0,-0.2630555530111684,-0.5058157395145778,-0.3462736637638758,-0.4065352172079911,-0.4441490099118573
1.0,-0.29789887681566973,-0.6884437041659208,-0.1703224878392277,-0.3032300117928484,-0.24635831905831215
2.0,-0.31512739340281826,-0.4824738445377648,-0.19225567529294632,-0.2836543214239526,-0.28113425986938945
-3.0,-0.301383802061479,-0.390984380909872,-0.32511512955626826,-0.5200545248911272,-0.46578421964942557
-2.0,-0.2913561514703515,-0.42883574753221765,-0.3159340036313484,-0.4018929628919412,-0.41804754304423547
-2.0,-0.2660501509403819,-0.44843284633598757,-0.3646528787449668,-0.42579028962994253,-0.48929222740999256
1.0,-0.2718891145570989,-0.5162363345787281,-0.17974305146050987,-0.2786830708408657,-0.2942729669587692
2.0,-0.27957105646661345,-0.545479633692522,-0.20176176491126604,-0.18025891679748884,-0.24355924984242447
-3.0,-0.27957105646661345,-0.545479633692522,-0.34740472357359575,-0.32724865163107225,-0.4018062308223949
-2.0,-0.33149203185503706,-1.4293112146131455,-0.31482335124629374,-0.3657679831762401,-0.39785658842134863
-2.0,-0.3124336092515844,-1.6092842348149616,-0.35793962555608205,-0.4152889709376735,-0.4901733604610128
1.0,-0.29045864752345407,-1.1736362036310404,-0.17938776935763787,-0.26321484906425435,-0.18702735790933497
2.0,-0.34134994461633045,-0.45015611645266407,-0.24674093517900988,-0.20807125885196395,-0.283320860754816
-3.0,-0.27136551168620693,0.07142890258477422,-0.338091533860925,-0.3945422287929741,-0.3387477342914148
-2.0,-0.28668626727342866,0.10679700907299425,-0.33287267472516496,-0.23932915989184472,-0.2700693835552796
-2.0,-0.32096627329277483,0.09080624439000304,-0.4145348582367368,-0.33826100543350585,-0.31232059678256224
1.0,-0.28338446677945567,-0.11312355831760978,-0.16020891693455533,-0.14934946798110904,-0.21098044374110586
2.0,-0.30055708497489747,-0.029622423746065024,-0.2122178205638976,-0.07751302486264033,-0.1235922879589136
-3.0,-0.3219115034953135,-0.26590281680577665,-0.3713240346239475,-0.38233471375854744,-0.3588862895953094
-2.0,-0.32000079814890353,-0.32292145867577515,-0.3161423584855424,-0.28190866774637136,-0.27088573669648197
-2.0,-0.3013519209853618,-0.14904671445806966,-0.3462736637638758,-0.2636229113364458,-0.2840780044854245
1.0,-0.2784265980483251,0.038997809375160494,-0.17974305146050987,-0.12447918346989553,-0.11829824395427274
2.0,-0.2883500131994742,0.33372746007873194,-0.19225567529294632,-0.15187299916312322,-0.17995277790590897
-3.0,-0.30667222566712476,0.2681943664370417,-0.34740472357359575,-0.235743758877443,-0.1857194341302163
-2.0,-0.2883500131994742,0.33372746007873194,-0.31187523892256136,-0.2699788997197245,-0.30070992292738646
-2.0,-0.3084845505338439,0.061701716380803864,-0.4145348582367368,-0.26021525709270205,-0.37860937897798064
1.0,-0.29798121391403837,0.13394000878144807,-0.18882327225024598,-0.17819892717626087,-0.18617179581387355
2.0,-0.30292610637996376,-0.20991326060581303,-0.24674093517900988,-0.1969320658495462,-0.22328998692956573
-3.0,-0.2502550527835747,-0.06305851379463351,-0.34852156219834657,-0.28833953717234173,-0.29081832113903205
-2.0,-0.2865970798370473,-0.10614217111960841,-0.31482335124629374,-0.27194696673272406,-0.28305672500868045
-2.0,-0.29285683023445713,-0.09700135108702118,-0.3490748422370516,-0.22381981668689538,-0.32368151673426065
1.0,-0.2702728725432227,-0.08485778969927447,-0.17938776935763787,-0.07205699322772509,-0.17360193195577003
2.0,-0.3074243752633041,-0.16370657764083626,-0.20176176491126604,-0.14090650000348198,-0.2122320936867086
-3.0,-0.3077826989209881,-0.5797336332706501,-0.3713240346239475,-0.26654898745850963,-0.3588862895953094
-2.0,-0.2894180489501221,-0.20157307804663782,-0.31187523892256136,-0.21006540049454922,-0.24425974780125834
-2.0,-0.2972730764623739,-0.16779657200442064,-0.33354716888889874,-0.2562173841451059,-0.24388927036041116
1.0,-0.3077826989209881,-0.5797336332706501,-0.18241023281136412,-0.2229313102769809,-0.18022042573454194
2.0,-0.230778718392143,0.3054179561879957,-0.2097772395176816,-0.15735549377242897,-0.18573273432865353
-3.0,-0.22828034726021168,0.23138864843226994,-0.34388818422303474,-0.42261975071245006,-0.3421503868551926
-2.0,-0.27192764723196705,-0.10287484647254404,-0.33287267472516496,-0.38841805844662713,-0.33766167156479165
-2.0,-0.2539279335710551,-0.030888573944382304,-0.3490748422370516,-0.36610794976680233,-0.32362131597995875
1.0,-0.27192764723196705,-0.10287484647254404,-0.16430465031596608,-0.24420588638145976,-0.20361498506032744
2.0,-0.25358772725437423,-0.5256129424302511,-0.20430457474765276,-0.19950271910727577,-0.25097933681721724
-3.0,-0.238153578290266,-0.5365312453157053,-0.34267248497928693,-0.42667594606337583,-0.2941918691347081
-2.0,-0.2154338151444664,-0.6581135689000417,-0.31190616034343766,-0.3633420372468329,-0.32660403873664273
-2.0,-0.26338453553906604,-0.6553418068612868,-0.3646528787449668,-0.3725075891890648,-0.48929222740999256
1.0,-0.238153578290266,-0.5365312453157053,-0.16430465031596608,-0.1732879767009515,-0.23193078299397715
2.0,-0.17946805645186653,-0.23396880884619112,-0.19225567529294632,-0.20411950108099222,-0.17995277790590897
-3.0,-0.16919726418794004,-0.03390919537514736,-0.3542699006699386,-0.34984117153493133,-0.3493345349817797
-2.0,-0.19751686128465612,0.016602926696315374,-0.3362312689068021,-0.2874836937556524,-0.17835867636559458
-2.0,-0.17946805645186653,-0.23396880884619112,-0.35793962555608205,-0.3354164049113834,-0.33526798363977955
1.0,-0.17588136185943856,-0.05842747454868563,-0.18882327225024598,-0.20388681388969782,-0.17483917544656902
2.0,-0.15555402896558526,-0.2798960538766286,-0.20773301166173808,-0.1695736898735933,-0.15820535034216812
-3.0,-0.16904037982527517,-0.2766190317998522,-0.3713240346239475,-0.2621607964099674,-0.2974724441109496
-2.0,-0.13881760814192304,-0.08866858896332085,-0.31187523892256136,-0.25443436103249717,-0.24118413263157265
-2.0,-0.16904037982527517,-0.2766190317998522,-0.3646528787449668,-0.24139856213774544,-0.22532607610537392
1.0,-0.15038829864673836,-0.37042535012739386,-0.16020891693455533,-0.16199098069685736,-0.21098044374110586
2.0,-0.17936069093011064,-0.21290115945359975,-0.20176176491126604,-0.19829211956798531,-0.2374464323147352
-3.0,-0.17936069093011064,-0.21290115945359975,-0.34740472357359575,-0.3072304517120391,-0.39451514785473046
-2.0,-0.15396517376950627,-0.25704547362955343,-0.3159340036313484,-0.2526236734071582,-0.27292776747401903
-2.0,-0.1487128868346872,-0.21328572975409593,-0.350772567232781,-0.22930781995316446,-0.2842925041028721
1.0,-0.14959428623598237,-0.16121012395232803,-0.171333463353305,-0.16084947508274947,-0.15380746233062267
2.0,-0.1624777209680474,-0.3107738950765442,-0.21491386599785894,-0.08621260124258369,-0.12167695048769007
-3.0,-0.12674239360118217,-0.13806634106987584,-0.3713240346239475,-0.2615815454858185,-0.28667455770912975
-2.0,-0.13903842471341146,-0.2772550753102062,-0.3362312689068021,-0.2370130290809938,-0.22976036029072275
-2.0,-0.12674239360118217,-0.13806634106987584,-0.3646528787449668,-0.23659367884305357,-0.2364913613446315
1.0,-0.13001041307652264,-0.3703796894430219,-0.17938776935763787,-0.0857642591939431,-0.16091465803560695
2.0,-0.16275796658957561,-0.3178905462910239,-0.20430457474765276,-0.18756603169021502,-0.19240695571145
-3.0,-0.16787330113341545,-0.34238501118380976,-0.3542699006699386,-0.3894244771254521,-0.35310845577335226
-2.0,-0.16787330113341545,-0.34238501118380976,-0.30953162929595207,-0.3043464740243046,-0.29344855103995937
-2.0,-0.16275796658957561,-0.3178905462910239,-0.4145348582367368,-0.45493747120611283,-0.37512089085521283
1.0,-0.18337441973398355,-0.12466178894414255,-0.18882327225024598,-0.1772410893814088,-0.18617179581387355
2.0,-0.14996041606288865,-0.03034438624463917,-0.2097772395176816,-0.12729901480040767,-0.17745348977197128
-3.0,-0.10755188502088371,0.06798040639086286,-0.338091533860925,-0.28272852173800284,-0.32632710838131773
-2.0,-0.15683639786726192,-0.1470834082832472,-0.33287267472516496,-0.2864645263152899,-0.3229379401238952
-2.0,-0.12590142320986294,-0.10608947450546574,-0.3646528787449668,-0.25238277067442455,-0.2125469012889341
1.0,-0.17346890795591793,-0.2706541661425336,-0.1703224878392277,-0.13292814879987105,-0.19472620322350506
2.0,-0.1729139566919758,-0.3833730709319122,-0.19225567529294632,-0.15557949098956556,-0.06081055382371383
-3.0,-0.16209044153203772,-0.30045110287332444,-0.34267248497928693,-0.29905341115220735,-0.31952625601912765
-2.0,-0.15787765580237997,-0.3691660631809704,-0.32183435877357597,-0.3274083081598833,-0.26565120385403446
-2.0,-0.16655857669103338,-0.26540668836125947,-0.3462736637638758,-0.28753715189790235,-0.2840780044854245
1.0,-0.14316380601186482,-0.3452652397254493,-0.18241023281136412,-0.12209800678461588,-0.11945244925563839
2.0,-0.18593581433090411,-0.46711824476720004,-0.20176176491126604,-0.23244105010872523,-0.2628641240796324
-3.0,-0.18770803864297547,-0.39109817128440166,-0.34388818422303474,-0.3301753316653831,-0.34344362581339793
-2.0,-0.16457528734909227,-0.2516261462742481,-0.3159340036313484,-0.3204586755361332,-0.33312613466228297
-2.0,-0.14518733069875916,-0.25500484789286854,-0.3429251420169751,-0.3062994428727111,-0.3471263357724611
1.0,-0.2047906439806719,-0.470251980373643,-0.18882327225024598,-0.22327087915868485,-0.19472561944191397
2.0,-0.1413809014750955,-0.28303931836403007,-0.2097772395176816,-0.19854679932110886,-0.21745935449179893
-3.0,-0.1720320920094944,-0.13736635775959624,-0.32511512955626826,-0.43847877637494104,-0.3500883506799956
-2.0,-0.14889110100745392,-0.264346008710795,-0.3161423584855424,-0.2557794331931775,-0.26847847742237163
-2.0,-0.1720320920094944,-0.13736635775959624,-0.350772567232781,-0.34307394073259695,-0.2842925041028721
1.0,-0.1500048646859796,-0.3617299904896745,-0.171333463353305,-0.24903055740923638,-0.18798901846768096
2.0,-0.17831141178614124,-0.296911069173132,-0.20176176491126604,-0.19698944769592222,-0.2374464323147352
-3.0,-0.13280750426272522,-0.33134183059704475,-0.3542699006699386,-0.3388168127601506,-0.34113598623226266
-2.0,-0.1436993064064157,-0.337676727360397,-0.3159340036313484,-0.2760830966864965,-0.33312613466228297
-2.0,-0.12939411104884874,-0.12438707444271482,-0.33354716888889874,-0.2226652285516489,-0.22914347909987623
1.0,-0.13476824139960678,-0.18034071194642795,-0.17974305146050987,-0.13907039528791965,-0.13616472743349858
2.0,-0.15040088666952067,-0.20151342220551924,-0.20176176491126604,-0.23517604862073258,-0.20907483905807495
-3.0,-0.11021674433234954,0.9530943919793506,-0.3713240346239475,-0.09084686957205579,-0.25258076425625275
-2.0,-0.15040088666952067,-0.20151342220551924,-0.3362312689068021,-0.2546633734685042,-0.33168270375775294
-2.0,-0.1021869535883578,0.773389830115364,-0.4145348582367368,-0.11967138128374123,-0.2020795181646853
1.0,-0.09839861724588651,0.9156654548903503,-0.18882327225024598,-0.06889570574898538,-0.05004751396589289
2.0,-0.0904890790571676,-0.46436586947878783,-0.20773301166173808,-0.22639230978891328,-0.19601607154176523
-3.0,-0.13827504954494785,-0.45472963401074457,-0.34740472357359575,-0.3574248000294598,-0.39451514785473046
-2.0,-0.10807243143765016,-0.6303608712200386,-0.31482335124629374,-0.2358957975269006,-0.36651732218480154
-2.0,-0.10102185685822654,-0.44345766162861,-0.3462736637638758,-0.22925854225969186,-0.29503898359313835
1.0,-0.09032593391742644,-0.3829505151110071,-0.17974305146050987,-0.17554672117853964,-0.13976094119449675
2.0,-0.07098510296176909,-0.1598055139723637,-0.24674093517900988,-0.15194614630903877,-0.22328998692956573
-3.0,-0.0976342528779262,0.06590034268793812,-0.33744076367024334,-0.21556487471383717,-0.252481033718064
-2.0,-0.09930944135814149,-0.09916163349422605,-0.31482335124629374,-0.17759200742021936,-0.28305672500868045
-2.0,-0.10726117061019473,0.062388399066529876,-0.3462736637638758,-0.21116621148599074,-0.2844910508642215
1.0,-0.09303530462816784,-0.030359549693466326,-0.16430465031596608,-0.10241192999582498,-0.07097307558754898
2.0,-0.09171764552125687,0.9472570858294085,-0.20430457474765276,-0.023994079793158117,-0.06752914750194905
-3.0,-0.07866472046891296,0.3327190340833693,-0.3542699006699386,-0.26255511533533593,-0.20808376523057695
-2.0,-0.09499881779564542,0.6391596298266098,-0.31187523892256136,-0.19610290228526592,-0.21254592307682763
-2.0,-0.07866472046891296,0.3327190340833693,-0.3462736637638758,-0.2164202080567504,-0.23704805601822987
1.0,-0.09499881779564542,0.6391596298266098,-0.171333463353305,-0.06436155928479298,-0.09524088088779786
2.0,-0.07215333231935607,0.24738414763125532,-0.2342460421180249,-0.10041676187204301,-0.1168708816879464
-3.0,-0.10392491716374444,-0.5636603104897151,-0.34740472357359575,-0.3467779113452019,-0.4018062308223949
-2.0,-0.09174843692042854,0.28029373688056636,-0.31981109004468516,-0.22332297838245,-0.2033222204033397
-2.0,-0.05664559029318548,0.2540015869962023,-0.33354716888889874,-0.1125316632230076,-0.17291380038713247
1.0,-0.11084235746769011,0.14152059746535392,-0.17974305146050987,-0.1127940606321745,-0.1278854828768164
2.0,-0.12231261654880693,-0.17614202668466178,-0.2097772395176816,-0.1122593029155642,-0.1893289480896517
-3.0,-0.10581396949460793,-0.01436088056540015,-0.34740472357359575,-0.2749735527576438,-0.22126528450643074
-2.0,-0.08110364698581041,-0.07232406821177874,-0.30953162929595207,-0.26849946577112843,-0.2690790885839767
-2.0,-0.0866018214135399,-0.22902191825401474,-0.3429251420169751,-0.2357961936217779,-0.2836829302030624
1.0,-0.0663675741562037,-0.2995297298858337,-0.1703224878392277,-0.12182654163669145,-0.17910593240586756
2.0,-0.1144880121862081,-0.3179200778146623,-0.2097772395176816,-0.15318276993602317,-0.20405643192815354
-3.0,-0.0780481697564627,-0.31384897643691756,-0.3542699006699386,-0.2905394865188208,-0.3493345349817797
-2.0,-0.09473146982734464,-0.4970174520999476,-0.31190616034343766,-0.27568465397790204,-0.32660403873664273
-2.0,-0.09473146982734464,-0.4970174520999476,-0.3429251420169751,-0.2734099082640406,-0.3334478027935033
1.0,-0.09469876781659849,-0.29343713085258116,-0.16430465031596608,-0.10041245053111188,-0.09884893175322088
2.0,-0.0713335129760381,-0.21098461875270952,-0.20430457474765276,-0.17377463529151566,-0.17177601602286957
-3.0,-0.06409103047630563,-0.06682464642033667,-0.34267248497928693,-0.26917600050303014,-0.2849726917911795
-2.0,-0.0710166516888023,-0.15416221918672612,-0.31187523892256136,-0.18699998818492766,-0.24118413263157265
-2.0,-0.07630232116495045,-0.5271364253105896,-0.350772567232781,-0.330612546681345,-0.2842925041028721
1.0,-0.07630232116495045,-0.5271364253105896,-0.18882327225024598,-0.15146466352974852,-0.18617179581387355
2.0,-0.0785984230037057,-0.20699585582964825,-0.20176176491126604,-0.24762029499845298,-0.24189923352854464
-3.0,-0.0919975044083942,-0.3562549641463099,-0.338091533860925,-0.326446369612154,-0.32632710838131773
-2.0,-0.06944355666658687,-0.018975471131322426,-0.31187523892256136,-0.22447712526744631,-0.2270552464264514
-2.0,-0.10416363671052976,-0.36923413110128966,-0.3646528787449668,-0.3552199439225883,-0.32700163351926653
1.0,-0.07405750212178853,-0.25425431192715253,-0.18237882765846147,-0.1882688470256084,-0.16105167759862696
2.0,-0.14305276431832425,-0.4729144026931112,-0.2122178205638976,-0.13073095645625515,-0.1235922879589136
-3.0,-0.13546286516126665,-0.43824197905273954,-0.338091533860925,-0.30977145733955647,-0.3233494838028358
-2.0,-0.14305276431832425,-0.4729144026931112,-0.33287267472516496,-0.22119819106737848,-0.25430344426149465
-2.0,-0.14305276431832425,-0.4729144026931112,-0.3543054673804572,-0.2187963898598779,-0.27568499300327837
1.0,-0.14740447045901245,-0.43112201584434345,-0.17342502795807013,-0.16092407319877344,-0.11331058574665259
2.0,-0.1793274261524513,0.05121711132114937,-0.2342460421180249,-0.15271819967486883,-0.18015565017334034
-3.0,-0.1492507736294786,0.3693645913119906,-0.34852156219834657,-0.22476796874317004,-0.28568979909344117
-2.0,-0.1498643757582273,0.19374108600173148,-0.3362312689068021,-0.24023718003794003,-0.20945945678236558
-2.0,-0.16867729326270406,0.43744400297902325,-0.3543054673804572,-0.15836970946143164,-0.2602863068508468
1.0,-0.17267152079412892,-0.1505144830688274,-0.18241023281136412,-0.1608653631782443,-0.13364893896344646
2.0,-0.19607000472186256,-0.731473192788723,-0.21491386599785894,-0.18819393787002187,-0.21833165602689864
-3.0,-0.20227791464334335,-0.5857908400987728,-0.3713240346239475,-0.27492628652494533,-0.28914886540143026
-2.0,-0.19056024733169397,-0.6048988445630027,-0.3362312689068021,-0.29423698164325707,-0.34402040902381886
-2.0,-0.21900982293198942,-0.3023599761448718,-0.33354716888889874,-0.30588938053468595,-0.28195656886635256
1.0,-0.21900982293198942,-0.3023599761448718,-0.1703224878392277,-0.17367993339268936,-0.17910593240586756
2.0,-0.23633542315985817,0.1943464185863116,-0.20773301166173808,-0.1283234732374079,-0.11435091734870999
-3.0,-0.23633542315985817,0.1943464185863116,-0.338091533860925,-0.24867472617018652,-0.3139993476769532
-2.0,-0.21997003629682885,-0.01724028422947077,-0.31482335124629374,-0.18710528093785808,-0.28305672500868045
-2.0,-0.23915055749320113,-0.17899615144282266,-0.3543054673804572,-0.30667509868591925,-0.30209175506997127
1.0,-0.24178945369066165,-0.13189635462724558,-0.18237882765846147,-0.2216830769794195,-0.12644647367137707
2.0,-0.2560929282131548,-0.5033625856540364,-0.20176176491126604,-0.23810648202132,-0.27522586752609035
-3.0,-0.24908494501948988,-0.743797328485166,-0.34388818422303474,-0.35146712646733125,-0.3585887044046322
-2.0,-0.2392818516994979,-0.5062050204163162,-0.31981109004468516,-0.26125526095230833,-0.3325313856749738
-2.0,-0.23031793843217666,-0.6334199008251573,-0.3543054673804572,-0.3295649826609301,-0.3444665048249131
1.0,-0.24614908188284498,-0.47927048703597847,-0.17342502795807013,-0.20933721414769407,-0.2374937372235757
2.0,-0.24555838564468105,-0.4013721909423355,-0.2097772395176816,-0.22399077463931819,-0.21084089121012523
-3.0,-0.2693408985919892,-0.39463312426615055,-0.34267248497928693,-0.29719155985143864,-0.3132493529111322
-2.0,-0.2651104781293378,-0.5015808987967169,-0.3362312689068021,-0.31931770745366206,-0.38005142104301565
-2.0,-0.24555838564468105,-0.4013721909423355,-0.3257340884829842,-0.2939726705084484,-0.3448101546198804
1.0,-0.28061861709220276,-0.5663215794268102,-0.1703224878392277,-0.22272043479365336,-0.2350295110176879
2.0,-0.2559241086708079,-0.10121388150856718,-0.20176176491126604,-0.22349070735060622,-0.24355924984242447
-3.0,-0.27427018845668905,-0.531325075657146,-0.338091533860925,-0.3759748981190471,-0.3227324097748757
-2.0,-0.2559241086708079,-0.10121388150856718,-0.3362312689068021,-0.2628777466087607,-0.3369986318353927
-2.0,-0.27427018845668905,-0.531325075657146,-0.3429251420169751,-0.34460280764715656,-0.3471263357724611
1.0,-0.23384265327146758,-0.19388212286306733,-0.17974305146050987,-0.13993472790140532,-0.15508767136860707
2.0,-0.22374669404142977,0.2899622246105733,-0.2342460421180249,-0.13769441478337108,-0.19135668900872693
-3.0,-0.25195621626348413,0.3344219079837477,-0.3565385160141986,-0.34475505989626243,-0.3615938063059222
-2.0,-0.2105844602673859,0.4696367124790336,-0.31482335124629374,-0.1799240077797555,-0.2301978993766166
-2.0,-0.25641628308028724,-0.1987523935185026,-0.4145348582367368,-0.2740914731138577,-0.34938844588540663
1.0,-0.22374669404142977,0.2899622246105733,-0.17342502795807013,-0.1186105930486431,-0.1232838514729681
2.0,-0.23379039054864614,-0.34911019170584895,-0.20773301166173808,-0.15637401939963283,-0.21925825386578285
-3.0,-0.19625126860060552,-0.28242114073160784,-0.32511512955626826,-0.34235890939830743,-0.3539637608279395
-2.0,-0.2409032732412166,-0.2907545063984941,-0.3161423584855424,-0.3282825935188394,-0.37242409206873694
-2.0,-0.24020549700898025,-0.41728822747320127,-0.4145348582367368,-0.25561562856070225,-0.34938844588540663
1.0,-0.19973612685225237,-0.3182623708567418,-0.171333463353305,-0.1491879064357471,-0.1566648068449342
2.0,-0.2283524069801813,-0.34067439652254766,-0.2122178205638976,-0.19092899957704043,-0.18035516068018845
-3.0,-0.20667625962555453,-0.24691601591828313,-0.34388818422303474,-0.33462316804173997,-0.34344362581339793
-2.0,-0.24451915931688328,-0.42391836599149735,-0.3159340036313484,-0.31645398960235827,-0.33312613466228297
-2.0,-0.24780745804234466,-0.39079155878630556,-0.33354716888889874,-0.33455339769020576,-0.3831996033067344
1.0,-0.24451915931688328,-0.42391836599149735,-0.18237882765846147,-0.20632581855125434,-0.15411864588135174
2.0,-0.23736295669754337,-0.3735465595277984,-0.20773301166173808,-0.2110475389608454,-0.24634063620890126
-3.0,-0.2253237552768303,-0.48084724036180826,-0.3542699006699386,-0.3946895258694877,-0.35310845577335226
-2.0,-0.20103715746363504,-0.3982554465388449,-0.3362312689068021,-0.3263296409640164,-0.3353386155215129
-2.0,-0.20800040165681083,-0.17390815730662315,-0.35793962555608205,-0.2755914731486051,-0.33526798363977955
1.0,-0.20800040165681083,-0.17390815730662315,-0.171333463353305,-0.16929558004525083,-0.15380746233062267
2.0,-0.21212435305712452,-0.23366812841752202,-0.2122178205638976,-0.2153543579949654,-0.22810603837741972
-3.0,-0.2068856140349986,-0.17554948457663483,-0.3713240346239475,-0.33000070409118865,-0.3588862895953094
-2.0,-0.19331187689709542,-0.3290821633813749,-0.31190616034343766,-0.2933026779660687,-0.32660403873664273
-2.0,-0.19680377381850486,-0.14621024691709508,-0.3490748422370516,-0.26823611914424733,-0.3247560336349639
1.0,-0.19331187689709542,-0.3290821633813749,-0.17938776935763787,-0.19806876463435602,-0.17360193195577003
2.0,-0.4323091304492694,-0.42792648197983524,-0.20176176491126604,-0.12469258518303633,-0.12047889934979707
-3.0,-0.4323091304492694,-0.42792648197983524,-0.34740472357359575,-0.27230102390194677,-0.21569345193763564
-2.0,-0.40910584698498226,0.09729577558785725,-0.3161423584855424,-0.25963261594146675,-0.27088573669648197
-2.0,-0.4225211145610684,-0.22829533119619375,-0.3543054673804572,-0.28938613095784294,-0.30100030478631695
1.0,-0.4225211145610684,-0.22829533119619375,-0.16430465031596608,-0.1506473869993998,-0.17771854349323235
2.0,-0.18963877399131726,-0.6538167077029805,-0.23680224414976192,-0.17470775990716106,-0.29429499231992007
-3.0,-0.19000987564891025,0.011424706842415144,-0.34740472357359575,-0.2819309955608814,-0.20831629209973734
-2.0,-0.2016075322222829,0.0717310752924698,-0.31482335124629374,-0.23910587155491783,-0.16531334001204623
-2.0,-0.2016075322222829,0.0717310752924698,-0.350772567232781,-0.26093286377470687,-0.1748579777129812
1.0,-0.18963877399131726,-0.6538167077029805,-0.18241023281136412,-0.12882989894228103,-0.18022042573454194
2.0,-0.19020520982296257,-0.15754131149186848,-0.24674093517900988,-0.16056000175592805,-0.1483069243234311
-3.0,-0.18077867482448085,-0.18369128009591318,-0.34267248497928693,-0.26815994212672317,-0.3062153127090553
-2.0,-0.2045981133759068,-0.11945723264953978,-0.3159340036313484,-0.19963306962331442,-0.16437904702818906
-2.0,-0.19020520982296257,-0.15754131149186848,-0.33354716888889874,-0.25839686886019253,-0.25072214039514007
1.0,-0.18784513010454057,-0.4418229408147527,-0.17974305146050987,-0.07544169475002262,-0.08151800041330295
2.0,-0.18830321267866104,-0.3722267904961996,-0.20773301166173808,-0.16567199366606683,-0.17936190476558064
-3.0,-0.17947906576814676,-0.5314365079683433,-0.32511512955626826,-0.39389961434313575,-0.3500883506799956
-2.0,-0.17874683104140437,-0.3646056141638538,-0.33287267472516496,-0.26480468161677156,-0.3094037051477231
-2.0,-0.18830321267866104,-0.3722267904961996,-0.3429251420169751,-0.24832372310005052,-0.2662430875496651
1.0,-0.18860003211675236,-0.2674585787836715,-0.16020891693455533,-0.0983392350832406,-0.06228866909105853
2.0,-0.18610346444611162,-0.14431450416275773,-0.2342460421180249,-0.260509233496384,-0.2826922012519977
-3.0,-0.19444466430216736,-0.1045046416077183,-0.34740472357359575,-0.36960554769873205,-0.4018062308223949
-2.0,-0.1584445352963297,0.003831531151985479,-0.31981109004468516,-0.3175083361390419,-0.35383326965217693
-2.0,-0.19299917595150798,-0.41739970484698985,-0.33354716888889874,-0.34377396485182116,-0.3831996033067344
1.0,-0.18610346444611162,-0.14431450416275773,-0.17342502795807013,-0.24780827172656222,-0.26300207819449184
2.0,-0.2903933263603462,-0.37672813430414304,-0.20773301166173808,-0.20350064147042293,-0.1925491194851272
-3.0,-0.2743807871429381,-0.43583481268621355,-0.3542699006699386,-0.3338095819374476,-0.3493345349817797
-2.0,-0.2903933263603462,-0.37672813430414304,-0.31190616034343766,-0.2867468319407911,-0.27683916614620185
-2.0,-0.3012506713386697,-0.6512266991765197,-0.4145348582367368,-0.41036753146202826,-0.34938844588540663
1.0,-0.30342214823174163,-0.6867574163520355,-0.18882327225024598,-0.147727312940516,-0.19472561944191397
2.0,-0.305214828042855,-0.1748387737658522,-0.19225567529294632,-0.14346174971305925,-0.13244735379322126
-3.0,-0.29642620833319794,-0.1206501612339938,-0.3542699006699386,-0.38971323247797696,-0.3351341576844753
-2.0,-0.305214828042855,-0.1748387737658522,-0.31187523892256136,-0.24897119071244303,-0.24337341285540529
-2.0,-0.3062502170678298,-0.16081078754210143,-0.3429251420169751,-0.27213370146621596,-0.3334478027935033
1.0,-0.3062502170678298,-0.16081078754210143,-0.17938776935763787,-0.19139698408687147,-0.17360193195577003
2.0,-0.336150730280874,-0.13837418041843846,-0.19225567529294632,-0.21233403790206334,-0.23267639564162576
-3.0,-0.35762141568482075,-0.870960971296149,-0.34852156219834657,-0.37835437124119375,-0.3418767031967086
-2.0,-0.313268953854035,-0.9327220205644665,-0.31981109004468516,-0.30030800313399586,-0.33517406311802106
-2.0,-0.3655349646079778,-1.2557937655011913,-0.3490748422370516,-0.2858503944787042,-0.3247560336349639
1.0,-0.3655349646079778,-1.2557937655011913,-0.16020891693455533,-0.15929401741885515,-0.20568339099281202
2.0,-0.3372913247064498,-0.6395749973050281,-0.19225567529294632,-0.2011297746157305,-0.18281012242022052
-3.0,-0.3815225700196053,-0.5905816338686026,-0.34267248497928693,-0.3535119975786124,-0.3770648283518432
-2.0,-0.3815225700196053,-0.5905816338686026,-0.33287267472516496,-0.28550323289946794,-0.2700693835552796
-2.0,-0.3360341602617844,-0.31913349848499833,-0.3429251420169751,-0.2835387604298495,-0.26260761679633304
1.0,-0.3498913449033215,-0.425973915325171,-0.17974305146050987,-0.140515082194956,-0.08151800041330295
2.0,-0.3618563690108957,-0.22708311588933805,-0.2097772395176816,-0.1336467404604286,-0.17745348977197128
-3.0,-0.37149379719354236,-0.05638407963662109,-0.3565385160141986,-0.3748229351640556,-0.3615938063059222
-2.0,-0.3563307876124068,-0.11350410421910054,-0.31187523892256136,-0.28419551084883393,-0.25458020621730026
-2.0,-0.3744801977073603,-0.20454318678826544,-0.3490748422370516,-0.2813035764850972,-0.32790194334881345
1.0,-0.3618563690108957,-0.22708311588933805,-0.17974305146050987,-0.13005257096904257,-0.1278854828768164
2.0,-0.2868018335320875,-0.8287983704697344,-0.21491386599785894,-0.24972796400535568,-0.276624272193215
-3.0,-0.3025295551436323,-0.8075372891006156,-0.33744076367024334,-0.4431118794490415,-0.303871763746208
-2.0,-0.31138845199634185,-0.8735254484920636,-0.3362312689068021,-0.3991825739171583,-0.3353386155215129
-2.0,-0.29265458200891714,-0.6027781073243058,-0.3543054673804572,-0.3961605570386805,-0.3168154865108677
1.0,-0.307379861856721,-0.8659074900759488,-0.17342502795807013,-0.2623523581628152,-0.23483580207491886
2.0,-0.3431061634344047,-0.2912104079561705,-0.2097772395176816,-0.18963737298112995,-0.23238955999953734
-3.0,-0.30704622139261445,-0.2964270765871273,-0.338091533860925,-0.31438497053649056,-0.3356614605108222
-2.0,-0.31002320181027576,-0.3837423241260819,-0.30953162929595207,-0.321024239951386,-0.3014015540667088
-2.0,-0.31149355937416506,-0.4769361206054074,-0.35793962555608205,-0.3426986201190349,-0.2687375237860049
1.0,-0.31149355937416506,-0.4769361206054074,-0.171333463353305,-0.22801371438503573,-0.14384257087822624
2.0,-0.265102130965421,-0.5326748749476581,-0.24674093517900988,-0.2823417708894807,-0.2550023093577251
-3.0,-0.23500956604136963,-0.14661820823926713,-0.32511512955626826,-0.34911197216245365,-0.3677683782508528
-2.0,-0.2514485382404026,-0.20441778791721438,-0.30953162929595207,-0.30543186524806754,-0.4075854705978637
-2.0,-0.2621947526314225,-0.26746608763463686,-0.3257340884829842,-0.3134012795912541,-0.3114934612745074
1.0,-0.2517296140992348,-0.38236297887049664,-0.18241023281136412,-0.19866840873755648,-0.21798442863056225
2.0,-0.3792925639139993,-1.361423361967395,-0.23680224414976192,-0.3495574626803173,-0.27257108326932605
-3.0,-0.36662403197978033,-0.9327532296015695,-0.32511512955626826,-0.49139340718307306,-0.6135645520359269
-2.0,-0.3792925639139993,-1.361423361967395,-0.31981109004468516,-0.42133452030130747,-0.40269035190368624
-2.0,-0.3209097566039069,-0.5103736216606332,-0.3257340884829842,-0.3827666617404081,-0.3048749979928337
1.0,-0.3748810465164688,-0.8380158708859019,-0.1703224878392277,-0.2803163344300002,-0.24594943044596154
2.0,-0.20953407658479284,-0.4561855199558174,-0.20430457474765276,-0.21397294736734593,-0.25097933681721724
-3.0,-0.1563335686308371,-0.45612303678772415,-0.338091533860925,-0.29067551935365943,-0.3316054827658487
-2.0,-0.15255334839075346,-0.4409446962161766,-0.31482335124629374,-0.33820826928069886,-0.29466239571284125
-2.0,-0.15536780646352533,-0.32389423914991916,-0.35793962555608205,-0.3052993953551701,-0.3394400465868585
1.0,-0.20953407658479284,-0.4561855199558174,-0.18237882765846147,-0.21353119483752253,-0.2556892194503258
2.0,-0.16985325775039242,-0.4070630526980789,-0.20773301166173808,-0.17892566716860128,-0.20877511492648143
-3.0,-0.16985325775039242,-0.4070630526980789,-0.338091533860925,-0.4142537944520058,-0.3356614605108222
-2.0,-0.17045271301018383,-0.4284732218148212,-0.31187523892256136,-0.30354546581547615,-0.3458359310154604
-2.0,-0.2131670053898291,-0.5903267241117995,-0.4145348582367368,-0.4274548047808544,-0.560355663701284
1.0,-0.18899521484636986,-0.3187904415125597,-0.16020891693455533,-0.17561627312719602,-0.21098044374110586
2.0,-0.19169561824948733,-0.19082708144243943,-0.19225567529294632,-0.21562539560799812,-0.2077967865879764
-3.0,-0.18856506024877145,-0.2244332418577606,-0.32511512955626826,-0.35362527201617294,-0.3509549006043696
-2.0,-0.21917517697454977,-0.06548353309866961,-0.3161423584855424,-0.3171724229391651,-0.2443882389979887
-2.0,-0.19893067199856934,-0.12589767311588707,-0.3490748422370516,-0.30768844748977947,-0.3247560336349639
1.0,-0.23839906571000682,-0.5493865897495932,-0.18237882765846147,-0.2407346615294718,-0.32865656765032614
2.0,-0.1883934305875164,0.24470127760687338,-0.2342460421180249,-0.18992668442899505,-0.23346378821799763
-3.0,-0.18576972946771955,-0.2639173315271132,-0.3713240346239475,-0.3784700955618546,-0.4397115088935009
-2.0,-0.20889915261151878,0.16593592739985066,-0.32183435877357597,-0.34332365253463387,-0.29930777380341783
-2.0,-0.18576972946771955,-0.2639173315271132,-0.3646528787449668,-0.3948294444803236,-0.46972930898768483
1.0,-0.18765670787806812,0.3142999431255635,-0.1703224878392277,-0.19706249781021773,-0.19258244591826876
2.0,-0.39047431066430655,-0.9888452625791921,-0.19225567529294632,-0.2781242255867377,-0.28113425986938945
-3.0,-0.39487301253088214,-0.9576700639611413,-0.34740472357359575,-0.42002311014136756,-0.4152645795530183
-2.0,-0.3524537647545917,-0.867496560774324,-0.3159340036313484,-0.34654959565574184,-0.3390874420299608
-2.0,-0.4097421858292073,-0.9437962858132155,-0.33354716888889874,-0.316404282199091,-0.3809465462431154
1.0,-0.4057062257024018,-0.7363142082607652,-0.18241023281136412,-0.27354520913007857,-0.22310621463732164
2.0,-0.13531445330585448,-0.7612158469923545,-0.20176176491126604,-0.21116708969579706,-0.27522586752609035
-3.0,-0.13531445330585448,-0.7612158469923545,-0.34740472357359575,-0.3811969759305993,-0.4168502711923418
-2.0,-0.13422186340155046,-0.6982368842525697,-0.31187523892256136,-0.39856230639232765,-0.43938427597335816
-2.0,-0.16336986156137895,-0.2703266983943573,-0.3646528787449668,-0.369201349693135,-0.3535555171875987
1.0,-0.16336986156137895,-0.2703266983943573,-0.18241023281136412,-0.193393620253871,-0.18097454111333502
2.0,-0.40598673896256093,-0.2140316621746504,-0.20773301166173808,-0.2156205558554586,-0.1925491194851272
-3.0,-0.42971900956770365,0.011012970654855098,-0.3542699006699386,-0.3132177549701175,-0.3493345349817797
-2.0,-0.40317261635098317,-0.4385625238805074,-0.3362312689068021,-0.28137902121318736,-0.34402040902381886
-2.0,-0.3915405830246449,0.008012339701975152,-0.3646528787449668,-0.3079040995460155,-0.33235612436203804
1.0,-0.3903819582664093,-0.07614316372955093,-0.16430465031596608,-0.19506976481006502,-0.20361498506032744
2.0,-0.19799801324509306,-0.8194116624167412,-0.20176176491126604,-0.29203974264571353,-0.27522586752609035
-3.0,-0.17974358922446443,-0.7729207425953054,-0.32511512955626826,-0.41071139304913984,-0.3677683782508528
-2.0,-0.19899184118051663,-0.5853666124048906,-0.31190616034343766,-0.3430440932603563,-0.32760427045097223
-2.0,-0.19823916202171843,-0.6933517359571423,-0.35793962555608205,-0.3616080960538782,-0.33526798363977955
1.0,-0.19823916202171843,-0.6933517359571423,-0.171333463353305,-0.19199302785700578,-0.1566648068449342
2.0,-0.30054364112839926,-0.23891043762268724,-0.20430457474765276,-0.16475885394807446,-0.16543425239804266
-3.0,-0.3068584629004974,-0.0800235365229901,-0.34740472357359575,-0.365673582326634,-0.39451514785473046
-2.0,-0.33135760433910955,-0.23907140362592483,-0.33287267472516496,-0.30051452064310413,-0.33766167156479165
-2.0,-0.3068584629004974,-0.0800235365229901,-0.3490748422370516,-0.31133691830562943,-0.3247560336349639
1.0,-0.2801378036358291,-0.22986368795602125,-0.17938776935763787,-0.20498572282476493,-0.17360193195577003
2.0,-0.3188463650735112,-0.6279977993444439,-0.2122178205638976,-0.18135388826971605,-0.2193582064441287
-3.0,-0.2737023853017995,-0.02189411191349916,-0.33744076367024334,-0.30763809423346156,-0.3612354940582993
-2.0,-0.28739329203446373,-0.1331300204003812,-0.3362312689068021,-0.2140178685908983,-0.33168270375775294
-2.0,-0.28898280963470363,0.0629971502366019,-0.3462736637638758,-0.25241375008438666,-0.23704805601822987
1.0,-0.3188463650735112,-0.6279977993444439,-0.16430465031596608,-0.1583260494627405,-0.20361498506032744
2.0,-0.22925585954475441,-0.33552334303653336,-0.23680224414976192,-0.2066256123559632,-0.23515379264943825
-3.0,-0.17249925676092098,0.053143097218348936,-0.34388818422303474,-0.3277151743872705,-0.3421503868551926
-2.0,-0.22084098496558235,-0.09636708587514131,-0.31190616034343766,-0.3855980735808249,-0.32760427045097223
-2.0,-0.18922398151267247,-0.1440463285767195,-0.4145348582367368,-0.4197238193589249,-0.34938844588540663
1.0,-0.22084098496558235,-0.09636708587514131,-0.17938776935763787,-0.21334758643409993,-0.19058262232695475
2.0,-0.2852460847330622,-0.4683870376394243,-0.2122178205638976,-0.21759992735375533,-0.22810603837741972
-3.0,-0.262743742452752,-0.37464883106038105,-0.34852156219834657,-0.36748549699040156,-0.33443583332691296
-2.0,-0.2857338284227163,-0.3938638899561354,-0.30953162929595207,-0.3648827189151952,-0.3014015540667088
-2.0,-0.27196387698582547,-0.5481680648875812,-0.4145348582367368,-0.49979095705894283,-0.34938844588540663
1.0,-0.29166852723887315,-0.4772203059174945,-0.171333463353305,-0.19581912778190516,-0.1566648068449342
2.0,-0.2636732477063194,-0.33862988261487126,-0.21491386599785894,-0.15313801798096927,-0.13214495039597562
-3.0,-0.24318568813697095,-0.1034162105933138,-0.34852156219834657,-0.3253707524993533,-0.3414674823778194
-2.0,-0.2675812159388324,-0.11878473728932662,-0.3161423584855424,-0.23124502733374996,-0.24905198128318048
-2.0,-0.2682487131484291,-0.26711219814799564,-0.3543054673804572,-0.2462221011366954,-0.25468104842496836
1.0,-0.2636732477063194,-0.33862988261487126,-0.18882327225024598,-0.14804273023403702,-0.1017534710889497
2.0,-0.25710071790310346,-0.1768660656504373,-0.20176176491126604,-0.2236025444623027,-0.2122320936867086
-3.0,-0.24398003663745346,-0.18803290682610224,-0.32511512955626826,-0.29694783692285187,-0.3500883506799956
-2.0,-0.24169816574432218,-0.6880657084379754,-0.3159340036313484,-0.2801590229879386,-0.2955834237126198
-2.0,-0.25347617257942195,-0.20424569291359432,-0.3429251420169751,-0.2787782918799383,-0.2836829302030624
1.0,-0.24169816574432218,-0.6880657084379754,-0.18237882765846147,-0.1698460658887664,-0.12010471004655011
2.0,-0.23307880810714077,-0.3979990695630638,-0.2122178205638976,-0.13350701692745912,-0.11698171760145716
-3.0,-0.20294278409273048,-0.27034374886947643,-0.34388818422303474,-0.2768180821015519,-0.34220340938562077
-2.0,-0.23307880810714077,-0.3979990695630638,-0.33287267472516496,-0.22263877933370896,-0.2700693835552796
-2.0,-0.21620417741512193,-0.2543821283633199,-0.3257340884829842,-0.23029221940313024,-0.28103398476316305
1.0,-0.21684779017816627,-0.2693168475795932,-0.16020891693455533,-0.08526777165218803,0.007611201884906961
2.0,-0.1903873821297341,-0.3424264396688071,-0.21491386599785894,-0.1722199024993346,-0.19410305843178371
-3.0,-0.20030986359387518,-0.5700277400938037,-0.3542699006699386,-0.3412928886373495,-0.35310845577335226
-2.0,-0.20092440786400753,-0.7944884297662812,-0.31190616034343766,-0.33710503786325713,-0.32760427045097223
-2.0,-0.1903873821297341,-0.3424264396688071,-0.350772567232781,-0.28432914729769265,-0.30409750452310064
1.0,-0.22246167836347028,-0.6775646845663551,-0.17974305146050987,-0.17647797293640746,-0.16097434928196572
2.0,-0.1934389017694631,-0.520831810304599,-0.2097772395176816,-0.2312727502605477,-0.23238955999953734
-3.0,-0.17939851808043136,-0.5485405463167834,-0.3542699006699386,-0.39563697711881596,-0.42570603911559174
-2.0,-0.19986681550566587,-0.40773952147690784,-0.3362312689068021,-0.24739478451424404,-0.33449773378803005
-2.0,-0.18657551346740053,-0.336909166482213,-0.4145348582367368,-0.34872434076508035,-0.34938844588540663
1.0,-0.1967598415233773,-0.3832344722611666,-0.1703224878392277,-0.17361939848423824,-0.24329936425094836
2.0,-0.22822671533434571,-0.04649943423960343,-0.2097772395176816,-0.27343642885053093,-0.23238955999953734
-3.0,-0.20502111755963104,-0.2682365989780209,-0.34388818422303474,-0.35954999422363765,-0.3704026785418961
-2.0,-0.19810484993062655,-0.020695439306949687,-0.31981109004468516,-0.32930686512286145,-0.21319095142370645
-2.0,-0.1577979710425717,0.06702263048074586,-0.350772567232781,-0.24081210952248241,-0.23974253707755158
1.0,-0.19810484993062655,-0.020695439306949687,-0.18241023281136412,-0.25733695832558706,-0.13364893896344646
2.0,-0.21435559907908489,-0.12455738417735578,-0.20430457474765276,-0.1406127207648754,-0.13862531827364993
-3.0,-0.20389365246031502,-0.05675433872548294,-0.338091533860925,-0.3133379761704278,-0.3390941360999772
-2.0,-0.18485268744973948,-0.027706084349352234,-0.31482335124629374,-0.23585062804769744,-0.28305672500868045
-2.0,-0.21435559907908489,-0.12455738417735578,-0.4145348582367368,-0.323137317739193,-0.2717851733696773
1.0,-0.21060301108804447,-0.30285589446883376,-0.17974305146050987,-0.11485931277583107,-0.1278854828768164
2.0,-0.23019139734319774,-0.6362407512534071,-0.20430457474765276,-0.24131146588042207,-0.25097933681721724
-3.0,-0.23024503355890033,-0.2345825264322988,-0.34740472357359575,-0.3345048947803727,-0.39451514785473046
-2.0,-0.25080226437645947,-0.6348193782991891,-0.3161423584855424,-0.41848867357953534,-0.3488700769326543
-2.0,-0.23024503355890033,-0.2345825264322988,-0.3490748422370516,-0.2964184722287559,-0.3247560336349639
1.0,-0.22623256105001527,-0.6153190922029144,-0.16430465031596608,-0.22795114006553174,-0.20361498506032744
2.0,-0.17314775516252845,-0.2387288927353013,-0.19225567529294632,-0.1784463842316988,-0.23267639564162576
-3.0,-0.2116480894344799,-1.3950350249177448,-0.338091533860925,-0.43183254732115134,-0.32613488248421635
-2.0,-0.1973136682504949,-1.4172231092086987,-0.32183435877357597,-0.41755295065332676,-0.4011622280172915
-2.0,-0.2052635848209295,-0.9579900448130387,-0.3462736637638758,-0.35108191903746694,-0.2997794693523031
1.0,-0.1973136682504949,-1.4172231092086987,-0.17974305146050987,-0.2801172294671889,-0.2425911672225751
2.0,-0.3327916233174373,-0.6196067279693254,-0.2097772395176816,-0.2267391909806224,-0.21084089121012523
-3.0,-0.35205718112754575,-0.3557862836623297,-0.34267248497928693,-0.29436301370442736,-0.3770648283518432
-2.0,-0.3704502150092127,-0.1617071275972577,-0.3362312689068021,-0.1887336842261754,-0.20945945678236558
-2.0,-0.3704502150092127,-0.1617071275972577,-0.3490748422370516,-0.15260817517955727,-0.20853520772787174
1.0,-0.3198796547653337,-0.17399845538472547,-0.1703224878392277,-0.14150856492500039,-0.1773180886777913
2.0,-0.18236592452349212,-0.11418611485611206,-0.2342460421180249,-0.2063688920397738,-0.23346378821799763
-3.0,-0.19802680909273349,-0.07020120026989501,-0.3565385160141986,-0.33844265391935635,-0.3615938063059222
-2.0,-0.18568321088423498,0.0627159025588925,-0.33287267472516496,-0.27585462071719286,-0.2700693835552796
-2.0,-0.17562156502992166,0.008204164793771507,-0.3646528787449668,-0.2936267454014034,-0.22800969859201495
1.0,-0.1811831983984225,-0.1809718626502691,-0.17974305146050987,-0.17260892829834273,-0.16097434928196572
2.0,-0.16611169765259254,0.034423610026768026,-0.23680224414976192,-0.1807299268397509,-0.24236197829558448
-3.0,-0.14113191804143466,0.20836016007796718,-0.34388818422303474,-0.3331436621224248,-0.3421503868551926
-2.0,-0.16611169765259254,0.034423610026768026,-0.31981109004468516,-0.277512717870295,-0.34441940114878805
-2.0,-0.15694825379950908,0.21080541527611352,-0.3462736637638758,-0.30498618218896995,-0.2893377692154526
1.0,-0.15342626620693575,0.31996342299375874,-0.18237882765846147,-0.1450466612751008,-0.13423082015080576
2.0,-0.21293895323276502,-0.08372507919668193,-0.20430457474765276,-0.18363208569542108,-0.16543425239804266
-3.0,-0.23528230697610517,-0.11909992791354565,-0.34267248497928693,-0.32723141254561594,-0.3770648283518432
-2.0,-0.2319056109291288,-0.17346265642599815,-0.31187523892256136,-0.32792922318674983,-0.27842201220652846
-2.0,-0.2319056109291288,-0.17346265642599815,-0.35793962555608205,-0.39557525129957116,-0.33526798363977955
1.0,-0.22868284116632054,-0.1306318299906248,-0.18241023281136412,-0.22930841937176566,-0.1717987258805748
2.0,-0.21244230879830145,-0.38364338636600115,-0.2097772395176816,-0.26116538039005455,-0.23238955999953734
-3.0,-0.21690920886924828,-0.3754875797499876,-0.3565385160141986,-0.4185265292009922,-0.39420367663931344
-2.0,-0.23589952251765103,-0.5599213956034511,-0.33287267472516496,-0.3419843004977177,-0.41268577430793474
-2.0,-0.23589952251765103,-0.5599213956034511,-0.3543054673804572,-0.3419843004977177,-0.4675305069635242
1.0,-0.2223186457206315,-0.2737607807794818,-0.17938776935763787,-0.227245854966697,-0.1817044370353758
2.0,-0.22872969397438353,-0.7218214652028628,-0.20430457474765276,-0.2295234603233713,-0.25097933681721724
-3.0,-0.23432102006599378,-0.47752148488012836,-0.34740472357359575,-0.4104561305273791,-0.4168502711923418
-2.0,-0.24537697297250533,-0.21934712778922835,-0.33287267472516496,-0.3372784902491715,-0.4339906303835282
-2.0,-0.24537697297250533,-0.21934712778922835,-0.3543054673804572,-0.3372784902491715,-0.4947495917559737
1.0,-0.22872969397438353,-0.7218214652028628,-0.18237882765846147,-0.22702790617643506,-0.2556892194503258
2.0,-0.19774690825223,-0.5460414807849897,-0.20430457474765276,-0.1787464489884668,-0.19240695571145
-3.0,-0.20825250954925653,-0.46916253393994584,-0.32511512955626826,-0.35511351119218443,-0.3500883506799956
-2.0,-0.21652265973516763,-0.29394896755870636,-0.3362312689068021,-0.2936199889475263,-0.34402040902381886
-2.0,-0.22805521919552907,-0.7086465190483098,-0.3543054673804572,-0.29921228352196005,-0.30209175506997127
1.0,-0.21652265973516763,-0.29394896755870636,-0.16020891693455533,-0.18394607003848593,-0.12359766628360397
2.0,-0.19773687450676747,-0.2024007487777678,-0.2342460421180249,-0.13541514989933073,-0.18637264172212215
-3.0,-0.16268146094917796,-0.12901647307261985,-0.34388818422303474,-0.29232635730936535,-0.33980685955704804
-2.0,-0.16268146094917796,-0.12901647307261985,-0.31187523892256136,-0.2305022295703448,-0.241027194523859
-2.0,-0.22747028809733758,-0.4210623246922738,-0.3257340884829842,-0.29995640525871103,-0.3005905870337913
1.0,-0.1831333085057046,-0.12965168994389997,-0.18882327225024598,-0.1312353265655148,-0.18617179581387355
2.0,-0.2901617121799228,-0.5032522454121895,-0.2122178205638976,-0.1742284698888386,-0.1736623484609334
-3.0,-0.27417240823676203,-0.5101981033985158,-0.3565385160141986,-0.3402205852127093,-0.3950894135052331
-2.0,-0.26727980528173934,-0.48284508464074916,-0.31190616034343766,-0.27410086640771947,-0.32254806099166927
-2.0,-0.24436415104673942,-0.36420976064885324,-0.35793962555608205,-0.22592440483166892,-0.24276983977913022
1.0,-0.29063328067800115,-0.4846296093860427,-0.18237882765846147,-0.16807186230496673,-0.2556892194503258
2.0,-0.35624770843060977,-0.16279557510502118,-0.20176176491126604,-0.1895946404596008,-0.24355924984242447
-3.0,-0.33310928292212444,-0.0021316674552990383,-0.32511512955626826,-0.3373097116608056,-0.3500883506799956
-2.0,-0.3322787761217097,-0.053492255556926674,-0.33287267472516496,-0.270994147515411,-0.2700693835552796
-2.0,-0.37791708193625606,-0.09285084491239037,-0.4145348582367368,-0.41740122607428076,-0.34938844588540663
1.0,-0.37791708193625606,-0.09285084491239037,-0.18237882765846147,-0.17545238991051024,-0.15411864588135174
2.0,-0.39557618449881016,-0.6446674523315463,-0.20176176491126604,-0.3354041863499306,-0.26578233782387073
-3.0,-0.38653285603356197,-0.5704626113959226,-0.34852156219834657,-0.5153679847882205,-0.34114241286620783
-2.0,-0.4190717927989841,-0.6049507643219306,-0.31190616034343766,-0.48130829322265967,-0.48365202700900767
-2.0,-0.3915065200899792,-0.4300142773291787,-0.3543054673804572,-0.4163889279401414,-0.5592046651744202
1.0,-0.3832045290957413,-0.6025680694076166,-0.171333463353305,-0.31245884982618477,-0.31543650178461685
2.0,-0.39633298021975405,-0.49743534857697763,-0.2097772395176816,-0.19647687059957147,-0.23238955999953734
-3.0,-0.4524822932509191,-0.3848643163735314,-0.32511512955626826,-0.40567137597334346,-0.46578421964942557
-2.0,-0.4524822932509191,-0.3848643163735314,-0.31482335124629374,-0.3729077327753764,-0.4278067567830371
-2.0,-0.39633298021975405,-0.49743534857697763,-0.3257340884829842,-0.3946458688035129,-0.38334432669974455
1.0,-0.4414957875029578,-0.7355957736282657,-0.1703224878392277,-0.275744470989754,-0.24635831905831215
2.0,-0.281062459870782,-0.5660324703131664,-0.2342460421180249,-0.34370437747981797,-0.2826922012519977
-3.0,-0.2746808535374519,-0.39837880881664517,-0.338091533860925,-0.3224562377726975,-0.3305309095544305
-2.0,-0.25828937156117127,-0.3734596701017345,-0.3159340036313484,-0.3442683186319861,-0.3468311928162378
-2.0,-0.26760440954978787,-0.31151301206802023,-0.3257340884829842,-0.3679474053837343,-0.3048749979928337
1.0,-0.29471946284313427,-0.46029679597211887,-0.1703224878392277,-0.2223105221634295,-0.2826134072689861
2.0,-0.28197668393991376,-0.2788411663967092,-0.20176176491126604,-0.26783680371393465,-0.2628641240796324
-3.0,-0.26509061449229876,-0.21427768371136335,-0.34852156219834657,-0.400179377713731,-0.3359900252833499
-2.0,-0.2737739798988526,-0.303339725729173,-0.31482335124629374,-0.3413585647203433,-0.2839801979378295
-2.0,-0.29169562205115673,-0.40474942604832154,-0.3429251420169751,-0.3515567915283088,-0.34207012631315814
1.0,-0.2634567928133127,-0.13957872764652166,-0.16430465031596608,-0.1425498102459403,-0.20361498506032744
2.0,-0.30202084182898,-0.3087191520196288,-0.19225567529294632,-0.19665902542967134,-0.23200478539803332
-3.0,-0.28699747243309387,-0.2184679858049919,-0.34267248497928693,-0.3494136931785352,-0.2941918691347081
-2.0,-0.30202084182898,-0.3087191520196288,-0.31187523892256136,-0.3151034486330343,-0.34794005725156746
-2.0,-0.2798190624782327,-0.2821111925763913,-0.3257340884829842,-0.2992135345391553,-0.3048749979928337
1.0,-0.2623897753974947,-0.06580529491671977,-0.18241023281136412,-0.1744123803083908,-0.17757774829149464
2.0,-0.3511302881295336,-0.5930345415777909,-0.20176176491126604,-0.2103523307228334,-0.2732642831953597
-3.0,-0.33001087877035595,-0.6482352857786682,-0.3713240346239475,-0.4527427845084758,-0.4287357037511709
-2.0,-0.351341495120022,-0.7918825475399333,-0.30953162929595207,-0.4947910097934213,-0.4075854705978637
-2.0,-0.36347130478645556,-0.5169392638718102,-0.33354716888889874,-0.38286357801868287,-0.4229935938449132
1.0,-0.3511302881295336,-0.5930345415777909,-0.16020891693455533,-0.18559905370163882,-0.2889394395837651
2.0,-0.33642988037065324,-0.26264358267383403,-0.23680224414976192,-0.23560198938039087,-0.2953512966981049
-3.0,-0.3541429772606342,-0.21295564993635133,-0.34740472357359575,-0.3825688766604438,-0.4133029952222877
-2.0,-0.33017385045167885,-0.115610985834628,-0.32183435877357597,-0.4139697998080839,-0.3695336022328951
-2.0,-0.3541429772606342,-0.21295564993635133,-0.3490748422370516,-0.38118673738191716,-0.5421705112225615
1.0,-0.33709814766096136,-0.38621437720652124,-0.1703224878392277,-0.2667124254722504,-0.24594943044596154
2.0,-0.3419432976403465,-0.21406492057796753,-0.20176176491126604,-0.24286532932400492,-0.2628641240796324
-3.0,-0.33470985797163877,-0.12337920443776301,-0.3565385160141986,-0.37250697011883355,-0.3986242911263165
-2.0,-0.3165853618824514,-0.26437318396052856,-0.31981109004468516,-0.34874845545883953,-0.31789596513386736
-2.0,-0.29671551594037276,-0.17051861428022344,-0.3543054673804572,-0.3548003409554742,-0.30100030478631695
1.0,-0.29671551594037276,-0.17051861428022344,-0.16430465031596608,-0.2268343936979672,-0.17771854349323235
2.0,-0.38382107795686066,-0.8034472920741115,-0.20773301166173808,-0.2314518127141819,-0.22621575464872043
-3.0,-0.39015568432375347,-0.6485582911773018,-0.34852156219834657,-0.4316434932894449,-0.3542387869057367
-2.0,-0.39910899237700154,-0.7333836897396807,-0.3161423584855424,-0.41362765880585634,-0.38275974711783206
-2.0,-0.4026840771065686,-0.7036699854326715,-0.3543054673804572,-0.3469917564813915,-0.3444665048249131
1.0,-0.38382107795686066,-0.8034472920741115,-0.17938776935763787,-0.22944913252739885,-0.19058262232695475
2.0,-0.3104815023314243,-0.7882168069073445,-0.2122178205638976,-0.26276623982958863,-0.2633655011917304
-3.0,-0.25971180359832635,-0.6531141389405238,-0.338091533860925,-0.4737420588129246,-0.561281246338811
-2.0,-0.2617449355046599,-0.1293807287318135,-0.30953162929595207,-0.35036144385495094,-0.3014015540667088
-2.0,-0.2617449355046599,-0.1293807287318135,-0.3462736637638758,-0.3548890830706118,-0.3037683800074811
1.0,-0.25971180359832635,-0.6531141389405238,-0.17938776935763787,-0.3086015777008188,-0.30013401235142606
2.0,-0.4042748495259455,-0.4666846490558174,-0.20176176491126604,-0.24109841628538412,-0.27522586752609035
-3.0,-0.38098848774523814,-0.49830829256954545,-0.34852156219834657,-0.5261706341114415,-0.3591774634778397
-2.0,-0.34437903379667906,-0.4143202061767981,-0.31187523892256136,-0.3836367128778026,-0.3126636275520926
-2.0,-0.4188312869047161,-0.4446878413211436,-0.3646528787449668,-0.4227840150485638,-0.48929222740999256
1.0,-0.398108799256155,-0.7255787546048799,-0.17342502795807013,-0.20950755491684014,-0.2406448188941913
2.0,-0.37312351127925775,-1.1089408281590925,-0.2122178205638976,-0.24308960550429773,-0.310892088148864
-3.0,-0.37312351127925775,-1.1089408281590925,-0.34267248497928693,-0.4236949984119725,-0.3552980436800808
-2.0,-0.36183703539917605,-0.29270777566887807,-0.31190616034343766,-0.3061721398941555,-0.3102281279276809
-2.0,-0.36183703539917605,-0.29270777566887807,-0.3429251420169751,-0.3081640750494586,-0.3166407992147333
1.0,-0.37312351127925775,-1.1089408281590925,-0.16430465031596608,-0.22365730754390312,-0.3023359857727597
2.0,-0.33315331985622704,-1.2293466751891349,-0.20430457474765276,-0.28199985938647415,-0.3098949838111933
-3.0,-0.32947721252862894,-1.0410931545916546,-0.34388818422303474,-0.46877935247488167,-0.47019870799026836
-2.0,-0.3271337935907563,-0.9845241906357355,-0.31482335124629374,-0.436707291348034,-0.49459520437606785
-2.0,-0.3388370529619332,-0.8501099941500356,-0.3429251420169751,-0.3667606688058063,-0.5570442622675882
1.0,-0.3307511016334164,-1.2403604702086188,-0.16430465031596608,-0.30353903671142557,-0.2698933819087475
2.0,-0.32603494290218127,-0.273529076092745,-0.2097772395176816,-0.2449884594258843,-0.23238955999953734
-3.0,-0.312946137651732,-0.1624095104592706,-0.33744076367024334,-0.32320811232859487,-0.3482852657219643
-2.0,-0.3215132654610838,-0.3633399501396802,-0.31482335124629374,-0.3219959008672213,-0.2839801979378295
-2.0,-0.3215132654610838,-0.3633399501396802,-0.350772567232781,-0.34213938748491207,-0.3080227960638798
1.0,-0.2986598280130792,-0.13278750883744259,-0.16020891693455533,-0.21877403416825023,-0.12359766628360397
2.0,-0.31331792469061154,-0.14323825006418325,-0.24674093517900988,-0.2579884604885175,-0.2853866625706506
-3.0,-0.31331792469061154,-0.14323825006418325,-0.3565385160141986,-0.3826333166722102,-0.39620497796481463
-2.0,-0.31331792469061154,-0.14323825006418325,-0.3161423584855424,-0.3693449708237793,-0.37448989388457155
-2.0,-0.3087616600250057,-0.24167389323306013,-0.3462736637638758,-0.3028470910811815,-0.2997794693523031
1.0,-0.2969547549149493,-0.27370801363310876,-0.18882327225024598,-0.23492195285105075,-0.22354429417243366
2.0,-0.30781758508890533,-0.33845948783139224,-0.2097772395176816,-0.2361865917489532,-0.28884704262003696
-3.0,-0.2703851793963489,-0.1769593541141943,-0.338091533860925,-0.36610377439437886,-0.3456963355231455
-2.0,-0.28109487483299306,-0.08404619356067407,-0.3159340036313484,-0.3967676911160804,-0.394596685359051
-2.0,-0.28109487483299306,-0.08404619356067407,-0.4145348582367368,-0.3853242483538627,-0.526201535085273
1.0,-0.2897280996819472,-0.1220694906344183,-0.1703224878392277,-0.24223561034289312,-0.22604877466184659
2.0,-0.35214771749913215,-0.6437142686132579,-0.24674093517900988,-0.20345312220881964,-0.283320860754816
-3.0,-0.3696814281552064,-0.431720981611432,-0.3542699006699386,-0.3678317338227785,-0.35310845577335226
-2.0,-0.35389686378356855,-0.5065812934573231,-0.31187523892256136,-0.27298673056994344,-0.27842201220652846
-2.0,-0.35389686378356855,-0.5065812934573231,-0.35793962555608205,-0.2864487033326768,-0.33526798363977955
1.0,-0.38407629605486837,-0.5093336339184908,-0.17938776935763787,-0.18051191364508976,-0.21070750388713558
2.0,-0.38161250307069955,-0.41581212022141295,-0.2342460421180249,-0.21897459710402478,-0.2296682391295773
-3.0,-0.37734793756963153,-0.3924770128298608,-0.34740472357359575,-0.4111159833721994,-0.425396315908086
-2.0,-0.32485454592596563,-0.400810378496747,-0.31187523892256136,-0.3129548585158288,-0.3126636275520926
-2.0,-0.3847089573148237,-0.45494530226949953,-0.4145348582367368,-0.4168269196059487,-0.45649528707229553
1.0,-0.38161250307069955,-0.41581212022141295,-0.17342502795807013,-0.20348483910503,-0.18810076648534993
2.0,-0.36284317210761524,-0.4126493512174629,-0.2342460421180249,-0.2176604551480744,-0.23346378821799763
-3.0,-0.3414602013361135,0.18269267777766893,-0.32511512955626826,-0.27886265001551924,-0.29974319608759264
-2.0,-0.32185271941593957,-0.2116473330681975,-0.31190616034343766,-0.23608968798097918,-0.29443964530252864
-2.0,-0.3414602013361135,0.18269267777766893,-0.350772567232781,-0.25062972623898094,-0.24155049138829504
1.0,-0.34465228521868757,-0.1125949452424432,-0.18241023281136412,-0.1372344618351253,-0.1717987258805748
2.0,-0.4476171520036028,-0.3139866163691583,-0.20430457474765276,-0.24097802007031904,-0.2660996066834097
-3.0,-0.4204295265373319,0.019935651821051698,-0.32511512955626826,-0.34554439895594957,-0.3648517109308912
-2.0,-0.39549855024258224,0.10280024067656372,-0.3161423584855424,-0.3526973729421259,-0.3002196460400926
-2.0,-0.39549855024258224,0.10280024067656372,-0.33354716888889874,-0.3526973729421259,-0.31446135183223806
1.0,-0.4476171520036028,-0.3139866163691583,-0.18237882765846147,-0.2310573235248907,-0.28338205870668887
2.0,-0.32361126090000597,-0.647520170925138,-0.19225567529294632,-0.27551698768528904,-0.2934087430005785
-3.0,-0.3333238896992919,-0.6168878460875543,-0.338091533860925,-0.49425054771760746,-0.3305309095544305
-2.0,-0.318934204412703,-0.679578282051265,-0.32183435877357597,-0.38131799129121874,-0.3695336022328951
-2.0,-0.3495545811170437,-0.6656091575031384,-0.3646528787449668,-0.4452561142179709,-0.4967928519459225
1.0,-0.3222449757968767,-0.744269644838883,-0.16020891693455533,-0.2342324930321497,-0.29748548429950933
2.0,-0.30888306651212444,0.09191165481231829,-0.2122178205638976,-0.18541825632521855,-0.11698171760145716
-3.0,-0.30888306651212444,0.09191165481231829,-0.34267248497928693,-0.3370028049535082,-0.3770648283518432
-2.0,-0.30130248843520185,-0.24512670254058783,-0.3159340036313484,-0.30366971036189816,-0.34005916637955813
-2.0,-0.31627700160093186,-0.23578657066460598,-0.3257340884829842,-0.30473934157231225,-0.3005905870337913
1.0,-0.28663621484949137,-0.22831926507426858,-0.17938776935763787,-0.17467782531234866,-0.19058262232695475
2.0,-0.34662982365930317,-0.7742182465631635,-0.23680224414976192,-0.32939389442147177,-0.2953512966981049
-3.0,-0.3401040166949348,-0.6275125620923825,-0.3565385160141986,-0.5076571590651139,-0.3775835821072955
-2.0,-0.34662982365930317,-0.7742182465631635,-0.31981109004468516,-0.4942076412522662,-0.40269035190368624
-2.0,-0.33194889731150784,-0.4187524844451722,-0.3490748422370516,-0.5328440566068708,-0.5421705112225615
1.0,-0.34662982365930317,-0.7742182465631635,-0.18241023281136412,-0.29960706121877057,-0.2864210361561412
2.0,-0.36890750656849447,-0.5749805898591709,-0.20176176491126604,-0.3154853583697524,-0.27522586752609035
-3.0,-0.3683986212554187,-0.3106790860347204,-0.33744076367024334,-0.4354680980405412,-0.34501678756450077
-2.0,-0.3683986212554187,-0.3106790860347204,-0.3159340036313484,-0.42301368303553244,-0.33619186862024697
-2.0,-0.37369067903352665,-0.453887863311385,-0.3429251420169751,-0.4933761984816464,-0.36813301178620317
1.0,-0.34352316521967396,-0.5376022045043328,-0.1703224878392277,-0.30145943274145953,-0.27473151635229803
2.0,-0.44699576628052173,-0.3836229294755789,-0.20430457474765276,-0.30000508073697313,-0.28955046436859416
-3.0,-0.44699576628052173,-0.3836229294755789,-0.33744076367024334,-0.4797768446236263,-0.4355448575027913
-2.0,-0.45516098088271634,-0.34906373744170405,-0.33287267472516496,-0.44882011427712803,-0.47125407208700787
-2.0,-0.44401135828497784,-0.41897146653282624,-0.3462736637638758,-0.3573594732482443,-0.4509493290032735
1.0,-0.4174022979310629,-0.4761600277925663,-0.17938776935763787,-0.2537645776612729,-0.17314794474315098
2.0,-0.4046117822760698,-0.8134486685711887,-0.20430457474765276,-0.19581663734273289,-0.19240695571145
-3.0,-0.4046117822760698,-0.8134486685711887,-0.33744076367024334,-0.3945351894047912,-0.3482852657219643
-2.0,-0.4046117822760698,-0.8134486685711887,-0.3159340036313484,-0.3440259163678489,-0.33312613466228297
-2.0,-0.4046117822760698,-0.8134486685711887,-0.4145348582367368,-0.37203121784538845,-0.34938844588540663
1.0,-0.39936896050913895,-0.5418534012844968,-0.171333463353305,-0.21528586241051287,-0.2055281528422677
2.0,-0.5828232887563611,-0.6918630836701353,-0.24674093517900988,-0.34025508204343036,-0.31797398359323753
-3.0,-0.5831969804163375,-0.6008894770479717,-0.3542699006699386,-0.6044902309258011,-0.4285401146816094
-2.0,-0.6052837601020183,-0.6456864577407917,-0.3362312689068021,-0.5502462562151216,-0.4177010834545449
-2.0,-0.5828232887563611,-0.6918630836701353,-0.33354716888889874,-0.4714024198648234,-0.4977647285071148
1.0,-0.6046900530003867,-0.9744276458644134,-0.16430465031596608,-0.4592651825339648,-0.2698933819087475
1.0,-0.16989467558678054,-0.14953632600730288,-0.18180480627173146,-0.20677669997930792,-0.1508631283997176
-1.0,-0.16513319856657294,-0.4276788761440492,-0.2932369297817738,-0.2584594508726134,-0.27699530875469575
2.0,-0.15419842469283368,-0.45079230010857474,-0.18339467705455262,-0.19864351817088988,-0.17216962547423004
-1.0,-0.16989467558678054,-0.14953632600730288,-0.2413990424839889,-0.23198418605599821,-0.24434040066858023
-1.0,-0.18263931377589337,-0.5070357735828501,-0.25753788026854796,-0.28060432212524206,-0.2791271976723998
1.0,-0.15419842469283368,-0.45079230010857474,-0.19763925564844856,-0.1971361409686078,-0.17503312326205125
1.0,-0.35094482797227006,-0.37163103867301395,-0.16163668474702467,-0.24336943541615855,-0.2502304965648763
-1.0,-0.34801143483524827,-0.6341849367090391,-0.2872687933263826,-0.388131779812534,-0.30708285531677365
2.0,-0.34801143483524827,-0.6341849367090391,-0.1894432420308363,-0.29541925422055276,-0.2413196522219273
-1.0,-0.36979487385251747,-0.522692680194623,-0.2413990424839889,-0.37580062868449554,-0.22029366857433377
-1.0,-0.390281198792907,-0.5013482373657864,-0.18472412299559257,-0.42943713768573105,-0.3191328738377156
1.0,-0.3535202627663275,-0.48926318668988483,-0.16381529217438368,-0.24338850798444467,-0.29034968848864096
1.0,-0.3398127646866315,-0.5799485914085778,-0.16163668474702467,-0.2717829229030576,-0.2699607187899192
-1.0,-0.34750274306983764,-0.3582791544676868,-0.29199048505988084,-0.3223307120375934,-0.31117133391283175
2.0,-0.34583203981216626,-0.48125053834200665,-0.1599546758183942,-0.24937866839361714,-0.24935787874790244
-1.0,-0.34750274306983764,-0.3582791544676868,-0.2732618715635693,-0.3223307120375934,-0.27209952240961877
-1.0,-0.34583203981216626,-0.48125053834200665,-0.18732207170957332,-0.31177552826822863,-0.2613936308238681
1.0,-0.35018090627422205,-0.5765227609655224,-0.18386727736209335,-0.2686573941771624,-0.2556644333707461
1.0,-0.12758899456884898,0.026623236668924615,-0.18381493795719805,-0.1606118613736151,-0.16688266219608378
-1.0,-0.16229620622259508,-0.021890375885245932,-0.29199048505988084,-0.24950918740009423,-0.24989967006908667
2.0,-0.11346841669685052,-0.05162674807531002,-0.16814513654442143,-0.1803359776440853,-0.13814958272505318
-1.0,-0.1602043529477019,0.028328582619207794,-0.26897644416546096,-0.21878801800217565,-0.18777122292991824
-1.0,-0.15508505009135284,-0.23314217569654785,-0.18966251600354922,-0.25932033316808195,-0.28206615296437004
1.0,-0.14603673296330982,-0.12203845833823686,-0.19563563694861108,-0.15245915909235896,-0.16492565429296063
1.0,-0.06293915036578547,0.0842952349776228,-0.19484360687362404,-0.11829282948256985,-0.1270927107246645
-1.0,-0.025500858402356157,0.012857565493729317,-0.32385035116197525,-0.1568057878734084,-0.039410974394653506
2.0,-0.06293915036578547,0.0842952349776228,-0.1895080375589484,-0.11823820717073803,-0.12810813145379082
-1.0,-0.039478082550664775,0.07276962186551088,-0.28624790894671115,-0.10255052475542012,-0.14218130225723397
-1.0,-0.04106734089158855,-0.013300489089158696,-0.18472412299559257,-0.12116917945995412,-0.07398450163291985
1.0,-0.06293915036578547,0.0842952349776228,-0.17154266390544612,-0.1036602026167011,-0.09292575016319486
1.0,-0.3002438766372708,-0.5132079937627947,-0.18381493795719805,-0.30968506113376615,-0.2240621224648665
-1.0,-0.2868553000291908,-0.2704364380793827,-0.2872687933263826,-0.3069164313356945,-0.31039024797876397
2.0,-0.3124627155115538,-0.3252540047056119,-0.1822293206602542,-0.2534210626338069,-0.24519119300685496
-1.0,-0.2868553000291908,-0.2704364380793827,-0.2566347649628397,-0.3069164313356945,-0.2980198560550507
-1.0,-0.32553356658004684,-0.5849777855215302,-0.25753788026854796,-0.5141176955948145,-0.3612968278024003
1.0,-0.3002438766372708,-0.5132079937627947,-0.19763925564844856,-0.2915788141154009,-0.2204842510923371
1.0,-0.6330651583537489,0.398437140622599,-0.22711674532563897,-0.2797270430248869,-0.21281311482077575
-1.0,-0.5828232887563611,0.7943680227697316,-0.24811379919142376,-0.14312006414277467,-0.12990915357025606
2.0,-0.5831969804163375,0.6387167603703131,-0.1822293206602542,-0.18100700387985572,-0.15046685359433037
-1.0,-0.5669631395480912,0.7694110839808991,-0.27582049243756046,-0.09868983380831496,-0.15241721798899432
-1.0,-0.5998433123796,0.40287634560959285,-0.25753788026854796,-0.2933355534542453,-0.2014110845208946
1.0,-0.5761226223272753,0.7838304642268081,-0.18042450561114184,-0.10412328654978142,-0.14633430705650846
1.0,-0.24793879456646087,-0.4828146311220338,-0.18586959489093866,-0.21862960868963097,-0.18048697396034882
-1.0,-0.24793879456646087,-0.4828146311220338,-0.2872687933263826,-0.28129455582979845,-0.25630515126148434
2.0,-0.24793879456646087,-0.4828146311220338,-0.1894432420308363,-0.23012140201706086,-0.20109853239359674
-1.0,-0.22638981887535364,-0.16416401386559992,-0.2732618715635693,-0.2554128547184264,-0.24183979398318242
-1.0,-0.2490115737530634,-0.33583390437617283,-0.18732207170957332,-0.22743822802343647,-0.27329636404280205
1.0,-0.24502115695477822,-0.29132641532027004,-0.16381529217438368,-0.1725635304904809,-0.20391731059428966
1.0,-0.20956393578714366,-0.028899870806075673,-0.1821729738790846,-0.1243414799030141,-0.16282486536227728
-1.0,-0.20361086122971353,-0.028430068029553578,-0.29621514619072603,-0.19598021558784376,-0.32014117657311536
2.0,-0.21039963221879115,-0.08417951311549801,-0.16696730334696755,-0.15265588324230323,-0.09260790850051859
-1.0,-0.17910329102364367,-0.054678974685204086,-0.27582049243756046,-0.19368207066962534,-0.1622112226744722
-1.0,-0.20956393578714366,-0.028899870806075673,-0.18472412299559257,-0.19622154107646034,-0.19133256910998273
1.0,-0.19844756255156418,0.00038597908201253305,-0.19563563694861108,-0.0797476097585189,-0.13668951520539538
1.0,-0.2826788626788051,-0.23484588096850426,-0.16163668474702467,-0.18703752133110935,-0.21494952058086686
-1.0,-0.25647089110325905,-0.1157435262760389,-0.29583523544225987,-0.23846784488866218,-0.27103764436569067
2.0,-0.2501461991595074,-0.39233531886631245,-0.20136366593639274,-0.14598081485709175,-0.20501798099801583
-1.0,-0.2796685693909086,-0.3325520148060586,-0.2732618715635693,-0.24758187272730567,-0.27209952240961877
-1.0,-0.2796685693909086,-0.3325520148060586,-0.18699411259196996,-0.24503851308731597,-0.24042806679045273
1.0,-0.2559242552174466,-0.28341928316366927,-0.1884523732257821,-0.17840509923116418,-0.14397025840083316
1.0,-0.2483229988189855,0.031018762909391474,-0.190121666300614,-0.13987288016401014,-0.14589059271773763
-1.0,-0.2134009541758002,-0.049026851576109066,-0.3145954902110038,-0.2461142553460017,-0.181857175678917
2.0,-0.22045311579902147,0.12187528705111583,-0.1822293206602542,-0.13987527751519002,-0.07707096509665735
-1.0,-0.22045311579902147,0.12187528705111583,-0.2743113531253482,-0.19969080076447168,-0.09964979317154371
-1.0,-0.20089825076307646,0.08375250508844453,-0.18966251600354922,-0.1942583673437581,-0.1471927651445465
1.0,-0.22573291607085005,0.07921791241523232,-0.16381529217438368,-0.10008967516306506,-0.0626975086732679
1.0,-0.17312227342250588,0.22667704132905914,-0.1803070740984838,-0.18269311805585123,-0.16328544929220118
-1.0,-0.16466566878176783,0.2737435898624388,-0.2932369297817738,-0.2665554524900554,-0.34205824652915845
2.0,-0.16466566878176783,0.2737435898624388,-0.18654551178691944,-0.17958309740058095,-0.17790702173117048
-1.0,-0.16633037620583957,-0.2528942293113416,-0.35375285852689364,-0.24519348119224776,-0.3057901311789621
-1.0,-0.1518207391408237,0.12159576074455625,-0.2033158531588465,-0.1867623940634808,-0.19931870581701047
1.0,-0.19946470287476378,0.039682378285004996,-0.17922444601881543,-0.16389083394541276,-0.20589327447041325
1.0,-0.27278719711813537,-0.23042243993945657,-0.18381493795719805,-0.04206876767534283,-0.11746435498035644
-1.0,-0.27278719711813537,-0.23042243993945657,-0.3374396757782243,-0.09733460049784244,-0.10796488638923066
2.0,-0.2652422666465708,-0.2707128220698285,-0.18654551178691944,-0.1510223184900706,-0.08063138171708786
-1.0,-0.259782460840881,-0.35200669622774117,-0.3120922553306951,-0.2485074838372297,-0.20946853896641163
-1.0,-0.28511843832182043,-0.27020973039642404,-0.18732207170957332,-0.15163475173221724,-0.05962227120673988
1.0,-0.21768198011633022,-0.25521273087796736,-0.18224403376444698,-0.06579261428519222,-0.10531733339396843
1.0,-0.17988208249846901,-0.058845604643968,-0.19484360687362404,-0.1330878348687673,-0.1836538610678284
-1.0,-0.1802456354575017,-0.09514549969757137,-0.3145954902110038,-0.2910214625775111,-0.17318744656197363
2.0,-0.1578334528654075,-0.08136304686466382,-0.16814513654442143,-0.08121474639234691,-0.16387286125475223
-1.0,-0.17988208249846901,-0.058845604643968,-0.2732618715635693,-0.22478123159501776,-0.2736782951350395
-1.0,-0.1802456354575017,-0.09514549969757137,-0.25753788026854796,-0.2602126470931258,-0.1451287209998945
1.0,-0.18689227390352775,0.049284106794741454,-0.17922444601881543,-0.07175224726966496,-0.005486899557453335
1.0,-0.22519790502536458,-0.1894529974422,-0.19484360687362404,-0.22697775874158807,-0.2086573420134917
-1.0,-0.24192785471433012,-0.3397795783703706,-0.3145954902110038,-0.3736523880105107,-0.36651807618879684
2.0,-0.2054804667181031,-0.34597049180605516,-0.20136366593639274,-0.23734681302747798,-0.19823352171604414
-1.0,-0.19503103622020812,0.31018265961043057,-0.27582049243756046,-0.25275266773017274,-0.2556756742512495
-1.0,-0.21358183766956287,-0.17639962895290823,-0.2230588796983836,-0.28415118753640745,-0.23367358984767408
1.0,-0.19503103622020812,0.31018265961043057,-0.18224403376444698,-0.1969308774838815,-0.18168235878147507
1.0,-0.43150365244502753,-0.7203583673606986,-0.190121666300614,-0.38864212990246666,-0.30164673620733706
-1.0,-0.4507280764851585,-0.6482804877868552,-0.24811379919142376,-0.50813430310736,-0.5063421334683134
2.0,-0.4462298931765575,-0.767112299523016,-0.1894432420308363,-0.3681778832574092,-0.275427111357874
-1.0,-0.4507280764851585,-0.6482804877868552,-0.2413990424839889,-0.49561441798867606,-0.5020945834035397
-1.0,-0.4121201533816743,-0.7515180940036501,-0.2195051397165287,-0.45925167970697783,-0.44082958975622805
1.0,-0.43639421979068954,-0.7329076501668311,-0.16381529217438368,-0.3580917093844209,-0.2909407498670059
1.0,-0.30924425543968415,-0.2900409959402981,-0.190121666300614,-0.2095574904215282,-0.23917774214008022
-1.0,-0.31618477187106286,-0.1418777735885244,-0.2932369297817738,-0.3680360348907484,-0.34205824652915845
2.0,-0.36057524810072267,-0.388023520341091,-0.1822293206602542,-0.2731379591496467,-0.2873583366626535
-1.0,-0.3001732010865273,-0.15792257083753106,-0.3047296980583476,-0.334068666077136,-0.3311187973637854
-1.0,-0.3354632323225324,-0.154662208371711,-0.18699411259196996,-0.2832848651527424,-0.24042806679045273
1.0,-0.31618477187106286,-0.1418777735885244,-0.18386727736209335,-0.2388445561114185,-0.21411792710251015
1.0,-0.3093308690620314,-0.5305425498165734,-0.18180480627173146,-0.26794111290486156,-0.2595698033283748
-1.0,-0.25908228009263257,-0.3261497923308137,-0.3145954902110038,-0.3118683596345721,-0.3298841282962563
2.0,-0.2805829619407032,-0.4526900268598334,-0.1822293206602542,-0.25909126080403033,-0.24326350995731344
-1.0,-0.2805829619407032,-0.4526900268598334,-0.2743113531253482,-0.3700791086784908,-0.2852129392549023
-1.0,-0.28477756862464004,-0.539632787659974,-0.2230588796983836,-0.35272279079970725,-0.3318462605051751
1.0,-0.2826988261038219,-0.39475266288971506,-0.18386727736209335,-0.2556814842153686,-0.2615677547875366
1.0,-0.3665721506946237,-0.0786323370756003,-0.18586959489093866,-0.22665285289751833,-0.1348531282287383
-1.0,-0.408961864001278,-0.40457971290835787,-0.3374396757782243,-0.377801031276627,-0.4179712128675013
2.0,-0.4095279467731066,-0.30970342915158805,-0.1822293206602542,-0.21143505829990755,-0.24326350995731344
-1.0,-0.408961864001278,-0.40457971290835787,-0.35375285852689364,-0.377801031276627,-0.4344708484368168
-1.0,-0.3665721506946237,-0.0786323370756003,-0.18966251600354922,-0.3398349192324528,-0.17193430352083336
1.0,-0.37611042765434827,-0.06468196703255394,-0.17154266390544612,-0.12449978732623468,-0.11719938052078939
1.0,-0.30338042796271203,-0.39652844401217624,-0.19484360687362404,-0.2194821788590835,-0.2345537835805868
-1.0,-0.317773203201447,-0.19516554417271487,-0.29128863164016056,-0.26110919049887854,-0.2711178251094803
2.0,-0.317773203201447,-0.19516554417271487,-0.20136366593639274,-0.2066465232303423,-0.19823352171604414
-1.0,-0.31296844958883047,-0.41457787806655066,-0.3047296980583476,-0.31436658183307414,-0.3369768932889516
-1.0,-0.31296844958883047,-0.41457787806655066,-0.25753788026854796,-0.3147720247348598,-0.30261827047928497
1.0,-0.32863892291494856,-0.2840772926748403,-0.19763925564844856,-0.21675482241753155,-0.20124588116485645
1.0,-0.2608501646165796,-0.008309173002159387,-0.18180480627173146,-0.11978343366931758,-0.09191093671784352
-1.0,-0.23403079987375947,0.06332428117617894,-0.29583523544225987,-0.23469639390330657,-0.17473697113097347
2.0,-0.2250136664743933,-0.015209795702818506,-0.16814513654442143,-0.09509972867459353,-0.16387286125475223
-1.0,-0.2513366977768381,-0.05156208546961838,-0.2732618715635693,-0.2269371473732497,-0.24183979398318242
-1.0,-0.22082742199571717,0.0110694915823077,-0.18472412299559257,-0.2073498983657762,-0.05235469313118548
1.0,-0.2470106804150447,-0.3448829993263339,-0.19763925564844856,-0.11723965782440197,-0.17503312326205125
1.0,-0.34167735067782473,-0.5352402632171356,-0.18283103453716817,-0.2315707217532377,-0.2812422718693541
-1.0,-0.3707495357568782,-0.31843779018434604,-0.3145954902110038,-0.34969123190369794,-0.39762050496382884
2.0,-0.37878115579254756,-0.2999929684690629,-0.1599546758183942,-0.2533383910686586,-0.23601570356645987
-1.0,-0.34167735067782473,-0.5352402632171356,-0.3120922553306951,-0.3808197164054619,-0.371589375926817
-1.0,-0.34167735067782473,-0.5352402632171356,-0.2028928052579141,-0.3360523898572054,-0.297139515679874
1.0,-0.33034111688005424,-0.4018810608581195,-0.17154266390544612,-0.2652122936467237,-0.24481932049173094
1.0,-0.30494213300001755,-0.5969276415001609,-0.1539791945101086,-0.30953152615620666,-0.2873121629284768
1.0,-0.3360732827779257,-0.6244915272836272,-0.32192348775310375,-0.362905060784464,-0.3981393715482087
-3.0,-0.3360732827779257,-0.6244915272836272,-0.1502571841457666,-0.3133224501260266,-0.37418139482196605
0.0,-0.3154026174742209,-0.5735656390516318,-0.2350958015933401,-0.32803357736171485,-0.30317458333255887
1.0,-0.3360732827779257,-0.6244915272836272,-0.20894661616983315,-0.33114214754371185,-0.3493469200005346
0.0,-0.3188174819330877,-0.5558534681741376,-0.22268774658957194,-0.3165687053896438,-0.3677533734132159
-2.0,-0.3360732827779257,-0.6244915272836272,-0.2744157591888041,-0.3797596061817483,-0.43359780158140604
1.0,-0.3812024313688022,-0.6989298537928326,-0.16521259288569393,-0.31172670288212273,-0.2772810207156466
1.0,-0.36980202009789187,-0.5593551199509642,-0.3119105376366808,-0.35843499766298254,-0.3258598663786684
-3.0,-0.3668944360124689,-0.6787695565507944,-0.18034895973977186,-0.4429963575840919,-0.4209622851203666
0.0,-0.38241249981408565,-0.6642065122038533,-0.22342003643760264,-0.3072120768321071,-0.33816092057952163
1.0,-0.38241249981408565,-0.6642065122038533,-0.1947555021962606,-0.328615736618663,-0.29067950911777146
0.0,-0.36980202009789187,-0.5593551199509642,-0.1862586505304839,-0.3320999607950483,-0.3185789991948947
-2.0,-0.3668944360124689,-0.6787695565507944,-0.2599953762109868,-0.516232441323765,-0.5245989006337752
1.0,-0.40372362091522557,-1.28474893181132,-0.16521259288569393,-0.270355568883787,-0.19838369201446693
1.0,-0.3897291899079714,-1.1628426202366404,-0.32192348775310375,-0.26821101977938805,-0.31340668732382804
-3.0,-0.4103282740534222,-1.347218940412011,-0.16661017339678266,-0.29354864846580897,-0.2719988323170094
0.0,-0.38673933675007693,-1.1463096239037116,-0.24849359575181065,-0.23718396032136435,-0.3796882726842043
1.0,-0.4103282740534222,-1.347218940412011,-0.19087927607006316,-0.24482116220957378,-0.3245798197643555
0.0,-0.40372362091522557,-1.28474893181132,-0.2050095270391862,-0.27721859265792564,-0.27572009529046104
-2.0,-0.3904366865371167,-0.4171598493157209,-0.25738376953062386,-0.3414189183963521,-0.2479566601768986
1.0,-0.42249964054596945,-0.44070686674831855,-0.16521259288569393,-0.26325025663014023,-0.1614996425860718
1.0,-0.3875268920995575,-0.19807622647795975,-0.32192348775310375,-0.23127238595008415,-0.24500741307261703
-3.0,-0.41732289983747917,-0.43420361385603945,-0.16661017339678266,-0.1938090101249421,-0.23926322467677935
0.0,-0.4344899443291074,-0.3225804228438675,-0.22342003643760264,-0.23084200437777588,-0.1912673602159294
1.0,-0.4020833084159483,-0.3764946943048812,-0.20256150614935445,-0.21048676541350966,-0.2315891490200935
0.0,-0.4273314321716185,-0.4289961411294765,-0.23138873559471834,-0.27407321991570854,-0.2429911738170269
-2.0,-0.4107283163680097,-0.2620460212559803,-0.2599953762109868,-0.28383184500077197,-0.323052663634735
1.0,-0.2992258285881495,-0.30578196286100184,-0.16719949967126532,-0.30965692645606196,-0.23605238494611275
1.0,-0.2939442721546728,-0.2682013718794554,-0.32192348775310375,-0.2749690102596686,-0.3295160619577524
-3.0,-0.28402104869498085,-0.4085026812495416,-0.17170916922240667,-0.539203018524672,-0.4146282347217708
0.0,-0.29946435337441657,-0.4144859404580535,-0.24849359575181065,-0.4080334061101032,-0.4079848542047188
1.0,-0.2869634402855348,-0.4607934614087233,-0.20580450873310113,-0.40480499040697937,-0.4047931225221641
0.0,-0.28402104869498085,-0.4085026812495416,-0.2050095270391862,-0.35387711471276995,-0.3121031947409852
-2.0,-0.2992258285881495,-0.30578196286100184,-0.2270992074454303,-0.4716289482043104,-0.468857818374232
1.0,-0.12298093883835534,-0.030523461920091328,-0.1539791945101086,-0.10083057411547741,-0.06971246187209995
1.0,-0.08295031010368395,-0.20836476538709295,-0.336398955430777,-0.16664373275289168,-0.27071596102566475
-3.0,-0.11022079211665972,-0.12773984926174167,-0.17170916922240667,-0.12363129588421513,-0.06424849055086766
0.0,-0.11022079211665972,-0.12773984926174167,-0.2202086813271759,-0.12126782292519943,-0.17818454243422566
1.0,-0.11022079211665972,-0.12773984926174167,-0.20594059625272237,-0.14434554455099544,-0.15433987940160948
0.0,-0.07656218879919587,0.09816552387932874,-0.22268774658957194,-0.11035704868198178,-0.14023347210153164
-2.0,-0.07335430344611298,0.0020192533130642767,-0.2450764055290067,-0.18325699164245643,-0.06612478768095766
1.0,-0.17894191340099666,-0.2594730602577299,-0.16719949967126532,-0.17775762828925984,-0.10855353205441977
1.0,-0.2057964634228805,-0.2385512465770868,-0.3604635977292339,-0.20919649009950161,-0.18555415682054285
-3.0,-0.148195348103083,-0.13535605593587144,-0.1491923847029731,-0.15869807665789484,-0.09697179311494525
0.0,-0.19947513551501103,-0.2663963489497287,-0.24849359575181065,-0.215190593639287,-0.16391769602744904
1.0,-0.18583582651031263,-0.2688907616469634,-0.20612193735754722,-0.18183842148134982,-0.1587123672081069
0.0,-0.1965016116214249,-0.21634964001434454,-0.20067031262531138,-0.24582098582713868,-0.21757965208716365
-2.0,-0.148195348103083,-0.13535605593587144,-0.25738376953062386,-0.25685198413211485,-0.19849483301813647
1.0,-0.044685075762963704,0.12383941846887088,-0.16521259288569393,-0.1426474941151891,-0.06128593955056236
1.0,-0.051440349625562036,0.1039512633829795,-0.25510189224992674,-0.12792977602676944,-0.09761536323176537
-3.0,-0.044685075762963704,0.12383941846887088,-0.17170916922240667,-0.13524112656748494,-0.06424849055086766
0.0,-0.004869866078813205,0.08145215350676153,-0.236786449585572,-0.16876568814547233,-0.18735031596824125
1.0,-0.035298755274462135,0.201919613514326,-0.19786810099895255,-0.17485514498924032,-0.15831992577013962
0.0,-0.07105897623952188,0.016006743944336724,-0.20067031262531138,-0.1539434462045371,-0.14508050017404936
-2.0,-0.02573897796680744,0.09323577002464356,-0.25738376953062386,-0.22460455044590832,-0.24435065068517256
1.0,-0.22512583536582853,-0.2662907835150322,-0.12570103383530765,-0.20645239637531215,-0.08490189862577223
1.0,-0.24073195689461083,-0.20102028694125215,-0.303704075574849,-0.27270794359250355,-0.2733875641655976
-3.0,-0.2482630786195501,-0.2215684442221916,-0.16816418013669387,-0.23305087623960502,-0.132839928146411
0.0,-0.22512583536582853,-0.2662907835150322,-0.2350958015933401,-0.2146301933888785,-0.17341666951278797
1.0,-0.24998795532823057,-0.2452885342301434,-0.20580450873310113,-0.20596282718974354,-0.20558578855090376
0.0,-0.264705991195118,-0.21784047538411588,-0.18440273578710972,-0.19637885219085793,-0.18110567488178422
-2.0,-0.21251469935822134,-0.1844310080160997,-0.2490604286788731,-0.25503593171808847,-0.24922477990144676
1.0,-0.0785614306529897,-0.06975705083124913,-0.15897294092129474,-0.15274966771238374,-0.1150742098897104
1.0,-0.10869748472717636,-0.14241182143590023,-0.303704075574849,-0.17688104605684016,-0.21616847400927713
-3.0,-0.10469470424934918,-0.19126170165269113,-0.1502571841457666,-0.12478275201202918,-0.14904969235751883
0.0,-0.09050559404502725,-0.09508400825036112,-0.24849359575181065,-0.13358364263010886,-0.03463169169132178
1.0,-0.10519850396336912,-0.20266888926730622,-0.21736274714307993,-0.1377893258820146,-0.17703103742557227
0.0,-0.0785614306529897,-0.06975705083124913,-0.18440273578710972,-0.15274966771238374,-0.12907123696962391
-2.0,-0.10469470424934918,-0.19126170165269113,-0.2744157591888041,-0.23577879594273018,-0.15147722146071121
1.0,-0.09929980676976849,-0.5125615847151451,-0.1829258429952506,-0.3030020513479512,-0.30215563372014376
1.0,-0.13325750122222368,-0.4224047708144029,-0.336398955430777,-0.293519477656265,-0.30789065400794596
-3.0,-0.12743896602926486,-0.6175879063874509,-0.18045225980473306,-0.34513570541859123,-0.3077853190940973
0.0,-0.10177153000145887,-0.5368721473236652,-0.22342003643760264,-0.3020445901218247,-0.2937022751144901
1.0,-0.13615953216543678,-0.5392161543822687,-0.21736274714307993,-0.27474397948311846,-0.2033340437736084
0.0,-0.09929980676976849,-0.5125615847151451,-0.22268774658957194,-0.3030020513479512,-0.3677533734132159
-2.0,-0.12051675806976289,-0.5686348897037435,-0.2270992074454303,-0.3311779385696392,-0.36524679588560666
1.0,-0.15582972518328855,0.18467204331915876,-0.16719949967126532,-0.12610796752783773,-0.011363695698103226
1.0,-0.16649189601995318,-0.1515811132638088,-0.336398955430777,-0.1560064213639289,-0.2661339363635325
-3.0,-0.1566072620067706,0.2569598044783645,-0.16264480878671378,-0.10285586813350824,-0.04741495812655561
0.0,-0.14436335448488374,0.2566014323161133,-0.2404424175986074,-0.11943226665069577,-0.18675328562287677
1.0,-0.12659686333601333,0.2815777499664534,-0.19786810099895255,-0.08111841573923101,-0.10106803983349827
0.0,-0.16649189601995318,-0.1515811132638088,-0.2237118999740267,-0.1428061694767896,-0.17629033404019265
-2.0,-0.15053294459531272,0.2650336597079055,-0.2744157591888041,-0.17557965410305423,-0.1366398543895558
1.0,-0.10177765445412879,-0.2141486598539463,-0.13923686583952047,-0.18964527556308963,-0.12807816649851583
1.0,-0.1100987932980128,0.19388507873882496,-0.28350973101539323,-0.19960935210250016,-0.17490870644392936
-3.0,-0.13498947384976695,0.13950079109509608,-0.17170916922240667,-0.23336895133609076,-0.23605988234628492
0.0,-0.1100987932980128,0.19388507873882496,-0.21902461477882817,-0.19451600970477995,-0.17430601099857893
1.0,-0.13498947384976695,0.13950079109509608,-0.20594059625272237,-0.23702687829937902,-0.22488872872671709
0.0,-0.04950456798625228,0.004408393241164293,-0.20623690742467077,-0.16332682796105785,-0.18643763989474116
-2.0,-0.1100987932980128,0.19388507873882496,-0.24935108898321257,-0.24870335326364368,-0.2065527327521851
1.0,-0.17698860130211927,-0.10561314354167994,-0.16719949967126532,-0.20852575258970704,-0.1667044712652875
1.0,-0.18228297082077655,-0.19218939913874009,-0.34300083668549,-0.22428111515703741,-0.24726444316281643
-3.0,-0.17326256736878315,-0.21329574682845745,-0.16816418013669387,-0.18152347263200064,-0.2205323489964141
0.0,-0.20498004787344543,-0.24201245841120722,-0.26592573523831037,-0.26009779228652447,-0.26060328432882196
1.0,-0.17698860130211927,-0.10561314354167994,-0.19087927607006316,-0.21240756091005333,-0.20745755554553363
0.0,-0.19765203067328527,-0.2885621682057272,-0.22268774658957194,-0.21077373544902314,-0.19704911650908297
-2.0,-0.19286150600537064,-0.12509522125787487,-0.26341453102390505,-0.258109078105004,-0.21127142550179887
1.0,-0.18863568372476386,-0.06659728565439445,-0.1619941557341883,-0.16898418747822716,-0.1679141502786596
1.0,-0.18863568372476386,-0.06659728565439445,-0.3604635977292339,-0.18867806084582975,-0.25699654770358377
-3.0,-0.17543123490869533,-0.2539534494401184,-0.16661017339678266,-0.20214515718148,-0.1418061814581073
0.0,-0.19795990674874972,-0.22252312836671986,-0.24849359575181065,-0.18366359165820756,-0.16751052442243483
1.0,-0.21154562390646736,-0.2801553316359462,-0.20594059625272237,-0.1801592975249351,-0.18736869922151703
0.0,-0.21345646815889316,-0.42394565909194737,-0.19685042537554437,-0.15017953798378975,-0.13898731448495075
-2.0,-0.21345646815889316,-0.42394565909194737,-0.25738376953062386,-0.2538619084203803,-0.19849483301813647
1.0,-0.18632517389580192,-0.4527794880440137,-0.1829258429952506,-0.2386435800083907,-0.1749813719273679
1.0,-0.20024228615278794,-0.43462872746127207,-0.336398955430777,-0.2673523486540201,-0.30482028876625406
-3.0,-0.2045827996665433,-0.414073182210193,-0.16661017339678266,-0.2312272852487626,-0.28266030657073776
0.0,-0.20196383709725121,-0.44359575673171564,-0.2404424175986074,-0.21458511772644587,-0.20550764822759843
1.0,-0.17961656460420325,-0.386251668762742,-0.20594059625272237,-0.27968082488301377,-0.26380319161167154
0.0,-0.18785470793257703,-0.17540462968229983,-0.20067031262531138,-0.18496583549497467,-0.14999632565473425
-2.0,-0.2045827996665433,-0.414073182210193,-0.2270992074454303,-0.26510414647516595,-0.30495920651219205
1.0,-0.6046900530003867,-1.09777377457535,-0.16521259288569393,-0.3220433231471186,-0.2772810207156466
1.0,-0.5831969804163375,-0.6167517686683964,-0.31908945735902866,-0.3405753948343392,-0.390342661994186
-3.0,-0.5669631395480912,-1.282051406824673,-0.1491923847029731,-0.42607892555498456,-0.3851198617805954
0.0,-0.6074506058405628,-0.9682138587838899,-0.21902461477882817,-0.3742562152814416,-0.44961507010057716
1.0,-0.5669631395480912,-1.282051406824673,-0.21736274714307993,-0.38248192897303557,-0.3467313813086865
0.0,-0.5828232887563611,-0.8809994120075503,-0.1862586505304839,-0.34699046582906834,-0.3427908052212758
-2.0,-0.6052837601020183,-1.0613225454872512,-0.26341453102390505,-0.5217617176188993,-0.4315311939877809
1.0,-0.21433876802875973,-0.04061711841756914,-0.12570103383530765,-0.13583824584168042,-0.11610805289751382
1.0,-0.22216749323608373,0.01108947240499375,-0.32192348775310375,-0.18918810517135437,-0.2148125014252892
-3.0,-0.24176617327055525,0.03926165520181587,-0.18045225980473306,-0.19873199157586377,-0.14895461199495486
0.0,-0.2284120467199216,-0.05118585494453729,-0.24849359575181065,-0.12953817087236646,-0.16751052442243483
1.0,-0.22578313493386795,-0.16637569684512635,-0.20580450873310113,-0.18472987037902647,-0.19425316818359925
0.0,-0.21433876802875973,-0.04061711841756914,-0.19685042537554437,-0.14811027188060583,-0.18669206499473728
-2.0,-0.22578313493386795,-0.16637569684512635,-0.24935108898321257,-0.25156564783273316,-0.2065527327521851
1.0,-0.18581113207830563,0.02489246326349487,-0.16521259288569393,-0.12194452163604755,-0.09293651618506871
1.0,-0.1939215300281098,0.08420503439861153,-0.25510189224992674,-0.1849375020404012,-0.21148189213019564
-3.0,-0.1873169602515704,0.1700712537561017,-0.16816418013669387,-0.1781413093285375,0.026014357138046142
0.0,-0.16628215775057387,0.17754077013741557,-0.2350958015933401,-0.07419161186760971,-0.21946134853144497
1.0,-0.1873169602515704,0.1700712537561017,-0.19786810099895255,-0.13497709930577592,-0.08931649286471491
0.0,-0.18260817601300885,0.026838838118138326,-0.22268774658957194,-0.14719479195226692,-0.14453888692477507
-2.0,-0.17496806944165727,-0.10170783517137778,-0.2744157591888041,-0.3349589343063239,-0.31368434457209404
1.0,-0.15065433014731056,-0.31384553445193886,-0.1539791945101086,-0.26427177481501724,-0.2726256479415124
1.0,-0.1574268930791578,-0.3121620726134403,-0.28350973101539323,-0.21432151408541042,-0.2777276206927172
-3.0,-0.154334586262106,-0.2935532760690734,-0.16264480878671378,-0.30396245023945795,-0.3821793204825518
0.0,-0.15751209149124493,-0.31937727392478893,-0.21397735809733612,-0.2554759651260829,-0.307895237335815
1.0,-0.15751209149124493,-0.31937727392478893,-0.19087927607006316,-0.26396484895376926,-0.32629119239494364
0.0,-0.15751209149124493,-0.31937727392478893,-0.1862586505304839,-0.23207021621594862,-0.3208574520311123
-2.0,-0.15065433014731056,-0.31384553445193886,-0.2439448905215688,-0.30031562969229053,-0.4661012891241874
1.0,-0.17134976273462524,-0.4945127502371665,-0.2025802778119464,-0.22768997255950313,-0.20339850503184007
1.0,-0.14893622003009882,-0.5202989135682872,-0.25510189224992674,-0.25684216232084267,-0.2440888954252563
-3.0,-0.1459216936180762,-0.5322253745049311,-0.17170916922240667,-0.20841942565042237,-0.29843743629290514
0.0,-0.17311760306439425,-0.5244186295421167,-0.21397735809733612,-0.20007599375338067,-0.19437614759247335
1.0,-0.13604470909283953,-0.4515344293744981,-0.20256150614935445,-0.2574381507135404,-0.2315891490200935
0.0,-0.12142541782889064,-0.46858026861432367,-0.2237118999740267,-0.22803998679112872,-0.17437745521761183
-2.0,-0.13771958904295972,-0.6183058958438086,-0.25738376953062386,-0.26539492901407374,-0.24666342121869322
1.0,-0.1488326172609649,-0.5766131812419871,-0.1829258429952506,-0.41017405294476206,-0.31778788026676713
1.0,-0.13511414261645843,-0.295607493848802,-0.336398955430777,-0.239830133854534,-0.3061883037754465
-3.0,-0.1477434695836224,-0.5256153304849417,-0.17170916922240667,-0.4162301325788145,-0.40823507993265995
0.0,-0.16153181305951975,-0.503182963688004,-0.22342003643760264,-0.35674955656341606,-0.38793866103918495
1.0,-0.13511414261645843,-0.295607493848802,-0.20612193735754722,-0.23117300204989039,-0.2520927871468437
0.0,-0.14755351387004165,-0.358948663818275,-0.19685042537554437,-0.2822053839518786,-0.3083004152114046
-2.0,-0.14057963497936096,-0.4530481690560893,-0.2490604286788731,-0.41646483234553205,-0.36854856895448956
1.0,-0.1304775921521041,-0.27809913336080766,-0.13923686583952047,-0.14024091073036563,-0.14155264882260765
1.0,-0.14645676940725327,-0.2019561875318959,-0.25510189224992674,-0.1849561738934496,-0.20408933566337545
-3.0,-0.129906722483238,-0.2562344693976227,-0.1502571841457666,-0.14324312665456662,-0.14485910753124942
0.0,-0.16319042561413893,-0.22589028989355384,-0.2350958015933401,-0.15222072514787827,-0.20710662118719114
1.0,-0.1689379875011637,-0.2995056425914825,-0.19786810099895255,-0.15009703970557514,-0.22999208170727614
0.0,-0.17056664489601692,-0.30134240105490084,-0.1862586505304839,-0.18654646043353176,-0.1992735966312488
-2.0,-0.1689379875011637,-0.2995056425914825,-0.2439448905215688,-0.21593907846211935,-0.2784383796135509
1.0,-0.1932541838064542,0.05979685381157707,-0.1829258429952506,-0.15636738954984689,-0.10639208560009279
1.0,-0.14826135989453673,0.2219759072436712,-0.25510189224992674,-0.12399188813397342,-0.1391866915554838
-3.0,-0.20396328577895234,0.0029502893547845967,-0.18045225980473306,-0.12739397223584875,-0.11771166458180045
0.0,-0.17723518947262343,0.1482811680410884,-0.24849359575181065,-0.14218217500079958,-0.03463169169132178
1.0,-0.20396328577895234,0.0029502893547845967,-0.21552746930976746,-0.24450801215753498,-0.11224084231085091
0.0,-0.1447640320834403,0.14110548247439378,-0.20623690742467077,-0.17242588375093773,-0.16053651752572443
-2.0,-0.15623028459691593,0.043567941478537854,-0.25738376953062386,-0.22155481284049006,-0.2345566459996947
1.0,-0.1280686403902693,0.04711645848151578,-0.1619941557341883,-0.18879596233148815,-0.1679141502786596
1.0,-0.1280686403902693,0.04711645848151578,-0.3604635977292339,-0.2076381662087881,-0.25699654770358377
-3.0,-0.18126197734639518,0.031489635361598815,-0.18045225980473306,-0.1721258772334861,-0.2238630092764673
0.0,-0.1435380909211459,-0.05751387463721682,-0.21902461477882817,-0.19930246197376056,-0.13487407328623063
1.0,-0.13718085776896344,-0.03421625833478806,-0.20894661616983315,-0.19782238424875226,-0.21767434746132353
0.0,-0.13718085776896344,-0.03421625833478806,-0.20067031262531138,-0.18674022417544905,-0.21352367434219016
-2.0,-0.13718085776896344,-0.03421625833478806,-0.2744157591888041,-0.23553505861001678,-0.3096283668271206
1.0,-0.10936496488462187,-0.057369928729646254,-0.1829258429952506,-0.11541912376629458,-0.06456352051744424
1.0,-0.10264519659924107,-0.20903970092336868,-0.32192348775310375,-0.17362983819290614,-0.2148125014252892
-3.0,-0.11199863679579337,-0.24527294499067664,-0.18034895973977186,-0.09075234950831881,-0.1506544312427239
0.0,-0.09336816089812798,-0.10183126145584098,-0.21397735809733612,-0.13120626169526217,-0.15042788524320244
1.0,-0.09367201770470697,-0.1037897995157862,-0.20256150614935445,-0.12610485964622875,-0.16419285119758203
0.0,-0.11170284802448358,0.08436263062332135,-0.18440273578710972,-0.10744836562734442,-0.07926481533008939
-2.0,-0.11170284802448358,0.08436263062332135,-0.2450764055290067,-0.1431738912080727,-0.04102373942697863
1.0,-0.12554955905300805,-0.07083252285359047,-0.16521259288569393,-0.12728495466094528,-0.10117433971650565
1.0,-0.12554955905300805,-0.07083252285359047,-0.303704075574849,-0.13846976469827024,-0.22440629754071406
-3.0,-0.11523794887385322,-0.34953661741099257,-0.16816418013669387,-0.060491667036472914,0.07207284314123381
0.0,-0.13333452312883715,-0.2723865750990136,-0.22342003643760264,-0.12083372458848055,-0.05738841749241091
1.0,-0.11523794887385322,-0.34953661741099257,-0.19786810099895255,-0.0943621493154844,-0.060464567126442936
0.0,-0.11621352874562514,-0.16685454100326558,-0.1862586505304839,-0.13198562768463828,-0.05383862033169205
-2.0,-0.13554808152965364,-0.5255144172948579,-0.25738376953062386,-0.21833246130598993,-0.23559698482707833
1.0,-0.07494492997644749,0.09457685934972637,-0.15897294092129474,-0.18573202447232517,-0.13109361721941168
1.0,-0.10955635034648717,-0.09059502604839759,-0.3604635977292339,-0.1987085278543399,-0.25699654770358377
-3.0,-0.11027651189774677,0.25256266593051313,-0.18045225980473306,-0.10246682650263489,-0.21868250738609835
0.0,-0.11027651189774677,0.25256266593051313,-0.2404424175986074,-0.18000070811102598,-0.2469367947965151
1.0,-0.0910056342202357,0.16637871284558403,-0.20612193735754722,-0.13788539135046038,-0.14901367804471338
0.0,-0.07667744100594638,0.22857094921933996,-0.1862586505304839,-0.06534148439638718,-0.05383862033169205
-2.0,-0.11027651189774677,0.25256266593051313,-0.26341453102390505,-0.22446602966998233,-0.29644868087105375
1.0,-0.199294292950382,0.12010104042060354,-0.16719949967126532,-0.17504321815569804,-0.16849231499336376
1.0,-0.199294292950382,0.12010104042060354,-0.3119105376366808,-0.19381844918742355,-0.2579116448597092
-3.0,-0.19980591638947592,-0.049633062958204244,-0.18034895973977186,-0.22741686316718918,-0.23693897558269844
0.0,-0.18330139665970546,0.0942467684918784,-0.21902461477882817,-0.17979885720148317,-0.17968620713896133
1.0,-0.18945063276528978,0.17466584449153233,-0.21552746930976746,-0.1681686048612016,-0.12742018344249023
0.0,-0.18972396173960507,-0.021731839768392613,-0.19685042537554437,-0.1629047287998632,-0.262233268005353
-2.0,-0.18972396173960507,-0.021731839768392613,-0.25738376953062386,-0.2736106523585226,-0.27047791818820577
1.0,-0.23189443408827168,-0.31422552177811874,-0.13923686583952047,-0.24412285424297642,-0.19179107277476556
1.0,-0.24511022952258182,-0.475656839541262,-0.303704075574849,-0.2970104999065244,-0.3145498656506265
-3.0,-0.2308715390016746,-0.3714279963353427,-0.17926432610604098,-0.2545201027386598,-0.2889357997426221
0.0,-0.2577295016765186,-0.4471372101645261,-0.2404424175986074,-0.2963536852082061,-0.26496615050032707
1.0,-0.25174052662548857,-0.3989943605938451,-0.19087927607006316,-0.23768052533632966,-0.3180213391616831
0.0,-0.24511022952258182,-0.475656839541262,-0.2050095270391862,-0.28629641412353046,-0.3094373339584507
-2.0,-0.23189443408827168,-0.31422552177811874,-0.2599953762109868,-0.25815932176591927,-0.36457862415532877
1.0,-0.22313946661577588,0.0017683642004749033,-0.1829258429952506,-0.20336547090363233,-0.1749813719273679
1.0,-0.20714550017175734,-0.01578563488658739,-0.336398955430777,-0.22729237889764822,-0.273534623850337
-3.0,-0.22313946661577588,0.0017683642004749033,-0.17926432610604098,-0.22589354572708126,-0.22146153057138807
0.0,-0.18162551325957185,0.025709744090666193,-0.2350958015933401,-0.1721928544497266,-0.18167982192453663
1.0,-0.1911753906688358,0.23477088657974815,-0.20594059625272237,-0.11665258396447385,-0.11819177109523245
0.0,-0.20941830945622225,0.10824863779798094,-0.18440273578710972,-0.14756788656863085,-0.16737135479013712
-2.0,-0.1911753906688358,0.23477088657974815,-0.25480117027845667,-0.24518820280938602,-0.11236808660197047
1.0,-0.43298593029231935,-0.5450270927417639,-0.1829258429952506,-0.22765549434784768,-0.15999721823350546
1.0,-0.37997375566277775,-0.0008166680482871169,-0.25510189224992674,-0.11461226059629828,-0.09761536323176537
-3.0,-0.43113938729449974,-0.3261800637247695,-0.18045225980473306,-0.1271470420275682,-0.11425924050821391
0.0,-0.4081348158794871,-0.38951692257048737,-0.21397735809733612,-0.1948082787860599,-0.1743297954204831
1.0,-0.4241638767574737,-0.44076288337508734,-0.21736274714307993,-0.13705288681265113,-0.16428331833211232
0.0,-0.4977124632898742,-0.5163238196980778,-0.21155001232178458,-0.22892815705589756,-0.23401662242623728
-2.0,-0.37997375566277775,-0.0008166680482871169,-0.2450764055290067,-0.20638765191448827,-0.04102373942697863
1.0,-0.24008737696768237,0.18331461742405017,-0.1619941557341883,-0.16549188671275034,-0.19727228028127775
1.0,-0.23809394457801256,0.31781655751900606,-0.25510189224992674,-0.19507453495625685,-0.20408933566337545
-3.0,-0.18659300616262353,-0.22797216029827716,-0.1502571841457666,-0.1886229681278148,-0.19710136512011614
0.0,-0.18659300616262353,-0.22797216029827716,-0.26592573523831037,-0.23203268442207733,-0.26060328432882196
1.0,-0.24008737696768237,0.18331461742405017,-0.20256150614935445,-0.16076021691921716,-0.2315891490200935
0.0,-0.23809394457801256,0.31781655751900606,-0.18440273578710972,-0.19507453495625685,-0.16737135479013712
-2.0,-0.22407904488717673,0.18489589103347068,-0.2439448905215688,-0.27946531418568926,-0.22354306560300366
1.0,-0.3464799145212055,-0.11287637293866902,-0.16719949967126532,-0.24311978779065913,-0.16849231499336376
1.0,-0.344548480395709,-0.10255508141480207,-0.31908945735902866,-0.24631068813677284,-0.27720669603058506
-3.0,-0.3558613425918686,-0.17425768634099872,-0.18393750026948977,-0.19215981733183807,-0.19634261326550737
0.0,-0.3465461058243189,-0.0729807811213712,-0.26592573523831037,-0.24955157336797856,-0.29329480748874237
1.0,-0.37336276250661576,-0.18721286111515617,-0.21552746930976746,-0.25385207696115686,-0.24488367880198064
0.0,-0.37336276250661576,-0.18721286111515617,-0.23138873559471834,-0.26957194486958946,-0.2429911738170269
-2.0,-0.35208692828337734,-0.10458420040581912,-0.24935108898321257,-0.2730546597419622,-0.22105225086369557
1.0,-0.34503246272021326,-0.4515731025928793,-0.2025802778119464,-0.18411023793723028,-0.1242758155552058
1.0,-0.32249215333752496,-0.28718559207572536,-0.28350973101539323,-0.18991820421652955,-0.12261855635744183
-3.0,-0.3338837861156639,-0.4021111151225125,-0.16816418013669387,-0.17158591858044267,-0.10819407708618077
0.0,-0.30434114176848204,-0.4543590365776213,-0.22342003643760264,-0.14816467464258207,-0.18387480374910922
1.0,-0.3620348757057071,-0.40997836293481354,-0.19087927607006316,-0.20890507274066378,-0.20924539927360988
0.0,-0.3338837861156639,-0.4021111151225125,-0.21155001232178458,-0.1620903253054523,-0.14700516537624536
-2.0,-0.33370877273758176,-0.3997797669927359,-0.25480117027845667,-0.26479045180401845,-0.18515717483707955
1.0,-0.23225077878949857,-0.24189131960587473,-0.1539791945101086,-0.17459675034998426,-0.19639132015807834
1.0,-0.23819698587908025,-0.28239757755741657,-0.3119105376366808,-0.19434879040251324,-0.18421162264302413
-3.0,-0.23819698587908025,-0.28239757755741657,-0.16661017339678266,-0.20771417355338181,-0.0749296645617274
0.0,-0.21803911984491275,-0.10377182926607938,-0.236786449585572,-0.16317114796872115,-0.20170086116556143
1.0,-0.23819698587908025,-0.28239757755741657,-0.19087927607006316,-0.18384200509266063,-0.15823817954384764
0.0,-0.23408074923903827,-0.23237892900864673,-0.23138873559471834,-0.15350474434410058,-0.10743903173195084
-2.0,-0.2188203008864815,-0.16381741734027178,-0.25738376953062386,-0.23130450531998872,-0.1961486146865902
1.0,-0.3577784194209907,-0.8868256856057547,-0.16719949967126532,-0.3202836406136593,-0.24436299806107095
1.0,-0.3245776398168287,-0.7127599990460126,-0.25510189224992674,-0.2228079541095624,-0.23715586370798108
-3.0,-0.4200049406420248,-1.0291903848320614,-0.16816418013669387,-0.257086868448181,-0.32249915931259704
0.0,-0.36720918902805677,-0.8055479615066031,-0.21902461477882817,-0.2740834419684839,-0.26750995024597735
1.0,-0.4200049406420248,-1.0291903848320614,-0.19786810099895255,-0.28746875419898216,-0.34667613469623804
0.0,-0.3734753107959451,-0.6791547036971417,-0.19685042537554437,-0.23284015266694533,-0.2665529247424936
-2.0,-0.3734753107959451,-0.6791547036971417,-0.25738376953062386,-0.2974005336110179,-0.29408504599395896
1.0,-0.27228256441719423,-0.15879021538162183,-0.13923686583952047,-0.2208434927929536,-0.18964063684464552
1.0,-0.2940231590144931,-0.26168754511721076,-0.327323187833555,-0.20301160097699833,-0.19987987441513394
-3.0,-0.33974960384311137,-0.1356508857914168,-0.1491923847029731,-0.20106121317313816,-0.15806867607513578
0.0,-0.33974960384311137,-0.1356508857914168,-0.2350958015933401,-0.2114299280682304,-0.22794985148720273
1.0,-0.3007853783899788,-0.3345880943445015,-0.20256150614935445,-0.2583773567714766,-0.22570247110673486
0.0,-0.32883894598241564,-0.412224518102017,-0.2050095270391862,-0.2128044100998131,-0.22283946654921694
-2.0,-0.26950090764040485,-0.17971202906226502,-0.2744157591888041,-0.2984598558306604,-0.31368434457209404
1.0,-0.18562335933484764,-0.7410339043443955,-0.1539791945101086,-0.1589402853973967,-0.086916288847857
1.0,-0.22614287619056658,-0.7116295815697055,-0.25510189224992674,-0.14038318607739983,-0.18810575524877632
-3.0,-0.17470724020401354,-0.7633126420818446,-0.18393750026948977,-0.19971560541358335,-0.1800106201418071
0.0,-0.18562335933484764,-0.7410339043443955,-0.24849359575181065,-0.1467041282063061,-0.07008316453827314
1.0,-0.22457998478990437,0.32472491924481683,-0.19087927607006316,-0.1637769490902052,-0.15879512793526163
0.0,-0.21034779394990874,-0.8234371993781596,-0.22268774658957194,-0.1559992733688751,-0.14634684123551853
-2.0,-0.22457998478990437,0.32472491924481683,-0.2270992074454303,-0.20160372527853432,-0.09489938590389453
1.0,-0.2226844500287504,-0.4624466194800762,-0.15897294092129474,-0.18815031381702377,-0.16424431496863132
1.0,-0.16924759272276876,-0.3320101900939048,-0.327323187833555,-0.17962636088722908,-0.20776091157758178
-3.0,-0.15170500148468927,-0.2370329942964735,-0.1491923847029731,-0.16804494117450744,-0.14082114581700247
0.0,-0.2226844500287504,-0.4624466194800762,-0.22342003643760264,-0.18031953955257796,-0.19760912384075632
1.0,-0.21372091952427638,-0.37549759705026137,-0.20612193735754722,-0.15937506843384056,-0.16139598969474794
0.0,-0.17697515327366087,0.05049964190797044,-0.21155001232178458,-0.11793727252799847,-0.15171403782156812
-2.0,-0.2226844500287504,-0.4624466194800762,-0.2450764055290067,-0.3061918232960676,-0.1922377719342383
1.0,-0.18851006905030415,-0.25441654330378455,-0.1619941557341883,-0.1688354277749835,-0.1679141502786596
1.0,-0.16427934658771018,-0.2571355235925039,-0.327323187833555,-0.17920408455629966,-0.19987987441513394
-3.0,-0.16427934658771018,-0.2571355235925039,-0.18045225980473306,-0.13009899562665514,-0.10856838827349441
0.0,-0.20146892893104715,-0.3166361194322334,-0.22342003643760264,-0.18947391997077667,-0.16445842609153669
1.0,-0.15969892694346688,-0.26204545438310284,-0.21736274714307993,-0.17075694038512668,-0.16926291872575425
0.0,-0.16123384334925478,-0.34280555501032267,-0.22268774658957194,-0.17360506219814087,-0.18571649614177846
-2.0,-0.1705391616395174,-0.35311959609111043,-0.25480117027845667,-0.2594681655837696,-0.18515717483707955
1.0,-0.1622254584879255,-0.23956777987986314,-0.2025802778119464,-0.28253253469092,-0.2686986171354968
1.0,-0.16956253507106955,-0.12071946757516931,-0.28350973101539323,-0.2420247438654338,-0.3860720767704014
-3.0,-0.1671747684444985,-0.288102241167495,-0.18393750026948977,-0.3924711486597334,-0.3100424703668399
0.0,-0.18800530038260926,-0.22548717081823932,-0.2202086813271759,-0.26002224948827063,-0.21748220323896303
1.0,-0.1498237003268217,-0.17854249730365185,-0.20612193735754722,-0.35724449407399994,-0.2643131928689281
0.0,-0.1498237003268217,-0.17854249730365185,-0.2237118999740267,-0.27138007755401583,-0.2619281763594696
-2.0,-0.1838922871076182,-0.15500839009078715,-0.2439448905215688,-0.39579552855049266,-0.4661012891241874
1.0,-0.3256052540779181,-0.2574056096087413,-0.16521259288569393,-0.19569669443865478,-0.1716087928336614
1.0,-0.2797067958459225,-0.23328938340899422,-0.3119105376366808,-0.20764714262084955,-0.26192274156940865
-3.0,-0.2758885058483627,-0.28761914164474417,-0.16264480878671378,-0.18370063345109688,-0.2134383578719933
0.0,-0.2722772509246855,-0.286461063016468,-0.236786449585572,-0.25348029156305313,-0.22430775450723944
1.0,-0.2693632222476156,-0.22694383742936208,-0.20580450873310113,-0.23306960569027765,-0.21756306872655615
0.0,-0.3256052540779181,-0.2574056096087413,-0.2050095270391862,-0.19767443858543765,-0.23724009434272691
-2.0,-0.32335824774988403,-0.3258252429635116,-0.2599953762109868,-0.24458957656953514,-0.32939416822416856
1.0,-0.23221521834272957,0.23342746938324965,-0.2025802778119464,-0.2021087950796217,-0.10478303002635894
1.0,-0.23757704060248994,0.18636423339613697,-0.336398955430777,-0.21035142784469105,-0.27071596102566475
-3.0,-0.2613276528922624,-0.026044387988795232,-0.1502571841457666,-0.12366187318608779,-0.14546654184246402
0.0,-0.2536753217169724,0.16518539345768304,-0.21902461477882817,-0.18812686050747962,-0.17968620713896133
1.0,-0.24993487561250627,0.014072995280103027,-0.20594059625272237,-0.18600445664327317,-0.17982491778604273
0.0,-0.23221521834272957,0.23342746938324965,-0.23138873559471834,-0.20047255216464763,-0.12608772659036116
-2.0,-0.2266702647771036,0.09995305190709543,-0.2490604286788731,-0.250628855418088,-0.22280595116136478
1.0,-0.20181244314673413,-0.3460299751712224,-0.1829258429952506,-0.061269875220406445,-0.021338529312168123
1.0,-0.19969125903811905,-0.2588898437023293,-0.31908945735902866,-0.0341597414987407,-0.1785570343148324
-3.0,-0.20904102649732267,-0.3068735475895283,-0.18034895973977186,-0.08174405459553795,-0.18140179942778842
0.0,-0.22342521075203203,-0.3223694826508564,-0.2350958015933401,-0.12301932858513735,-0.21689391785616577
1.0,-0.22006235679515715,-0.34664094209173424,-0.20256150614935445,-0.10222158426056005,-0.18269762148186097
0.0,-0.20972229526418693,-0.37604646413600223,-0.1862586505304839,-0.06621592454338536,-0.05315657685789277
-2.0,-0.2074361170403177,-0.3002110959429269,-0.2744157591888041,-0.14437302534920546,-0.14056573545427367
1.0,-0.23559768240716125,-0.22101865910104065,-0.1619941557341883,-0.1227100734827119,-0.15198159577107012
1.0,-0.23383224410512365,-0.13253862039754258,-0.303704075574849,-0.12692093801128299,-0.17076283560577774
-3.0,-0.2065916730749604,-0.17883795476587303,-0.16816418013669387,-0.03461568848158002,-0.08294972290143483
0.0,-0.2138286922686137,-0.17614139671581275,-0.22342003643760264,-0.08844672861880323,-0.07246878178135574
1.0,-0.23559768240716125,-0.22101865910104065,-0.20256150614935445,-0.11797840368917875,-0.15649329875946094
0.0,-0.2138286922686137,-0.17614139671581275,-0.18440273578710972,-0.10866873392758233,-0.092674099851355
-2.0,-0.2065916730749604,-0.17883795476587303,-0.2439448905215688,-0.13985764694181327,-0.05164393812663019
1.0,-0.2587649351862071,-0.3335536443906406,-0.16521259288569393,-0.28188208419221333,-0.28036516598733424
1.0,-0.2264743231455233,-0.3583372661164404,-0.3119105376366808,-0.2453701537682483,-0.328606952623581
-3.0,-0.24729228684259658,-0.2638581997197678,-0.1491923847029731,-0.26659836680766863,-0.3851198617805954
0.0,-0.2544513603381586,-0.3068422780288306,-0.24274459327142273,-0.20003171943818834,-0.279758796894035
1.0,-0.2471022487107436,-0.4059114649796561,-0.20256150614935445,-0.2927296901716828,-0.2977821499279521
0.0,-0.2544513603381586,-0.3068422780288306,-0.2237118999740267,-0.19164965861468677,-0.25141012086988473
-2.0,-0.2629763711571231,-0.3398320473849832,-0.24935108898321257,-0.3113348663892755,-0.34422334128916565
1.0,-0.23698837746572063,0.24242486768728652,-0.16719949967126532,-0.17741787372367335,-0.09548443239150071
1.0,-0.22762503362497108,0.35769730782148823,-0.31908945735902866,-0.1875549589108132,-0.2144794973426787
-3.0,-0.2586348647582045,0.27153049001214785,-0.18034895973977186,-0.15126489391359885,-0.14484746290264064
0.0,-0.22762503362497108,0.35769730782148823,-0.24849359575181065,-0.17615715364418033,-0.18092571998489632
1.0,-0.23164222768151324,0.3110261800339042,-0.20894661616983315,-0.14342787438961055,-0.15570146537646432
0.0,-0.23085343545146608,0.21057076944288097,-0.22268774658957194,-0.17461818724438416,-0.18861935350162673
-2.0,-0.2586348647582045,0.27153049001214785,-0.2599953762109868,-0.2380198334474559,-0.18633315150291202
1.0,-0.25452624737795243,-0.008502038583543222,-0.2025802778119464,-0.21132413439688583,-0.20055608795719607
1.0,-0.22681237101223184,0.1371838880026065,-0.34300083668549,-0.2042076381312071,-0.23666400081573966
-3.0,-0.2530210522382717,-0.03214900289306618,-0.17170916922240667,-0.26183275862030253,-0.24007137572086587
0.0,-0.231045516402219,0.13555387418345125,-0.26592573523831037,-0.1802724533762302,-0.19843951230926396
1.0,-0.22637088363933486,0.07566293014429944,-0.19786810099895255,-0.19980324910536768,-0.16669972220927784
0.0,-0.24212218864164395,-0.10756770367598399,-0.1862586505304839,-0.2044353981717599,-0.20106144035932505
-2.0,-0.2250053470944556,0.2610546521089212,-0.24935108898321257,-0.24060387645262651,-0.22105225086369557
1.0,-0.2849314518522847,-0.11311110029037534,-0.12570103383530765,-0.16866762715437533,-0.13680341179281355
1.0,-0.3512949485083492,-0.10102513255686847,-0.327323187833555,-0.2141067970866291,-0.3082497915817577
-3.0,-0.3387255300944656,-0.12345725841926539,-0.16264480878671378,-0.1652312576670794,-0.1491321784358754
0.0,-0.31145497752886786,-0.06269529735344857,-0.24849359575181065,-0.1811087286577393,-0.16751052442243483
1.0,-0.35264343188039365,0.04669202807948378,-0.20256150614935445,-0.15911954850630092,-0.10231621103300385
0.0,-0.35264343188039365,0.04669202807948378,-0.20623690742467077,-0.1501982914998412,-0.09865987736114623
-2.0,-0.3387255300944656,-0.12345725841926539,-0.2450764055290067,-0.23956263424963198,-0.170845853462566
1.0,-0.3611415168573448,-0.14907400171673418,-0.12570103383530765,-0.2188187601430536,-0.14319901546119582
1.0,-0.3686077091640732,-0.228549586196834,-0.28350973101539323,-0.2622943888383961,-0.2777276206927172
-3.0,-0.40187090398787256,-0.18622429163312015,-0.16816418013669387,-0.19457413777066823,-0.2205323489964141
0.0,-0.3839939511402659,-0.07936048584759425,-0.2202086813271759,-0.2605446123637322,-0.216870975792201
1.0,-0.40187090398787256,-0.18622429163312015,-0.19786810099895255,-0.23585013759572027,-0.22999208170727614
0.0,-0.3505127836603255,-0.5289068187037662,-0.2237118999740267,-0.23865752383140507,-0.23530457382260891
-2.0,-0.3839939511402659,-0.07936048584759425,-0.25480117027845667,-0.31793960979338703,-0.29231936699408856
1.0,-0.2639151444046655,-0.12296982782084273,-0.15897294092129474,-0.16377916381870308,-0.13109361721941168
1.0,-0.2639151444046655,-0.12296982782084273,-0.25510189224992674,-0.17751463291697037,-0.1846729580058029
-3.0,-0.27895607736671535,-0.18942075038065817,-0.1491923847029731,-0.15812450539093476,-0.09462557478339897
0.0,-0.3134258108486777,-0.16626123907225676,-0.21397735809733612,-0.18108624603462026,-0.19437614759247335
1.0,-0.30103760498937626,-0.1467884565344024,-0.20580450873310113,-0.1316077602986889,-0.15325007284987763
0.0,-0.2669944032581977,-0.27032522157569844,-0.2237118999740267,-0.18573471544296116,-0.17437745521761183
-2.0,-0.31808129142077174,-0.20457043234908986,-0.2439448905215688,-0.2556700070339293,-0.22354306560300366
1.0,-0.260070695526426,-0.4010668565075732,-0.16521259288569393,-0.23272888538284425,-0.12288816279721747
1.0,-0.27014665485100425,-0.3564728457885218,-0.34300083668549,-0.20310990224457803,-0.2619486840239637
-3.0,-0.29533476390769936,-0.549951546256943,-0.18045225980473306,-0.19938479803957443,-0.23079805306676549
0.0,-0.28994888581638584,-0.425505774168032,-0.26592573523831037,-0.2801862224270038,-0.29329480748874237
1.0,-0.2972058179748233,-0.4158176087985968,-0.20256150614935445,-0.2553581473108404,-0.2315891490200935
0.0,-0.2596702483857671,-0.2381557738638765,-0.2237118999740267,-0.20062211235642957,-0.19136312825523638
-2.0,-0.2972058179748233,-0.4158176087985968,-0.2490604286788731,-0.27876745781054846,-0.24922477990144676
1.0,-0.2673306217178515,-0.27476153289342636,-0.16060465585588757,-0.34147450390312994,-0.21628250921326436
1.0,-0.2673306217178515,-0.27476153289342636,-0.32192348775310375,-0.3652371415754372,-0.30290848974570334
-3.0,-0.23516179044961594,0.06252273713842992,-0.16264480878671378,-0.20254168137551803,-0.15597917455662832
0.0,-0.2502637712323708,-0.05616060603294759,-0.2404424175986074,-0.21244172707872014,-0.2282395647616966
1.0,-0.2673306217178515,-0.27476153289342636,-0.20894661616983315,-0.33694110826471246,-0.2437621988775126
0.0,-0.21094685447007236,-0.06594877053365174,-0.21155001232178458,-0.22755551282151257,-0.22789154792085825
-2.0,-0.27471290779005425,-0.051492543259471814,-0.24935108898321257,-0.2474993965565566,-0.2065527327521851
1.0,-0.2653950824973361,0.33794553241188174,-0.2025802778119464,-0.16173649240525942,-0.06357807935753061
1.0,-0.25683467093353596,0.5729611929826702,-0.32192348775310375,-0.17917612466326308,-0.21083465323826867
-3.0,-0.2633313883882478,0.650319901056296,-0.18393750026948977,-0.1420412300750692,-0.11044890996339018
0.0,-0.2431895271157192,0.6217080500586701,-0.2202086813271759,-0.13142372158299634,-0.12954010496363416
1.0,-0.2663439469762783,0.19320785251361136,-0.21736274714307993,-0.17204718117491807,-0.15093164636469042
0.0,-0.2653950824973361,0.33794553241188174,-0.23138873559471834,-0.16010024949028534,-0.05930416055301858
-2.0,-0.26956930466267703,0.5286409381239177,-0.2599953762109868,-0.23893190425348065,-0.18331859253298344
1.0,-0.33737614002960914,-0.18424548204762128,-0.12570103383530765,-0.20080285851642948,-0.13680341179281355
1.0,-0.3045210399612606,0.054600440263609815,-0.336398955430777,-0.21517728972242386,-0.273534623850337
-3.0,-0.3149308276281921,-0.2008615341819342,-0.18393750026948977,-0.2532377263532091,-0.22405056132750653
0.0,-0.3542300653698317,-0.10044566969155473,-0.21397735809733612,-0.19787733695152432,-0.23426857835942705
1.0,-0.3045210399612606,0.054600440263609815,-0.20612193735754722,-0.20068948189572855,-0.1801100920070215
0.0,-0.3598036169456938,-0.22564417728061079,-0.21155001232178458,-0.1955663286931583,-0.22789154792085825
-2.0,-0.34912547227340807,-0.19877664580535037,-0.24935108898321257,-0.27158786960592657,-0.23860017148850604
1.0,-0.3521652126568399,-0.23776589262670153,-0.16719949967126532,-0.26653800392512406,-0.2360931448278105
1.0,-0.3521652126568399,-0.23776589262670153,-0.3119105376366808,-0.2853132349568496,-0.32033709939032046
-3.0,-0.3663685533181114,-0.3319975628088277,-0.1491923847029731,-0.23537967335057752,-0.20787411968685957
0.0,-0.3521652126568399,-0.23776589262670153,-0.21397735809733612,-0.28172985810817625,-0.262635832279094
1.0,-0.3521652126568399,-0.23776589262670153,-0.19087927607006316,-0.274806449646997,-0.3180213391616831
0.0,-0.33479291346654877,-0.3497875821720448,-0.20067031262531138,-0.32285152219275726,-0.35121500949791823
-2.0,-0.3663685533181114,-0.3319975628088277,-0.25738376953062386,-0.31101914315734236,-0.28530919525156295
1.0,-0.41277368421107496,-0.30912262868895096,-0.1619941557341883,-0.2558022201547503,-0.17914310697076566
1.0,-0.4351785077458929,-0.39917973932969997,-0.31908945735902866,-0.28051917224810274,-0.4599056111136861
-3.0,-0.3713201429321559,-0.1744460466552519,-0.1502571841457666,-0.28786108661245247,-0.1513992877075554
0.0,-0.41400867300457883,-0.29108621654641437,-0.24274459327142273,-0.23338630097442878,-0.32257086055416606
1.0,-0.4053427053537875,-0.19102453076240522,-0.20580450873310113,-0.23459499483379315,-0.3649468546396951
0.0,-0.39159563063128544,-0.2457949886726337,-0.2050095270391862,-0.25966679639986845,-0.3121031947409852
-2.0,-0.4351785077458929,-0.39917973932969997,-0.2439448905215688,-0.42465694125596604,-0.5045797707185247
1.0,-0.40056890524325867,-0.6261645028426487,-0.13923686583952047,-0.23793084486082244,-0.19854300639211708
1.0,-0.36144511027560294,-0.6339793352858061,-0.303704075574849,-0.25202743744264117,-0.3320939507512886
-3.0,-0.36144511027560294,-0.6339793352858061,-0.17170916922240667,-0.24694371709756224,-0.27653378820090374
0.0,-0.36432160660742635,-0.5892196029073065,-0.22342003643760264,-0.2313277553416571,-0.2937022751144901
1.0,-0.34435101126016465,-0.6576062237515514,-0.21736274714307993,-0.3353969607585762,-0.34350904908059776
0.0,-0.3655129985866063,-0.5634325893185688,-0.22268774658957194,-0.2640458669964152,-0.2795259048165435
-2.0,-0.35296073599362016,-0.5285002092913178,-0.2744157591888041,-0.29084268717366596,-0.3131130144903818
1.0,-0.3497385892503626,-0.741057358214306,-0.1539791945101086,-0.30904623785180013,-0.26996771279285564
1.0,-0.3484043617427043,-0.6962461850605518,-0.25510189224992674,-0.2873490825190126,-0.2754167048804081
-3.0,-0.3437416090740381,-0.7069832775161046,-0.18034895973977186,-0.32030803864953694,-0.308966916054433
0.0,-0.3372826801389084,-0.6154156250546031,-0.2202086813271759,-0.26868176658053616,-0.22785680038951203
1.0,-0.3497385892503626,-0.741057358214306,-0.19786810099895255,-0.31032111912272975,-0.370274558050308
0.0,-0.3364743704426198,-0.5580088450052457,-0.1862586505304839,-0.23832926345417002,-0.30950437470503517
-2.0,-0.3364743704426198,-0.5580088450052457,-0.2270992074454303,-0.26207194192814814,-0.3255774243623616
1.0,-0.30317629196791707,-0.49349145290116425,-0.16060465585588757,-0.3533658377699326,-0.22176950455362862
1.0,-0.2969133229526335,0.12622132444827824,-0.336398955430777,-0.18613874383750398,-0.27071596102566475
-3.0,-0.3053431047406867,-0.17675475454764533,-0.18393750026948977,-0.15123719641216019,-0.22405056132750653
0.0,-0.30317629196791707,-0.49349145290116425,-0.26592573523831037,-0.37489302793248286,-0.2752344264768491
1.0,-0.300709435567348,-0.2399117046771336,-0.21552746930976746,-0.2979581439981247,-0.2541356852957661
0.0,-0.30317629196791707,-0.49349145290116425,-0.20067031262531138,-0.36092239607161153,-0.25382094439813746
-2.0,-0.2849730337405246,-0.1551213411659317,-0.24935108898321257,-0.2507904807428138,-0.23860017148850604
1.0,-0.29366702612306816,0.4201130624802267,-0.2025802778119464,-0.19290849078657188,-0.20055608795719607
1.0,-0.31316210319460963,-0.26004207686102343,-0.31908945735902866,-0.23273975132683863,-0.27720669603058506
-3.0,-0.31316210319460963,-0.26004207686102343,-0.16816418013669387,-0.24974213685685284,-0.2205323489964141
0.0,-0.30384079280916526,0.2969371072078703,-0.21902461477882817,-0.1719800411301101,-0.17430601099857893
1.0,-0.29366702612306816,0.4201130624802267,-0.21552746930976746,-0.21399348240025792,-0.24298778502558863
0.0,-0.334852744122304,0.4691709522185549,-0.20067031262531138,-0.22275246705725615,-0.20135365664580943
-2.0,-0.3094842536140093,0.3170759412622932,-0.25738376953062386,-0.29587935718558045,-0.27047791818820577
1.0,-0.3013048503926248,-0.36638206041393784,-0.1829258429952506,-0.27938082856229285,-0.20965408212635805
1.0,-0.3013048503926248,-0.36638206041393784,-0.28350973101539323,-0.28366137522402113,-0.2777276206927172
-3.0,-0.3080875212608318,-0.5245930250329015,-0.17170916922240667,-0.2845836633183126,-0.29843743629290514
0.0,-0.3013048503926248,-0.36638206041393784,-0.21902461477882817,-0.2875066835271795,-0.25433373138576476
1.0,-0.3033411650237311,-0.6022058943050255,-0.20894661616983315,-0.3359140356539064,-0.24924919421787686
0.0,-0.29514769036355376,-0.48870659518569953,-0.23138873559471834,-0.27508238267812773,-0.32443707394462223
-2.0,-0.3033411650237311,-0.6022058943050255,-0.2744157591888041,-0.3750896837339249,-0.3269705822190474
1.0,-0.27480276143476157,-0.10072447252781311,-0.16521259288569393,-0.182989217540191,-0.12288816279721747
1.0,-0.2518030529834446,0.036135990357759516,-0.31908945735902866,-0.17661293032488976,-0.2144794973426787
-3.0,-0.2602034063481947,-0.300363767438455,-0.17926432610604098,-0.1853503486460245,-0.17497823351363873
0.0,-0.27480276143476157,-0.10072447252781311,-0.2202086813271759,-0.17407008202408508,-0.1953992743503911
1.0,-0.2516483418138907,-0.1981433371334833,-0.21552746930976746,-0.1986806237457624,-0.13595208633755138
0.0,-0.2603247602129941,-0.20170561226557782,-0.19685042537554437,-0.13416983342531003,-0.13664109615340447
-2.0,-0.2518030529834446,0.036135990357759516,-0.2439448905215688,-0.2354976143634756,-0.21732350305924922
1.0,-0.3717274868477741,0.13193078701676328,-0.1539791945101086,-0.16800998135824555,-0.14504539429457214
1.0,-0.35850829041072885,0.15220030351103642,-0.3119105376366808,-0.19677431059311834,-0.2224391926707818
-3.0,-0.352884924203443,0.040815306710283064,-0.18393750026948977,-0.15643017597619222,-0.1228027759475581
0.0,-0.3717274868477741,0.13193078701676328,-0.24849359575181065,-0.15577382416715493,-0.16391769602744904
1.0,-0.3650418279750822,0.09023559446749886,-0.20594059625272237,-0.1640646936712985,-0.15433987940160948
0.0,-0.3717274868477741,0.13193078701676328,-0.21155001232178458,-0.1707987775874186,-0.15171403782156812
-2.0,-0.352884924203443,0.040815306710283064,-0.2490604286788731,-0.22498304650405213,-0.20426376555809003
1.0,-0.33764333885999104,-0.6796089748689389,-0.2025802778119464,-0.2892710646669505,-0.2684417682576378
1.0,-0.35062975026530796,-0.3935911613985627,-0.25510189224992674,-0.24147586290971518,-0.23633421996518586
-3.0,-0.3036966419702035,-0.7318659677038999,-0.17926432610604098,-0.2861844638779495,-0.2538075845451104
0.0,-0.33110361809298405,-0.7223157980085653,-0.2350958015933401,-0.2123887772737487,-0.23080719600151425
1.0,-0.33110361809298405,-0.7223157980085653,-0.21736274714307993,-0.19718031035069816,-0.22920423099738757
0.0,-0.3036966419702035,-0.7318659677038999,-0.22268774658957194,-0.2827720398934373,-0.3677533734132159
-2.0,-0.35062975026530796,-0.3935911613985627,-0.2450764055290067,-0.3439651118130398,-0.2879301549141498
1.0,-0.3437385518025404,-0.4029006219428222,-0.13923686583952047,-0.23637516330899094,-0.18699795940159822
1.0,-0.3315847254739211,-0.3509099542236989,-0.327323187833555,-0.2646859744610561,-0.3082497915817577
-3.0,-0.3494178366934059,-0.37808190309797096,-0.18393750026948977,-0.3143463623446652,-0.23117567705653833
0.0,-0.33726736821948755,-0.4094487635285686,-0.22342003643760264,-0.1986312765059424,-0.24871646878247716
1.0,-0.35615959896817895,-0.4154912354428555,-0.19786810099895255,-0.2729168306000095,-0.22999208170727614
0.0,-0.3083664233413309,-0.4328412177007634,-0.2050095270391862,-0.24128028869023047,-0.21203425295259432
-2.0,-0.3115728413939099,-0.37971605370073486,-0.24935108898321257,-0.32996845812990383,-0.3389178729621332
1.0,-0.45388520440052416,-0.5471988946731038,-0.2025802778119464,-0.25780617323806865,-0.2684417682576378
1.0,-0.44595857919964305,-0.38388414280759237,-0.32192348775310375,-0.2564816230266073,-0.30839548508606757
-3.0,-0.4293742015315736,-0.4921486184068867,-0.17926432610604098,-0.3408885936759213,-0.40798414185259274
0.0,-0.446868313517031,-0.5008550480058243,-0.21397735809733612,-0.255284231229528,-0.2322514790661687
1.0,-0.45388520440052416,-0.5471988946731038,-0.21552746930976746,-0.2731183802156886,-0.3306211576742774
0.0,-0.4414611316975428,-0.40534325785664654,-0.18440273578710972,-0.26009013286669186,-0.24641504091599858
-2.0,-0.41945007638598036,-0.386120895434646,-0.25738376953062386,-0.3620939906862625,-0.28629109961845706
1.0,-0.44340052888553655,-0.29493008944463306,-0.16060465585588757,-0.2748276092287943,-0.2152399507337907
1.0,-0.4268914019672845,-0.3766537851047442,-0.336398955430777,-0.31324690339272127,-0.31679302355541766
-3.0,-0.45438654153035346,-0.2649915346302687,-0.18045225980473306,-0.3751280489801191,-0.3077853190940973
0.0,-0.44340052888553655,-0.29493008944463306,-0.26592573523831037,-0.30256603201183224,-0.2687048726570112
1.0,-0.44340052888553655,-0.29493008944463306,-0.20894661616983315,-0.2748276092287943,-0.24271964039803895
0.0,-0.415539300505336,-0.1732688416950147,-0.19685042537554437,-0.25906381146593244,-0.2665529247424936
-2.0,-0.4215561845622301,-0.32899565214111154,-0.2490604286788731,-0.373484153054094,-0.3778886043889651
1.0,-0.4351494575874612,-0.3650701333287061,-0.2025802778119464,-0.25640510703546787,-0.2684417682576378
1.0,-0.4055192946591294,0.0043382640532132295,-0.32192348775310375,-0.21232752503253752,-0.2455766014193833
-3.0,-0.4351494575874612,-0.3650701333287061,-0.18045225980473306,-0.34616131282390805,-0.3077853190940973
0.0,-0.43413686694956766,0.05341118524557058,-0.2202086813271759,-0.1677811003343349,-0.17257778312012853
1.0,-0.40156490284373947,-0.09290417790125373,-0.21736274714307993,-0.1970925320228586,-0.22920423099738757
0.0,-0.4158109362540366,0.009396625835008464,-0.21155001232178458,-0.15940539370190443,-0.1553068662165539
-2.0,-0.43413686694956766,0.05341118524557058,-0.25480117027845667,-0.3191385415936793,-0.16894542831792558
-1.0,-0.292881674289111,-0.4309830795037195,-0.3459837264748738,-0.20851316268591996,-0.2968714080726979
-2.0,-0.30332299759243864,-0.4347964719423515,-0.3795525676520575,-0.32829688867546664,-0.28358670614190046
-3.0,-0.3168381606321032,-0.6389766194763209,-0.33457634553406723,-0.28219762769414436,-0.31697117110024087
-2.0,-0.3168381606321032,-0.6389766194763209,-0.3057556926566917,-0.3175377170911629,-0.28740580385771664
-1.0,-0.34244590632519634,-0.519930567412694,-0.2526809200095043,-0.2527871672371447,-0.30332907548636634
-1.0,-0.292881674289111,-0.4309830795037195,-0.3593876279330051,-0.2505745446479986,-0.27774274064436316
-1.0,-0.40033375578856883,-0.6254909049838424,-0.3299730830660444,-0.3096727828976436,-0.2952183874966573
-3.0,-0.3733549979210371,-0.6819293496265015,-0.32595931084701835,-0.2732165020922797,-0.4448263696820578
-1.0,-0.3957386433287153,-0.6637156141587572,-0.2048797275260638,-0.269191562891047,-0.24057980015327932
-2.0,-0.3754417597593681,-0.6527284790617802,-0.29728409832324526,-0.2887712416100665,-0.2560548047385857
-1.0,-0.38923645022509284,-0.8008136200280473,-0.25852754240183545,-0.32415807651458733,-0.3682923104211624
-1.0,-0.3817014976122865,-0.6996166419555581,-0.34793715928569247,-0.3236360098537902,-0.38576934005958025
-1.0,-0.34471321993380605,-0.3751790666295319,-0.3459837264748738,-0.46581092169050176,-0.4200263550929426
-2.0,-0.3412213593436773,-0.41989733013156894,-0.3899628483465428,-0.546482668897656,-0.506081052883639
-3.0,-0.344839512288648,-0.4094038461527417,-0.29693068514794824,-0.47478919461624497,-0.46407978826194957
-2.0,-0.3503105640742136,-0.38130967436238233,-0.3016920858938313,-0.47234429887744844,-0.3841499680543917
-1.0,-0.33793908474925405,-0.347049236240481,-0.25852754240183545,-0.44264696695149475,-0.4019733723717228
-1.0,-0.3238278688966767,-0.3750626967920288,-0.34793715928569247,-0.4178119765686574,-0.3629687645247031
-1.0,-0.08749049748066301,-0.011049739251657809,-0.3299730830660444,-0.28254828019867484,-0.26940779998830566
-2.0,-0.08749049748066301,-0.011049739251657809,-0.3599371102522505,-0.2653338962456898,-0.34097581267328136
-3.0,-0.09016201721476981,-0.13880207518152915,-0.27578509234322046,-0.2429954273139334,-0.3077911043067709
-2.0,-0.09705069366066582,-0.29958219983599377,-0.3076360327226454,-0.26626512009698255,-0.2816902667504288
-1.0,-0.14571104124479708,-0.12854753255168197,-0.2610521723802011,-0.23778457630733366,-0.23680263446334052
-1.0,-0.09705069366066582,-0.29958219983599377,-0.3373330542281372,-0.2557070919636548,-0.29806398079609875
-1.0,-0.19009945610913878,-0.2774776578863764,-0.3748119579844575,-0.2442043153274857,-0.2672291319834968
-2.0,-0.16419148569958153,-0.4587025651250607,-0.33901136773792917,-0.29200426470963947,-0.2833455799003991
-3.0,-0.18097931325479,-0.4378927878684217,-0.3134093655259736,-0.28816140258638717,-0.42266756426760205
-2.0,-0.19009945610913878,-0.2774776578863764,-0.3076360327226454,-0.3101928652874986,-0.23660159710984774
-1.0,-0.19009945610913878,-0.2774776578863764,-0.2481700844988619,-0.27055971051915884,-0.20730199115532905
-1.0,-0.18254628056017377,-0.42835834117118265,-0.3539898500881768,-0.2529565510955331,-0.28970036665934507
-1.0,-0.22331868644125427,0.325504599760351,-0.3748119579844575,-0.2099416228049871,-0.2672291319834968
-3.0,-0.23243217307130432,-0.05686391585496608,-0.3028363118473789,-0.2047680058297912,-0.3166497317072224
-1.0,-0.23326907612558018,0.41648170223926384,-0.20334604264212575,-0.138542272213398,-0.23091863544691385
-2.0,-0.23243217307130432,-0.05686391585496608,-0.3181463045738206,-0.2485552678514247,-0.26232050965317955
-1.0,-0.1885850111409492,0.29971628535915995,-0.25852754240183545,-0.18135017241595328,-0.2613952581450226
-1.0,-0.22331868644125427,0.325504599760351,-0.3373330542281372,-0.19550216523671138,-0.251991900186556
-1.0,-0.2268037430831878,-0.1001425552314998,-0.36535396048669255,-0.21443544632018702,-0.30731741118826245
-2.0,-0.2366036107112786,-0.26531609050247446,-0.3899628483465428,-0.28977112559660867,-0.26680792455651364
-3.0,-0.1831570399694228,-0.06703760545398493,-0.27578509234322046,-0.20416459767779538,-0.3077911043067709
-2.0,-0.22684599255607302,-0.16969488735318125,-0.31971624217535244,-0.24892297559687346,-0.3286929542746117
-1.0,-0.2328810325091106,-0.09420702978899495,-0.2687517554031419,-0.21370463510210133,-0.26496640364780516
-1.0,-0.23013159426687196,-0.060581198619864864,-0.3320670717057186,-0.20608369171881522,-0.2205161418284114
-1.0,-0.23186963805510288,-0.31880877808670727,-0.4008408413739141,-0.3921854585035749,-0.37167427932886
-2.0,-0.23175398750222156,-0.1536080816127427,-0.3640695720450902,-0.27694421959077964,-0.3502479661717975
-3.0,-0.25273840568158495,-0.3222783769668645,-0.2909458644912253,-0.2373291444965728,-0.37864022412503173
-2.0,-0.23788496613550228,-0.2926715387184436,-0.29376321758093876,-0.30389786001353813,-0.38214155084568957
-1.0,-0.21234279166981845,-0.2585159796211779,-0.24342764983442533,-0.2954819607637018,-0.3684626491936825
-1.0,-0.2694476549594405,-0.39643961911228653,-0.3593876279330051,-0.28697511336536147,-0.35703160921640337
-1.0,-0.039829379097736144,-0.23959722320303428,-0.3759968270221846,-0.3357852453527455,-0.3150133454668048
-3.0,-0.05160197231728869,0.11773327407355817,-0.32595931084701835,-0.2125309444361077,-0.25343617699302723
-1.0,-0.0677930990116858,-0.38487197365856124,-0.3215863876584568,-0.32939464939522034,-0.32673400642148837
-2.0,-0.03888007330156218,-0.15953958083805958,-0.29728409832324526,-0.268670159191021,-0.21696258897698345
-1.0,-0.05160197231728869,0.11773327407355817,-0.2481700844988619,-0.20623005615140122,-0.20730199115532905
-1.0,-0.05160197231728869,0.11773327407355817,-0.3373330542281372,-0.21458280565395135,-0.24880585101509523
-1.0,-0.14709170645722633,-0.18622065529046308,-0.36685580976772664,-0.24099026511290927,-0.36986286813096275
-2.0,-0.14230914397740557,-0.14868253776989898,-0.3749993023523956,-0.28455787360481843,-0.2796993134037812
-3.0,-0.12838616300933967,-0.19259559584324393,-0.3008803929455944,-0.22445398786238002,-0.25708869205022244
-2.0,-0.10955161827831067,-0.02576874520860304,-0.29376321758093876,-0.25532685392315996,-0.22753598314387385
-1.0,-0.10952544394802184,-0.21889971660834956,-0.2687517554031419,-0.23018420523853295,-0.26496640364780516
-1.0,-0.10952544394802184,-0.21889971660834956,-0.35357145939140966,-0.23018420523853295,-0.2777023414634437
-1.0,-0.127292548374795,-0.2189556848959536,-0.35979369323134275,-0.2507639656178182,-0.2679545419874237
-2.0,-0.12861333620141757,0.05866907840312976,-0.3680040095501915,-0.1765325192178783,-0.12126857728817009
-3.0,-0.12861333620141757,0.05866907840312976,-0.3008803929455944,-0.1461283212934188,-0.09098302357961298
-2.0,-0.12861333620141757,0.05866907840312976,-0.2684450740119795,-0.15955409002343432,-0.05275217134550493
-1.0,-0.1516869792051072,-0.08663472024768423,-0.2481700844988619,-0.18565982609094747,-0.18694677221255568
-1.0,-0.12131136813058163,-0.009808377699617583,-0.34793715928569247,-0.17581827723969987,-0.22019890642311055
-1.0,-0.20703176751502572,0.14497458421203302,-0.3459837264748738,-0.18472533110485737,-0.19762761262657327
-3.0,-0.21574640513045898,-0.4389355756122401,-0.32595931084701835,-0.2196159205241044,-0.30259785080689694
-1.0,-0.21574640513045898,-0.4389355756122401,-0.33915186175025014,-0.2728958380003764,-0.2708886152925143
-2.0,-0.21695385799009442,0.31656034004036465,-0.29376321758093876,-0.18793106805849044,-0.115675074210157
-1.0,-0.22020990248474892,0.20965565655219937,-0.24342764983442533,-0.1829062645751566,-0.1922114560962633
-1.0,-0.19421905511260731,0.12271936080290165,-0.3362993927519748,-0.18658840399112403,-0.26861382405154977
-1.0,-0.12253285673349502,0.3103100012424994,-0.35979369323134275,-0.19753780084673636,-0.23907872983742162
-3.0,-0.10199612728273891,-0.012506513126774,-0.33457634553406723,-0.2029386786794966,-0.31100986373256306
-1.0,-0.14951992455945867,0.025760715996714523,-0.3314687028371764,-0.2647235420329193,-0.28616742800288747
-2.0,-0.1167606740430458,0.22226161717410536,-0.29376321758093876,-0.21157973870200592,-0.25680666073135516
-1.0,-0.14928783630523068,0.1324762361127514,-0.23482461147200398,-0.2257425815252825,-0.2591643513471232
-1.0,-0.1167606740430458,0.22226161717410536,-0.3461206857501415,-0.22283430176305982,-0.2698045828255287
-1.0,-0.27047390722745096,-0.46085326053936876,-0.3759968270221846,-0.41711382725165375,-0.36373059073817554
-2.0,-0.289883599342317,-0.5746648870788326,-0.3715583362675314,-0.3200807769218473,-0.4292983890370456
-3.0,-0.297373211937604,-0.5155588314766927,-0.2738241551955206,-0.29912505836719405,-0.2949742156858896
-2.0,-0.263152137050504,-0.613709611487667,-0.3016920858938313,-0.35949972595926366,-0.3387232949022421
-1.0,-0.2873488874917484,-0.4915635535357297,-0.23482461147200398,-0.31694116318330257,-0.3191821826268632
-1.0,-0.2596471476083703,-0.5354515810789819,-0.3320670717057186,-0.3518155532638256,-0.34226269413833693
-1.0,-0.20335793012964878,0.05128632640238886,-0.36310284335568105,-0.20042917301702726,-0.3387734557560661
-3.0,-0.19556735239407436,0.06331465276023343,-0.29693068514794824,-0.2740496619658072,-0.25588414546200544
-1.0,-0.18810287208860216,-0.021083399223888754,-0.3078959432359366,-0.14513803709593495,-0.2560067764525242
-2.0,-0.2233950533227014,-0.06885787025584951,-0.31971624217535244,-0.25723406948344263,-0.17928283268566098
-1.0,-0.2083335681973037,0.08363654040171128,-0.2687517554031419,-0.20025541363232788,-0.26496640364780516
-1.0,-0.19919828165155168,0.15010814045639737,-0.3461206857501415,-0.11751734456279055,-0.21716142319946896
-1.0,-0.13477224704832863,-0.0040432542134910265,-0.3759968270221846,-0.27684798129121757,-0.3150133454668048
-2.0,-0.13477224704832863,-0.0040432542134910265,-0.3818785870779024,-0.28170261072094094,-0.3033375582804004
-3.0,-0.13327310273253956,-0.1348524562333066,-0.32595931084701835,-0.23364849726451759,-0.29564011759058084
-2.0,-0.13477224704832863,-0.0040432542134910265,-0.3181463045738206,-0.2772335328453394,-0.2648205579761089
-1.0,-0.15126579201920312,-0.008656201778601899,-0.23983113697402625,-0.22303452516412284,-0.21692386400383773
-1.0,-0.15822656171446478,-0.10693733771053456,-0.35357145939140966,-0.2672013914823879,-0.2943172596182221
-1.0,-0.15000270954142206,-0.09981175248905687,-0.3459837264748738,-0.2178072125645085,-0.1821648153234924
-3.0,-0.15000270954142206,-0.09981175248905687,-0.3134093655259736,-0.19837085572759636,-0.18229246318818415
-1.0,-0.17008996778534632,-0.2386771879681712,-0.23418814516940384,-0.214116671655432,-0.2911556574480167
-2.0,-0.13660008174772562,-0.2830699633359214,-0.3057556926566917,-0.2727725962078194,-0.28740580385771664
-1.0,-0.15000270954142206,-0.09981175248905687,-0.2880861959683225,-0.23456604553539978,-0.1314799651442885
-1.0,-0.11243289542289191,-0.14793785439092763,-0.3320670717057186,-0.2291992564747655,-0.23674213726976562
-1.0,-0.11613445553096843,-0.14164933695732046,-0.3459837264748738,-0.19331993000991668,-0.2092524832944097
-2.0,-0.10006199956626532,-0.24415049989803744,-0.3749993023523956,-0.2859696272290814,-0.3339466425071878
-3.0,-0.1098723012999139,0.053591788435584084,-0.2738241551955206,-0.1840114918124972,-0.14973407732081948
-2.0,-0.1098723012999139,0.053591788435584084,-0.29376321758093876,-0.20320245705040368,-0.1678280014373639
-1.0,-0.11122388676961803,-0.02748407131373938,-0.2481700844988619,-0.1782986877574741,-0.1623521943735001
-1.0,-0.11122388676961803,-0.02748407131373938,-0.3373330542281372,-0.18665143726002423,-0.20909641923640268
-1.0,-0.4772903464574671,-0.7520465270792857,-0.35979369323134275,-0.5009649508563453,-0.5780891617206725
-3.0,-0.45457530325382484,-0.7915771526409875,-0.33457634553406723,-0.5164556391838093,-0.5859161780056705
-1.0,-0.4530906645548066,-0.911330649495402,-0.2048797275260638,-0.46702458570500405,-0.4685020696812748
-2.0,-0.45478599146225823,-0.9137686944918076,-0.3076360327226454,-0.6347781742971805,-0.4031938742646358
-1.0,-0.4530906645548066,-0.911330649495402,-0.2610521723802011,-0.4299689478032041,-0.473070889404952
-1.0,-0.4530906645548066,-0.911330649495402,-0.31430322209083544,-0.43375372683266267,-0.49567808523537654
-1.0,-0.25076672804507594,-0.45316647833296564,-0.4008408413739141,-0.2892319664584831,-0.30299068983169924
-2.0,-0.2533805929028545,-0.19517342770086543,-0.3571469543311155,-0.2422027327647397,-0.22745060109471718
-3.0,-0.2533805929028545,-0.19517342770086543,-0.30159904416236494,-0.21674946729675576,-0.15760429175997706
-2.0,-0.2515818759217307,-0.41798193605283196,-0.3057556926566917,-0.2550641737493834,-0.25596583069827533
-1.0,-0.2898286073918907,-0.5205734757884798,-0.23983113697402625,-0.224326005494354,-0.21635621884873177
-1.0,-0.23893032590745433,-0.45316647833296575,-0.3593876279330051,-0.24863290433656665,-0.27774274064436316
-1.0,-0.19922842482374836,0.05021168730237707,-0.3759968270221846,-0.1640566028330008,-0.12839263041195592
-2.0,-0.20439947891948465,0.09016533225565958,-0.3715583362675314,-0.22806848827212176,-0.213945822564868
-3.0,-0.24740348399480078,-0.17872880045203055,-0.33457634553406723,-0.19691111623828308,-0.25539165451626306
-2.0,-0.23700949412605488,0.11630200622555191,-0.29728409832324526,-0.18050259378730668,-0.1120174908903676
-1.0,-0.25159720129215,-0.028872272184719494,-0.2610521723802011,-0.16007968489603291,-0.23859047819141674
-1.0,-0.25159720129215,-0.028872272184719494,-0.31430322209083544,-0.1638644639254915,-0.2622820079061347
-1.0,-0.19686397177088114,-0.4073394980991729,-0.36535396048669255,-0.27555047394992194,-0.3127594828604067
-2.0,-0.21631157142376842,-0.42694981046222935,-0.3599371102522505,-0.30403101027721163,-0.34097581267328136
-3.0,-0.20689745140509772,-0.33038886524406774,-0.3028363118473789,-0.22183408947743485,-0.3119406739690465
-2.0,-0.20809829870825075,-0.3840280874339823,-0.31971624217535244,-0.2672401110024501,-0.3544915359383589
-1.0,-0.19686397177088114,-0.4073394980991729,-0.24342764983442533,-0.24251843510905477,-0.24130751355037672
-1.0,-0.18909865685407695,-0.3556270534722459,-0.3373330542281372,-0.2524729604032988,-0.3056999328384432
-1.0,-0.3452362910284493,-0.5085654873671518,-0.36310284335568105,-0.3331319671530652,-0.3751471807403496
-2.0,-0.3452362910284493,-0.5085654873671518,-0.3899628483465428,-0.37420470003540285,-0.4836765497156134
-3.0,-0.333168065511895,-0.5785120828417194,-0.30159904416236494,-0.41805857215802317,-0.3968763108619775
-2.0,-0.3603315643382036,-0.5851405397662454,-0.3016920858938313,-0.34911325451559727,-0.3387232949022421
-1.0,-0.34994684488790634,-0.5544732543767041,-0.2526809200095043,-0.34453607057900365,-0.3679046009120806
-1.0,-0.34994684488790634,-0.5544732543767041,-0.3362993927519748,-0.35031446679806894,-0.39265279644954576
-1.0,-0.31506134139622693,-0.4169946207986025,-0.36685580976772664,-0.35044749471598535,-0.3402609038093818
-3.0,-0.315256606683941,-0.444872523892421,-0.32595931084701835,-0.2744847092755423,-0.35075662106313427
-1.0,-0.332657917336333,-0.37220875138882514,-0.20334604264212575,-0.3296247591563498,-0.3270014759981007
-2.0,-0.350297757432657,-0.5670330250237041,-0.2684450740119795,-0.3763372300793816,-0.2720525854690187
-1.0,-0.3024065381969377,-0.5507263917712875,-0.2687517554031419,-0.343273776456005,-0.3640055893010046
-1.0,-0.3233850114344503,-0.45021554547795073,-0.34793715928569247,-0.3339693363055985,-0.26547940385984936
-1.0,-0.29581476121901584,-0.6501486618435114,-0.3299730830660444,-0.4081822487683686,-0.3972088221983123
-2.0,-0.29581476121901584,-0.6501486618435114,-0.3599371102522505,-0.4376480881327682,-0.47037285881377805
-3.0,-0.25091667593947536,-0.7367385976571874,-0.29693068514794824,-0.520892281030367,-0.4555491644094017
-2.0,-0.24954954665370782,-0.7406402294350303,-0.29376321758093876,-0.563619881115889,-0.6069728839660096
-1.0,-0.29581476121901584,-0.6501486618435114,-0.2687517554031419,-0.38762873639821244,-0.35512052927700444
-1.0,-0.2680229677687415,-0.6777053124129335,-0.2951333898887895,-0.38456948714225625,-0.3406405868646299
-1.0,-0.2830769297172,-0.6175486048395096,-0.3759968270221846,-0.42525412919248157,-0.39793199918920846
-2.0,-0.2538202110045274,-0.5982129640436674,-0.3715583362675314,-0.4434750580031611,-0.5902016688615875
-3.0,-0.27962511069981805,-0.5729112552966105,-0.27578509234322046,-0.35783598081114726,-0.3137643235533992
-2.0,-0.21923484304114388,-0.8950295227497524,-0.3015394813121252,-0.4130438341085454,-0.432366869207055
-1.0,-0.21923484304114388,-0.8950295227497524,-0.23983113697402625,-0.4278998466870761,-0.4136072845064542
-1.0,-0.26098923243190825,-0.527768414610484,-0.2951333898887895,-0.3481971830735712,-0.32632114094929937
-1.0,-0.24332317681672672,-0.6401329167917483,-0.3459837264748738,-0.27629515026037144,-0.3614131136864134
-2.0,-0.3070450817422036,-0.577775504659782,-0.3571469543311155,-0.2964415941930726,-0.3346127932517264
-3.0,-0.29064092157962357,-0.580096547952952,-0.33457634553406723,-0.2330966746312642,-0.31697117110024087
-2.0,-0.26286658560733756,-0.44549621836035785,-0.2684450740119795,-0.23252164066506165,-0.19380773325041376
-1.0,-0.28901526979075737,-0.568999418823334,-0.25852754240183545,-0.26019635304421224,-0.29296006990233925
-1.0,-0.2946056668199278,-0.5323991471023041,-0.2951333898887895,-0.21632712854595879,-0.2974056545608497
-1.0,-0.18224491929498618,-0.42092512911782,-0.4008408413739141,-0.3202188965128238,-0.3696084775130254
-3.0,-0.17873040771832524,0.08287387507943195,-0.2738241551955206,-0.19286076613861378,-0.23165064671894262
-1.0,-0.17873040771832524,0.08287387507943195,-0.23418814516940384,-0.20465305238192535,-0.25959084569070007
-2.0,-0.1670927751191729,-0.1395163171090109,-0.3076360327226454,-0.24157266312094675,-0.27958614051432173
-1.0,-0.21062027512457718,-0.20593004869183,-0.2687517554031419,-0.2765375350531905,-0.26496640364780516
-1.0,-0.17859538316129747,-0.19601888379698357,-0.3320670717057186,-0.22575001514747495,-0.27573481145389306
-1.0,-0.1942340706418519,-0.16992481925621022,-0.35979369323134275,-0.24982621396274624,-0.28097647852896995
-2.0,-0.2224991475570202,-0.35015782540178264,-0.3715583362675314,-0.38859710075747317,-0.4292983890370456
-3.0,-0.20557280601412536,-0.3533112885734459,-0.2909458644912253,-0.26533503412781273,-0.37864022412503173
-2.0,-0.1942340706418519,-0.16992481925621022,-0.3015394813121252,-0.3432845240103798,-0.2650815683533097
-1.0,-0.19011030841545087,-0.5219032201803436,-0.25852754240183545,-0.28350767766532453,-0.3682923104211624
-1.0,-0.19662593811346876,-0.5175761926374978,-0.3539898500881768,-0.2739701586235832,-0.35651768018123625
-1.0,-0.19054346133452152,-0.9930101334201402,-0.3299730830660444,-0.23211219346260392,-0.26940779998830566
-2.0,-0.17721595430452186,-0.656489961258887,-0.3680040095501915,-0.24814317081633977,-0.22288785427846555
-3.0,-0.17746043253240912,0.17016471148728723,-0.2738241551955206,-0.17378713711522153,-0.18935077601918324
-2.0,-0.175531897116721,-0.6973515603524822,-0.31971624217535244,-0.2899415567891186,-0.19474562998874181
-1.0,-0.19054346133452152,-0.9930101334201402,-0.2687517554031419,-0.24488683440975767,-0.26496640364780516
-1.0,-0.18246578354871243,-0.617935818353841,-0.3539898500881768,-0.2437479131249043,-0.2131961308936283
-1.0,-0.3886388974166182,-0.5812956708065766,-0.3299730830660444,-0.3164416317113811,-0.3972088221983123
-2.0,-0.3886388974166182,-0.5812956708065766,-0.3599371102522505,-0.37490842258752965,-0.47360902510770136
-3.0,-0.35747027022613426,-0.6390788707993256,-0.3008803929455944,-0.3990744795879743,-0.4653961042008834
-2.0,-0.3583459035929,-0.5248926937386178,-0.3015394813121252,-0.41209998116173047,-0.41203280728964287
-1.0,-0.3886388974166182,-0.5812956708065766,-0.2687517554031419,-0.3272890675935315,-0.35512052927700444
-1.0,-0.35747027022613426,-0.6390788707993256,-0.31430322209083544,-0.346704225485154,-0.35280264067444833
-1.0,-0.3862939015163111,-0.7069195873999314,-0.35979369323134275,-0.33384362733100287,-0.5134603246346459
-3.0,-0.3862939015163111,-0.7069195873999314,-0.29693068514794824,-0.34698009466928076,-0.46407978826194957
-1.0,-0.38911314084386456,-0.7557780555129024,-0.2048797275260638,-0.3871739768178642,-0.4685020696812748
-2.0,-0.38911314084386456,-0.7557780555129024,-0.2684450740119795,-0.420529073670432,-0.5780070819340314
-1.0,-0.3745353916072129,-0.7027312037586156,-0.2687517554031419,-0.3374189812867959,-0.35512052927700444
-1.0,-0.38911314084386456,-0.7557780555129024,-0.31430322209083544,-0.35870611192990215,-0.49567808523537654
-1.0,-0.26451506524021917,-0.3825990475417023,-0.3759968270221846,-0.27156013509570515,-0.31574430622298605
-2.0,-0.2671803823635039,-0.2542219851631303,-0.3599371102522505,-0.30355513376074084,-0.34097581267328136
-3.0,-0.2999966542638789,-0.33842891898471306,-0.2738241551955206,-0.23460247705200973,-0.23165064671894262
-2.0,-0.3239068989570709,-0.35348837677082673,-0.29728409832324526,-0.2735869696282652,-0.25111193272270055
-1.0,-0.26451506524021917,-0.3825990475417023,-0.2526809200095043,-0.2523170406618482,-0.2584975561740938
-1.0,-0.30781950696748855,-0.31259322617577673,-0.3373330542281372,-0.29636407511485735,-0.4133171179760591
-1.0,-0.329004121343161,-0.6292631038825979,-0.36535396048669255,-0.557392615165301,-0.4508882944288491
-3.0,-0.3122434472407216,-0.4716734951911737,-0.3008803929455944,-0.45682546602941065,-0.512879398826261
-1.0,-0.32730550221131227,-0.4213832667097289,-0.2573123120354726,-0.41362439471465134,-0.3429616011145783
-2.0,-0.338849322116391,-0.5988649014344569,-0.3016920858938313,-0.5786572117889643,-0.3841499680543917
-1.0,-0.3663689726740016,-0.5598914725698405,-0.2526809200095043,-0.44237982864500813,-0.31787162523422025
-1.0,-0.3570156262059155,-0.37735378454051416,-0.2951333898887895,-0.4179207223228019,-0.21719618832052295
-1.0,-0.32089825740911065,-0.7753837036473271,-0.3459837264748738,-0.3563589028071225,-0.2988376848268343
-2.0,-0.32089825740911065,-0.7753837036473271,-0.3715583362675314,-0.37918600116283036,-0.4291948556612708
-3.0,-0.2957902235632659,-0.8438157406577259,-0.3008803929455944,-0.4082205122427889,-0.5176484053221699
-2.0,-0.31954464157716844,-0.8065796989050984,-0.3181463045738206,-0.4035465551985172,-0.4956199618691504
-1.0,-0.33429695441190604,-0.8224036455248098,-0.23482461147200398,-0.3778420174267477,-0.3258160583078424
-1.0,-0.32089825740911065,-0.7753837036473271,-0.3593876279330051,-0.37057162975840097,-0.33375670303870714
2.0,-0.19033415128194558,0.3268001228006015,-0.18378586267628563,-0.08332720164529256,-0.0825300974005679
0.0,-0.19835781029814042,0.4593652429010639,-0.19272794004732874,-0.05454720989284143,-0.14636524167858422
1.0,-0.19835781029814042,0.4593652429010639,-0.2484211512183669,-0.0487688136737762,-0.2048689778686241
-2.0,-0.18696171523852304,0.4644872073326651,-0.2640477859474098,-0.13670464563761303,-0.08755108742163564
-1.0,-0.19443503454519875,0.1406713185840705,-0.36681571740157315,-0.28691566121800277,-0.21438039736698986
1.0,-0.19835781029814042,0.4593652429010639,-0.2046230349371377,-0.07071091743910932,-0.13959998400546583
2.0,-0.31487945786628635,-0.37278286815229167,-0.15463741742174833,-0.3097052651027336,-0.27038375559420397
0.0,-0.32543473299705916,-0.3670505309530628,-0.19989353882956667,-0.2582817322876093,-0.2938532405398005
1.0,-0.3036518882616678,-0.3228982838009553,-0.2484211512183669,-0.23920775267867128,-0.36109425457722377
-2.0,-0.3133180038471752,-0.4389969310083443,-0.2640477859474098,-0.47833569383706137,-0.38413814364670656
-1.0,-0.3133180038471752,-0.4389969310083443,-0.30417923667679614,-0.45043793144987704,-0.399536902671216
1.0,-0.31814123511598164,-0.37552134109857027,-0.1795171982873174,-0.3109051290348492,-0.33013701899447523
2.0,-0.2032024920019079,-0.5562691538922977,-0.1578862671772254,-0.31171340777567036,-0.2696668685127718
0.0,-0.19473040489706506,-0.28142343661238545,-0.1823312016839791,-0.24060146028451546,-0.19727455662690144
1.0,-0.22703532363837592,-0.2680237492403562,-0.24696338142260632,-0.2597059205957497,-0.25097543342329637
-2.0,-0.19287605064891106,-0.25111923178453266,-0.27984951391081625,-0.2650946398118419,-0.31617564946008014
-1.0,-0.20447822609847502,-0.18472287987427563,-0.3343201762892467,-0.3686516040269055,-0.39703701566728344
1.0,-0.21114856458177744,-0.24988878638821363,-0.19161829699056815,-0.21594583647103657,-0.17254416228514427
2.0,-0.07285469706300175,-0.0030714466524452977,-0.1359412649805865,-0.12055534174522786,-0.09239310501366274
0.0,-0.09052406555837465,0.036909412801275306,-0.20787913885021755,-0.10929043270937373,-0.12553866920913936
1.0,-0.07245309417489397,-0.05841464346737939,-0.24548292697634957,-0.10655142356361419,-0.11270678733547429
-2.0,-0.07285469706300175,-0.0030714466524452977,-0.2884943963316322,-0.11817438289599479,-0.18059031172485115
-1.0,-0.09231282261212795,0.12671996958428297,-0.3431447126492439,-0.20610692664303698,-0.2652018234031363
1.0,-0.07285469706300175,-0.0030714466524452977,-0.18579787420368662,-0.06613349758427824,-0.1264589152759953
2.0,-0.11438521031686638,0.37289490589602753,-0.1431669923143583,-0.1425854788873094,-0.04806803474911905
0.0,-0.12113026807546035,0.34623827395550005,-0.20361795267253713,-0.12313663561978519,-0.16603598401938052
1.0,-0.11982528278718685,0.14118236604704393,-0.33418843507822,-0.1792987327518922,-0.24889436695604877
-2.0,-0.1397379872079444,0.17541744616998686,-0.2726852823218759,-0.1865312884645768,-0.22906450210715185
-1.0,-0.1397379872079444,0.17541744616998686,-0.380982455630747,-0.3230026195941952,-0.26959589031168807
1.0,-0.13336582988681944,0.2904926901962985,-0.19999212504632746,-0.1306317830193597,-0.07357352219093165
2.0,-0.11322393068827497,-0.024430724622565653,-0.20938450985013732,-0.18977480818167347,-0.19927702308197145
0.0,-0.08953968025158957,0.13045812649943317,-0.20830828837815818,-0.10187324981622926,-0.12082021724308442
1.0,-0.11199989229168149,-0.006758494524173447,-0.33418843507822,-0.14931074925506685,-0.20970815876121576
-2.0,-0.10180345022249317,-0.011093229858113507,-0.29486244615695323,-0.14978193364922068,-0.18640547414509948
-1.0,-0.1332294624454658,0.01665251865027667,-0.3343201762892467,-0.2181261905625811,-0.2628944411798618
1.0,-0.10981782588717924,-0.018503026887273268,-0.19732429961725534,-0.09637236109772958,-0.08465896680946318
2.0,-0.13796040599014092,-0.5191873680174331,-0.1359412649805865,-0.2018309441337209,-0.18586168461912414
0.0,-0.13763751992131718,-0.3599548474645941,-0.20787913885021755,-0.12789479438005702,-0.1847587059767426
1.0,-0.13763751992131718,-0.3599548474645941,-0.21501207865957067,-0.12789479438005702,-0.16328886242989482
-2.0,-0.1251378556052336,-0.4414291124655885,-0.2710000669241932,-0.2513309303303565,-0.29294525641731395
-1.0,-0.09467991392469685,-0.2453021774389747,-0.30417923667679614,-0.2872565868034089,-0.28864243406867895
1.0,-0.12822657723167638,-0.5360457709275555,-0.20160269941905498,-0.2110588788324887,-0.12862708196401387
2.0,-0.13478325647046843,-0.16159695921391576,-0.15463741742174833,-0.18116481758126193,-0.15383918487879222
0.0,-0.10131354315274645,-0.16573890566891725,-0.19272794004732874,-0.16483315567882245,-0.08138665440379753
1.0,-0.08886094290459418,-0.14734951443112063,-0.25308982539933494,-0.14533145571489883,-0.1646453781464163
-2.0,-0.10029469335922304,-0.0014775069702482498,-0.29486244615695323,-0.1638700958643709,-0.18971331602280384
-1.0,-0.10029469335922304,-0.0014775069702482498,-0.3431447126492439,-0.27398747567842785,-0.2384320007436857
1.0,-0.08724605213893331,-0.18315460141237186,-0.18579787420368662,-0.13921617910299952,-0.11912363090142342
2.0,-0.20418301232418903,-0.23120280416712205,-0.15845670265928452,-0.23478409147890347,-0.12499325453346861
0.0,-0.2030516237589089,-0.39032970289902164,-0.20830828837815818,-0.20732948909414897,-0.1745050228899796
1.0,-0.21638840681875507,-0.2858065030484052,-0.24696338142260632,-0.1824315928571549,-0.20892720808785128
-2.0,-0.22002336026639635,-0.20385007450826775,-0.2884943963316322,-0.23883461333549894,-0.23257148837172503
-1.0,-0.2061820618509474,-0.27214791735203975,-0.3564209046809167,-0.33872256656305144,-0.30040146043355326
1.0,-0.22002336026639635,-0.20385007450826775,-0.18579787420368662,-0.18844643226480481,-0.14372472838074296
2.0,-0.2518394566111867,-0.20767969412966705,-0.20938450985013732,-0.22822292442692174,-0.23895210056066996
0.0,-0.2409296139083249,-0.15310452377203093,-0.20787913885021755,-0.30359632434128236,-0.22009797142265883
1.0,-0.2518394566111867,-0.20767969412966705,-0.2220729336581524,-0.2259928078090302,-0.2749957446929233
-2.0,-0.22258106067663994,-0.14733085687027936,-0.2640477859474098,-0.2679816505180066,-0.360703978085022
-1.0,-0.2518394566111867,-0.20767969412966705,-0.3564209046809167,-0.3368185812284643,-0.3431857701047585
1.0,-0.22258106067663994,-0.14733085687027936,-0.19161829699056815,-0.22208196485882278,-0.2735327683078817
2.0,-0.2910764758007567,-0.31581220973966245,-0.15463741742174833,-0.25525289452966554,-0.2418948888785638
0.0,-0.29789887681566973,-0.5551058946063535,-0.21651476886574508,-0.33513803612860876,-0.28285488656714997
1.0,-0.2660501509403819,-0.25261433813145995,-0.2220729336581524,-0.2777468925786862,-0.20135938197581826
-2.0,-0.29789887681566973,-0.5551058946063535,-0.2710000669241932,-0.32051649964415785,-0.35519742419609196
-1.0,-0.2660501509403819,-0.25261433813145995,-0.3564209046809167,-0.32510487822199113,-0.33570738862128546
1.0,-0.29789887681566973,-0.5551058946063535,-0.19882204094197753,-0.33513803612860876,-0.27531040179648075
2.0,-0.16261201922001062,0.25454660228476134,-0.15526093065478805,-0.20807580000254702,-0.1785799703851405
0.0,-0.13954463990474503,-0.12383752729042656,-0.20830828837815818,-0.22888418689739568,-0.2710824688352315
1.0,-0.16261201922001062,0.25454660228476134,-0.2975095220235012,-0.1949461087964995,-0.29106280435972687
-2.0,-0.15473821740122598,-0.05428452759980175,-0.2710000669241932,-0.24362602551561527,-0.2489620964279535
-1.0,-0.16261201922001062,0.25454660228476134,-0.35289892444406223,-0.3428827443197882,-0.36802073407838026
1.0,-0.16261201922001062,0.25454660228476134,-0.1795171982873174,-0.17830861132145898,-0.19298774392861823
2.0,-0.16672233073540843,-0.5003048548726323,-0.15507753012491762,-0.3503649174116123,-0.23676114106746404
0.0,-0.16908635165430974,-0.4328203793422706,-0.20361795267253713,-0.27513139671947406,-0.21196056773464392
1.0,-0.1630635786065399,-0.28113701544322167,-0.2975095220235012,-0.21142814741835875,-0.2672683899387423
-2.0,-0.1524515910981795,-0.4250676853230223,-0.2726852823218759,-0.29017309504621186,-0.22916395703434006
-1.0,-0.1524515910981795,-0.4250676853230223,-0.380982455630747,-0.363824036446544,-0.37788043004018224
1.0,-0.15836776506827144,-0.3971897825750928,-0.1923722649797807,-0.2653296470222244,-0.20643157373355853
2.0,-0.13476739742282773,-0.2950525716629834,-0.1578862671772254,-0.24725263961263885,-0.23130377566756757
0.0,-0.14971724296849803,-0.10247519609000327,-0.21651476886574508,-0.23326115421341825,-0.3095556548459458
1.0,-0.14971724296849803,-0.10247519609000327,-0.33418843507822,-0.23326115421341825,-0.39070621074855916
-2.0,-0.13120317683852226,-0.06633231884520689,-0.27984951391081625,-0.25044453288763524,-0.24941673944917012
-1.0,-0.13956017723514186,-0.2893285113937967,-0.35289892444406223,-0.3949196321613754,-0.3831101677439268
1.0,-0.1384497722258499,-0.20394619148036958,-0.2046230349371377,-0.2758372146059254,-0.24235659051855526
2.0,-0.1984793367139128,-0.4179308104886134,-0.15845670265928452,-0.2728117967454802,-0.23756644656858575
0.0,-0.18178140274788368,-0.36288333621039115,-0.1803535231203585,-0.2154393198963172,-0.2202105374191317
1.0,-0.18178140274788368,-0.36288333621039115,-0.22892837975941313,-0.21170225025094574,-0.2655406757592125
-2.0,-0.182543813585213,-0.24678912554155485,-0.2710000669241932,-0.22787449875303017,-0.25074994015602975
-1.0,-0.21561648770211397,-0.3332449650577118,-0.33165896400914413,-0.29209566710040075,-0.3315872949868352
1.0,-0.182543813585213,-0.24678912554155485,-0.19882204094197753,-0.20115360533102405,-0.19447650695004512
2.0,-0.056181292286214164,-0.054377555447138445,-0.15507753012491762,-0.13085460815184916,0.001733369526287768
0.0,-0.11486571310031905,0.020829642532752858,-0.19272794004732874,-0.14097413365282904,-0.1384168558487333
1.0,-0.08826085270613215,0.008630786413286051,-0.2220729336581524,-0.14781651789836928,-0.15897916357949746
-2.0,-0.08366656921045666,0.054126629960812876,-0.29486244615695323,-0.15641391505547025,-0.19434118043230306
-1.0,-0.07399069127542918,0.18533574971734063,-0.30417923667679614,-0.16057831502863712,-0.11195143567008713
1.0,-0.08939598798905964,-0.014080753606200536,-0.1923722649797807,-0.12683845511610786,-0.12762122395362174
2.0,-0.10610738824115354,-0.06569301147510867,-0.15507753012491762,-0.19082085230973336,-0.13006677508464254
0.0,-0.12332264365775543,-0.32882188167639315,-0.19943092202872617,-0.1796542729228297,-0.2146662106267171
1.0,-0.12621370229688245,-0.1868372236526994,-0.25308982539933494,-0.1901022019818726,-0.22826814860020836
-2.0,-0.10724785999553423,-0.2158089403149123,-0.2846031102344815,-0.22782344774358157,-0.2538739527960647
-1.0,-0.13819449657032493,-0.47310939096662785,-0.36681571740157315,-0.3837169320038136,-0.4124692910975139
1.0,-0.1400900023303815,-0.24570731517271235,-0.19161829699056815,-0.14875594414231036,-0.1709752915983805
2.0,-0.14806352826931932,-0.14903811261010727,-0.15845670265928452,-0.16752460505767489,-0.14111313331275982
0.0,-0.15022837051067886,-0.3011142844826307,-0.20830828837815818,-0.19004676005978932,-0.1745050228899796
1.0,-0.12666867703711376,-0.11548403074943395,-0.25308982539933494,-0.19093006541455806,-0.1646453781464163
-2.0,-0.12982091866419135,-0.2869294781103734,-0.2664926264048629,-0.20570157283429596,-0.18746438761145479
-1.0,-0.1439250152472386,-0.25440450668595693,-0.380982455630747,-0.2668080763103336,-0.19202189005562276
1.0,-0.12982091866419135,-0.2869294781103734,-0.1923722649797807,-0.16250931665078494,-0.15934702852068575
2.0,-0.2408973364018917,-0.15615577498597502,-0.138717580082104,-0.24888958479192339,-0.17740617760001773
0.0,-0.2406305631724162,-0.4745422773442283,-0.1803535231203585,-0.21980616730179833,-0.21871564182604708
1.0,-0.2707819052327586,-0.20702918830264375,-0.24696338142260632,-0.20232120631574926,-0.23683195576507832
-2.0,-0.2408973364018917,-0.15615577498597502,-0.2726852823218759,-0.22142912949366214,-0.22092304771887622
-1.0,-0.24846870818580408,-0.4251194744928767,-0.33645351564831627,-0.3155367403380122,-0.31949645358585577
1.0,-0.23864314284898322,-0.39575119682702253,-0.19732429961725534,-0.2240737433156936,-0.1840949906470579
2.0,-0.21294665748916156,-0.6536827516982878,-0.15463741742174833,-0.22545710434481447,-0.1375870979936003
0.0,-0.219728611649589,-0.17598872363459056,-0.20830828837815818,-0.16205698002230154,-0.17008613641346665
1.0,-0.19583434544177228,-0.11520329303323282,-0.24696338142260632,-0.14691329471611775,-0.16940347278649126
-2.0,-0.21294665748916156,-0.6536827516982878,-0.2664926264048629,-0.226420821977014,-0.19526159712970323
-1.0,-0.19328252685847505,-0.21009503387472406,-0.33165896400914413,-0.2921776806976476,-0.3011638503630678
1.0,-0.21294665748916156,-0.6536827516982878,-0.1923722649797807,-0.1891564168930604,-0.15934702852068575
2.0,-0.22074369230720728,-0.14889183628783736,-0.1431669923143583,-0.26312803339980784,-0.20404518526994728
0.0,-0.19813113526576093,0.08401568475097393,-0.1803535231203585,-0.19816274431089578,-0.22615114138929193
1.0,-0.20771034190065735,-0.084313279149931,-0.21501207865957067,-0.2183497498646949,-0.23121082114988212
-2.0,-0.2119629193613959,0.06763323363737009,-0.27984951391081625,-0.23087779530587904,-0.2649929516503013
-1.0,-0.19813113526576093,0.08401568475097393,-0.3343201762892467,-0.39079164078144174,-0.3379816348104801
1.0,-0.20051236594075716,-0.08193358848496657,-0.2046230349371377,-0.2447502551670003,-0.21224747003811448
2.0,-0.17063303221723577,-0.27445009154544914,-0.15507753012491762,-0.17897843278856176,-0.21331792421008983
0.0,-0.17503720468246722,0.10616800383062625,-0.20295937139972642,-0.23377591114498278,-0.2431399314513391
1.0,-0.14719691968275186,0.020087833706243646,-0.22892837975941313,-0.19578539121309263,-0.2432893208052287
-2.0,-0.17014564490668418,-0.00020980494830534214,-0.2846031102344815,-0.21358261116753485,-0.3087802168314407
-1.0,-0.1733553473365595,0.12096849939074497,-0.380982455630747,-0.2698553347706656,-0.3705232668568419
1.0,-0.17503720468246722,0.10616800383062625,-0.19732429961725534,-0.2353900985216359,-0.228648946128121
2.0,-0.16279847587945387,-0.43711266029192897,-0.15507753012491762,-0.15448195216109734,-0.08367547359035225
0.0,-0.20616274818927469,-0.6500205810762034,-0.1823312016839791,-0.1639465293549681,-0.19727455662690144
1.0,-0.1826739708144214,-0.5826551899501682,-0.22892837975941313,-0.16293388527026578,-0.1940655768345805
-2.0,-0.2104926835778604,-0.6865694237418543,-0.26264856197239544,-0.20568121819065885,-0.28316967523689907
-1.0,-0.1817305347427839,-0.530092553240096,-0.30417923667679614,-0.25180418400115545,-0.28864243406867895
1.0,-0.2104926835778604,-0.6865694237418543,-0.19732429961725534,-0.15906979264335178,-0.20174135195440365
2.0,-0.3111359366138133,-0.22267162897392034,-0.1431669923143583,-0.26874475731014663,-0.16933958747863329
0.0,-0.317633621335004,-0.14113424769475197,-0.21651476886574508,-0.2557576330804236,-0.2444534501833598
1.0,-0.3111359366138133,-0.22267162897392034,-0.24548292697634957,-0.2522392969674247,-0.204057864836719
-2.0,-0.32341024602949714,-0.3087267600183245,-0.26264856197239544,-0.2649872972426513,-0.3294174744827686
-1.0,-0.3198009265746867,-0.24399160858359856,-0.35289892444406223,-0.34285528973091134,-0.3448609161968512
1.0,-0.317633621335004,-0.14113424769475197,-0.19882204094197753,-0.2557576330804236,-0.22167023841276637
2.0,-0.3126562435863026,-0.45387631893099434,-0.20938450985013732,-0.18980224650809288,-0.20411834620014405
0.0,-0.34196470950025115,-0.4533448768308498,-0.20787913885021755,-0.2131671367210329,-0.21411872177191385
1.0,-0.356352007526382,-0.3659885503771985,-0.24548292697634957,-0.20691067864284216,-0.27384356792476744
-2.0,-0.34196470950025115,-0.4533448768308498,-0.2664926264048629,-0.24032435121952594,-0.3092104238571256
-1.0,-0.3304243754467972,-0.2871686087217336,-0.3343201762892467,-0.2776806746988915,-0.327927156625669
1.0,-0.351554174497043,-0.3823080311686302,-0.1795171982873174,-0.201799522907069,-0.17290971378124417
2.0,-0.37669532593378113,-0.6763277977716422,-0.15845670265928452,-0.2400312799522927,-0.15236868020376274
0.0,-0.34459380954141533,-0.7058596617259517,-0.20830828837815818,-0.2047629498728781,-0.15921700840597147
1.0,-0.34181921923067027,-0.6064682896289586,-0.22892837975941313,-0.20671389722944625,-0.21903901384677157
-2.0,-0.37669532593378113,-0.6763277977716422,-0.26182656447475333,-0.21583239582976207,-0.15730052119764043
-1.0,-0.35683938178728264,-0.5869722824958252,-0.33147042761739975,-0.34593026699277296,-0.37460534017507235
1.0,-0.3443355542424972,-0.6021928783129835,-0.1795171982873174,-0.17571037397062275,-0.16551715731442398
2.0,-0.24184394364399944,-0.19941300229708553,-0.1431669923143583,-0.18329351323406462,-0.16416557065652904
0.0,-0.2732685359472862,-0.339091065672705,-0.1823312016839791,-0.16736574860741862,-0.1698039700127072
1.0,-0.23249324901404464,-0.3678053993499859,-0.2220729336581524,-0.2390888359797092,-0.2669452729522396
-2.0,-0.23249324901404464,-0.3678053993499859,-0.27984951391081625,-0.23814783428717437,-0.2547345363706233
-1.0,-0.2592703923007267,-0.21430802425164538,-0.36681571740157315,-0.3720143336421301,-0.4005596128822088
1.0,-0.2729670323566496,-0.2569067689184851,-0.18579787420368662,-0.17885602443571955,-0.1379610742781699
2.0,-0.19970364568919344,-0.0992490144623967,-0.1578862671772254,-0.20077618803206385,-0.21126475065313033
0.0,-0.25471529051865865,-0.2989753289623285,-0.20361795267253713,-0.18093624213312276,-0.17153826933069383
1.0,-0.22676165888462074,-0.23298982673144075,-0.2975095220235012,-0.14416281528075334,-0.21786310772423637
-2.0,-0.19970364568919344,-0.0992490144623967,-0.26264856197239544,-0.23334239648451252,-0.26562175461208853
-1.0,-0.2312243965110833,-0.1328280594314432,-0.36681571740157315,-0.37437984979054245,-0.39092664928520476
1.0,-0.25471529051865865,-0.2989753289623285,-0.20160269941905498,-0.14964759705206881,-0.16277458329800204
2.0,-0.20741873046094958,-0.38762712082155115,-0.1578862671772254,-0.2270892554514498,-0.203600702112208
0.0,-0.20086784128244775,-0.4176174836344687,-0.1823312016839791,-0.20553393340355677,-0.19727455662690144
1.0,-0.21126966587854581,-0.5062966939886238,-0.22179245856541185,-0.22380060791724293,-0.2336342384811612
-2.0,-0.23085456028360776,-0.3977806238431147,-0.2726852823218759,-0.3418782288983731,-0.23505063494769873
-1.0,-0.20741873046094958,-0.38762712082155115,-0.33165896400914413,-0.3056488311924355,-0.33364050143827356
1.0,-0.21126966587854581,-0.5062966939886238,-0.19999212504632746,-0.22548359195897932,-0.22296673560144328
2.0,-0.196881663635117,-0.1256466339845425,-0.1578862671772254,-0.12875230909960958,-0.1275060223417321
0.0,-0.21530592775339413,-0.14839744797608145,-0.19943092202872617,-0.17624866008836926,-0.15891647988400284
1.0,-0.1992834055027698,-0.40422331444495063,-0.33418843507822,-0.16542189300292576,-0.2869989539949262
-2.0,-0.18624143142535726,-0.11962990926994092,-0.2640477859474098,-0.1413095927545695,-0.13501988075905416
-1.0,-0.1737937459790203,-0.06984306751215294,-0.3343201762892467,-0.22013800312956483,-0.28552631645038395
1.0,-0.1992834055027698,-0.40422331444495063,-0.19882204094197753,-0.16542189300292576,-0.19268866322196887
2.0,-0.2768259132337008,-0.2818094066677253,-0.20938450985013732,-0.24644487086465533,-0.2078734743548355
0.0,-0.24133330615733314,-0.3515916992224545,-0.21651476886574508,-0.24289735291288,-0.27458503333388945
1.0,-0.267861368567594,-0.26284313632892126,-0.22892837975941313,-0.21091247038496344,-0.24614666531954021
-2.0,-0.240067291318924,-0.2200608630969049,-0.26182656447475333,-0.1728702587382407,-0.24199510870443874
-1.0,-0.2660687902540934,-0.25236289893478997,-0.33165896400914413,-0.36500020230582164,-0.33458589190973476
1.0,-0.267861368567594,-0.26284313632892126,-0.18579787420368662,-0.2262381022013871,-0.192475150800541
2.0,-0.23108952465861507,-0.14071839061367733,-0.15463741742174833,-0.20999173465759818,-0.16693596218438136
0.0,-0.22875662714967335,-0.22010537113896667,-0.20361795267253713,-0.15620852593634776,-0.16603598401938052
1.0,-0.2125817669293062,-0.24621410233603055,-0.33418843507822,-0.20259709483343039,-0.2869989539949262
-2.0,-0.21726945044529095,-0.17466607875658674,-0.26182656447475333,-0.23568592517840659,-0.15730052119764043
-1.0,-0.23108952465861507,-0.14071839061367733,-0.33645351564831627,-0.2784754956299113,-0.3202424400361079
1.0,-0.21109547696492817,-0.2335445077963833,-0.19732429961725534,-0.2116900053431073,-0.1840949906470579
2.0,-0.2573399770971873,-0.459996222524646,-0.1578862671772254,-0.29533882658381866,-0.23130377566756757
0.0,-0.30283268175434763,-0.5563081572683655,-0.20361795267253713,-0.2383442387823084,-0.2086029566575304
1.0,-0.2715231417529356,-0.6110017571809776,-0.33418843507822,-0.2773036531286766,-0.3561603046978178
-2.0,-0.26035132850570114,-0.40550426882841684,-0.2640477859474098,-0.23300320064192326,-0.36759086175940353
-1.0,-0.26035132850570114,-0.40550426882841684,-0.30417923667679614,-0.30815628509205967,-0.3879805651281543
1.0,-0.2715231417529356,-0.6110017571809776,-0.19882204094197753,-0.26900558364081345,-0.2735990291658926
2.0,-0.32139740632154856,-0.17180201516470556,-0.20938450985013732,-0.26400733366922796,-0.20526312971227378
0.0,-0.26991019240882375,0.40274434888655675,-0.20295937139972642,-0.11424344160977727,-0.06489712671843453
1.0,-0.2501346972478378,0.5334546859911519,-0.24548292697634957,-0.16891539888434687,-0.0927644144324737
-2.0,-0.306608279595265,0.3703586883885434,-0.2846031102344815,-0.214853684898033,-0.21180844774354748
-1.0,-0.264215769677861,0.34971454431678933,-0.3343201762892467,-0.17837130449245084,-0.2727558085182537
1.0,-0.2501346972478378,0.5334546859911519,-0.19161829699056815,-0.12467890315771328,-0.08334494418225996
2.0,-0.25228906335305673,-0.27988886780753325,-0.1431669923143583,-0.23599832598468284,-0.1671284707036343
0.0,-0.2573656307158361,-0.29088960587845414,-0.1803535231203585,-0.18241729837604012,-0.20358171781920936
1.0,-0.27521963506362795,-0.23983107587466235,-0.22179245856541185,-0.17719966644785018,-0.1351227048176035
-2.0,-0.29242304573151284,-0.24775930997394555,-0.27984951391081625,-0.20227830904291716,-0.20667398058988434
-1.0,-0.27521963506362795,-0.23983107587466235,-0.36681571740157315,-0.2607207670266164,-0.22551109379329948
1.0,-0.28738463061148534,-0.3761107269418511,-0.19882204094197753,-0.26143281559711445,-0.19268866322196887
2.0,-0.35241270313652484,-0.5323001422521771,-0.1359412649805865,-0.35428049989276655,-0.27071968184284473
0.0,-0.38858249755795743,-0.6762218127837729,-0.21651476886574508,-0.38385819476283656,-0.27330056663527186
1.0,-0.4150761146620534,-0.6623973569403248,-0.2975095220235012,-0.31977219053842654,-0.39302473071196126
-2.0,-0.3607831145137573,-0.5820872502296699,-0.2726852823218759,-0.3517213356948933,-0.3544632025398289
-1.0,-0.38858249755795743,-0.6762218127837729,-0.33147042761739975,-0.4777800238870647,-0.37996317056297163
1.0,-0.37523133832431216,-0.6268713362994137,-0.1923722649797807,-0.2908423157690809,-0.20696673084245126
2.0,-0.3219062508825587,-0.21204079503545734,-0.138717580082104,-0.2902359444765646,-0.1783104702332368
0.0,-0.30930471101634166,0.0316859961429429,-0.20295937139972642,-0.18562614201417293,-0.21623233727762176
1.0,-0.33321942265929594,0.006352659419859805,-0.22179245856541185,-0.20957989692439663,-0.14069453738639853
-2.0,-0.28748724987555413,-0.02032830546555803,-0.2846031102344815,-0.19725243855932076,-0.2680612431385429
-1.0,-0.277300125951953,-0.08664750889693888,-0.3564209046809167,-0.33727845362770625,-0.3001135352598206
1.0,-0.30930471101634166,0.0316859961429429,-0.19732429961725534,-0.17328383942196735,-0.20174135195440365
2.0,-0.24003723684427233,-0.21940490774301646,-0.1578862671772254,-0.18782445771100642,-0.1999321302858258
0.0,-0.2661972671003224,-0.13351747378902068,-0.20830828837815818,-0.2107100960350057,-0.17008613641346665
1.0,-0.28112844821826194,-0.19779110959399615,-0.2484211512183669,-0.1721637231481876,-0.23805843625886555
-2.0,-0.24759067596364573,-0.07264096587612787,-0.2846031102344815,-0.22089317265542252,-0.2538739527960647
-1.0,-0.28112844821826194,-0.19779110959399615,-0.380982455630747,-0.2642901198567596,-0.3217971784945357
1.0,-0.28105994092571024,-0.15837794837505165,-0.19882204094197753,-0.1999061446601481,-0.15458407618309142
2.0,-0.27986772804662713,-0.13508826913381325,-0.1578862671772254,-0.15044462534875006,-0.06867224320640138
0.0,-0.290550347964928,-0.10669564497463462,-0.1803535231203585,-0.17989477505946577,-0.1424919615576795
1.0,-0.2999670430244006,-0.2677556951785425,-0.33418843507822,-0.17588080632696804,-0.24889436695604877
-2.0,-0.3076103513708862,-0.06045728131496424,-0.2640477859474098,-0.16132690561860585,-0.13501988075905416
-1.0,-0.2999670430244006,-0.2677556951785425,-0.33147042761739975,-0.2631417452901757,-0.29438914133943556
1.0,-0.2999670430244006,-0.2677556951785425,-0.19882204094197753,-0.17588080632696804,-0.15458407618309142
2.0,-0.25544598705839927,-0.2285639821185483,-0.1431669923143583,-0.3137926157645231,-0.21085728683693103
0.0,-0.2962782355668167,-0.22821493901893816,-0.21651476886574508,-0.27421441974853383,-0.27458503333388945
1.0,-0.2925822305190904,0.06222944372975316,-0.24696338142260632,-0.25019472478114374,-0.23683195576507832
-2.0,-0.24179196262453284,0.17752621508383565,-0.27984951391081625,-0.2361429123290854,-0.2649929516503013
-1.0,-0.25544598705839927,-0.2285639821185483,-0.30417923667679614,-0.3491059873265854,-0.3879805651281543
1.0,-0.24179196262453284,0.17752621508383565,-0.20160269941905498,-0.20503808433308807,-0.2074913178281046
2.0,-0.3066002252987453,-0.23402048214729235,-0.1359412649805865,-0.20910760832471428,-0.09493129076303036
0.0,-0.30061650711619975,-0.5534489435563361,-0.19943092202872617,-0.19856919836638465,-0.2146662106267171
1.0,-0.26560141022417466,-0.2887811624647972,-0.2220729336581524,-0.19139514704925378,-0.1603005005854215
-2.0,-0.23831890796822175,-0.4350886823823089,-0.2846031102344815,-0.2499830753121118,-0.27526587126773705
-1.0,-0.30061650711619975,-0.5534489435563361,-0.3431447126492439,-0.3418914946079876,-0.3183323893841083
1.0,-0.2825145180538993,-0.31959155853679766,-0.2046230349371377,-0.19348632739216198,-0.17224160531828683
2.0,-0.28796506859056215,0.21251477717509043,-0.138717580082104,-0.2072694783565371,-0.17769565770355636
0.0,-0.2949274194181982,0.1356731431224129,-0.19943092202872617,-0.17317744607218855,-0.19844021518536287
1.0,-0.25089938058257744,0.1108465333514417,-0.2975095220235012,-0.18153404986067262,-0.19844673006666383
-2.0,-0.31071402411237237,0.1755039819947239,-0.27984951391081625,-0.22166747995847294,-0.19477677117505668
-1.0,-0.33018897455909135,0.07119659802341083,-0.3343201762892467,-0.30318871936450137,-0.3354190294330944
1.0,-0.31071402411237237,0.1755039819947239,-0.20160269941905498,-0.17842084892522977,-0.13941794180146463
2.0,-0.3508296564505637,-0.8227665730499018,-0.1359412649805865,-0.2675674225697667,-0.1884167520841693
0.0,-0.30856121032363015,-0.8073756055294876,-0.20787913885021755,-0.29698380257084717,-0.2713001077641316
1.0,-0.3508296564505637,-0.8227665730499018,-0.22892837975941313,-0.30328817579004236,-0.26708393086149534
-2.0,-0.376196087662933,-0.7778246121903079,-0.2640477859474098,-0.39699449371047135,-0.41067805587273565
-1.0,-0.3169307518284898,-0.5639878991611078,-0.3564209046809167,-0.3353796039011581,-0.35938114176446284
1.0,-0.39251085569804633,-0.8363154600989745,-0.19732429961725534,-0.3580957487111002,-0.30623060118964274
2.0,-0.3983575483339101,-0.1491952106244372,-0.20938450985013732,-0.26282799723896144,-0.23895210056066996
0.0,-0.3983575483339101,-0.1491952106244372,-0.20361795267253713,-0.20464802522844536,-0.2112456341005777
1.0,-0.3983575483339101,-0.1491952106244372,-0.2220729336581524,-0.20484010696048927,-0.2749957446929233
-2.0,-0.3525815091190754,-0.32703470849217686,-0.29486244615695323,-0.2890548831122543,-0.31523101396036585
-1.0,-0.3678989801672818,-0.060303230998282886,-0.30417923667679614,-0.3102190580725172,-0.31320381626266797
1.0,-0.3983575483339101,-0.1491952106244372,-0.20160269941905498,-0.19908276680882614,-0.22359370864488393
2.0,-0.26779662740885074,-0.26327348982890836,-0.1431669923143583,-0.2128289336058191,-0.2167253950920398
0.0,-0.3049092912442517,-0.47697272455579265,-0.1803535231203585,-0.22064914042832515,-0.22175379252141467
1.0,-0.2540421600920335,-0.5285821695114992,-0.2220729336581524,-0.2088370698294343,-0.30809883504525487
-2.0,-0.25469477840663934,-0.40148906472494106,-0.2726852823218759,-0.26096043773245675,-0.25666105153307206
-1.0,-0.26484943366198976,-0.30440369929089267,-0.33147042761739975,-0.34895046015028924,-0.37940477300245884
1.0,-0.2540421600920335,-0.5285821695114992,-0.20160269941905498,-0.2030797296777712,-0.2436616171916319
2.0,-0.3950469493874118,-0.2687795731654744,-0.15845670265928452,-0.3767309367040403,-0.28337974173781744
0.0,-0.3570862365958693,-0.2170115000176321,-0.21651476886574508,-0.34684296394015945,-0.2399440169368073
1.0,-0.3950469493874118,-0.2687795731654744,-0.22179245856541185,-0.33910667915926646,-0.3047839963183573
-2.0,-0.3441058918980007,-0.18550157920146565,-0.26264856197239544,-0.2861241913814028,-0.2941083482292052
-1.0,-0.32422342620886024,-0.017794263740288883,-0.3343201762892467,-0.45262139848919997,-0.3356920569496128
1.0,-0.36245060784516947,-0.1146591178849056,-0.1923722649797807,-0.29051855995417203,-0.20643157373355853
2.0,-0.3347137280152529,-0.6826290384712622,-0.1431669923143583,-0.29959259716155406,-0.22598050426014582
0.0,-0.3347137280152529,-0.6826290384712622,-0.20830828837815818,-0.3337071148902686,-0.283464656986295
1.0,-0.34716217127654736,-0.5203107072009,-0.21501207865957067,-0.30736196152492445,-0.32160638096477817
-2.0,-0.33255426939058896,-0.6122880061661038,-0.26182656447475333,-0.44479983762636294,-0.34909475791574596
-1.0,-0.3424836889165658,-0.7378942506887124,-0.35289892444406223,-0.49816146679051676,-0.4445074744614716
1.0,-0.3226802409722789,-0.8053012481442264,-0.1867168215980175,-0.34256511954860547,-0.25650436093396217
2.0,-0.3116599715868304,-0.3958155587421929,-0.1359412649805865,-0.2163677919816938,-0.187521530972443
0.0,-0.3173496992093639,-0.3496371164582991,-0.21651476886574508,-0.24424315370470484,-0.2444534501833598
1.0,-0.32263157374023693,-0.44145210514794053,-0.2220729336581524,-0.19175073472473322,-0.1983822849326083
-2.0,-0.33252952151149323,-0.45107909129732987,-0.2640477859474098,-0.23866845777040274,-0.2630327943922553
-1.0,-0.32263157374023693,-0.44145210514794053,-0.3564209046809167,-0.3493317779188746,-0.3191106075078513
1.0,-0.32263157374023693,-0.44145210514794053,-0.20160269941905498,-0.1741478584789358,-0.16277458329800204
2.0,-0.4000232728552882,-0.392326079485501,-0.15845670265928452,-0.3374011918309039,-0.2831228928599585
0.0,-0.4010478921375007,-0.33854647303877045,-0.19943092202872617,-0.2134875376286859,-0.24735773378663728
1.0,-0.40234721944101065,-0.35642634753023267,-0.2484211512183669,-0.23928355771319781,-0.32074926281452554
-2.0,-0.4035288432426649,-0.3398417619183916,-0.2710000669241932,-0.309834595887932,-0.3174040153681089
-1.0,-0.42463300939906934,-0.3482340865821377,-0.33165896400914413,-0.38672209477412284,-0.33458589190973476
1.0,-0.4000232728552882,-0.392326079485501,-0.19999212504632746,-0.28975104335513024,-0.27106453297621763
2.0,-0.41757735246755023,-0.33850593877670687,-0.138717580082104,-0.3045941132384148,-0.12248131599259683
0.0,-0.4332326492534355,-0.5598273073440467,-0.20787913885021755,-0.34421772111172155,-0.24538301638730903
1.0,-0.41125845683419215,-0.6770000380915558,-0.22179245856541185,-0.28211781373225253,-0.3045271474404983
-2.0,-0.41125845683419215,-0.6770000380915558,-0.26182656447475333,-0.3561498377454657,-0.4052200984893695
-1.0,-0.40299411160737614,-0.4592583711838918,-0.33147042761739975,-0.39624494427533563,-0.37940477300245884
1.0,-0.41125845683419215,-0.6770000380915558,-0.19999212504632746,-0.27749119027229696,-0.27106453297621763
2.0,-0.3507988637897817,-0.3250166171808095,-0.15463741742174833,-0.2698473480961279,-0.2215326300164649
0.0,-0.37242122579937814,-0.5233370869199294,-0.19272794004732874,-0.2418974841495846,-0.18786479232821868
1.0,-0.3507988637897817,-0.3250166171808095,-0.21501207865957067,-0.24624805156473364,-0.25102984546981577
-2.0,-0.37265157525284537,-0.4876733142112378,-0.2710000669241932,-0.3609496208985404,-0.32990311792118976
-1.0,-0.38929585171491404,-0.5449975594415197,-0.30417923667679614,-0.3591256174685499,-0.3810936814537728
1.0,-0.3659651639470034,-0.5617778109633088,-0.1795171982873174,-0.22821779538615808,-0.19298774392861823
2.0,-0.3815784403340809,-0.48825510353238294,-0.20938450985013732,-0.27139930671031604,-0.24406601332516129
0.0,-0.3769131365606651,-0.3346428330368512,-0.19943092202872617,-0.2279690632673686,-0.23327382480506872
1.0,-0.35049185908306035,-0.16435115898087801,-0.24548292697634957,-0.22865111796857268,-0.33340261937171894
-2.0,-0.36581067051177363,-0.2695026913158205,-0.2710000669241932,-0.42778527507773156,-0.3174040153681089
-1.0,-0.3896925700951987,-0.029721877633004833,-0.36681571740157315,-0.3319238556851232,-0.4064546795490361
1.0,-0.4087584095665129,-0.21605107397247786,-0.1923722649797807,-0.23903751928295985,-0.19351534155702946
-2.0,-0.19405397437817343,-0.2889047459281179,-0.3018317421615512,-0.16668767762993794,-0.19248688198048716
-3.0,-0.2024190536542416,-0.20429068903900485,-0.22253903027566685,-0.017808167595307553,-0.0932420901726929
2.0,-0.2024190536542416,-0.20429068903900485,-0.14004624277617952,-0.022026014556154792,0.0007201841227011047
-1.0,-0.21096042598019363,-0.3819241942077912,-0.24985680771468144,-0.1405759619749306,-0.14751176694304982
-1.0,-0.2306414175435828,-0.3341182644679615,-0.2374620191532511,-0.12794800485804309,-0.19507564731941343
-2.0,-0.18312085834496655,0.0004234070128019546,-0.3018317421615512,-0.3461138933422187,-0.2668478469006715
2.0,-0.1805586538660833,-0.09479678331655916,-0.18430776595305673,-0.16921187295493276,-0.20720753446673504
-1.0,-0.1897048945679232,0.11049633051943915,-0.17277771897158478,-0.21959937662431941,-0.23899709394491872
-1.0,-0.18312085834496655,0.0004234070128019546,-0.24522506018965942,-0.2662221387636006,-0.23056668756829418
-1.0,-0.15755633083183687,0.190465717585312,-0.22672972000205724,-0.21794354232369256,-0.14372172130401104
-3.0,-0.15755633083183687,0.190465717585312,-0.11620691348621014,-0.22711632178402602,-0.14158731394240168
-2.0,-0.3887877462207781,-0.8582978048556764,-0.2660300402674524,-0.2733343330804785,-0.2402644535214673
-2.0,-0.36979131867247766,-0.45999088913276137,-0.27135195724122346,-0.22403869808410143,-0.3518499817977483
-2.0,-0.3792812548535868,-0.21813727883477566,-0.30174295805530643,-0.27157915636322144,-0.2974424665517059
1.0,-0.3887877462207781,-0.8582978048556764,-0.16561530051065826,-0.1935527403583187,-0.18693561714037155
-2.0,-0.4027042073162392,-0.28095767588535553,-0.2660300402674524,-0.2452658998260958,-0.2629201097600678
-2.0,-0.4027042073162392,-0.28095767588535553,-0.2991730096956843,-0.22923634147116648,-0.243443857174676
-2.0,-0.37887732416157616,0.041320613906688224,-0.33881817905973294,-0.2683513463770232,-0.27425298559536027
1.0,-0.3669675821696533,-0.03007594804922222,-0.1872842042142621,-0.19296039694427208,-0.15641118860392456
-3.0,-0.3826680779947758,-0.08155396844481082,-0.18486199032274822,-0.22446961038920285,-0.15609512454135507
-2.0,-0.3887618635537873,-0.2018617426917856,-0.2660300402674524,-0.30858547133287906,-0.32565826369795314
-3.0,-0.3837088014147062,-0.13164742854986478,-0.24139308805116852,-0.29801567414117464,-0.17067327318665806
2.0,-0.37188876019581313,-0.3836459847463598,-0.1918959447609546,-0.24446404233663652,-0.2079315936212086
-1.0,-0.37188876019581313,-0.3836459847463598,-0.24985680771468144,-0.2875141675479606,-0.2885179286228184
-1.0,-0.3595874326820041,-0.23581923767434892,-0.22672972000205724,-0.2454233725613792,-0.2459386596914407
-2.0,-0.3745598964430939,-0.25162476911768855,-0.2878884101709672,-0.36526316775746,-0.38860680455686936
2.0,-0.36891432747176095,-0.2874571142823573,-0.13014880221338307,-0.2827594548484386,-0.3020626642313491
-1.0,-0.3697469160598531,-0.286148174092938,-0.19095286434932152,-0.3335029141401317,-0.2809281999228048
-1.0,-0.3493796779453044,-0.44089154936862995,-0.24522506018965942,-0.35252722198931435,-0.27922629690168344
-1.0,-0.3493796779453044,-0.44089154936862995,-0.23967683339086931,-0.3505222050496687,-0.2694106650987683
-3.0,-0.36824002260107636,-0.23879870163374534,-0.19546028060579232,-0.32754237306179307,-0.34068872654605303
-3.0,-0.10652773584210404,-0.0346361657986153,-0.2655901417821611,-0.15281825577352132,-0.16430091412248504
-2.0,-0.11677968643771017,-0.17950933177306863,-0.2777648008884939,-0.19388787629929435,-0.1883045288434449
0.0,-0.11677968643771017,-0.17950933177306863,-0.21280826107145223,-0.1377252686741235,-0.16943154509960803
-2.0,-0.14759543474666975,-0.0043439276457387654,-0.3000318918843239,-0.17212002266958507,-0.14858150258993724
-2.0,-0.09035027146682569,0.12297512618155695,-0.33068617679962975,-0.16371663287475913,-0.18298749297969327
-1.0,-0.1339044001905526,0.005396429001325043,-0.21638355193971853,-0.16084587804883899,-0.08911129394925695
-2.0,-0.18019878798611919,0.36148696659772844,-0.2777648008884939,-0.13479729987825276,-0.1574906877273735
-2.0,-0.16493357551033166,-0.5992083806235232,-0.3000318918843239,-0.2825312312160773,-0.2658376265138564
-2.0,-0.16145080186062205,-0.29317672700608705,-0.36580630693048566,-0.35381144066366166,-0.2544429665388716
1.0,-0.20926646014328662,-0.5178170888803914,-0.20255406032662632,-0.2723396771125157,-0.22380930839949137
-2.0,-0.22927567392957351,0.19842561444921522,-0.2764038350487154,-0.18334522371384943,-0.15325551513997876
2.0,-0.2562152753487785,0.21174747367709798,-0.18430776595305673,-0.08389472820331177,-0.16577191431551355
-1.0,-0.2562152753487785,0.21174747367709798,-0.24098700268053105,-0.10231468259207953,-0.18718219985709666
-1.0,-0.215106288448119,-0.025877999521924978,-0.2232925886632927,-0.18274249837799714,-0.16618784182706828
-1.0,-0.1887717155001611,0.2512916973923855,-0.22672972000205724,-0.10372720879314636,-0.1317135839718821
-3.0,-0.19747439712961026,-0.08458188540655354,-0.22599849754955637,-0.1648780011601535,-0.09693641725512862
-2.0,-0.15981766223791596,0.412502902256246,-0.2947779748964718,-0.16534397464112868,-0.2163857883605855
-3.0,-0.15981766223791596,0.412502902256246,-0.2541757150136821,-0.12067855619468748,-0.16480384841927118
2.0,-0.16099047226026145,0.33290333780240056,-0.1511006242557314,-0.1316220311890515,-0.08432095201037976
-1.0,-0.15981766223791596,0.412502902256246,-0.24151806981048612,-0.13369869188231667,-0.16038314717206417
-1.0,-0.14689317331553942,0.1423262272322331,-0.2329032406304844,-0.1553492996731213,-0.11660583575337732
-2.0,-0.03212988834939781,0.17645709788906666,-0.2878884101709672,-0.2122841360102122,-0.19230520281064464
-3.0,-0.036037943365430064,0.22775934512877907,-0.26860116809176143,-0.12392580960574336,-0.1158344016765097
2.0,-0.05148036356884611,0.38629221473046804,-0.18430776595305673,-0.12785781638824711,-0.18124864868130314
-1.0,-0.04938079441438657,0.2900490165573646,-0.24816001264534496,-0.1683794790287779,-0.11595564376900344
-1.0,-0.053222574750139424,0.2481347150705729,-0.23529248016608473,-0.15639337291030228,-0.16124857306697835
-2.0,-0.074434384756193,0.11674159035010363,-0.3018317421615512,-0.17269516253054842,-0.19954209961089264
2.0,-0.055247106828567885,0.27622780155471166,-0.1918959447609546,-0.1204328971880189,-0.12800005963194655
-1.0,-0.0320303841524402,0.18783897742505856,-0.17277771897158478,-0.08280570443077488,-0.14052534371641348
-1.0,-0.055247106828567885,0.27622780155471166,-0.24985680771468144,-0.15384870027662775,-0.15630859041179657
-1.0,-0.07059235335125788,0.07270203999842949,-0.2374620191532511,-0.14070026525377358,-0.18801548402613666
-3.0,-0.055247106828567885,0.27622780155471166,-0.22599849754955637,-0.1517795621006044,-0.09942256855391408
-2.0,-0.06198273022334107,-0.05191542659567269,-0.3018317421615512,-0.22636352608274923,-0.17408951674825712
-3.0,-0.03610043539859081,-0.09829098406720752,-0.2841855283688218,-0.1960478617892924,-0.19786238645402626
2.0,-0.06198273022334107,-0.05191542659567269,-0.13162880980978447,-0.16569518386837304,-0.13814366239971462
-1.0,-0.024398481636539,0.014392855710309151,-0.24099502458004773,-0.2073006189909497,-0.2283533017931282
-1.0,-0.014710743971951655,-0.12040104148050565,-0.22672972000205724,-0.1806093492052597,-0.20349188335288815
-2.0,-0.22240383968125443,-0.07655034566845326,-0.3018317421615512,-0.284703233236871,-0.3122152340160438
-2.0,-0.2074159446938508,-0.14796356715005757,-0.27135195724122346,-0.28858640896145704,-0.3518499817977483
-2.0,-0.19662854536484248,-0.3989225121638546,-0.356654921516322,-0.3037702127754775,-0.3413034952636283
1.0,-0.20679329482132486,-0.24008850635478576,-0.15871169695034906,-0.17902429271242276,-0.20361875169219398
-3.0,-0.18907503153788394,-0.1409305068534657,-0.21618376487225643,-0.26659140995747316,-0.2390702202145432
-2.0,-0.21167009685923996,-0.37762777383011714,-0.3018317421615512,-0.29264106132871853,-0.22410718714033542
-3.0,-0.1959100570792987,-0.3146739286274872,-0.24139308805116852,-0.13822016104629106,-0.1339855679793261
2.0,-0.19514997923246008,-0.32778480354193934,-0.1624813360699387,-0.16957666022752785,-0.13068550288833544
-1.0,-0.1789691952320131,-0.27186206063358626,-0.24816001264534496,-0.23249427083607538,-0.15173485931071598
-1.0,-0.1959100570792987,-0.3146739286274872,-0.22964869419471412,-0.1394266962874887,-0.12823623129093045
-3.0,-0.12180674791209121,-0.4356397576364061,-0.2655901417821611,-0.28474090957731646,-0.28061631376710194
-2.0,-0.12180674791209121,-0.4356397576364061,-0.2947779748964718,-0.3048783060095117,-0.2790930474776099
0.0,-0.09423882695076756,-0.21267008360211648,-0.21280826107145223,-0.210881869276855,-0.2511135601642136
-2.0,-0.1453816722070049,-0.24412178111807167,-0.26760006179180024,-0.2833868157416304,-0.24714086537003233
-2.0,-0.17776707453411716,-0.28012850626551655,-0.34317177895521456,-0.29691284998460055,-0.34167276290460324
-1.0,-0.17776707453411716,-0.28012850626551655,-0.24816001264534496,-0.19479410260703564,-0.26668542173057336
-2.0,-0.07393594673058605,-1.155829867723934,-0.2777648008884939,-0.335440110961327,-0.3538770958915271
-2.0,-0.11378917994344806,-0.6470317770196826,-0.2551558452650244,-0.2961575220466641,-0.2059977222108154
-2.0,-0.14584089099044972,-0.979886023188029,-0.36580630693048566,-0.33748383762156764,-0.4242876067418368
1.0,-0.11378917994344806,-0.6470317770196826,-0.1496355650421401,-0.1583766553526457,-0.18074192811319564
-2.0,-0.301383802061479,0.08640167174291224,-0.2831905527564183,-0.22204926283409115,-0.24098034059940648
-3.0,-0.31512739340281826,-0.0006145071964799298,-0.22253903027566685,-0.18618063347499506,-0.17102259713888573
2.0,-0.29107647580075674,0.13923157283258505,-0.1918959447609546,-0.16488462473292673,-0.12900800645228927
-1.0,-0.31048301133956463,0.03481749209013005,-0.24381273734621897,-0.20550488538850617,-0.19102895348509752
-1.0,-0.29789887681566973,-0.023236297728763528,-0.22657703976211072,-0.2568670360388403,-0.25564434822449283
-2.0,-0.29380519189914184,-0.4524026799478894,-0.3018317421615512,-0.4423803898413856,-0.46283541108380216
-2.0,-0.31946261788104174,-0.4273232390039686,-0.27339276436484655,-0.33751138417634274,-0.3536901447078119
-2.0,-0.3092698567362249,-0.3378893582968883,-0.37306918533592287,-0.3674557464675024,-0.3680123260398123
1.0,-0.32293419611838287,-0.4478713255712674,-0.15871169695034906,-0.23683468941691865,-0.24663905605036235
-3.0,-0.2823500627595964,-0.3369587901714903,-0.1821459341466714,-0.3537354589856419,-0.3792055689096179
-2.0,-0.2900145224138019,-0.3064220314288199,-0.2831905527564183,-0.3169523006224017,-0.2893401765631937
-3.0,-0.33089803932851,-0.32986979592216065,-0.2891626716356574,-0.26204271432192644,-0.21904660400051407
2.0,-0.3058852971833605,-0.4888397212671254,-0.1624813360699387,-0.21489025510028728,-0.22395762626970933
-1.0,-0.3036900312989867,-0.34101953303231064,-0.23468574019084687,-0.31515791013987476,-0.19558454009161289
-1.0,-0.3058852971833605,-0.4888397212671254,-0.2329032406304844,-0.2908636539322377,-0.26754629315457257
-2.0,-0.2598390818213125,-0.5551397682482782,-0.2947779748964718,-0.3050030738698446,-0.27866692974037105
2.0,-0.284802576193073,-0.553373534415674,-0.1918959447609546,-0.243160568632459,-0.18843058342459595
-1.0,-0.2986197454956755,-0.5698655543120781,-0.24098700268053105,-0.26630110717057276,-0.2891753210784761
-1.0,-0.25295678414368616,-0.38620301676262414,-0.23468574019084687,-0.23903235643083764,-0.19469820514575983
-1.0,-0.2986197454956755,-0.5698655543120781,-0.2374620191532511,-0.274585215294185,-0.29065710736978717
-3.0,-0.25295678414368616,-0.38620301676262414,-0.11620691348621014,-0.24616840902351617,-0.18058343656907086
-3.0,-0.1684692679845337,-0.3132175357516031,-0.2571394597013759,-0.21066749813870156,-0.1967930078698444
-2.0,-0.14643488381852657,-0.07374093636179133,-0.2777648008884939,-0.20613788070646752,-0.2241758976516857
0.0,-0.15181289161584963,-0.2835083048833529,-0.20250012209001111,-0.20823602580681497,-0.23696104845208016
-2.0,-0.15181289161584963,-0.2835083048833529,-0.271132664449793,-0.20113240848808586,-0.25948425808926534
-2.0,-0.15337460012304377,-0.31371284837937036,-0.37306918533592287,-0.3058721648544097,-0.3287250969136024
-1.0,-0.14966665192468706,-0.16398315872825708,-0.24151806981048612,-0.2202238503709287,-0.26564150278305176
-2.0,-0.14581176569157134,-0.36182750634586386,-0.2660300402674524,-0.17426753626542718,-0.12317431959505376
-2.0,-0.15023635846245362,-0.45827070884199056,-0.27339276436484655,-0.15073512661208663,-0.1937537376594165
-2.0,-0.1436318005427108,-0.4004260219213105,-0.33881817905973294,-0.2574847313535091,-0.25029694106696954
1.0,-0.1436318005427108,-0.4004260219213105,-0.18302943157434956,-0.171540903648988,-0.1477650346477951
-3.0,-0.14331413199970872,-0.4498395271617884,-0.19546028060579232,-0.18666673115502183,-0.3576441423956294
-2.0,-0.147641561686887,-0.43308123659758874,-0.2764038350487154,-0.1833617436073365,-0.2151457066679984
-3.0,-0.1022582912098034,-0.24866231399062005,-0.23721885025444625,-0.15390434343967838,-0.1845142846984847
2.0,-0.147641561686887,-0.43308123659758874,-0.18179208044540437,-0.15809166476015252,-0.15853275204316203
-1.0,-0.15367932468295806,-0.39220370029009255,-0.23468574019084687,-0.20939406070503422,-0.15509262829392914
-1.0,-0.1387855302623003,-0.16168148813554328,-0.21575028837179158,-0.14656905623842903,-0.16541682055889068
-2.0,-0.27237049194717194,-0.26944076413923157,-0.2660300402674524,-0.19345556644967501,-0.32565826369795314
-3.0,-0.2829298369687783,-0.3711322610671006,-0.23721885025444625,-0.1881960529031373,-0.21942731159878562
2.0,-0.27237049194717194,-0.26944076413923157,-0.13014880221338307,-0.19444838554402524,-0.24738432625930626
-1.0,-0.2805412890984078,-0.3022115795698465,-0.24381273734621897,-0.27502065792943725,-0.27267304586981767
-1.0,-0.23168427254877608,-0.325189208387364,-0.22964869419471412,-0.22382666887999214,-0.2614126476495306
-2.0,-0.2796085825451014,0.13505086052508594,-0.2814625828616203,-0.21968285105550991,-0.21007641018505588
-2.0,-0.2796085825451014,0.13505086052508594,-0.3000318918843239,-0.19043372873994,-0.151776266550914
-2.0,-0.2714571832636825,-0.20897155572802617,-0.42011208545577544,-0.3792435206678429,-0.3772582827375477
1.0,-0.22551512750530056,0.13402237222873253,-0.15871169695034906,-0.19512225385466955,-0.13999598123840193
-3.0,-0.2714571832636825,-0.20897155572802617,-0.175606711637665,-0.22971857390219208,-0.20843688723981624
-2.0,-0.1931964666746532,-0.10326587299309266,-0.2720784074652971,-0.23041763285029906,-0.14992466858465453
-2.0,-0.1933946798316534,0.026096579139698643,-0.26760006179180024,-0.17275613174826668,-0.20356421484087617
-2.0,-0.21741834535418333,-0.09616294104095653,-0.3637910354311915,-0.31483161762997064,-0.2654943840871725
1.0,-0.24337020726239048,-0.11828146991928855,-0.16561530051065826,-0.1800469652138174,-0.1537849193911519
-3.0,-0.1931964666746532,-0.10326587299309266,-0.19546028060579232,-0.19348195071182842,-0.1265989407380223
-2.0,-0.23786496910491858,-0.5265111083774798,-0.2831905527564183,-0.26993501658225805,-0.2893401765631937
2.0,-0.22047076967347617,-0.38952125203214394,-0.1511006242557314,-0.26094402488750645,-0.25202544540602007
-1.0,-0.2423064665976896,-0.2783376734501346,-0.19806139624606778,-0.2183594390933937,-0.24784475639136433
-1.0,-0.1948824717976352,-0.3913901205661269,-0.2399222464802018,-0.2299270233326073,-0.18973007285918675
-1.0,-0.22047076967347617,-0.38952125203214394,-0.22657703976211072,-0.28137085698403597,-0.2534884676127814
-3.0,-0.2423064665976896,-0.2783376734501346,-0.16532502816577346,-0.21594946547623012,-0.22065303996963978
-2.0,-0.3232290298477945,-0.10656054542954956,-0.2660300402674524,-0.24883216007622985,-0.2692618733848947
2.0,-0.3354764554363847,-0.2274880808194089,-0.15023283137137325,-0.19568838729787527,-0.15352288964596322
-1.0,-0.3088667998799819,-0.14139801252577475,-0.19876715166927728,-0.20830294438956506,-0.19484502008563925
-1.0,-0.3088667998799819,-0.14139801252577475,-0.24985680771468144,-0.23146916825349328,-0.24145467567417028
-1.0,-0.2610733011069158,-0.2656922481989729,-0.2374620191532511,-0.2257621577515324,-0.1872398943226455
-3.0,-0.3148261123761971,-0.12575313417853762,-0.21618376487225643,-0.23474846128051008,-0.2390702202145432
-3.0,-0.3542991527278327,-0.5755154308625714,-0.26427300790628716,-0.3376813859152222,-0.2683562682243509
-2.0,-0.3379868031305086,-0.4456740969644544,-0.2814625828616203,-0.33035785645438165,-0.2834850865626056
0.0,-0.3083867431049599,-0.5858983406353685,-0.19585832815224227,-0.21960585834240373,-0.25984594283872703
-2.0,-0.33182309104547625,-0.41688535233347795,-0.28065258688585376,-0.27579794786746425,-0.2913152280766868
-2.0,-0.3603510993931513,-0.42104097826298026,-0.30174295805530643,-0.3437709994718176,-0.3213831534363938
-1.0,-0.3603510993931513,-0.42104097826298026,-0.24099502458004773,-0.2855662896207055,-0.27825982204374106
-3.0,-0.36733119084647403,-0.5280404001253232,-0.2655901417821611,-0.21328891959098947,-0.17796892402602432
-2.0,-0.40737168954601577,-0.4948786215313071,-0.2831905527564183,-0.2455001558064333,-0.24098034059940648
0.0,-0.39226976839899413,-0.6746213100856466,-0.19490999046172539,-0.1560836369613447,-0.2101998946375596
-2.0,-0.39226976839899413,-0.6746213100856466,-0.26760006179180024,-0.17383524318521615,-0.26737023568146373
-2.0,-0.39226976839899413,-0.6746213100856466,-0.37306918533592287,-0.2453041435180441,-0.3287250969136024
-1.0,-0.35266451512783326,-0.36541871026774286,-0.2232925886632927,-0.18594676583127054,-0.15802537271450834
-2.0,-0.3612748337532036,-0.2304753418763245,-0.2814625828616203,-0.2353107814473428,-0.21963033067740417
2.0,-0.3702574968386831,-0.2568871167778885,-0.1918959447609546,-0.1995435183237183,-0.15173461694103624
-1.0,-0.35943702277249573,0.021493985036381422,-0.20526901445357576,-0.21388492637623757,-0.12758494970897222
-1.0,-0.3740458713941724,-0.1952701139053476,-0.24381273734621897,-0.23019667540656663,-0.18638440169068585
-1.0,-0.35943702277249573,0.021493985036381422,-0.21740700490437315,-0.23531436838299555,-0.089371952260314
-3.0,-0.35229182758081273,-0.20476220696207514,-0.1761912616294939,-0.21918504902650685,-0.1991253000328542
-3.0,-0.35851970695302543,-0.23083056064320878,-0.26520805486860993,-0.28029138785352925,-0.16904510451503682
-2.0,-0.34295745740525585,-0.3884850830869491,-0.2878884101709672,-0.27964435963868367,-0.30988377392990485
0.0,-0.3661709768490078,-0.21036603997918396,-0.21280826107145223,-0.23787538395782795,-0.25220501044786786
-2.0,-0.3426114604058136,-0.13597010466357845,-0.2991730096956843,-0.20804234045655648,-0.19004711967215515
-2.0,-0.35851970695302543,-0.23083056064320878,-0.356654921516322,-0.310987795564172,-0.30273771416815914
-1.0,-0.36041933366722256,-0.3046435453124088,-0.24816001264534496,-0.2586419828478853,-0.2625643808856346
-2.0,-0.31667736903144716,-0.21747646279736896,-0.2831905527564183,-0.22754423416443037,-0.24098034059940648
2.0,-0.3254920547127214,-0.38154391731254844,-0.14004624277617952,-0.18789176239870048,-0.14388237615624386
-1.0,-0.3363363576540542,-0.10685204299180073,-0.19419540433089996,-0.23635473561484507,-0.24507623990420832
-1.0,-0.33702071789111954,-0.09495531570042483,-0.24522506018965942,-0.21629848058886444,-0.23424995280699779
-1.0,-0.3254920547127214,-0.38154391731254844,-0.22672972000205724,-0.21026662241062943,-0.19317142493684616
-3.0,-0.343153684820633,-0.18173528540046452,-0.1821459341466714,-0.2417684067447771,-0.2680371400858713
-3.0,-0.2596975630766337,-0.49437681034905906,-0.2776920315380296,-0.3353549262708037,-0.25903095272624543
-2.0,-0.2666301885065554,-0.3348710156600353,-0.2831905527564183,-0.3280956527853624,-0.2893401765631937
0.0,-0.2843867484921179,-0.592133968523896,-0.19490999046172539,-0.24419577556849414,-0.2324512495915434
-2.0,-0.2988872543801864,-0.6861047731738521,-0.2991730096956843,-0.4186889540911174,-0.29923184724387614
-2.0,-0.2775831530437434,-0.5226495047286318,-0.33881817905973294,-0.31051729477921886,-0.3804564967168228
-1.0,-0.2775831530437434,-0.5226495047286318,-0.24985680771468144,-0.34334841504009633,-0.2896093789064727
-2.0,-0.2361981752238784,0.3950871049356455,-0.2947779748964718,-0.1580492519172431,-0.2163857883605855
-3.0,-0.2517265839576969,0.2256452981311391,-0.26860116809176143,-0.16584947060485153,-0.10584875185189839
2.0,-0.23839703128594777,0.24931964845480747,-0.1918959447609546,-0.12377482709323824,-0.12986452451487823
-1.0,-0.2571423655527092,0.08253095405175762,-0.24381273734621897,-0.13989486677279897,-0.16395089175696678
-1.0,-0.2361981752238784,0.3950871049356455,-0.23796562086806436,-0.14944696994521942,-0.14814422920935047
-2.0,-0.2626534868405173,-0.03204415578276194,-0.2731076803257064,-0.2330951934443461,-0.18851601847882854
2.0,-0.24162943586910943,-0.05236001927856953,-0.13162880980978447,-0.19165768754591692,-0.14429352770569182
-1.0,-0.24162943586910943,-0.05236001927856953,-0.15311663946890325,-0.19334623184615898,-0.17458531399528124
-1.0,-0.27339671605691235,-0.10039974765740542,-0.24099502458004773,-0.20950990681401924,-0.1549439270990941
-1.0,-0.2586899611057089,-0.041193853277781925,-0.22672972000205724,-0.20689657707762357,-0.13938683978436764
-3.0,-0.2677512451479243,-0.041642144369728615,-0.16532502816577346,-0.24490534178890191,-0.22721686429395782
-2.0,-0.27350514275303495,-0.1723285431208125,-0.2831905527564183,-0.23638957227439258,-0.24098034059940648
-3.0,-0.23104471458721831,-0.05322458108331432,-0.23721885025444625,-0.182899724923243,-0.1845142846984847
2.0,-0.230212153838501,-0.09317512879799167,-0.18430776595305673,-0.19445044162756614,-0.16760084277454565
-1.0,-0.2779028531420982,-0.17527382404925274,-0.21638355193971853,-0.2447265271802462,-0.2331206478972084
-1.0,-0.26377353515941926,-0.003331279190345149,-0.22657703976211072,-0.22625424328126426,-0.25564434822449283
-2.0,-0.2195077601133504,0.460988572560574,-0.2947779748964718,-0.19423019648586579,-0.19728373692406792
2.0,-0.22182224665906186,0.29357323149577386,-0.1624813360699387,-0.1297625545886925,-0.12613837281118678
-1.0,-0.21264977807021873,0.12962323021502878,-0.24098700268053105,-0.18403243908745434,-0.19721391081074718
-1.0,-0.2195077601133504,0.460988572560574,-0.24151806981048612,-0.164456237993489,-0.1412810957355466
-1.0,-0.2493035328925769,0.3721754700855428,-0.23529248016608473,-0.14128397493681422,-0.13981490631109444
-3.0,-0.21359099197008674,0.04384253020218972,-0.21618376487225643,-0.21668302303016992,-0.09635074401070082
-3.0,-0.16669220750919192,-0.486224657177857,-0.27239731437886594,-0.2888578479273659,-0.2703083788438414
-2.0,-0.14443810241060628,-0.34531435362276486,-0.2947779748964718,-0.26979216455214705,-0.2583471364225616
0.0,-0.17045218286717034,-0.4139843149516034,-0.19490999046172539,-0.20423096454335227,-0.22409910891469212
-2.0,-0.16669220750919192,-0.486224657177857,-0.3000318918843239,-0.2894284117725807,-0.2640497827857803
-2.0,-0.14443810241060628,-0.34531435362276486,-0.3577960048679714,-0.34437642837960414,-0.2936670923912663
-1.0,-0.17586275690542547,-0.35484119901531963,-0.24381273734621897,-0.2051332377512859,-0.2687784772768222
-2.0,-0.2722278080319542,-0.20116510231084575,-0.2764038350487154,-0.33200800869293756,-0.39524357628298035
-2.0,-0.26406256236848735,-0.3812726771065275,-0.271132664449793,-0.3065094506362507,-0.2605587749899687
-2.0,-0.26406256236848735,-0.3812726771065275,-0.36580630693048566,-0.3258484410436088,-0.42065999817287525
1.0,-0.2722278080319542,-0.20116510231084575,-0.20255406032662632,-0.26037001147989114,-0.2790740584798346
-3.0,-0.259682145560009,-0.301035866809567,-0.16532502816577346,-0.29814004469387306,-0.29813919170043346
-2.0,-0.22559081975345507,-0.16734548344244987,-0.2660300402674524,-0.21541142162965435,-0.1994746140068136
-2.0,-0.19868276779279767,-0.32630074503731105,-0.271132664449793,-0.14190927557180832,-0.1681782873782586
-2.0,-0.23113017385450335,-0.19400580073265988,-0.30174295805530643,-0.2837645103687929,-0.2974424665517059
1.0,-0.2224361301329577,-0.2895674278515808,-0.20255406032662632,-0.1991542489090229,-0.1639287661052166
-3.0,-0.22578957700576913,-0.3162265729200927,-0.21618376487225643,-0.2251753868413235,-0.23317391166018525
-2.0,-0.23825761175743698,-0.22772733346219914,-0.2878884101709672,-0.19069484066975684,-0.17817631660552338
2.0,-0.27896277095582495,-0.26166174899189343,-0.15023283137137325,-0.1381487572812953,-0.11972339068666879
-1.0,-0.2739097057163388,-0.2950120489636218,-0.24098700268053105,-0.16850853407044827,-0.17933558424243648
-1.0,-0.23438412119777846,-0.31793401187184855,-0.24099502458004773,-0.13952432889251226,-0.1549439270990941
-1.0,-0.23825761175743698,-0.22772733346219914,-0.22672972000205724,-0.16021854947610312,-0.159413188173476
-3.0,-0.2829212802611916,-0.28772219798107973,-0.16532502816577346,-0.16998636150624485,-0.09375621191414053
-3.0,-0.26542999752968705,-0.5638731776665784,-0.26520805486860993,-0.3382780981720691,-0.15506917832596565
-2.0,-0.26542999752968705,-0.5638731776665784,-0.2731076803257064,-0.33053308715803154,-0.18851601847882854
0.0,-0.24729864992508932,-0.3072309806211317,-0.2045204666484389,-0.2272186654133081,-0.1666158380199552
-2.0,-0.26542999752968705,-0.5638731776665784,-0.30144520061300856,-0.3291013285998965,-0.21034286558007914
-2.0,-0.251778790992726,-0.3399441446883579,-0.33068617679962975,-0.3582891155694185,-0.3083746542060179
-1.0,-0.23487664216855023,-0.2653781278014186,-0.24381273734621897,-0.2106996487642033,-0.2057974597876526
-2.0,-0.355020053440636,-0.15038369636451934,-0.2831905527564183,-0.1978613238254608,-0.22828186088205984
-2.0,-0.35436996628020845,-0.054944772287507125,-0.30144520061300856,-0.22531722151378514,-0.20600980603945152
-2.0,-0.3409789782444513,-0.009801710877051874,-0.3637910354311915,-0.29323084877807615,-0.30539863784263566
1.0,-0.3699037234474212,-0.019569102046699996,-0.18302943157434956,-0.1828373850913673,-0.11161692634141804
-3.0,-0.355020053440636,-0.15038369636451934,-0.18486199032274822,-0.20891258324031844,-0.14195543412488712
-2.0,-0.1507137321721516,0.3243037316176703,-0.2878884101709672,-0.23599309469446994,-0.19348755562869668
-2.0,-0.18583560448305458,0.5729199038718206,-0.3000318918843239,-0.2153948082214106,-0.22794441816822106
-2.0,-0.19357206412408617,-0.19336159005295325,-0.42011208545577544,-0.38045297119112603,-0.3698035649514928
1.0,-0.14282442641144324,0.2847067132859807,-0.18814330480605948,-0.19396596344904862,-0.12210937733428931
-2.0,-0.19170386315501012,-0.34158334819064334,-0.3018317421615512,-0.31359354230458786,-0.32261063675500923
-2.0,-0.17417160693921574,-0.24459050428322057,-0.30144520061300856,-0.2758881175740913,-0.2783628043874666
-2.0,-0.13468834582512992,-0.3401405806069388,-0.36580630693048566,-0.2543642127798537,-0.4231608962202379
1.0,-0.18678923574694736,-0.2828765427025741,-0.192469797872912,-0.19250482493927834,-0.2096161988477375
-3.0,-0.19170386315501012,-0.34158334819064334,-0.175606711637665,-0.30372973478078097,-0.2591958373555267
-2.0,-0.17825219055657426,-0.5080024548336385,-0.2831905527564183,-0.28168055949643955,-0.2893401765631937
-3.0,-0.16234731947058267,-0.2781159283477484,-0.22253903027566685,-0.23855278391412144,-0.22158324055048245
2.0,-0.16234731947058267,-0.2781159283477484,-0.14004624277617952,-0.17397164760348083,-0.19630915970576324
-1.0,-0.17825219055657426,-0.5080024548336385,-0.24099502458004773,-0.2593371355980324,-0.27825982204374106
-1.0,-0.20855653360951829,-0.3126655546717313,-0.22657703976211072,-0.21525561307887903,-0.26123190750503184
-2.0,-0.15523801259581238,0.17933250350983765,-0.2777648008884939,-0.19598803892486402,-0.2338703077482898
-2.0,-0.11696858688236683,0.5019209469615414,-0.271132664449793,-0.19156651843579225,-0.2047335709519035
-2.0,-0.14392943908625783,-0.1371917680429525,-0.37306918533592287,-0.3100502892931583,-0.3253737413034379
1.0,-0.13295276767678374,0.24389081736803606,-0.20255406032662632,-0.1469186548870369,-0.15834207788675458
-2.0,-0.1887207095879463,-0.27765499595952087,-0.2764038350487154,-0.23126072310864076,-0.23824435977248226
-2.0,-0.19651198014392798,-0.23376168000066297,-0.25830003429565634,-0.16013225426319858,-0.1273590591849906
-2.0,-0.18337256161053575,-0.40122883033922857,-0.33068617679962975,-0.28132585356264955,-0.31185434498024495
1.0,-0.18337256161053575,-0.40122883033922857,-0.16561530051065826,-0.19476917622563064,-0.18928561912603498
-3.0,-0.21434539622801463,-0.3740402921604724,-0.175606711637665,-0.29233183980807165,-0.25702863118508457
-2.0,-0.29819864928654094,-0.696283354248033,-0.2777648008884939,-0.25307757115711754,-0.19129043925278574
-3.0,-0.33630507619383354,-0.7219376356436153,-0.23721885025444625,-0.2388478823101891,-0.21954753564852642
2.0,-0.31283517423367435,-0.7702491545628483,-0.14004624277617952,-0.20934011979791897,-0.2279397541789577
-1.0,-0.26409890693673105,-0.4336644025231208,-0.21638355193971853,-0.1856461024541584,-0.2331206478972084
-1.0,-0.28305998357621237,-0.7846780290269202,-0.2374620191532511,-0.24948545356089974,-0.29065710736978717
-2.0,-0.2485990512707636,-0.4051463533700125,-0.2764038350487154,-0.2536857224767395,-0.2713245708715341
-3.0,-0.264429652810543,-0.3774738593291792,-0.22253903027566685,-0.19711114978323235,-0.20787190827821633
2.0,-0.27484305370675566,-0.5350893828361607,-0.18430776595305673,-0.22653319729855795,-0.25099862960367697
-1.0,-0.27484305370675566,-0.5350893828361607,-0.2399222464802018,-0.33867967270644894,-0.3030892809787917
-1.0,-0.23699485907063594,-0.3266669328359864,-0.2329032406304844,-0.1892598968987972,-0.18952931189471786
-2.0,-0.24661594454586383,0.5044468057822595,-0.3018317421615512,-0.20090401906426525,-0.17871738115775634
2.0,-0.2648177627691764,0.7522591850537577,-0.1624813360699387,-0.14070468304731107,-0.12373744409869583
-1.0,-0.2319967517767795,0.6081506693169649,-0.19806139624606778,-0.15854480578188823,-0.11453806857141847
-1.0,-0.250839722948633,0.2363746567869499,-0.24985680771468144,-0.20473307978764166,-0.1817203666260463
-1.0,-0.250839722948633,0.2363746567869499,-0.23529248016608473,-0.1962646782382602,-0.17402350599409092
-3.0,-0.2648177627691764,0.7522591850537577,-0.19546028060579232,-0.15014747704446488,-0.11632751989632395
-2.0,-0.30504446182842915,-0.9240327196553432,-0.2731076803257064,-0.3545643645409018,-0.3678602036260912
-2.0,-0.31695768322942797,-0.9672414516107048,-0.2991730096956843,-0.3275100056154301,-0.3010868450087176
-2.0,-0.31695768322942797,-0.9672414516107048,-0.33068617679962975,-0.3663031302396116,-0.3596496472683363
1.0,-0.30504446182842915,-0.9240327196553432,-0.18955400948733758,-0.24529815313926268,-0.23965920705238725
-3.0,-0.3044965632834317,-0.9953709755781113,-0.1821459341466714,-0.36040534335523616,-0.3792055689096179
-2.0,-0.32525867150487753,-0.5263000085969789,-0.3018317421615512,-0.33683013363709335,-0.41362582831830186
-3.0,-0.32525867150487753,-0.5263000085969789,-0.23721885025444625,-0.25544287209457406,-0.32445165564436645
2.0,-0.29201889877510717,-0.610114617565949,-0.15023283137137325,-0.2520659112663604,-0.17349493284868955
-1.0,-0.29397142298288526,-0.6951107449816935,-0.2232925886632927,-0.3006830325776666,-0.2715720323879879
-1.0,-0.32525867150487753,-0.5263000085969789,-0.23967683339086931,-0.26466359372408066,-0.31210892391318157
-2.0,-0.29194158613551385,-0.16719305301270268,-0.2831905527564183,-0.2579894981277418,-0.2893401765631937
2.0,-0.33428983512445504,-0.08713039122907389,-0.13162880980978447,-0.24082062531940368,-0.20779995961003678
-1.0,-0.2856208023605339,-0.1714163739228562,-0.24098700268053105,-0.2181613317543291,-0.26830396180443516
-1.0,-0.33428983512445504,-0.08713039122907389,-0.24522506018965942,-0.27038506785013194,-0.27099810033316013
-1.0,-0.3153901413215325,-0.06378271607441316,-0.22672972000205724,-0.1956721427619066,-0.19821226392709046
-3.0,-0.3039712367502342,-0.2883102197292809,-0.1821459341466714,-0.25374150878307417,-0.30823717336771755
-3.0,-0.30882995807143987,-0.3468005543180689,-0.2565418988096861,-0.31163909259738615,-0.3264168770468279
-2.0,-0.28436983429181656,-0.42206520120847657,-0.2731076803257064,-0.34507599348817064,-0.3540698109740247
0.0,-0.2583963476547265,-0.24047767844066126,-0.2045204666484389,-0.22305685658162483,-0.1912258438252188
-2.0,-0.3080723139546204,-0.4259959793350513,-0.3000318918843239,-0.3110687804559738,-0.2902773693183823
-2.0,-0.31119279576003445,-0.4646919252192931,-0.42011208545577544,-0.4326299698295002,-0.3701021272770709
-1.0,-0.30130574715626435,-0.2583596344131043,-0.24151806981048612,-0.2978644072800744,-0.31607625020380875
-3.0,-0.4042579973858272,0.4593750853258345,-0.23694142608123045,-0.23681308200654738,-0.1287390199125791
-2.0,-0.41710133843940295,0.057246251953006644,-0.2777648008884939,-0.3248450460978778,-0.2416675172665382
0.0,-0.41710133843940295,0.057246251953006644,-0.21280826107145223,-0.198303575414997,-0.20246036491951558
-2.0,-0.4042579973858272,0.4593750853258345,-0.271132664449793,-0.22575721117464456,-0.14597186635031903
-2.0,-0.41444131703167103,-0.04086999311636244,-0.30174295805530643,-0.40350199862971037,-0.35879444531792676
-1.0,-0.41444131703167103,-0.04086999311636244,-0.24099502458004773,-0.31278009727693,-0.2775813141358891
-2.0,-0.29142550532117867,-0.44710811603958556,-0.2777648008884939,-0.35766700652442657,-0.41912533868730384
-2.0,-0.2899474597692092,-0.5937323812004679,-0.25830003429565634,-0.3286217743569795,-0.31203495209303617
-2.0,-0.2899474597692092,-0.5937323812004679,-0.30174295805530643,-0.36593410538060994,-0.4625442281070492
1.0,-0.27632569146515024,-0.7222254838178029,-0.16561530051065826,-0.2737952109237498,-0.3229597829521273
-2.0,-0.3433629358567079,-0.4158114846400753,-0.2764038350487154,-0.3086498981451271,-0.2713245708715341
-2.0,-0.31683914697540755,0.01794748450340014,-0.28065258688585376,-0.2499774146596999,-0.2913152280766868
-2.0,-0.31615778616540513,0.4254116249488828,-0.30174295805530643,-0.2576313967797523,-0.11241899393885264
1.0,-0.3151879043992517,0.04715953164394312,-0.18814330480605948,-0.187112732949053,-0.11653754476549426
-2.0,-0.3027385304713771,-0.37639300750844723,-0.2720784074652971,-0.25979030539885517,-0.34768367216388724
2.0,-0.2699506495007137,-0.4159526877534886,-0.14004624277617952,-0.1853807649617179,-0.1741075348627623
-1.0,-0.2897475895363918,-0.29285159194843946,-0.15311663946890325,-0.180204091483814,-0.23337559307082015
-1.0,-0.28426229111379503,-0.4230386256562427,-0.24151806981048612,-0.23509268183157997,-0.28025809982093913
-1.0,-0.2897475895363918,-0.29285159194843946,-0.23967683339086931,-0.2167297505052978,-0.23776255273556496
-3.0,-0.2706005913910834,-0.43239735947932056,-0.22599849754955637,-0.2352040202597643,-0.43453529872741514
-3.0,-0.273652022844063,-0.27931232739293277,-0.2571394597013759,-0.3102454252127964,-0.27368032615942667
-2.0,-0.2945411594505976,-0.2211030527460661,-0.2814625828616203,-0.3619586798488829,-0.33938414623767876
0.0,-0.2620317308889365,-0.3144441484332375,-0.19490999046172539,-0.2599014422744438,-0.2294783716965713
-2.0,-0.2671504214996838,-0.17434215748347207,-0.30144520061300856,-0.21366700655083185,-0.26697090483169994
-2.0,-0.273652022844063,-0.27931232739293277,-0.3637910354311915,-0.41262459712134303,-0.3818138227213047
-1.0,-0.26615539154891377,-0.21529036808036572,-0.2232925886632927,-0.3138707655362823,-0.2516477458966907
-3.0,-0.2982332550878341,-0.3657118853765602,-0.2565418988096861,-0.2622930782598804,-0.35539654379361046
-2.0,-0.3087016996748702,-0.41691393241912433,-0.2831905527564183,-0.3031966553328174,-0.28866166865534176
0.0,-0.2901087315271662,-0.4394111975278161,-0.19490999046172539,-0.24763787398433346,-0.22409910891469212
-2.0,-0.2982332550878341,-0.3657118853765602,-0.27135195724122346,-0.2134402880679334,-0.3518499817977483
-2.0,-0.2961137663278105,-0.43324371674329765,-0.3637910354311915,-0.33389687720612765,-0.3818138227213047
-1.0,-0.2982332550878341,-0.3657118853765602,-0.24985680771468144,-0.2686985341412516,-0.295051450578617
-2.0,-0.262890295054831,-0.6371849810374235,-0.3018317421615512,-0.35926063485526494,-0.34928860399609196
-2.0,-0.2615087810678693,-0.5655390868179464,-0.2551558452650244,-0.2669246987693715,-0.24173572602501103
-2.0,-0.2702938514406997,-0.5812915361993964,-0.34317177895521456,-0.3784728103404093,-0.4004549416024402
1.0,-0.2767880579168613,-0.5632778019171946,-0.15871169695034906,-0.23453668366719838,-0.20361875169219398
-3.0,-0.2587179131054688,-0.5291972604836259,-0.11620691348621014,-0.26945884181398116,-0.27308179197443944
-2.0,-0.35787224724281297,-0.11385064605226508,-0.2720784074652971,-0.3976342875794927,-0.4146567870403021
2.0,-0.35921988656743586,-0.3305635597819333,-0.1511006242557314,-0.2803854749132503,-0.2504234800337676
-1.0,-0.3458140631364547,-0.26933808464148107,-0.15311663946890325,-0.371199410563568,-0.2312963100417656
-1.0,-0.35585261191758666,-0.13755334824989213,-0.2232925886632927,-0.3842279277808284,-0.3018476719064377
-1.0,-0.35787224724281297,-0.11385064605226508,-0.2329032406304844,-0.32993825554534023,-0.31172775531487795
-3.0,-0.3566034999705733,-0.23376523558143578,-0.1761912616294939,-0.2953422874565561,-0.3706463595007056
-3.0,-0.35530140569814395,-0.1958735602792806,-0.2776920315380296,-0.33429940935613334,-0.25367742497830187
-2.0,-0.37647403736625906,-0.23729782191685583,-0.2777648008884939,-0.3341233965109695,-0.2416675172665382
0.0,-0.35530140569814395,-0.1958735602792806,-0.20357934010128648,-0.1941787605054334,-0.21747784858086747
-2.0,-0.40420454086975716,-0.2819904516182671,-0.2551558452650244,-0.33425018826304265,-0.22833280346136564
-2.0,-0.37135873072766035,-0.03795553240094112,-0.37306918533592287,-0.39109536719755483,-0.32375322669609824
-1.0,-0.3990438306464494,-0.14807331603517437,-0.2232925886632927,-0.3099766388597419,-0.23160348465827937
-3.0,-0.35261387611842326,0.12900880994549363,-0.26427300790628716,-0.22888633329371658,-0.2683562682243509
-2.0,-0.3434836889380704,0.05073022703540127,-0.2777648008884939,-0.17283757203652717,-0.2338703077482898
0.0,-0.3557532246418459,-0.013256498290269106,-0.2045204666484389,-0.2185495608177331,-0.21924144031394088
-2.0,-0.35001166826070335,0.04440311140406138,-0.30144520061300856,-0.2003052049159236,-0.26697090483169994
-2.0,-0.3557532246418459,-0.013256498290269106,-0.3637910354311915,-0.33379788248228914,-0.35862879340758136
-1.0,-0.3503067504243585,0.1917815739231749,-0.23468574019084687,-0.2152463286458032,-0.16182630332824272
-2.0,-0.3269972854351588,-0.7084587396820893,-0.2831905527564183,-0.2389881024457439,-0.35486878912769376
-2.0,-0.34889918064278014,-0.7057140707680826,-0.2551558452650244,-0.20181198128770894,-0.3358848367186732
-2.0,-0.34130163851955636,-0.777397728545397,-0.36580630693048566,-0.3888924244229132,-0.49939870402737924
1.0,-0.34889918064278014,-0.7057140707680826,-0.1496355650421401,-0.24669425438165254,-0.25755090395358726
-2.0,-0.3586114678234883,-0.16256972780211518,-0.2764038350487154,-0.3275957440726333,-0.2713245708715341
-2.0,-0.3552182792906562,-0.3374163566366335,-0.26760006179180024,-0.27093250972886257,-0.25936386597048794
-2.0,-0.3494955544537028,-0.4256136212846643,-0.33068617679962975,-0.45324607440557185,-0.4695233576283712
1.0,-0.3386003898192166,-0.4330504571331772,-0.18814330480605948,-0.27489264361829246,-0.2483163890926084
-3.0,-0.3469560921592485,-0.5070753920416874,-0.22599849754955637,-0.35807874459043465,-0.4439319915510081
-2.0,-0.31151029419812176,-0.34997087519295356,-0.3018317421615512,-0.29992549817327835,-0.2668478469006715
-2.0,-0.3305691694102247,-0.5013617913584694,-0.271132664449793,-0.2575192269229351,-0.2499615828534765
-2.0,-0.32339541013398587,-0.0938976509129867,-0.30174295805530643,-0.2795444848770775,-0.2858458058000438
1.0,-0.31443049982854865,-0.4903061700467362,-0.17964484542255446,-0.22657609397747513,-0.23841464834010123
-2.0,-0.40541782095239187,-0.06639850376525422,-0.2660300402674524,-0.2621646115553705,-0.1994746140068136
-2.0,-0.3936451445823906,0.14824087641780162,-0.2551558452650244,-0.1469276801192363,-0.16551529548650787
-2.0,-0.4040735962343904,0.12576413332951727,-0.33881817905973294,-0.24261500371297892,-0.24321347668858206
1.0,-0.36566185551032965,-0.003982982499920809,-0.1872842042142621,-0.22493422625069825,-0.2007319762886943
-3.0,-0.39765992976136505,0.08992906591533759,-0.19546028060579232,-0.2143275786945143,-0.18115091614046527
-2.0,-0.38867862757981736,-0.803058936964927,-0.2947779748964718,-0.34237465474019346,-0.3703799411954849
-2.0,-0.4403113591472395,-0.5772692324596651,-0.27339276436484655,-0.2935926943357253,-0.37391605603917516
-2.0,-0.3705585687070599,-0.06898872969846986,-0.37306918533592287,-0.32185719765729665,-0.3287250969136024
1.0,-0.4130656589730962,-0.6754646478178631,-0.15871169695034906,-0.26901896129865643,-0.23346283719014976
-2.0,-0.43262510638941726,-0.07557244291096343,-0.2660300402674524,-0.37473608504282174,-0.318725231980678
-2.0,-0.4161157523588478,-0.061606800508207084,-0.27135195724122346,-0.3298739720158657,-0.3518499817977483
-2.0,-0.40975921457479436,-0.03490765461247549,-0.34317177895521456,-0.3772406800631356,-0.3921850883691797
1.0,-0.4528169088142196,-0.23986129739241854,-0.20255406032662632,-0.2756409205485056,-0.28720693304131584
-3.0,-0.40975921457479436,-0.03490765461247549,-0.21618376487225643,-0.3148519844661275,-0.326130858438317
-3.0,-0.33482559621821273,-0.2928277952400952,-0.2565418988096861,-0.3494959958134971,-0.3264168770468279
-2.0,-0.34114511632417416,-0.20855082706110784,-0.2878884101709672,-0.33500449524873105,-0.39056737179759726
0.0,-0.362862092115242,-0.43941350032848564,-0.2045204666484389,-0.27129864041967977,-0.2849877449280745
-2.0,-0.372896767241832,-0.5144160333397229,-0.30144520061300856,-0.3583826715583884,-0.332140137999393
-2.0,-0.33482559621821273,-0.2928277952400952,-0.33881817905973294,-0.3955966828287186,-0.38419284241246743
-1.0,-0.3512026545765021,-0.2623394262731996,-0.2232925886632927,-0.3171323624857924,-0.3058750925194956
-2.0,-0.28353898844011893,-0.7840179414745592,-0.2777648008884939,-0.30726850123700106,-0.3373159277167242
-2.0,-0.2705088313450307,-0.4161711964317703,-0.2991730096956843,-0.29632285637885736,-0.29327053987619833
-2.0,-0.260197470329856,-0.3915487305819294,-0.30174295805530643,-0.3380695281575242,-0.2829429484401956
1.0,-0.28353898844011893,-0.7840179414745592,-0.18302943157434956,-0.1969223096549598,-0.24155708173970108
-3.0,-0.27302949380623215,-0.40359651782949446,-0.175606711637665,-0.3431603576642255,-0.25702863118508457
-2.0,-0.3755890284078678,-0.4920801684559784,-0.2947779748964718,-0.3404123104823734,-0.3703799411954849
-2.0,-0.3537065905278553,-0.43859646020004595,-0.27339276436484655,-0.30449552261814494,-0.3468032610334304
-2.0,-0.3755890284078678,-0.4920801684559784,-0.3577960048679714,-0.4090341631494559,-0.39500979169505934
1.0,-0.37241789153384625,-0.39387182786470176,-0.192469797872912,-0.22831327947460794,-0.2717128744888223
-3.0,-0.36283345303155373,-0.25954285869731336,-0.11620691348621014,-0.37617857836008245,-0.27308179197443944
-2.0,-0.4550720284558647,-0.48867137835960794,-0.2731076803257064,-0.3323224007255371,-0.3743117223090835
-3.0,-0.4556530977907247,-0.7708893136045432,-0.24354000244887974,-0.3346189773311238,-0.34049719900058095
2.0,-0.4610007355220056,-0.9536787224225163,-0.13014880221338307,-0.3090398735617424,-0.3282795506326046
-1.0,-0.42621351818775116,-0.7866706975551523,-0.23468574019084687,-0.3014785267039849,-0.28929747201599254
-1.0,-0.4550720284558647,-0.48867137835960794,-0.2374620191532511,-0.26276914417011005,-0.29989948756661594
-1.0,-0.2810250196632048,-0.14075739970255857,-0.21379527563560524,-0.17822310457201085,-0.21331587651533937
0.0,-0.30753733909544434,-0.28081711070471854,-0.2263600575688837,-0.1835032447433346,-0.1634311798457194
-2.0,-0.2810250196632048,-0.14075739970255857,-0.22668214364821113,-0.23527877137394113,-0.21518866534950074
1.0,-0.3101640698754532,-0.20512331735930056,-0.1442705459495474,-0.14497467742851908,-0.11672957892410263
-1.0,-0.31969991885049853,-0.30340791655457533,-0.3534973063192613,-0.3592563737833124,-0.24431803787289308
1.0,-0.29701473407821155,0.013888217876900056,-0.16249305487455043,-0.11640590472286812,-0.12131566580550696
1.0,-0.19979876656142798,-0.3155009098428633,-0.21255478424172478,-0.14295852617170687,-0.1675157174540232
-1.0,-0.18959286937400963,-0.30068561309858904,-0.2061793997182219,-0.1681039564539433,-0.09476408423685541
-2.0,-0.18079212812669992,-0.22149987783236122,-0.32700553929439957,-0.3063727436181349,-0.26234840166261914
-1.0,-0.19271556963107472,-0.13962833128744645,-0.26160479802368364,-0.2512599280973869,-0.1597886935997276
1.0,-0.16424729756284395,-0.3496782053788147,-0.1545044892813285,-0.11595531916783551,-0.12356580126246676
-2.0,-0.19271556963107472,-0.13962833128744645,-0.29429020986789906,-0.31919921222103265,-0.18169458699825322
-1.0,-0.2814831436961987,-0.38671465949222467,-0.20042197016901245,-0.3635792687470789,-0.25072439423548115
0.0,-0.28356210253922337,-0.38683666528715377,-0.19332729031982201,-0.28882901314925297,-0.2936950544606641
-2.0,-0.2804358196142515,-0.3932839067566231,-0.21947608541727812,-0.31659340157170984,-0.3214889723592587
1.0,-0.28842599459066465,-0.6310566920789005,-0.14474221899669334,-0.3029726315990236,-0.2312279948805657
-1.0,-0.28050233506885575,-0.33971058921512104,-0.3264286155117077,-0.4483269168568055,-0.31561300520252883
1.0,-0.28842599459066465,-0.6310566920789005,-0.16258960568892425,-0.3029726315990236,-0.21179548448279076
1.0,-0.2235020144474774,0.24011591997077775,-0.3012114945689972,-0.21137833258953936,-0.2002162007312115
-1.0,-0.2235020144474774,0.24011591997077775,-0.2139703485953076,-0.15859978351443477,-0.11419886910735733
-2.0,-0.20853386403004906,0.4342213987900044,-0.32700553929439957,-0.17165122768900223,-0.05457194595000688
-1.0,-0.19946825909518462,0.5048491084493306,-0.2678761455854332,-0.04745974500513709,-0.23155488215143016
1.0,-0.2480426064019103,0.33524972713834067,-0.16247496094438005,-0.039128567621820924,-0.12696055081042087
-2.0,-0.17963562442446313,0.39440712936963856,-0.33309824697878476,-0.2904841654976552,-0.1980289523859967
-1.0,-0.3558388655232507,-0.20351664014226067,-0.21379527563560524,-0.36025993332609596,-0.2559899152552129
0.0,-0.36477855227956935,-0.10542076851196773,-0.2012469377570829,-0.2219151907716421,-0.29721979362473205
-2.0,-0.355839009285719,0.004638784651399275,-0.24575449470200408,-0.3006492981653572,-0.24169843421133444
1.0,-0.3517057177627174,-0.18687287266208968,-0.16956251887507973,-0.2837650934703687,-0.23730224623079435
-1.0,-0.3558388655232507,-0.20351664014226067,-0.3255732868871514,-0.3487859641474524,-0.3020981131364531
1.0,-0.355839009285719,0.004638784651399275,-0.1545044892813285,-0.2190397687106649,-0.2010356352299334
-1.0,-0.11119696865321115,-0.027799492208526337,-0.21379527563560524,-0.25031672360783497,-0.2401389053854727
0.0,-0.15453983682277278,-0.1449810742783823,-0.19332729031982201,-0.2462898703572228,-0.21742840792718152
-2.0,-0.13371077299583,-0.1939713007000629,-0.2548725326814986,-0.27996716232707225,-0.31591275910804795
1.0,-0.13511334019834054,-0.16147538838056247,-0.13913523970736183,-0.2730425919305209,-0.21737883598038596
-1.0,-0.13371077299583,-0.1939713007000629,-0.3534973063192613,-0.38766590343802315,-0.39371798834277116
1.0,-0.10889827397528772,-0.21120181366459745,-0.16249305487455043,-0.27405125605636604,-0.1926278096892316
1.0,-0.13805472955375706,0.346940911987723,-0.28027917513562806,-0.27290465408241094,-0.2469125715382746
-2.0,-0.12163779133057216,0.004378038554582371,-0.2480529553655951,-0.2233039971460623,-0.24982506320168182
-1.0,-0.13000688773846766,0.1986792977634241,-0.2678761455854332,-0.18959309929550702,-0.2735218731949368
1.0,-0.10917305367574234,0.5041479212027932,-0.16249305487455043,-0.14000411885653388,-0.12131566580550696
1.0,-0.06940192417638637,0.5022459252333616,-0.3012114945689972,-0.1875489265735923,-0.1377719271936206
-1.0,-0.12833429759845036,0.38119123206989236,-0.19891700650255284,-0.08066874144296943,-0.015183191650314553
-2.0,-0.13261414851559392,0.47291519069927535,-0.40069153659641615,-0.13633810966101653,-0.3250919042349984
-1.0,-0.10741564137965198,0.3427677683741255,-0.281349953087429,-0.23124865022013483,-0.2720584445009892
1.0,-0.10741564137965198,0.3427677683741255,-0.15212861802042416,-0.15347794656930377,-0.11578270944678436
-2.0,-0.09847790466643848,0.41329158158102963,-0.32056495230766563,-0.21202576931135786,-0.23159227312660607
1.0,-0.20909405633822437,0.0292768953231059,-0.2987378691430001,-0.20510800486765324,-0.2662245978925985
-1.0,-0.25060593632563294,-0.2099174078545246,-0.2139703485953076,-0.2303683261987262,-0.27699528520117217
-2.0,-0.23186674148243844,-0.1932342062169971,-0.32627395666593906,-0.3715673157018043,-0.43512077178194536
-1.0,-0.2366067623636967,-0.19737419737176537,-0.28014650016060083,-0.3043618953335526,-0.34403329849978487
1.0,-0.22469625125979406,-0.14024956604391633,-0.16247496094438005,-0.2281915810003582,-0.19026090071818758
-2.0,-0.24394656685349203,-0.15657992716844188,-0.2879437857579627,-0.3045998497368354,-0.27012797422414714
1.0,-0.187476632679685,-0.014357771401289559,-0.29141280790586316,-0.26548762553568744,-0.3116903465618779
-1.0,-0.1540582645338431,-0.13691334013153134,-0.2061793997182219,-0.22689883811516817,-0.09648537842420025
-2.0,-0.1840559765980807,0.058856692894112175,-0.3630576596637389,-0.22559465077248236,-0.41899711742591167
-1.0,-0.1905003726333794,-0.09736527125705834,-0.2724351018049922,-0.2361550334861328,-0.22800640508331815
1.0,-0.1982451423842722,0.038909382383519445,-0.1545044892813285,-0.17759736766645218,-0.13666933756889854
-2.0,-0.19772602162869976,-0.01904063113708008,-0.32056495230766563,-0.2940814121203371,-0.2920694155340871
-1.0,-0.06460754399559636,-0.03978850116187851,-0.21379527563560524,-0.11865751600082142,-0.16055462010490357
0.0,-0.05328229532447673,-0.03506608913014007,-0.20810021869225234,-0.11168953887347066,-0.06991245748884323
-2.0,-0.04461248046842011,-0.10706252780091162,-0.21947608541727812,-0.13819049173807169,-0.14895358710712628
1.0,-0.047277734802594854,0.018730306914223074,-0.13913523970736183,-0.03739894254567413,-0.11026299595707208
-1.0,-0.04461248046842011,-0.10706252780091162,-0.34732893098639916,-0.1658036374653657,-0.14384431300877504
1.0,-0.047277734802594854,0.018730306914223074,-0.16129380132457638,-0.08265125976377191,-0.10425646232198375
1.0,-0.07304305936885776,-0.2902885119263765,-0.25147968232626966,-0.22030879579261242,-0.20949695428708895
-1.0,-0.06825419423622388,-0.2809100505507553,-0.20042197016901245,-0.1876276927219687,-0.10718772810334853
-2.0,-0.058384303057531284,-0.33654467376324215,-0.40069153659641615,-0.26995863927295716,-0.42045932570417643
-1.0,-0.07304305936885776,-0.2902885119263765,-0.281349953087429,-0.22943928138681866,-0.2677235629813458
1.0,-0.10471736024272982,-0.40778809491930124,-0.1545044892813285,-0.15132624764956967,-0.08434051974833096
-2.0,-0.06825419423622388,-0.2809100505507553,-0.29429020986789906,-0.2261490666002644,-0.1909926030170993
-1.0,-0.1761297450546663,-0.05307733089766434,-0.21379527563560524,-0.16578036803569215,-0.17015829395550433
0.0,-0.17343721691501082,0.0011927317698374352,-0.21828398482097025,-0.171978789486035,-0.18180233442335078
-2.0,-0.16069274769845787,0.18196860121063374,-0.24045872402806676,-0.16899929914988454,-0.1072519024509431
1.0,-0.1761297450546663,-0.05307733089766434,-0.15162621129342282,-0.1444888619560478,-0.1330125430707769
-1.0,-0.18264803773864333,0.1170601050203683,-0.2951201227565771,-0.2670980336523377,-0.17803534989999206
1.0,-0.16069274769845787,0.18196860121063374,-0.16249305487455043,-0.15453961136126715,-0.12131566580550696
1.0,-0.17954120034525553,-1.6976313551725304,-0.2476532781188981,-0.19875726967912904,-0.22191328533712978
-1.0,-0.1501506883496128,-1.4363899682567012,-0.1841972023051524,-0.15127603061995254,-0.12843250935459907
-2.0,-0.15161469087837967,-0.900366021504402,-0.32700553929439957,-0.3782908994871245,-0.3345668445181491
-1.0,-0.17167300553927423,-1.7531381502783119,-0.28014650016060083,-0.2878365830522538,-0.30260572776823297
1.0,-0.17250863579718814,-2.1349774824021304,-0.17680265112490764,-0.1727444975854852,-0.18732856759485014
-2.0,-0.17250863579718814,-2.1349774824021304,-0.3506478939354202,-0.4113704393919072,-0.3705327649533783
1.0,-0.07282054905043998,0.026991872414147033,-0.25941942224075953,-0.21304275080990653,-0.15183854566793936
-2.0,-0.05036909333012198,-0.3030726496419666,-0.24278357481786517,-0.19747869149000177,-0.1491803006772861
-1.0,-0.035254934185727685,-0.26884988449971553,-0.281349953087429,-0.2830314027705933,-0.29767254732076476
1.0,-0.0631990957096596,-0.28867506391341,-0.16129380132457638,-0.18467339767437876,-0.20308380281332766
-1.0,-0.07485600268959713,-0.5562147756969781,-0.19706956774408807,-0.19431356537730898,-0.16796017275575148
0.0,-0.05856287819818569,-0.5942398977292171,-0.2012469377570829,-0.1883106627877096,-0.12497325353197661
-2.0,-0.05843307736749292,-0.45186320578205635,-0.23359681542224295,-0.17328363197787794,-0.19225899224152834
1.0,-0.07510193582203932,-0.5123527152267056,-0.15162621129342282,-0.19122932328453007,-0.13569616555741792
-1.0,-0.08729385551031486,-0.4191301073191639,-0.2951201227565771,-0.2980228429834023,-0.2853125455311967
1.0,-0.06254158427702333,-0.372503529583296,-0.15212861802042416,-0.1325934540783765,-0.1285304285402445
1.0,-0.1400072955994868,-0.3130160483324071,-0.2476532781188981,-0.21613191210478017,-0.21551708031739755
-1.0,-0.10675788206024618,-0.27492484186416993,-0.2139703485953076,-0.20416635220357215,-0.22686728206634865
-2.0,-0.13949120540449614,-0.5536835585928831,-0.32700553929439957,-0.2953154905946606,-0.3091285019551462
-1.0,-0.10675788206024618,-0.27492484186416993,-0.2559826427900909,-0.2503420175073805,-0.2610933058450687
1.0,-0.13949120540449614,-0.5536835585928831,-0.15212861802042416,-0.1897733680623641,-0.11055412178844307
-2.0,-0.1087619167441519,-0.30785824806158546,-0.3204153265470978,-0.32517611942856733,-0.27842719601033133
1.0,-0.14432512453722243,-0.06589047860437638,-0.28271822502072835,-0.2148505569348955,-0.24616676932740103
-1.0,-0.16782400765226124,-0.1800551351825444,-0.21379527563560524,-0.2504742103386721,-0.2045515233627847
-2.0,-0.13650634304282044,-0.20168837239008863,-0.38093161638720263,-0.3847542590130118,-0.35152734898226795
-1.0,-0.12617545374515943,-0.19847829949366372,-0.2559826427900909,-0.22692443487459532,-0.25761361507084163
1.0,-0.15160362431403945,-0.33941698717202357,-0.16988593523851564,-0.17708577211615292,-0.1761986512600511
-2.0,-0.14432512453722243,-0.06589047860437638,-0.3506478939354202,-0.37719861699339785,-0.36874492122530206
-1.0,-0.11996923385858395,-0.1944701803289099,-0.2139703485953076,-0.2159980740420372,-0.22007254819069053
0.0,-0.14938947204849787,-0.13473236020664583,-0.1889058517202643,-0.13461749058284134,-0.13057638515737036
-2.0,-0.13882743895030691,-0.03182399482156921,-0.22816682612731085,-0.22176726156375365,-0.19182801945180508
1.0,-0.14674211958630376,-0.1079442425239024,-0.16956251887507973,-0.1439707616541501,-0.10479044324037248
-1.0,-0.1535916816021393,-0.1278720256110745,-0.3530006979130169,-0.3617165120912233,-0.22827294778939788
1.0,-0.10007500112184291,-0.002238592154992615,-0.16193595593699564,-0.1074298331625778,-0.08940071807354823
-1.0,-0.0920599259687674,0.5880547579385899,-0.20042197016901245,-0.19812226406011502,-0.10718772810334853
0.0,-0.08780285716288998,0.8633447889296744,-0.1889058517202643,-0.12586726255463093,-0.14988924715251295
-2.0,-0.05650027552693391,0.7167575513631336,-0.21947608541727812,-0.2238419906021754,-0.19346487821484576
1.0,-0.07867599032881117,0.5106819607427145,-0.14447712447473404,-0.14679224883423841,-0.1434400600930693
-1.0,-0.08780285716288998,0.8633447889296744,-0.34532796788826964,-0.2570395780854279,-0.22207857124378882
1.0,-0.09774203071235564,-0.10923616960441833,-0.16988593523851564,-0.1466457431773162,-0.22100707421469828
1.0,-0.08313692683817028,-0.20867441869945758,-0.29141280790586316,-0.20930895556059836,-0.22443498599303333
-1.0,-0.08484885436961041,-0.3375749034309238,-0.20913465962257557,-0.22637987894237818,-0.22144186581584344
-2.0,-0.08484885436961041,-0.3375749034309238,-0.37212800983703953,-0.34935801686591145,-0.4173248363584104
-1.0,-0.09022897433230151,-0.40995967253134424,-0.2678761455854332,-0.27951331328261797,-0.3190123490471282
1.0,-0.05396402665165542,-0.2633874333646503,-0.14133934025127687,-0.12725232021551328,-0.17887217013653187
-2.0,-0.046440467027594336,-0.3092331234063724,-0.3204153265470978,-0.3928687228658215,-0.31715836602401515
1.0,-0.11847008077111515,-0.45329418595647375,-0.21255478424172478,-0.28514249119869073,-0.2338717760828184
-1.0,-0.14020438174751168,-0.528863321393385,-0.19794210814065175,-0.3002820822264183,-0.2880555997339183
-2.0,-0.12418492615022632,-0.44021644317148584,-0.3147036712554256,-0.4445316185336376,-0.4271167383124386
-1.0,-0.12982800277353726,-0.4187145224051937,-0.252323278076233,-0.3315134345216032,-0.2741548445338316
1.0,-0.1498640086057754,-0.5714406338630511,-0.16988593523851564,-0.2468537044430823,-0.23515055187291634
-2.0,-0.17276583157109737,-0.48110594947596175,-0.30217391497335433,-0.4282334220178572,-0.38741466311193545
1.0,-0.18729724201268189,-0.13440312192060852,-0.2987378691430001,-0.21272565365837706,-0.2627708036879761
-1.0,-0.11808225662391449,-0.023650911754689818,-0.1885380103460241,-0.1875651843163022,-0.22256766236501932
-2.0,-0.14814406764342025,-0.09015348086039549,-0.3630576596637389,-0.4064772205009175,-0.3908415883912791
-1.0,-0.18729724201268189,-0.13440312192060852,-0.22965309523974123,-0.21776754159373352,-0.2922651431312106
1.0,-0.18729724201268189,-0.13440312192060852,-0.16258960568892425,-0.1655138065993627,-0.16442519298594946
-2.0,-0.17061154744268778,-0.043482502804753305,-0.32257181190702505,-0.3176145048209761,-0.32024999765630147
-1.0,-0.2831140050473732,-0.6260124587556726,-0.2061793997182219,-0.350184796374947,-0.2575413325970813
0.0,-0.2347633165820476,-0.36652832531590585,-0.1889058517202643,-0.2564947963910468,-0.2501934749819011
-2.0,-0.2831140050473732,-0.6260124587556726,-0.25638983290422956,-0.3481520039783237,-0.3255706472288211
1.0,-0.2679332596995927,-0.4233362181920589,-0.13913523970736183,-0.32316553795533304,-0.23183053198581288
-1.0,-0.2513468096019703,-0.27381063250183313,-0.32195000976108196,-0.43798724740142175,-0.4718168806495018
1.0,-0.24638971816586078,-0.48950084986092063,-0.16247496094438005,-0.2784771682538024,-0.20383378285628698
-1.0,-0.2978988768156697,-0.29847880348071787,-0.2061793997182219,-0.29124666143549244,-0.25036062029484857
0.0,-0.31048301133956463,-0.29238056460771605,-0.18804364328830683,-0.24774747516499646,-0.2573867864276527
-2.0,-0.2978988768156697,-0.29847880348071787,-0.25638983290422956,-0.3040351315882362,-0.2299664913108824
1.0,-0.2660501509403819,-0.20135689300517254,-0.15162621129342282,-0.2640567109875952,-0.13990623839381608
-1.0,-0.2660501509403819,-0.20135689300517254,-0.3255732868871514,-0.42053838681183314,-0.2405415185181549
1.0,-0.27356231395633296,-0.40199503617125937,-0.16988593523851564,-0.3002875440548726,-0.24402873716449527
1.0,-0.2552255459145218,-0.5755351536932235,-0.25147968232626966,-0.21328880444735865,-0.3201691895419472
-1.0,-0.2419678261534687,-0.4058460499550877,-0.20042197016901245,-0.2468616481553976,-0.24648421828163278
-2.0,-0.2419678261534687,-0.4058460499550877,-0.3389262014930341,-0.4033171117153784,-0.45570141695647365
-1.0,-0.24694190287685056,-0.5111495347157511,-0.2724351018049922,-0.3999076039527406,-0.3738998462584138
1.0,-0.27288599014694676,-0.2763436547607413,-0.16249305487455043,-0.17627923432019213,-0.16647675011861948
-2.0,-0.21738322592417608,-0.29167654751742755,-0.32056495230766563,-0.4897469902540898,-0.2920694155340871
1.0,-0.5998433123796,-0.5053020986156308,-0.2476532781188981,-0.5150432909976183,-0.35702176479023906
-2.0,-0.6330651583537488,0.22490502423763772,-0.2016894862228765,-0.49851815256344945,-0.34678844103885237
-1.0,-0.566963139548091,0.21691452452085289,-0.281349953087429,-0.396344395409795,-0.332209078419778
1.0,-0.5828232887563611,-0.34458486690317064,-0.17680265112490764,-0.32977792969728503,-0.2446543659001092
-1.0,-0.1685041410084232,-0.32110830208507224,-0.1885380103460241,-0.15531770851536444,-0.05868624117200172
0.0,-0.1876540314378023,-0.3502998428177468,-0.21267982457341564,-0.13449217062257,-0.11077685252147633
-2.0,-0.18140101206786766,-0.43110180850212326,-0.2548725326814986,-0.21695159337918668,-0.16950173121063306
1.0,-0.18244465535074275,-0.4866780833819201,-0.14337237485192478,-0.16177799861323125,-0.11567940640120625
-1.0,-0.1685041410084232,-0.32110830208507224,-0.34532796788826964,-0.3179212022509857,-0.17568721857340572
1.0,-0.19165498278655893,-0.44471960647055725,-0.17680265112490764,-0.10419499654511574,-0.010137737990699058
1.0,-0.193223686459773,-0.11896001307434473,-0.28271822502072835,-0.29396511766735706,-0.2479546130554773
-2.0,-0.16294510491765987,0.09647667489929139,-0.2244513590468897,-0.1829582939721229,-0.2707509482941934
-1.0,-0.18455735781559704,0.12068387737097015,-0.2724351018049922,-0.27050022174744653,-0.30169949036096844
1.0,-0.1554315703465677,0.057037883123015255,-0.16258960568892425,-0.1792124693529803,-0.15309257261864495
-1.0,-0.159466575396511,0.2180036249647915,-0.19891700650255284,-0.12455854061802414,-0.21870834640155368
0.0,-0.1531532618136819,0.02949961017799931,-0.19332729031982201,-0.10938911645230635,-0.17939758576085807
-2.0,-0.159466575396511,0.2180036249647915,-0.21947608541727812,-0.13462945612601185,-0.2149798603915946
1.0,-0.12986425266713475,-0.09668414123371169,-0.14661947509396717,-0.18172883933410822,-0.12911234028896465
-1.0,-0.1510325112045783,-0.21557721127941934,-0.34532796788826964,-0.2416496300878071,-0.39058855937318654
1.0,-0.159466575396511,0.2180036249647915,-0.16193595593699564,-0.12248888060792956,-0.16492391856370786
1.0,-0.14132153092517713,-0.16834196304536225,-0.3012114945689972,-0.2985823448461404,-0.2613365413599987
-1.0,-0.12899081497536097,-0.15691159032722832,-0.21379527563560524,-0.2752004083760822,-0.2045515233627847
-2.0,-0.17007323541269723,-0.18992343958132765,-0.40069153659641615,-0.21363501715053046,-0.36455783043686885
-1.0,-0.11096424245161485,0.0048394578371811475,-0.2724351018049922,-0.277713518980906,-0.30169949036096844
1.0,-0.1449521828335407,0.07624583700583681,-0.16129380132457638,-0.1895375642401429,-0.09094430647062049
-2.0,-0.16347492469927663,-0.10950375086705848,-0.3204153265470978,-0.2760695899005662,-0.29432314449648905
-1.0,-0.14048699272565404,0.1176200053455901,-0.19794210814065175,-0.13100934065852152,-0.14626568635733442
0.0,-0.13776051504226525,0.18121052275968805,-0.1889058517202643,-0.12922300332001424,-0.14988924715251295
-2.0,-0.16610556068106652,-0.025517930316428815,-0.2548725326814986,-0.1689424157671455,-0.16950173121063306
1.0,-0.13776051504226525,0.18121052275968805,-0.13415896767638172,-0.07863085484701837,-0.12503797438145822
-1.0,-0.13035047744540254,0.15067071357298215,-0.36705454440182006,-0.1147054337011106,-0.269580655515486
1.0,-0.13035047744540254,0.15067071357298215,-0.16249305487455043,-0.13451064551424657,-0.08702279150291432
1.0,-0.08095712085440522,-0.24883368655385157,-0.21255478424172478,-0.18228332769592354,-0.10407287233521262
-1.0,-0.13658650645148065,-0.5765858681931518,-0.20042197016901245,-0.27145617959236695,-0.24648421828163278
-2.0,-0.1142998758568875,-0.42827290244554767,-0.32700553929439957,-0.23970957663632145,-0.3067822836235999
-1.0,-0.09678335773166481,-0.36758022862362916,-0.22965309523974123,-0.13486234422614232,-0.12970876533243253
1.0,-0.09297967881174349,-0.47213083505002185,-0.16249305487455043,-0.23207302798356202,-0.15308515960720612
-2.0,-0.10492285891975449,-0.5073652946339642,-0.2879437857579627,-0.2714292180844104,-0.3305665717614631
1.0,-0.1210153433085641,-0.2494115117910487,-0.3012114945689972,-0.24067451798266085,-0.2002162007312115
-1.0,-0.1210153433085641,-0.2494115117910487,-0.2139703485953076,-0.14436915888043061,-0.11419886910735733
-2.0,-0.10064280766171661,0.29951862163445053,-0.38093161638720263,-0.2685073708064574,-0.2995918646418444
-1.0,-0.1131968442325575,0.15514578813216257,-0.265041381229761,-0.16833971826439004,-0.05710224567494271
1.0,-0.10064280766171661,0.29951862163445053,-0.14133934025127687,-0.1073445923780993,-0.13752075870519995
-2.0,-0.10064280766171661,0.29951862163445053,-0.32056495230766563,-0.30324517657003963,-0.2710167887934269
1.0,-0.0730475991057502,-0.6656597790489016,-0.28027917513562806,-0.24654079605099688,-0.2696886115713229
-1.0,-0.08737234590233435,-0.4029299826606133,-0.1841972023051524,-0.1558491007162991,-0.245752742419237
-2.0,-0.07415706523936004,-0.4810426635222008,-0.32700553929439957,-0.3071349581109791,-0.26234840166261914
-1.0,-0.07892664995358188,-0.4921498382536315,-0.2678761455854332,-0.19965759597217514,-0.2829215374982833
1.0,-0.07415706523936004,-0.4810426635222008,-0.15212861802042416,-0.14508924204794957,-0.11578270944678436
-2.0,-0.08727864484714878,-0.5836939709903237,-0.32473523786481595,-0.35484887422511124,-0.3810581962721058
1.0,-0.219609446939338,-0.14277091958982205,-0.23694404591211538,-0.23031771278012675,-0.21340136650544073
-1.0,-0.2199933653403916,-0.5749149080809464,-0.2061793997182219,-0.17784847417274455,-0.25036062029484857
-2.0,-0.22049592696262338,-0.21616912143149342,-0.3630576596637389,-0.2258278487679885,-0.41899711742591167
-1.0,-0.20203409676918718,-0.16432215566099861,-0.28014650016060083,-0.21563616205365868,-0.20254449604095992
1.0,-0.19913906729104844,-0.24298890828304928,-0.16129380132457638,-0.24212927771452003,-0.09651613903941557
-2.0,-0.2199933653403916,-0.5749149080809464,-0.3506478939354202,-0.34474402263776416,-0.3705327649533783
-1.0,-0.42979321597071096,-0.4026414216929511,-0.2139703485953076,-0.31584306895100966,-0.27699528520117217
0.0,-0.43219707627286463,-0.4079358639651892,-0.19219082201109197,-0.30199544484817054,-0.3441430103284348
-2.0,-0.444238267329078,-0.30876563940107726,-0.23359681542224295,-0.3980181970162868,-0.3217665652296992
1.0,-0.461595316555481,-0.2142007400965586,-0.13913523970736183,-0.2228894262700246,-0.23379211631654354
-1.0,-0.4948095581738181,-0.36934221129917666,-0.34732893098639916,-0.45316682328955116,-0.487596452664139
1.0,-0.461595316555481,-0.2142007400965586,-0.16129380132457638,-0.2681417434881224,-0.23626582805702157
-1.0,-0.23215745091189258,-0.21500753524769314,-0.2139703485953076,-0.2534421777668375,-0.2570709987098749
0.0,-0.24507160211211337,-0.3072947698663803,-0.2263600575688837,-0.24464747679097637,-0.23353640494268574
-2.0,-0.2514337101978798,-0.022262566941127538,-0.25638983290422956,-0.22825094134246682,-0.29371161509368815
1.0,-0.2514337101978798,-0.022262566941127538,-0.16956251887507973,-0.21577102994611347,-0.2506444214122368
-1.0,-0.2514337101978798,-0.022262566941127538,-0.3264286155117077,-0.35788935622917806,-0.31561300520252883
1.0,-0.2505889550479168,-0.2593826179595746,-0.16193595593699564,-0.22602895913616053,-0.246260270472372
-1.0,-0.23115581704716637,-0.38997496472714105,-0.1885380103460241,-0.20751667392035175,-0.24691256051941085
0.0,-0.24440281700399463,-0.5037288354443874,-0.19332729031982201,-0.2071419555626585,-0.21633695764352723
-2.0,-0.24042839223194676,-0.48423492563122117,-0.23760933210353638,-0.22202227113678083,-0.25563166731684
1.0,-0.24323716749624016,-0.4877291528765024,-0.14447712447473404,-0.22763435605053817,-0.17091064670726355
-1.0,-0.23115581704716637,-0.38997496472714105,-0.34532796788826964,-0.29585667312378056,-0.41019359284690005
1.0,-0.25520658534012963,-0.4286379761712681,-0.16988593523851564,-0.2162075020592211,-0.22100707421469828
-1.0,-0.22938213843627475,-0.05093646307361473,-0.19706956774408807,-0.2248187515500604,-0.17920623374296568
0.0,-0.2521883612986477,-0.10945010471373291,-0.2263600575688837,-0.21364553506752224,-0.2149287907643341
-2.0,-0.25494261754682906,-0.010161942902215993,-0.25638983290422956,-0.30127845052335633,-0.24493343479888918
1.0,-0.24307863012376005,-0.009697453059958838,-0.13913523970736183,-0.19580399877312496,-0.21599788660708027
-1.0,-0.20321628614503165,0.10783398202200656,-0.34532796788826964,-0.3134450190831129,-0.39058855937318654
1.0,-0.24087020153646474,-0.14328720921252086,-0.16249305487455043,-0.1983318690745862,-0.19344945343202682
-1.0,-0.15584459956514474,-0.4679922415084549,-0.19794210814065175,-0.2712031799500936,-0.23360889986816147
0.0,-0.18390706948044325,-0.4279877772166837,-0.21082738568692283,-0.2474212211033887,-0.2225880485081195
-2.0,-0.1457411654231534,-0.22453160924497254,-0.22816682612731085,-0.26712651060490045,-0.2757216409357431
1.0,-0.15584459956514474,-0.4679922415084549,-0.14337237485192478,-0.2442664811544534,-0.17167918429316043
-1.0,-0.18390706948044325,-0.4279877772166837,-0.3255732868871514,-0.37186013781443295,-0.28035218001677664
1.0,-0.1457411654231534,-0.22453160924497254,-0.16988593523851564,-0.20525890811488512,-0.2169510964697248
1.0,-0.18187249650665707,-0.35543664909014494,-0.23694404591211538,-0.24615256499280302,-0.23296902503300715
-1.0,-0.18076129797440338,-0.35013994459398523,-0.19706956774408807,-0.2607870568165384,-0.246780910140474
-2.0,-0.18187249650665707,-0.35543664909014494,-0.37212800983703953,-0.300404704380119,-0.39548365037322813
-1.0,-0.17392236516449647,-0.37621726062848415,-0.281349953087429,-0.27401129719528394,-0.2775164917594253
1.0,-0.20302305520365918,-0.4665094421342276,-0.16249305487455043,-0.23621976566729816,-0.23761361602124464
-2.0,-0.18279685993458206,-0.19683220268407453,-0.2879437857579627,-0.30955500858746193,-0.3767038236858776
-1.0,-0.34579808206017854,-0.49301676490470775,-0.2061793997182219,-0.284529249431432,-0.26208376799468375
0.0,-0.3469837500605932,-0.29202459494294597,-0.19332729031982201,-0.2735489188595923,-0.24734831832568915
-2.0,-0.3360002469549787,-0.4005662639739886,-0.22566293124052172,-0.28991188880651175,-0.2650033294261189
1.0,-0.3469837500605932,-0.29202459494294597,-0.13595737210641837,-0.25571319789615826,-0.20456315492202387
-1.0,-0.32313337570183637,-0.23096214043337732,-0.2951201227565771,-0.47775867043279413,-0.3266788103057582
1.0,-0.36312609836850435,-0.48445518413431354,-0.16193595593699564,-0.25377554391495605,-0.24441034822365754
-1.0,-0.36482393596746676,-0.6154303117851353,-0.1885380103460241,-0.2063042017480713,-0.24691256051941085
0.0,-0.36482393596746676,-0.6154303117851353,-0.1889058517202643,-0.19760395880731535,-0.19039042015860688
-2.0,-0.4160621642615526,-0.4238166694060614,-0.23760933210353638,-0.19008574306403206,-0.14403365470626717
1.0,-0.36482393596746676,-0.6154303117851353,-0.13415896767638172,-0.18486265605303492,-0.18547805609461732
-1.0,-0.3952643448399635,-0.4562599148403271,-0.2951201227565771,-0.15892948466534146,-0.3067319197069786
1.0,-0.35924818444954987,-0.4592454879495266,-0.16247496094438005,-0.18631439182185489,-0.19676811019310567
-1.0,-0.23791322972637416,-0.013865265393277681,-0.1841972023051524,-0.21644481676058808,-0.245752742419237
0.0,-0.24725304725506617,-0.0810848389979811,-0.21082738568692283,-0.2067076231426592,-0.21481700618318367
-2.0,-0.24312938828110428,-0.05120509311345425,-0.22566293124052172,-0.18636711967734382,-0.15966031398069747
1.0,-0.24312938828110428,-0.05120509311345425,-0.14337237485192478,-0.16357390976372885,-0.11045081874286493
-1.0,-0.2374900578157271,-0.05661018723801747,-0.2951201227565771,-0.22685649233386307,-0.329933978042544
1.0,-0.2723838493595715,-0.21566378106357834,-0.17680265112490764,-0.20127063066353104,-0.18732856759485014
1.0,-0.2427355342778344,-0.13639549937373174,-0.2987378691430001,-0.26119618801102096,-0.2627708036879761
-2.0,-0.2536134474006662,-0.0243082682242603,-0.2016894862228765,-0.1820233138695388,-0.2364839293787319
-1.0,-0.26148717865855037,-0.270003379393446,-0.256237780833373,-0.2724000759863222,-0.33539305983770207
1.0,-0.2536134474006662,-0.0243082682242603,-0.14133934025127687,-0.12199207504463032,-0.15452727198214017
1.0,-0.29343984897655284,-0.3241150306690212,-0.25147968232626966,-0.2882457063310384,-0.2799298075475269
-1.0,-0.29343984897655284,-0.3241150306690212,-0.19794210814065175,-0.20714176776976997,-0.23360889986816147
-2.0,-0.27528134921066516,-0.5841214693941386,-0.3147036712554256,-0.32627661074561953,-0.4442671129990596
-1.0,-0.26622734746089977,-0.766875191848085,-0.26160479802368364,-0.31943310448365564,-0.2919766229904007
1.0,-0.26622734746089977,-0.766875191848085,-0.16129380132457638,-0.2603132783155949,-0.23430424372629088
-2.0,-0.29343984897655284,-0.3241150306690212,-0.32257181190702505,-0.42119266275929457,-0.32024999765630147
1.0,-0.23056406586404132,-0.3918311116212,-0.21255478424172478,-0.16499319972468268,-0.18998403398600006
-1.0,-0.21141745367790987,-0.6634748741369328,-0.1841972023051524,-0.23297654522899044,-0.18625659083241827
-2.0,-0.20894058918610367,-0.5982218406959122,-0.37212800983703953,-0.2546635958337511,-0.35723603897936673
-1.0,-0.233938973421352,-0.5146194251597844,-0.265041381229761,-0.27462031118290187,-0.30523846649805725
1.0,-0.24777268624020987,-0.8147464993019733,-0.15212861802042416,-0.14669809144301188,-0.1302852713038876
-2.0,-0.24777268624020987,-0.8147464993019733,-0.32257181190702505,-0.3334789824984978,-0.33790430942689553
1.0,-0.22017149920211201,-0.5505299078748596,-0.2476532781188981,-0.26399161599325693,-0.28859831296886534
-1.0,-0.20616378067291816,-0.34999914809230026,-0.20913465962257557,-0.3075867170278816,-0.24854659004088744
-2.0,-0.20616378067291816,-0.34999914809230026,-0.37212800983703953,-0.5021316549135184,-0.42554751239144367
-1.0,-0.22017149920211201,-0.5505299078748596,-0.252323278076233,-0.3534920548594574,-0.29150858620529113
1.0,-0.24120206425237156,-0.40533434242191496,-0.16249305487455043,-0.23808226474859817,-0.23171029460445405
-2.0,-0.22655306682520024,-0.29845557469638007,-0.2879437857579627,-0.47929083654677557,-0.39258438061959594
-1.0,-0.2164968594982769,-0.0998218724649439,-0.20913465962257557,-0.16625984114651024,-0.13808693748674433
0.0,-0.2466799532681919,0.057276719674263316,-0.21267982457341564,-0.15276769273110302,-0.16516836105390875
-2.0,-0.2564354032888443,0.03297614641468925,-0.24575449470200408,-0.2619649539821451,-0.14159897014647968
1.0,-0.18481730242438804,0.008937582856454452,-0.13415896767638172,-0.1301187968027174,-0.06159512926264762
-1.0,-0.2466799532681919,0.057276719674263316,-0.34732893098639916,-0.29810693632848045,-0.15998592253784144
1.0,-0.2164968594982769,-0.0998218724649439,-0.16988593523851564,-0.14838282293361274,-0.14627176654887297
1.0,-0.4206849449202498,-0.08448765395601654,-0.25147968232626966,-0.2908352158307699,-0.2516356248784788
-2.0,-0.4247674344854237,-0.3255486896987123,-0.22603836310619457,-0.22077473590908195,-0.26829056134195084
-1.0,-0.4177619466179522,-0.07296857994389376,-0.22965309523974123,-0.20858927028040547,-0.12970876533243253
1.0,-0.4247674344854237,-0.3255486896987123,-0.16129380132457638,-0.23438101518699292,-0.21281660708910244
1.0,-0.18649341667527794,0.0028026255731209565,-0.2987378691430001,-0.2262545653561762,-0.268032552203342
-1.0,-0.20401064673123354,0.09709571240128848,-0.20913465962257557,-0.10343371110552797,-0.03329371497874123
-2.0,-0.18649341667527794,0.0028026255731209565,-0.3647325037697451,-0.31905898173420066,-0.2377824129757485
-1.0,-0.16246602922800382,0.22650612750729943,-0.281349953087429,-0.2317984776455368,-0.28185244918646707
1.0,-0.20401064673123354,0.09709571240128848,-0.16988593523851564,-0.09367496582121186,-0.0868010101354478
-2.0,-0.18331856950491413,0.203221557531743,-0.3506478939354202,-0.4031416788989541,-0.2693323158950272
-1.0,-0.21298747470743873,-0.11448748671523223,-0.21379527563560524,-0.21934970218427605,-0.1780863798723567
0.0,-0.18543518707880635,-0.13121565548474384,-0.18804364328830683,-0.21000476374745605,-0.26349960395534233
-2.0,-0.1852853570199091,-0.1551518686906703,-0.22566293124052172,-0.2739839264726261,-0.27279727580162083
1.0,-0.2183672485729832,-0.300534254591127,-0.14474221899669334,-0.1889568709419343,-0.23303834217965072
-1.0,-0.18543518707880635,-0.13121565548474384,-0.34056460973526226,-0.39922929343334174,-0.4579687958626521
1.0,-0.21298747470743873,-0.11448748671523223,-0.16247496094438005,-0.19102429880464125,-0.1544579126495505
-1.0,-0.275973471944167,-0.37782443981784836,-0.20913465962257557,-0.25160491140238306,-0.262630499022456
0.0,-0.275973471944167,-0.37782443981784836,-0.2263600575688837,-0.232045695996926,-0.2476203139242543
-2.0,-0.26819582165919986,-0.3148305450727438,-0.22668214364821113,-0.23769972295607777,-0.28232186816293253
1.0,-0.275973471944167,-0.37782443981784836,-0.14661947509396717,-0.23724479889559788,-0.23442618100856213
-1.0,-0.2503655770873969,-0.31341386845952335,-0.34056460973526226,-0.3810882988816959,-0.43194058664330404
1.0,-0.26819582165919986,-0.3148305450727438,-0.16247496094438005,-0.20900549136386423,-0.1903227794455087
1.0,-0.13185047860879393,-0.37690514644643636,-0.29141280790586316,-0.12165036020018916,-0.2273530663870484
-1.0,-0.18706034370440847,-0.5312780922135679,-0.20913465962257557,-0.24492347794777064,-0.22144186581584344
-2.0,-0.13185047860879393,-0.37690514644643636,-0.3389262014930341,-0.2653803746548575,-0.24529626008411914
-1.0,-0.18706034370440847,-0.5312780922135679,-0.2724351018049922,-0.2870032010415794,-0.30169949036096844
1.0,-0.17746137458212483,-0.49202520022625623,-0.17680265112490764,-0.14136302668114245,-0.1855407238667739
-2.0,-0.17499915190795315,-0.5551734881096888,-0.32056495230766563,-0.3482035546134118,-0.2920694155340871
-1.0,-0.2653997494129613,-0.3864721841401396,-0.1885380103460241,-0.3598267176457517,-0.275343138679515
0.0,-0.26188201312168946,-0.17722927314357512,-0.18804364328830683,-0.23118119123172357,-0.2943764447833347
-2.0,-0.272070389979392,-0.19988453437332218,-0.22816682612731085,-0.33343626640309076,-0.27345693127259973
1.0,-0.2740946899206685,-0.13790125849622403,-0.1442705459495474,-0.2555229032115134,-0.22336539892340784
-1.0,-0.2740946899206685,-0.13790125849622403,-0.34732893098639916,-0.4231626442600213,-0.5042327828318042
1.0,-0.2521888976225204,-0.2641200010924722,-0.17680265112490764,-0.2788648456071395,-0.2217059446648769
1.0,-0.23254563330177716,-0.2397792125634271,-0.2987378691430001,-0.23581342357211518,-0.2754856278393249
-1.0,-0.20889840867415513,0.047761342749096145,-0.19794210814065175,-0.16764597060970926,-0.18910935523605768
-2.0,-0.2143864241819558,0.11327627435479704,-0.38093161638720263,-0.3463710751354189,-0.37811061664023043
-1.0,-0.21526895158517617,0.11041527786858998,-0.2559826427900909,-0.27605490501369073,-0.29590978274055624
1.0,-0.2516730275327665,0.008834103467972265,-0.16247496094438005,-0.17124631364861623,-0.1381647675007864
-2.0,-0.2197433917612487,0.10755213876684341,-0.33309824697878476,-0.37490349842912063,-0.33536355841207427
1.0,-0.5828232887563611,-0.9393903314642058,-0.28271822502072835,-0.37021957079803575,-0.33106624053594796
-2.0,-0.5831969804163375,-0.7518751897444327,-0.2244513590468897,-0.31886778690488143,-0.2689867427318781
-1.0,-0.6074506058405628,-0.5407502614724535,-0.22965309523974123,-0.3773609343701419,-0.30724929682507307
1.0,-0.5761226223272753,-0.867226391498618,-0.16988593523851564,-0.2981354061370169,-0.24402873716449527
-1.0,-0.26743277984918623,0.27674063774006347,-0.21379527563560524,-0.1641778716341272,-0.1607924623344871
0.0,-0.26743277984918623,0.27674063774006347,-0.21082738568692283,-0.17080976244107446,-0.16654058537405092
-2.0,-0.26743277984918623,0.27674063774006347,-0.22668214364821113,-0.178732334042925,-0.16894800542240176
1.0,-0.23093033994751547,-0.026843146950300177,-0.16956251887507973,-0.148822702710604,-0.14154427483000442
-1.0,-0.19725184792452316,0.19366135562638537,-0.36705454440182006,-0.2705799296122237,-0.2566266699179286
1.0,-0.23244843076162403,0.0499137352317968,-0.16129380132457638,-0.12027304045345193,-0.08257596904748991
1.0,-0.26526880811933334,-0.4283585874305295,-0.23694404591211538,-0.2972148512632276,-0.22433668654649036
-1.0,-0.23986025581428294,-0.5817443044159356,-0.19891700650255284,-0.2516339463161728,-0.27899176034692297
-2.0,-0.2655770525968893,-0.6176299314090833,-0.32627395666593906,-0.4315323078266408,-0.42341165496968003
-1.0,-0.23986025581428294,-0.5817443044159356,-0.265041381229761,-0.332163667567015,-0.39035490611096524
1.0,-0.26213899461053386,-0.5918941073812807,-0.16258960568892425,-0.22879103479472362,-0.19861926562257817
-2.0,-0.26526880811933334,-0.4283585874305295,-0.33309824697878476,-0.3249225573047746,-0.38020521731611767
1.0,-0.28063512067101415,-0.17982908243556778,-0.2987378691430001,-0.3484747863508817,-0.2867461185753907
-1.0,-0.2823463985432931,-0.2512822431994505,-0.20913465962257557,-0.17259414436266993,-0.2052158703744892
-2.0,-0.3125889308117819,-0.13147558941981186,-0.36565204834137105,-0.26851173824508046,-0.35905414158742577
-1.0,-0.28386587782245104,-0.2597172112811328,-0.256237780833373,-0.20855441924766654,-0.17361274317832368
1.0,-0.3125889308117819,-0.13147558941981186,-0.16247496094438005,-0.17405144702075043,-0.15163924982487823
-2.0,-0.28676398503548595,-0.3235975788683234,-0.30217391497335433,-0.30736171896451475,-0.32535837162422954
1.0,-0.30695848138896664,-0.2547470172275422,-0.25147968232626966,-0.2639357435314444,-0.2799298075475269
-1.0,-0.30695848138896664,-0.2547470172275422,-0.19794210814065175,-0.23166045708120148,-0.23360889986816147
-2.0,-0.36047509027829355,-0.6557442500549835,-0.3389262014930341,-0.3161369107263764,-0.4474811030431033
-1.0,-0.3286119503765938,-0.639637951341774,-0.265041381229761,-0.2966374793540379,-0.34477816808624506
1.0,-0.34564539222108037,-0.6746869802143804,-0.16988593523851564,-0.2553409186516836,-0.23515055187291634
-2.0,-0.3457624436220153,-0.5556211939056628,-0.32056495230766563,-0.4309704175280131,-0.5855689975864379
1.0,-0.26583470156247374,0.5071604514724756,-0.3012114945689972,-0.2595844374896157,-0.24760222126835188
-2.0,-0.28760090668476634,0.176685315343963,-0.2480529553655951,-0.21909575201251355,-0.1903229603237397
-1.0,-0.2897405228778288,-0.4339791764722858,-0.28014650016060083,-0.3282098027721982,-0.3513904616831252
1.0,-0.2611494495049456,0.33585103520735027,-0.1545044892813285,-0.21252042357513948,-0.17809118968230095
-1.0,-0.2723493860379597,-0.19540369186968326,-0.1841972023051524,-0.23955469297758303,-0.27654760327775024
0.0,-0.28239050653593906,-0.4258828609972758,-0.19332729031982201,-0.3156344617403789,-0.24734831832568915
-2.0,-0.2723493860379597,-0.19540369186968326,-0.2548725326814986,-0.2636209339209815,-0.31591275910804795
1.0,-0.27123730183542893,-0.36747612144451414,-0.14337237485192478,-0.2748043774286324,-0.2038264835924487
-1.0,-0.24652355061817494,-0.2920708384072712,-0.3255732868871514,-0.37584708425126234,-0.3047407905795003
1.0,-0.2421043486167316,-0.36789679364058836,-0.14133934025127687,-0.2558696489005827,-0.1797699515051449
1.0,-0.4113112453378123,-0.14202032815989027,-0.2476532781188981,-0.19375596592849717,-0.294864555184671
-1.0,-0.34473632655696446,-0.5540857344394182,-0.20913465962257557,-0.2960599216063427,-0.24854659004088744
-2.0,-0.36294563312204814,-0.5320927577951305,-0.32700553929439957,-0.4884755654883015,-0.4484475834910549
-1.0,-0.34473632655696446,-0.5540857344394182,-0.2724351018049922,-0.3635619997018045,-0.3738998462584138
1.0,-0.4025058865371666,-0.45506017733983556,-0.16249305487455043,-0.2464674700842353,-0.28446033718364727
-2.0,-0.36294563312204814,-0.5320927577951305,-0.32257181190702505,-0.5463825124119592,-0.4922705105617431
1.0,-0.4000755122504511,0.2040005319363357,-0.29141280790586316,-0.3653626751053359,-0.35855192323234275
-2.0,-0.3696341105352748,-0.0359997757066939,-0.24913155327617426,-0.2503467043900585,-0.2885626350845939
-1.0,-0.3503414964747504,0.06150501790900331,-0.281349953087429,-0.39928023168059606,-0.30644870223185994
1.0,-0.3503414964747504,0.06150501790900331,-0.15212861802042416,-0.29762073260685906,-0.23855383247175999
-1.0,-0.35272203065517554,-0.3740246742708866,-0.19794210814065175,-0.31193904563542246,-0.3098498248766026
0.0,-0.36498394894391106,-0.25008314743748156,-0.20810021869225234,-0.24792112936867483,-0.21906657068028368
-2.0,-0.3597721879557299,-0.3112262979854342,-0.22816682612731085,-0.2573321182673807,-0.2819448248511587
1.0,-0.4002244378253829,-0.40308435108128615,-0.15162621129342282,-0.2569597789626424,-0.19902301350819845
-1.0,-0.35272203065517554,-0.3740246742708866,-0.3530006979130169,-0.5462105490605661,-0.37791368747988635
1.0,-0.4002244378253829,-0.40308435108128615,-0.16247496094438005,-0.2569597789626424,-0.18855855048568806
1.0,-0.36548093222898537,-0.7415756506984156,-0.23694404591211538,-0.3264474835707352,-0.25141432724126106
-1.0,-0.35050365785060755,-0.7415715568480918,-0.2139703485953076,-0.2548531993847858,-0.2570709987098749
-2.0,-0.34336478558196326,-0.3707417301407828,-0.32627395666593906,-0.33102976574111265,-0.4141980114902641
-1.0,-0.3448702582124546,-0.7845185575788463,-0.281349953087429,-0.2470293448686038,-0.3059415078194379
1.0,-0.3437851109371359,-0.7504544745701063,-0.17680265112490764,-0.21706870066115844,-0.18732856759485014
-2.0,-0.3448702582124546,-0.7845185575788463,-0.32257181190702505,-0.4231255208227958,-0.3396201269076825
-1.0,-0.34832186832312895,-0.3069046746843231,-0.20913465962257557,-0.24108792169649232,-0.24854659004088744
0.0,-0.34832186832312895,-0.3069046746843231,-0.2263600575688837,-0.24356549925255647,-0.23353640494268574
-2.0,-0.3423940712158011,-0.30509467582888805,-0.23760933210353638,-0.2256965423035021,-0.24719874606844447
1.0,-0.3005330229475381,-0.2217422398792271,-0.16956251887507973,-0.22342078613764435,-0.24756119731942025
-1.0,-0.2924030182483003,-0.3016306743644044,-0.3534973063192613,-0.4345836823390469,-0.3950494387390385
1.0,-0.34832186832312895,-0.3069046746843231,-0.16988593523851564,-0.2451458831134801,-0.24402873716449527
1.0,-0.2885546655337989,-0.3897732306711614,-0.25147968232626966,-0.2644535550021332,-0.2516356248784788
-2.0,-0.27723251416371164,-0.044830067320277944,-0.21167870983946185,-0.2480776487779863,-0.15645788973611066
-1.0,-0.2676316030691578,-0.12974427642915776,-0.256237780833373,-0.25962156801317304,-0.3469688257023838
1.0,-0.3100591099167223,-0.3250572978546498,-0.16193595593699564,-0.23354184112396095,-0.2088945495772733
-1.0,-0.253752354191074,-0.12608582744199198,-0.19891700650255284,-0.20056024827198513,-0.23974998210277657
0.0,-0.253752354191074,-0.12608582744199198,-0.21267982457341564,-0.18724572798712827,-0.20744360173611115
-2.0,-0.262281384160259,-0.12597959241556447,-0.2548725326814986,-0.21906694835378954,-0.23115966439024613
1.0,-0.26954997587100055,-0.013318831817802296,-0.16956251887507973,-0.19501428955702904,-0.18143670559695813
-1.0,-0.2603732582928862,0.005625826578510745,-0.34532796788826964,-0.43225123334320953,-0.40011453234616673
1.0,-0.24327003945961242,-0.02062400702282515,-0.16249305487455043,-0.1715976309258207,-0.15308515960720612
-1.0,-0.33664199112545856,-0.3801787328622309,-0.20913465962257557,-0.2407793726145209,-0.22144186581584344
0.0,-0.3529057742632285,-0.5361158842591347,-0.1889058517202643,-0.22353294667914636,-0.19039042015860688
-2.0,-0.3566217941195358,-0.6275684871492175,-0.23760933210353638,-0.22419437617047333,-0.24719874606844447
1.0,-0.3537131150210783,-0.6181582284204972,-0.14474221899669334,-0.2204299750861611,-0.17871256101729605
-1.0,-0.33664199112545856,-0.3801787328622309,-0.2951201227565771,-0.48146755970719574,-0.3067319197069786
1.0,-0.3740011627637918,-0.6770995536509649,-0.16193595593699564,-0.2265704696809222,-0.2088945495772733
-1.0,-0.33953232565761576,-0.11558200341284075,-0.2139703485953076,-0.21797194078348975,-0.2570709987098749
0.0,-0.3689148378075488,-0.2719231684326135,-0.21267982457341564,-0.23560726759390882,-0.27367355715551017
-2.0,-0.33953232565761576,-0.11558200341284075,-0.24045872402806676,-0.2597945360167018,-0.2746081814289408
1.0,-0.3319984916146531,-0.20988921213872386,-0.13415896767638172,-0.2206382295341486,-0.18637583746323036
-1.0,-0.32544284111305377,-0.1276614125533721,-0.32195000976108196,-0.34757403945676196,-0.3069864905374734
1.0,-0.33717191300659655,-0.24816493816462212,-0.16129380132457638,-0.20997837426258179,-0.2163032426038477
1.0,-0.3192481648071884,-0.2541234007986108,-0.29141280790586316,-0.24940055032291084,-0.3567173814850775
-2.0,-0.2987432920230311,0.5534248366948046,-0.23097957635012328,-0.3796093572295897,-0.2865925725403989
-1.0,-0.28252157976606573,0.7754341064288917,-0.265041381229761,-0.3301317056674076,-0.31899433051448395
1.0,-0.2628519566720007,0.6729135401370815,-0.16258960568892425,-0.2380707752474685,-0.18590811809683377
-1.0,-0.38031948960215556,0.04102442667999013,-0.2139703485953076,-0.2039820551996936,-0.26400403042715004
0.0,-0.40291756030302667,0.07574681393679045,-0.18804364328830683,-0.1860777130910043,-0.2507087843060532
-2.0,-0.38031948960215556,0.04102442667999013,-0.24045872402806676,-0.24517748101069126,-0.2992940653638187
1.0,-0.40291756030302667,0.07574681393679045,-0.13913523970736183,-0.17342936585655644,-0.21599788660708027
-1.0,-0.3800660911907965,-0.20116881858281715,-0.2951201227565771,-0.455273095302008,-0.3266788103057582
1.0,-0.3800660911907965,-0.20116881858281715,-0.16988593523851564,-0.22696210649362064,-0.22613456431111428
-1.0,-0.2461953902282123,0.3658387709268255,-0.19794210814065175,-0.11835202242944008,-0.14443330225759524
0.0,-0.2238142802482937,0.2948173971977618,-0.21267982457341564,-0.13095348614364077,-0.16516836105390875
-2.0,-0.20441313074443884,0.4540243852025115,-0.23760933210353638,-0.09967485139046142,-0.17974513733612577
1.0,-0.2518194182682316,0.5332935162591035,-0.16956251887507973,-0.11713497633410602,-0.08718451753561814
-1.0,-0.19918783911844548,0.46808883775653565,-0.2951201227565771,-0.26077619597809093,-0.05372211854686372
1.0,-0.2461953902282123,0.3658387709268255,-0.15212861802042416,-0.11525079768295256,-0.1285304285402445
0.0,-0.277177907887456,-0.16230980603086592,-0.12428821959168619,-0.16264037188025585,-0.13016911150341182
-1.0,-0.25187747568550845,0.11779923187883529,-0.21723702183602142,-0.17720529461874476,-0.1677634737998108
0.0,-0.268345345800571,-0.1568916040858313,-0.2049005217025134,-0.12335456348766861,-0.16160213701569662
-1.0,-0.2629014460089318,-0.11324775625224663,-0.4156901476629495,-0.24069300447323938,-0.3526559845724749
1.0,-0.2629014460089318,-0.11324775625224663,-0.14268671079347114,-0.09110308377282028,-0.04469404275678571
0.0,-0.38346603729342316,0.14275848912380162,-0.06642782506990805,-0.13240105384997805,-0.11172124390395936
-1.0,-0.40307441794340876,0.035335829198379166,-0.2399969674030871,-0.20569353514760255,-0.18385759517606756
0.0,-0.38346603729342316,0.14275848912380162,-0.18406122644899856,-0.08464931178535001,-0.12140620400343792
-1.0,-0.4022846398687214,-0.09878365454405244,-0.3992151417310837,-0.34552571324266773,-0.36197348437394067
1.0,-0.3959303196495725,-0.06714828017315792,-0.13694736299347293,-0.17809948103090678,-0.11439716298204806
0.0,-0.3942157611036018,-0.5626011212266715,-0.1563351967560491,-0.20621152718226538,-0.15758449030359026
-1.0,-0.3983269411166529,-0.471869522110424,-0.23106421317897835,-0.152519015198581,-0.22332919717434935
0.0,-0.3999803011224484,-0.441809632637414,-0.18599281355049485,-0.15947559247582987,-0.14366414134345512
-1.0,-0.3972850219212064,-0.028958689978083846,-0.4029087227822933,-0.2806895815821264,-0.28068170607916487
1.0,-0.3984072427498371,-0.32823143974217095,-0.1584547308289054,-0.20049363742388762,-0.15119779339188485
0.0,-0.4291739617529344,-0.562120534033803,-0.12428821959168619,-0.19379168686141127,-0.13195695523148807
-1.0,-0.42601818443576484,-0.4318320027086189,-0.22592119796530502,-0.21968493681001558,-0.25584751281436874
0.0,-0.4293837780469211,-0.4984382514672609,-0.18949397771351553,-0.17707429071314876,-0.21834485085779476
-1.0,-0.41970725221277116,-0.0005607432110989533,-0.39477339261751615,-0.22892339275326032,-0.20274308783826994
1.0,-0.4038201291364624,-0.4383752454285142,-0.14441844101969076,-0.16183618406075442,-0.2038371697170432
0.0,-0.39338520950885913,-0.42887351255236617,-0.08752943879804861,-0.1854399287819133,-0.10185637134397262
-1.0,-0.35285308521763004,-0.5370862877836087,-0.21333870223293777,-0.23580862797838326,-0.283994801227125
0.0,-0.3552130484830138,-0.6185396279610381,-0.158766654944706,-0.25201310776506114,-0.18790371818903592
-1.0,-0.39338520950885913,-0.42887351255236617,-0.4029087227822933,-0.2935044636523573,-0.39145443362726967
1.0,-0.3552130484830138,-0.6185396279610381,-0.15229945084104593,-0.24586719918337283,-0.15646939896309894
0.0,-0.37025565429846324,-0.10912061995984476,-0.08752943879804861,-0.22372071611029928,-0.12289959458305612
-1.0,-0.36259095874050845,-0.41641402332304595,-0.22603013286041554,-0.323303606021413,-0.30370385877245587
0.0,-0.36259095874050845,-0.41641402332304595,-0.1507840210946275,-0.25048404963978915,-0.21087431413120433
-1.0,-0.37655301464948393,-0.20662702277753747,-0.39477339261751615,-0.4423875987563501,-0.3823411388390372
1.0,-0.3593427667831409,-0.16833922862885486,-0.14441844101969076,-0.21819846521357206,-0.19757819311478336
0.0,-0.2529694119216742,-0.30395234300689983,-0.09636597767841909,-0.25333483189749806,-0.14775193477626006
-1.0,-0.24722716624499655,-0.26597300384833095,-0.21627995319189772,-0.24524983552760196,-0.2149467852307805
-1.0,-0.26213595086026603,-0.1775474593383906,-0.18102599211730724,-0.2807764710891831,-0.18914944380273224
-1.0,-0.24786051975113405,-0.3413986593581061,-0.4088221473073413,-0.3287360625137354,-0.3991966729950831
-1.0,-0.27322649172604474,-0.2583543643510133,-0.2005331797049831,-0.24681635380864106,-0.22970735997583513
1.0,-0.27322649172604474,-0.2583543643510133,-0.14441844101969076,-0.2057892419362826,-0.19757819311478336
0.0,-0.16269634333388647,-0.3586187209067218,-0.09145387861633061,-0.2902007212721515,-0.20439511602610982
-1.0,-0.21750782669455015,-0.31405350935320653,-0.23368764926544092,-0.27901542720488665,-0.4007790608354929
0.0,-0.16507777891270392,-0.1684680592127014,-0.1507840210946275,-0.2933242629699329,-0.1967387090125904
-1.0,-0.19707265424251236,-0.3422554555345679,-0.4256859947536056,-0.4095983131968244,-0.38770501907228266
1.0,-0.2123661350261986,-0.35047475094912317,-0.13339383258498203,-0.27487117812086537,-0.18955158463822985
0.0,-0.20634990488625027,-0.1969398245606179,-0.1563351967560491,-0.17663180767804537,-0.15455932291040925
-1.0,-0.2221432534929096,-0.12636937862242326,-0.21627995319189772,-0.23169400113459981,-0.2149467852307805
-1.0,-0.20497803072974177,-0.24303569440625813,-0.2359900458486894,-0.25455096209318645,-0.22175282694076018
-1.0,-0.16674342477017542,-0.10752342856791652,-0.4256859947536056,-0.3088879928800641,-0.42340152892403893
-1.0,-0.20497803072974177,-0.24303569440625813,-0.2273846001788151,-0.2595852566590546,-0.21449230659299875
1.0,-0.17063000718927057,-0.17041068646259633,-0.15229945084104593,-0.22020734860801194,-0.18082414486348525
0.0,-0.1266675022698215,-0.2844474734481499,-0.08752943879804861,-0.21198976464167668,-0.12289959458305612
-1.0,-0.13959615104385578,-0.18510087137776982,-0.21333870223293777,-0.22668745998144335,-0.2847489166059181
0.0,-0.15431429297898883,-0.322804019545463,-0.18599281355049485,-0.2471868295519777,-0.1924372038364324
-1.0,-0.1266675022698215,-0.2844474734481499,-0.4029087227822933,-0.37295622262623074,-0.3885406743184841
1.0,-0.12860553058945315,-0.17252020233968957,-0.15229945084104593,-0.16939302343907603,-0.1556152863853802
0.0,-0.1800929389387656,0.30635943686600736,-0.1563351967560491,-0.26224537994207353,-0.15455932291040925
-1.0,-0.18340149735400071,0.049655846494532474,-0.21333870223293777,-0.23300719988317978,-0.1946077644866556
0.0,-0.19939433306220303,0.3112149189853735,-0.2049005217025134,-0.17421112197793212,-0.07481677229773621
-1.0,-0.1800929389387656,0.30635943686600736,-0.4419271009371595,-0.32859447020433874,-0.42728883718463095
1.0,-0.163862562700283,0.42055561273748404,-0.1512282063416441,-0.1780301314987933,-0.16806845777586618
0.0,-0.20113007167066024,0.010257348781532581,-0.06642782506990805,-0.09389496713103933,-0.11172124390395936
-1.0,-0.21382185321747973,0.11018724854424315,-0.22592119796530502,-0.11777859916437529,-0.25584751281436874
0.0,-0.19924303828347312,0.06371429854731694,-0.18949397771351553,-0.16081418344360268,-0.21834485085779476
-1.0,-0.18742492572734723,-0.15188957884342075,-0.3992151417310837,-0.30603185033625363,-0.3248790926279666
1.0,-0.21382185321747973,0.11018724854424315,-0.15229945084104593,-0.12044585556563296,-0.15043379914591667
0.0,-0.10664995470737214,-0.0821050667764746,-0.09405847977330176,-0.14404150993479148,-0.11539246063357544
-1.0,-0.093284419659674,-0.07133852207665733,-0.23368764926544092,-0.22439586839198838,-0.2679117905213236
0.0,-0.10770146548612518,-0.09248767963279513,-0.18812727609982327,-0.15527476502224324,-0.1561724943269716
-1.0,-0.13697306683171837,-0.16109670093863587,-0.4256859947536056,-0.2637189468085933,-0.38478528726839295
1.0,-0.093284419659674,-0.07133852207665733,-0.14441844101969076,-0.17608561213053744,-0.2038371697170432
0.0,-0.15327266968172681,-0.054153576965504824,-0.12428821959168619,-0.14091020040566063,-0.13195695523148807
-1.0,-0.09372770078543431,0.16324174615662854,-0.23368764926544092,-0.16965271431390436,-0.21003778691712027
0.0,-0.14373155442488486,0.1658595044947865,-0.17170536524782792,-0.10123552449991136,-0.1589410476873243
-1.0,-0.11423920334957889,0.1573505586411725,-0.4419271009371595,-0.24947934307095673,-0.4378647349634494
1.0,-0.09372770078543431,0.16324174615662854,-0.14441844101969076,-0.12421069078029832,-0.16233962143848527
0.0,-0.12043859258867433,-0.07826993383003833,-0.10085954444637006,-0.07530135501356124,-0.09489425485809135
-1.0,-0.14046967393617135,-0.13325976126614783,-0.22603013286041554,-0.19315131263228852,-0.1789434187493073
-1.0,-0.12043859258867433,-0.07826993383003833,-0.2570648956914953,-0.16346715615955196,-0.10084143597910358
-1.0,-0.14046967393617135,-0.13325976126614783,-0.4088221473073413,-0.2837705898077005,-0.3706844826425366
-1.0,-0.12043859258867433,-0.07826993383003833,-0.22715957758497532,-0.18738264953108233,-0.0767086559829455
1.0,-0.15500384230980913,-0.25033970992102306,-0.14268671079347114,-0.15633090211448442,-0.06353148613353217
0.0,-0.11073279484231097,0.05306743285382139,-0.09636597767841909,-0.23101239664014778,-0.15095391318578436
-1.0,-0.18852792885648312,-0.3696084682698619,-0.22592119796530502,-0.19232290345976238,-0.27694372337684464
0.0,-0.18852792885648312,-0.3696084682698619,-0.158766654944706,-0.17426492222697232,-0.2350922035208659
-1.0,-0.18852792885648312,-0.3696084682698619,-0.38746161943001356,-0.30980120020871105,-0.33307917485064453
1.0,-0.18852792885648312,-0.3696084682698619,-0.15229945084104593,-0.17554895460922673,-0.16764792600327263
0.0,-0.19348912869236864,-0.3403424845591832,-0.09636597767841909,-0.31255453642458747,-0.2120183381653578
-1.0,-0.22317292729274604,-0.27669614364801276,-0.21723702183602142,-0.4272379093322753,-0.30212813776999126
0.0,-0.21293843986048627,-0.5024145308262508,-0.17170536524782792,-0.26984834660301793,-0.2956829662029535
-1.0,-0.19559651818536147,-0.07011248571329137,-0.4419271009371595,-0.42351154248666145,-0.4694630126649669
1.0,-0.1676102131351693,-0.339890404002371,-0.14441844101969076,-0.19108370936426244,-0.28889592960664956
0.0,-0.27713958286585544,0.22187316752910263,-0.08180333417183552,-0.16969197433472916,-0.10411380370784348
-1.0,-0.2562518931373009,0.23871916063071758,-0.23368764926544092,-0.2169680024706985,-0.2131125075700574
0.0,-0.2976779020774814,0.2344476908967886,-0.158766654944706,-0.22722476652339482,-0.20039683697840752
-1.0,-0.25868552881467544,-0.18121156738401256,-0.4029087227822933,-0.3450774264098924,-0.3885406743184841
1.0,-0.2976779020774814,0.2344476908967886,-0.15229945084104593,-0.22850879890564924,-0.1556152863853802
0.0,-0.2878229992877321,-0.09533926477669906,-0.12428821959168619,-0.3281578241941466,-0.2826448237834923
-1.0,-0.27876045666994337,-0.0004077011472310016,-0.22603013286041554,-0.35954594383112876,-0.3328600481796807
0.0,-0.28978532282505554,-0.398056693080431,-0.18812727609982327,-0.4188880738271991,-0.22893867614607796
-1.0,-0.24942324702676083,0.14215056459840208,-0.39477339261751615,-0.3383437789518327,-0.3694441567997606
1.0,-0.2876408906568129,-0.07106935669256545,-0.15229945084104593,-0.349937219879664,-0.2520900497344331
0.0,-0.3104830113395646,-0.5146584703752326,-0.08752943879804861,-0.27304613893795177,-0.17596973894835372
-1.0,-0.301383802061479,-0.3996854314053673,-0.22592119796530502,-0.24979606911042773,-0.26369678314314204
0.0,-0.3104830113395646,-0.5146584703752326,-0.18949397771351553,-0.27038620993997403,-0.2596605755475453
-1.0,-0.2630555530111684,-0.4283870151802819,-0.4419271009371595,-0.3923196994428149,-0.4721209478136237
1.0,-0.3104830113395646,-0.5146584703752326,-0.13258470819907944,-0.27038620993997403,-0.23698546252588115
0.0,-0.6062742796868364,-0.08218037068039141,-0.09405847977330176,-0.31022263497552777,-0.19304607310017496
-1.0,-0.5998433123796,0.10371905452708995,-0.21333870223293777,-0.2805444410418598,-0.32287005726012363
0.0,-0.6074506058405628,-0.07034029221148501,-0.158766654944706,-0.2663060166699591,-0.2801762255687252
-1.0,-0.6330651583537488,0.0004661427757160913,-0.39477339261751615,-0.3937619415891796,-0.3718268756002273
1.0,-0.6062742796868364,-0.08218037068039141,-0.16242074493687111,-0.3190844552953359,-0.2784516492655571
0.0,-0.2655296681725005,-0.22970189400257748,-0.09636597767841909,-0.2224811154434927,-0.13655133424501617
-1.0,-0.2757643890311699,0.010557302432380743,-0.21627995319189772,-0.19573900157075574,-0.15071609108323233
0.0,-0.27621487622116236,-0.02012102770992436,-0.1828602988417092,-0.15013857157983293,-0.16252242121736463
-1.0,-0.2363915022071394,0.048712301446314346,-0.39477339261751615,-0.3677408307415319,-0.2661859329570807
1.0,-0.2748842117640551,-0.07057586258582328,-0.13694736299347293,-0.14071292637851013,-0.10092268065795636
0.0,-0.16454532992980836,-0.3713524024331952,-0.09385559690197841,-0.2763440613626079,-0.1403955844832909
-1.0,-0.14947183639887152,-0.22613848313364712,-0.21627995319189772,-0.2875789338127813,-0.2652414135180026
-1.0,-0.1553256038009643,-0.274267775323146,-0.24850294048380184,-0.31460414043932705,-0.2465698564280599
-1.0,-0.17190320281519417,-0.40926995968067753,-0.4001507825864825,-0.39977387070433634,-0.41718751218666483
-1.0,-0.16454532992980836,-0.3713524024331952,-0.2280791071234549,-0.31076255181801277,-0.2918556527778574
1.0,-0.14947183639887152,-0.22613848313364712,-0.14268671079347114,-0.2518864179845888,-0.17325843785604672
0.0,-0.5567649575711586,-1.207454066081471,-0.09405847977330176,-0.3769926725040476,-0.18373082053360443
-1.0,-0.5598213721273461,-1.032095003566603,-0.23106421317897835,-0.4309964336941682,-0.4767250838184281
-1.0,-0.5711839625156447,-1.0249204554967082,-0.19322274149397053,-0.45616599460174645,-0.33500912438364794
-1.0,-0.5653240661813058,-0.8181054856887717,-0.3992151417310837,-0.499714576024801,-0.4135081393286063
-1.0,-0.5366905790760433,-0.8488982025981245,-0.15078928992215931,-0.40512709796383367,-0.3170368752669663
1.0,-0.5567649575711586,-1.207454066081471,-0.16242074493687111,-0.3822212955031299,-0.26913639669898654
0.0,-0.09304800703569323,-0.12311981038678063,-0.06642782506990805,-0.13610045109320829,-0.11172124390395936
-1.0,-0.13568734716700961,-0.16792861991915958,-0.21723702183602142,-0.1293441644297249,-0.1717939459635265
-1.0,-0.10840123556134704,-0.15760372433957168,-0.2359900458486894,-0.1327315207068083,-0.1081459486579477
-1.0,-0.09298576576850304,-0.08876654073348468,-0.38746161943001356,-0.21683430015201324,-0.194438886368783
-1.0,-0.07917649528802526,-0.06009372452692936,-0.21892968460916934,-0.1335811538920361,-0.0733742130618739
1.0,-0.13568734716700961,-0.16792861991915958,-0.13258470819907944,-0.17562342209587709,-0.030778991872873956
0.0,-0.06437104536652354,0.19281564109133137,-0.09385559690197841,-0.056880460493644126,-0.11962017450210728
-1.0,-0.08673893528956998,0.24000672129848502,-0.23106421317897835,-0.10223236584661492,-0.14525465108500696
0.0,-0.07667794306584554,0.17667875283258666,-0.158766654944706,-0.041392937035106284,-0.08847596913708472
-1.0,-0.06451003473969101,0.2419928879855633,-0.4419271009371595,-0.19732566268961416,-0.18058069918026345
1.0,-0.06451003473969101,0.2419928879855633,-0.16629778484653934,-0.046244202269809354,-0.008440809121926457
0.0,-0.24181094080762913,-0.49842806181337046,-0.09405847977330176,-0.186468466303886,-0.12232549235085063
-1.0,-0.2524774623434404,-0.48915938686487365,-0.23368764926544092,-0.2732373122156549,-0.2705309992106427
0.0,-0.2476158621149218,-0.48933566309959603,-0.18812727609982327,-0.2594716978035359,-0.20760530665241647
-1.0,-0.22099839389958034,-0.2658751443525861,-0.42300367490569385,-0.3637930770930528,-0.329793159319964
1.0,-0.24003344357053058,-0.43458990130920494,-0.16629778484653934,-0.26005919881389755,-0.2285966875905309
0.0,-0.26282963946833826,-0.2888788960262307,-0.09636597767841909,-0.14846623716316426,0.01034885382081075
-1.0,-0.24443917769412385,-0.37248660712753734,-0.22409153954520408,-0.18858783208766697,-0.2428599365023536
-1.0,-0.2524799653246779,-0.4579446015313944,-0.18102599211730724,-0.1815926029152609,-0.19672561802466776
-1.0,-0.2802941646263733,-0.11398507244300242,-0.4001507825864825,-0.34299007958111477,-0.2866511415327914
-1.0,-0.27368413015350607,-0.32783992757237357,-0.21892968460916934,-0.21350709496254558,-0.17867992642904812
1.0,-0.2524799653246779,-0.4579446015313944,-0.13258470819907944,-0.15604267164783694,-0.151894133460189
0.0,-0.21424946547308102,-0.29352562134965676,-0.08752943879804861,-0.14810502192001684,-0.024642454077002027
-1.0,-0.2435336225409975,-0.566104554876963,-0.2399969674030871,-0.24021176498995978,-0.2444991602846327
0.0,-0.21424946547308102,-0.29352562134965676,-0.18949397771351553,-0.1599228510324563,-0.10345451056316009
-1.0,-0.2129671328317956,0.39142169687851736,-0.39477339261751615,-0.3238916701767414,-0.33235128456711044
1.0,-0.2435336225409975,-0.566104554876963,-0.1584547308289054,-0.20985239937119055,-0.1605554285597292
0.0,-0.17738371869990718,-0.40255845771153587,-0.1563351967560491,-0.2374662493455495,-0.15642285471470402
-1.0,-0.1869966381163277,-0.4515017515899602,-0.23368764926544092,-0.11761144184566771,-0.14697378277834658
0.0,-0.18133907591051637,-0.2715849572492015,-0.17170536524782792,-0.07676583635839115,-0.17379446278587815
-1.0,-0.1864744241275222,-0.31606404293520146,-0.38746161943001356,-0.2796799060002426,-0.194438886368783
1.0,-0.18213883105079431,-0.5873365804129501,-0.13339383258498203,-0.09306256965991033,-0.054558800298171915
0.0,-0.4404087912357999,0.7853602796113285,-0.08752943879804861,-0.12661259278288062,-0.026561382700733455
-1.0,-0.4135121561912347,0.47788036867837796,-0.23106421317897835,-0.19125366729096965,-0.1567217123664763
0.0,-0.3783264160184594,0.6898795953171155,-0.1507840210946275,-0.09048860180177826,-0.08711671335801195
-1.0,-0.514616297495725,-0.3001587959358173,-0.4419271009371595,-0.3546570524551444,-0.42728883718463095
1.0,-0.4404087912357999,0.7853602796113285,-0.13258470819907944,-0.1427705676863592,-0.01770212958325861
0.0,-0.3508042031093087,-0.5076574074951278,-0.09405847977330176,-0.21128754600742497,-0.11539246063357544
-1.0,-0.3408362550010095,0.07566551594874127,-0.2543056200493321,-0.20884330784891214,-0.27022236400164
-1.0,-0.3408362550010095,0.07566551594874127,-0.2359900458486894,-0.2243064329778446,-0.20764942750656165
-1.0,-0.3192000038246869,0.14187395226900187,-0.4156901476629495,-0.25758448852333804,-0.33141448694390674
-1.0,-0.36382130969452126,0.13534253391622145,-0.18494009005724785,-0.21836516946463472,-0.2044088553955549
1.0,-0.3508042031093087,-0.5076574074951278,-0.16242074493687111,-0.2127116012200694,-0.18119225606282477
0.0,-0.29794792615514554,0.3521623770893927,-0.1563351967560491,-0.16488886944335565,-0.15758449030359026
-1.0,-0.33904943369637014,0.7081892559735029,-0.21723702183602142,-0.2366574563057155,-0.2076816333386553
0.0,-0.301291784733778,0.5839411653261933,-0.18599281355049485,-0.08874095872811988,-0.15120792277892942
-1.0,-0.32500445060812505,0.5312623830323269,-0.4088221473073413,-0.25352130140900264,-0.36878745090770443
1.0,-0.3363006665563216,0.44125019603598936,-0.1584547308289054,-0.18194923615131234,-0.15824619988084548
0.0,-0.2642132872216134,-0.17077832755373545,-0.09145387861633061,-0.11477508394362683,-0.12077530893350552
-1.0,-0.26140338452309975,-0.3009324317057828,-0.2543056200493321,-0.2165412506436827,-0.27273920263071577
-1.0,-0.2688008669733578,-0.33841427994041096,-0.1435696825601963,-0.2318414168105077,-0.21351106837265754
-1.0,-0.2642132872216134,-0.17077832755373545,-0.38746161943001356,-0.2837345466584553,-0.3474432767647045
-1.0,-0.2742209455507622,-0.27539867201664825,-0.26013069915888076,-0.2065487918561254,-0.25795934363743384
1.0,-0.2642132872216134,-0.17077832755373545,-0.15229945084104593,-0.11171201895904408,-0.15043379914591667
0.0,-0.2708368459871217,0.0712769836387586,-0.09636597767841909,-0.1103758627006706,-0.04931936477034198
-1.0,-0.2511178289129982,0.43459282391902176,-0.23106421317897835,-0.0695095161940395,-0.152006378652635
-1.0,-0.29130586297363625,-0.4340874205347953,-0.24766137003834654,-0.13473484776754296,-0.00961495323975584
-1.0,-0.2511178289129982,0.43459282391902176,-0.39477339261751615,-0.15385868431819474,-0.2612903732140618
-1.0,-0.29130586297363625,-0.4340874205347953,-0.26013069915888076,-0.14399447190238893,0.002912100585973417
1.0,-0.24509678439643162,0.0059996975295276925,-0.1584547308289054,-0.08056522126342508,-0.04800346272841426
0.0,-0.272454846865134,-0.5288505173608058,-0.08752943879804861,-0.17193893460140358,-0.12289959458305612
-1.0,-0.25760312255307727,-0.7392845291782647,-0.23368764926544092,-0.22081097470832775,-0.2705309992106427
0.0,-0.282480015198648,-0.9063427904726454,-0.158766654944706,-0.2385460741331574,-0.24826842238107888
-1.0,-0.272454846865134,-0.5288505173608058,-0.4029087227822933,-0.34428477063510743,-0.39276139763220547
1.0,-0.282480015198648,-0.9063427904726454,-0.15229945084104593,-0.2398301065154118,-0.18082414486348525
0.0,-0.2303242562193184,0.6348356856905415,-0.08180333417183552,-0.1134975400726265,-0.06296302662407198
-1.0,-0.24586832031193004,0.6313620235812953,-0.22603013286041554,-0.16431758092520146,-0.1770463870144751
-1.0,-0.21533819780459154,0.4075198260940553,-0.2570648956914953,-0.2698045127104503,-0.12416149397873558
-1.0,-0.20815935195986784,0.5698244592023058,-0.42300367490569385,-0.28811887150023374,-0.3820062486251002
-1.0,-0.21123147269451206,0.4355771841451784,-0.26013069915888076,-0.15861691284497226,0.029492748949399673
1.0,-0.22328595348774846,0.49585194481209294,-0.1512282063416441,-0.17848560664986732,-0.1224545406958459
0.0,-0.15042329018357228,-0.0072370539320932604,-0.06642782506990805,-0.14308782604871995,-0.11172124390395936
-1.0,-0.16322597914486747,-0.16173305291092485,-0.2399969674030871,-0.2516304876793553,-0.24451353035592813
0.0,-0.17344461604278913,-0.08240832400189173,-0.158766654944706,-0.19859073622188544,-0.18790371818903592
-1.0,-0.16322597914486747,-0.16173305291092485,-0.4256859947536056,-0.3440742510224094,-0.42340152892403893
1.0,-0.17344461604278913,-0.08240832400189173,-0.15229945084104593,-0.2266663929888471,-0.15043379914591667
0.0,-0.18914009465644674,-0.04788791661983547,-0.1563351967560491,-0.22948625395794287,-0.16106883881798537
-1.0,-0.14571646028327195,-0.08819559052849953,-0.21723702183602142,-0.2563585543316055,-0.2757885381856205
-1.0,-0.13600633874158638,0.171114533370678,-0.24850294048380184,-0.32350228669432113,-0.2575573368119102
-1.0,-0.13600633874158638,0.171114533370678,-0.4256859947536056,-0.37859479826109,-0.4222290075061528
-1.0,-0.13342961201001197,-0.1119205873828207,-0.24338314787199383,-0.3091928955178368,-0.3689483880297721
1.0,-0.15282166761488153,-0.07544710110414869,-0.16242074493687111,-0.19093131528772198,-0.2370161888809407
0.0,-0.17651515316160646,-0.46173996921693006,-0.09636597767841909,-0.23781206109297034,-0.16342306241709362
-1.0,-0.13456234533278671,0.07948241499420883,-0.23368764926544092,-0.23025317792487554,-0.25382788153975516
0.0,-0.13625575969796386,0.13167941926549098,-0.2049005217025134,-0.15475479991538796,-0.18561605307989357
-1.0,-0.17651515316160646,-0.46173996921693006,-0.3992151417310837,-0.37533488809464227,-0.3248790926279666
1.0,-0.17651515316160646,-0.46173996921693006,-0.1512282063416441,-0.22903183484222972,-0.2060439574879156
0.0,-0.31995581073931173,-0.24516993678873694,-0.09385559690197841,-0.2918147849219968,-0.1574150849205661
-1.0,-0.287345769417626,-0.27293006540494225,-0.21627995319189772,-0.3703571757318876,-0.3442025048880343
0.0,-0.2701653947896452,-0.28863017761623116,-0.20014489842609576,-0.3019282680284004,-0.21997477751505812
-1.0,-0.287345769417626,-0.27293006540494225,-0.4156901476629495,-0.42676932370664483,-0.40466104250162027
1.0,-0.27630456033082124,-0.35062533894509085,-0.13339383258498203,-0.30549909262611247,-0.21192176449457048
0.0,-0.2464819144817499,-0.1054470102205323,-0.1563351967560491,-0.25714526806596194,-0.15574018890606045
-1.0,-0.2573433253221252,0.17703997286009804,-0.23368764926544092,-0.22562812992218093,-0.2131125075700574
-1.0,-0.24427831011500692,-0.10354066057589215,-0.23773701614774786,-0.2507936671566832,-0.2875611474895255
-1.0,-0.23321694680146968,-0.0340520018232197,-0.39477339261751615,-0.3773641053000482,-0.37503017961427243
-1.0,-0.2780066545918644,0.01254090271645234,-0.2273846001788151,-0.285536051060657,-0.21449230659299875
1.0,-0.2573433253221252,0.17703997286009804,-0.14441844101969076,-0.18645816887912992,-0.16233962143848527
0.0,-0.4002015975551107,0.04486994460176627,-0.09145387861633061,-0.2537638714286011,-0.11310805838423142
-1.0,-0.4094708473497947,-0.3603707270822637,-0.23368764926544092,-0.17968697714442286,-0.21003778691712027
-1.0,-0.3839484511148768,-0.46465993707650843,-0.24850294048380184,-0.2520495792790398,-0.24359649373684297
-1.0,-0.4002015975551107,0.04486994460176627,-0.38746161943001356,-0.23963875274657337,-0.1940260471472021
-1.0,-0.3956806909411551,-0.5292010607778621,-0.2280791071234549,-0.21856385913406645,-0.15238789909781142
1.0,-0.4130683996655451,-0.3309085798979293,-0.16629778484653934,-0.16176427454060635,-0.15488134681569235
0.0,-0.2959274394623146,-0.4469804951331037,-0.09405847977330176,-0.25260011754734807,-0.09668722721816159
-1.0,-0.2998097461309028,-0.3823076714776522,-0.22592119796530502,-0.23618998793391083,-0.26369678314314204
0.0,-0.27959571571460384,-0.5885633935911861,-0.2049005217025134,-0.2054967467594401,-0.18561605307989357
-1.0,-0.2971964555626884,-0.31375155689521345,-0.4256859947536056,-0.3192504694496906,-0.41385156731079115
1.0,-0.2956866696085448,-0.32693579703881076,-0.1512282063416441,-0.23610008113330144,-0.17926905830711007
0.0,-0.19694602841944842,-0.4127557552537613,-0.08752943879804861,-0.17795496663429772,-0.10185637134397262
-1.0,-0.22090339569556217,-0.397995755296992,-0.2399969674030871,-0.2150033519604589,-0.2566892374870078
0.0,-0.20604697359387208,-0.44928101442161317,-0.18599281355049485,-0.2457254111125904,-0.18646768609892742
-1.0,-0.19694602841944842,-0.4127557552537613,-0.4029087227822933,-0.3239415028238531,-0.39145443362726967
1.0,-0.19654556621410962,-0.4090642633150313,-0.14268671079347114,-0.1968240578150017,-0.11129391551396696
0.0,-0.23055311971271333,-0.5660092772858163,-0.09636597767841909,-0.2650411952341374,-0.13764278452867046
-1.0,-0.20810981957570604,-0.5983168778559156,-0.22409153954520408,-0.19500912479552,-0.22181830080113066
-1.0,-0.2011580188441889,-0.441341300109126,-0.1435696825601963,-0.23411574365497648,-0.16962184051394272
-1.0,-0.23055311971271333,-0.5660092772858163,-0.3992151417310837,-0.32199829105276284,-0.363064934657595
-1.0,-0.21517801010870993,-0.540039119955969,-0.18915043005916998,-0.24268209344845965,-0.19634082722808957
1.0,-0.20810981957570604,-0.5983168778559156,-0.16629778484653934,-0.19527840306959443,-0.11091071580212691
0.0,-0.3908890070418295,-0.7925889284784372,-0.09145387861633061,-0.1738235481248666,-0.1297137661105361
-1.0,-0.4127116417457117,-0.7431588851189606,-0.21723702183602142,-0.1896023778544347,-0.23347135200715657
0.0,-0.41631756357118777,-0.5054879958626027,-0.18406122644899856,-0.14189953287101187,-0.13535950137318561
-1.0,-0.41631756357118777,-0.5054879958626027,-0.4001507825864825,-0.31360535728558475,-0.34537496432070935
1.0,-0.36030117523106026,-0.6476879637465407,-0.13339383258498203,-0.1697038486256636,-0.1461568073512519
0.0,-0.1960091111513096,-0.12351063383130093,-0.06642782506990805,-0.1539431801420824,-0.11172124390395936
-1.0,-0.22118384089076515,-0.23323613075057992,-0.21723702183602142,-0.17934973278474595,-0.23347135200715657
0.0,-0.22001712967772458,-0.0403660237835451,-0.158766654944706,-0.18870281951600199,-0.18790371818903592
-1.0,-0.2187380702137247,-0.40811185323861293,-0.39477339261751615,-0.36969422814821046,-0.3608885571489604
1.0,-0.2187380702137247,-0.40811185323861293,-0.13339383258498203,-0.20888427380536048,-0.1461568073512519
0.0,-0.2054087897719697,-0.37023930330712335,-0.10085954444637006,-0.10802039494173551,-0.10538053627408744
-1.0,-0.2041472614079665,-0.6071927151482418,-0.2399969674030871,-0.24936902342796236,-0.23892597107538904
0.0,-0.2041472614079665,-0.6071927151482418,-0.20014489842609576,-0.19450048135009368,-0.16198051302437894
-1.0,-0.2054087897719697,-0.37023930330712335,-0.39477339261751615,-0.23343488838703813,-0.33235128456711044
1.0,-0.16687167194186817,-0.4130688436609456,-0.15229945084104593,-0.25182079127211604,-0.14513677859579444
0.0,-0.24775933636423483,-1.0102464488104834,-0.09385559690197841,-0.17713862807385794,-0.1560350950645079
-1.0,-0.24775933636423483,-1.0102464488104834,-0.21333870223293777,-0.24991268016968285,-0.31184767231010224
0.0,-0.23200271808621126,-0.9007085608728354,-0.1507840210946275,-0.3407126692613514,-0.21087431413120433
-1.0,-0.24607279305967586,-0.6108700128603569,-0.3992151417310837,-0.4059615204729542,-0.4377311785066978
1.0,-0.24775933636423483,-1.0102464488104834,-0.13694736299347293,-0.20946777248139825,-0.19950906385935122
0.0,-0.3073004938043556,0.0037761519305158364,-0.08180333417183552,-0.13194527338475928,-0.0746056851375751
-1.0,-0.3029754612818929,-0.1260021119946127,-0.2543056200493321,-0.3060684381384899,-0.27022236400164
-1.0,-0.295164267470986,0.15546180522898873,-0.18384012950991344,-0.16797746919135678,-0.089892903961993
-1.0,-0.3447529623875785,-0.057429358102248584,-0.4001507825864825,-0.3219523980354431,-0.2866511415327914
-1.0,-0.27587034012496486,-0.04653501248553567,-0.26013069915888076,-0.2246237076037371,-0.1119103815448071
1.0,-0.3073004938043556,0.0037761519305158364,-0.14268671079347114,-0.17335147846561008,-0.06857232512377649
0.0,-0.21604842393649057,-0.43177168211076816,-0.09636597767841909,-0.23301040573309417,-0.13655133424501617
-1.0,-0.2192990045346883,-0.3285424205008974,-0.2399969674030871,-0.1804517979745391,-0.21147722155434157
0.0,-0.2404231587077947,-0.3055064503679175,-0.17170536524782792,-0.163141973581583,-0.14110068771107795
-1.0,-0.1805533443741698,-0.18146537741276406,-0.38746161943001356,-0.3028567985493932,-0.3061206251405894
1.0,-0.20826878584311614,-0.4353081253545399,-0.13258470819907944,-0.17340598281846684,-0.15611456007474184
0.0,-0.3004308972438593,-0.08763301934629943,-0.08180333417183552,-0.13070754408617002,-0.06633229286993146
-1.0,-0.31604167687044094,-0.22412344794892616,-0.23368764926544092,-0.2808672341557353,-0.2679117905213236
0.0,-0.3004308972438593,-0.08763301934629943,-0.18812727609982327,-0.1856364104542334,-0.11219617710027076
-1.0,-0.31604167687044094,-0.22412344794892616,-0.4001507825864825,-0.4065287160424288,-0.4382289219511709
1.0,-0.31604167687044094,-0.22412344794892616,-0.14441844101969076,-0.27868922994216366,-0.2038371697170432
0.0,-0.38632584997860897,-0.24052717516095734,-0.09405847977330176,-0.25912339505512527,-0.18373082053360443
-1.0,-0.37936847042592753,-0.3627966220128575,-0.22592119796530502,-0.3984808015922428,-0.2917154463830911
0.0,-0.3686749512065868,-0.21526093705614846,-0.18406122644899856,-0.2722402182452018,-0.1931862140111284
-1.0,-0.38632584997860897,-0.24052717516095734,-0.4088221473073413,-0.40824079944143227,-0.44312437165080454
1.0,-0.34530759388713617,-0.39014908078448807,-0.14268671079347114,-0.31587527361571816,-0.2314182665644601
0.0,-0.3154669087185571,-0.48209362082160034,-0.08180333417183552,-0.18016246571411917,-0.14302163533268447
-1.0,-0.33808072493670477,-0.563254344533273,-0.23106421317897835,-0.25027054148463973,-0.2428274261688221
0.0,-0.3240721809293813,-0.5130561621412746,-0.20014489842609576,-0.2949168986514412,-0.23659487204707602
-1.0,-0.2941599715124037,-0.28769172615571226,-0.4088221473073413,-0.30883849607862746,-0.40612970471235826
1.0,-0.3357590606260604,-0.6190658805592444,-0.13258470819907944,-0.26688805782553826,-0.23894704685661178
0.0,-0.2912540913408901,-0.06115854596694713,-0.08752943879804861,-0.17192262673499292,-0.11032975339566467
-1.0,-0.3027643445643021,0.12583112712819214,-0.23106421317897835,-0.18276530075484743,-0.24192964480020906
-1.0,-0.2876686267726899,0.05971455743606115,-0.24850294048380184,-0.24736207158870335,-0.24822271722004002
-1.0,-0.2876686267726899,0.05971455743606115,-0.4256859947536056,-0.2864807330926781,-0.4303526153175492
-1.0,-0.2575826771520937,0.11495376529035842,-0.18915043005916998,-0.21846975564321836,-0.16623704987493831
1.0,-0.2709943930474935,0.1367348013699416,-0.1512282063416441,-0.17918010168971707,-0.17926905830711007
0.0,-0.30128358268635186,-0.3858140437047729,-0.1563351967560491,-0.20109967874964751,-0.15493960083658484
-1.0,-0.2741016953746699,-0.1490484535510848,-0.21627995319189772,-0.18015340588998188,-0.15071609108323233
0.0,-0.24153849564940838,-0.09341627256290405,-0.1507840210946275,-0.14246627961578975,-0.14074433263015584
-1.0,-0.2827214693601017,-0.1827207944987157,-0.4001507825864825,-0.3323625582267741,-0.3355097287016445
1.0,-0.27738626957815543,-0.12461016016602988,-0.13258470819907944,-0.13196984972942108,-0.033897552138366226
0.0,-0.3689299756648699,-0.3925230746949599,-0.10085954444637006,-0.27015246119670666,-0.21841953155443902
-1.0,-0.3493240339814387,-0.25400698595649185,-0.22603013286041554,-0.22239347253471972,-0.26770059984655675
0.0,-0.33637517981020576,-0.16350111084020164,-0.158766654944706,-0.18731470728702493,-0.1957529885178092
-1.0,-0.3689299756648699,-0.3925230746949599,-0.39477339261751615,-0.3749205208436164,-0.3694441567997606
1.0,-0.3689299756648699,-0.3925230746949599,-0.13339383258498203,-0.29124638351144516,-0.19146658991118437
0.0,-0.3123524144688788,-0.6425540864265139,-0.09385559690197841,-0.2737781222598927,-0.1560350950645079
-1.0,-0.3095146836944592,-0.6852485899629056,-0.21627995319189772,-0.34661621484208444,-0.26939348509653743
0.0,-0.29952186472279363,-0.5633751802695371,-0.1507840210946275,-0.24235692615224982,-0.1682149192443501
-1.0,-0.31167489946481275,-0.48930986720382563,-0.4029087227822933,-0.3823890164767817,-0.38283289168450546
1.0,-0.3125581508452267,-0.6558914980263375,-0.1512282063416441,-0.31532035335180386,-0.27203963575644474
0.0,-0.3636244471177252,-0.22609021235537094,-0.06642782506990805,-0.1308173342332536,-0.10904722856014186
-1.0,-0.3636244471177252,-0.22609021235537094,-0.23368764926544092,-0.1552838755804412,-0.21003778691712027
-1.0,-0.3630241824706428,0.21340337917927651,-0.1435696825601963,-0.2088980479135561,-0.21351106837265754
-1.0,-0.36724440147433657,0.24155309608606484,-0.42300367490569385,-0.32957697944349706,-0.39725149275083843
-1.0,-0.3750516382249874,0.1923535142302149,-0.24338314787199383,-0.22626540088687172,-0.21138369962508932
1.0,-0.3636244471177252,-0.22609021235537094,-0.14441844101969076,-0.1308173342332536,-0.16233962143848527
0.0,-0.3830731257843578,-0.4023190526665703,-0.08180333417183552,-0.15238099347389078,-0.20676677816468184
-1.0,-0.4271897009729139,-0.10594932045749554,-0.22603013286041554,-0.22630873976774127,-0.2616368809539408
0.0,-0.4271897009729139,-0.10594932045749554,-0.1507840210946275,-0.19611200065329257,-0.1682149192443501
-1.0,-0.40053756863354606,-0.48453926654885265,-0.39477339261751615,-0.39985395536818297,-0.4022423505488931
1.0,-0.4402697921125442,-0.18545856491205767,-0.16629778484653934,-0.2019637721937102,-0.15488134681569235
0.0,-0.4115121675429333,-0.7744511565025683,-0.09636597767841909,-0.25862254906918924,-0.23415926712305304
-1.0,-0.4149459600658741,-0.7385888377242704,-0.21333870223293777,-0.3214370250650748,-0.32287005726012363
-1.0,-0.440817001101502,-0.5135333934409353,-0.24766137003834654,-0.3385263806715032,-0.3702060786115923
-1.0,-0.39619272259930643,-0.48814442886463033,-0.4029087227822933,-0.41511668147501873,-0.3808713073537748
-1.0,-0.4115121675429333,-0.7744511565025683,-0.2273846001788151,-0.33966610276187464,-0.41960160999073765
1.0,-0.41846801523681143,-0.6606437241146434,-0.16242074493687111,-0.26899289845336655,-0.25500079158037275
0.0,-0.3628827869199804,-0.18529181016366558,-0.12428821959168619,-0.187944864020957,-0.13016911150341182
-1.0,-0.34469712094125365,-0.2651119917470198,-0.23106421317897835,-0.23295383199448313,-0.24944588945049584
-1.0,-0.3628827869199804,-0.18529181016366558,-0.24850294048380184,-0.25139163323402564,-0.24180865000876683
-1.0,-0.30664452250261626,-0.19154075213827476,-0.38746161943001356,-0.3050309820820129,-0.3061206251405894
-1.0,-0.3394167315714468,-0.2823709246131286,-0.2273846001788151,-0.2641994846340211,-0.21449230659299875
1.0,-0.33442131024958494,-0.3108532516192645,-0.14441844101969076,-0.19898384136447297,-0.18975326073547463
0.0,-0.3130418266971182,-0.30256209423782826,-0.1563351967560491,-0.2398543109823377,-0.2283524144421216
-1.0,-0.3436170313194129,0.07535940598626911,-0.22603013286041554,-0.21734601015508898,-0.25933977520486196
0.0,-0.3104863159605828,0.011077352756598872,-0.18599281355049485,-0.2204920884646012,-0.2274850722301271
-1.0,-0.34637964733368337,0.08056167596892688,-0.42300367490569385,-0.35930955065785897,-0.33477407432458145
1.0,-0.31592697535411246,0.0359101029723896,-0.14441844101969076,-0.15741741590815575,-0.2064563784063623
0.0,-0.399458750747291,-0.6294404300310242,-0.12428821959168619,-0.2980691837029001,-0.16739159977890525
-1.0,-0.37005898640947626,0.06305612464537647,-0.23368764926544092,-0.2595167606747719,-0.2705309992106427
0.0,-0.37005898640947626,0.06305612464537647,-0.18406122644899856,-0.20432175063889102,-0.1919845624661023
-1.0,-0.37005898640947626,0.06305612464537647,-0.4001507825864825,-0.3358237981728458,-0.41718751218666483
1.0,-0.399458750747291,-0.6294404300310242,-0.1584547308289054,-0.294322027264451,-0.20396490598415531
0.0,-0.30050725932817746,0.030706050497993208,-0.30589636152403576,-0.27786006648001654,-0.30674953782475356
-2.0,-0.2974119349321335,-0.23466351799800728,-0.42016641996591686,-0.47815428566674095,-0.4932359606858943
-3.0,-0.2537925537646205,-0.08165583201817558,-0.4901646175711509,-0.4029364724810342,-0.3821525103645866
1.0,-0.27817789938632287,0.0018945766622387103,-0.15098790036136578,-0.23460463938742915,-0.1571628773656848
1.0,-0.2861993895510715,-0.02491467169835941,-0.17400905472920505,-0.21477049065767415,-0.22098714043868864
0.0,-0.22792291403315693,0.021493444462250905,-0.2916250968852599,-0.15443610989299614,-0.24755739635567653
-2.0,-0.23895519220807582,-0.023519491171534124,-0.3799970825014766,-0.2867575115095829,-0.3897898963968632
-3.0,-0.24262048078452228,-0.32942599649042376,-0.4739276110274363,-0.30276521131876355,-0.47272318346747744
1.0,-0.21653609091533071,0.026891523674292442,-0.15098790036136578,-0.1598696088371132,-0.15503000629189945
1.0,-0.23063089423993938,0.030609367161810133,-0.1318184953431158,-0.16163247846298917,-0.1864868356423576
0.0,-0.16980530974216032,-0.23578909921944904,-0.2910853348962719,-0.14566039405820932,-0.2646664590697737
-3.0,-0.1879296500058741,-0.20600042224330678,-0.4616310760981376,-0.28620124059096835,-0.41369382218611367
-1.0,-0.1977159515845914,-0.22706399667090155,-0.31376122700985193,-0.29367113633102215,-0.2560730623952986
-3.0,-0.1786371343612472,-0.4865214765522793,-0.4374225828795112,-0.3825370442997056,-0.37908040098335255
3.0,-0.1786371343612472,-0.4865214765522793,-0.15501207236110975,-0.22798485056356468,-0.1580643795270096
1.0,-0.15990531992443854,-0.17988011421646763,-0.12893393047987722,-0.08209297626954053,-0.1370742416403673
0.0,-0.3675709307586978,-0.5496835867737491,-0.30369807348791866,-0.33840759077288995,-0.3628792819485491
-2.0,-0.3505429415914828,-0.3690085304518931,-0.42016641996591686,-0.4540890195725052,-0.3900832836353824
-3.0,-0.3445963485539856,-0.4743877631489038,-0.4442198162126142,-0.40201093466447557,-0.3162149027370405
1.0,-0.371884561695089,-0.4503089613565673,-0.15098790036136578,-0.23615509383786554,-0.17770783374570717
1.0,-0.3445963485539856,-0.4743877631489038,-0.1365786965853002,-0.29330979243266364,-0.15379467708387062
0.0,-0.27114670493789256,-0.2403108793909427,-0.31275052162350375,-0.23580749016890418,-0.2909729788329602
-3.0,-0.22058716985562607,0.062427337774026224,-0.4550258347510757,-0.2937608388013642,-0.32940999452935343
-1.0,-0.2335083305080127,0.21742528202581873,-0.24151822536824796,-0.08618491846471259,-0.09308860053475419
-3.0,-0.204148270609546,-0.054565162370205034,-0.4581866346574805,-0.40592439156436166,-0.3768804731611997
3.0,-0.2335083305080127,0.21742528202581873,-0.12475595022162783,-0.031799687733715255,-0.029719753590866618
1.0,-0.27114670493789256,-0.2403108793909427,-0.14747525526958363,-0.13408061131719962,-0.15023013785409464
0.0,-0.3722397448427471,-0.5549235696848182,-0.31275052162350375,-0.35111742062427265,-0.33621365357792815
-2.0,-0.3735402387267817,-0.49676278321623935,-0.38860774746625293,-0.4895255577907232,-0.3529007861911493
-3.0,-0.35834742588919527,-0.28382552286222495,-0.4442198162126142,-0.43549611020013856,-0.4859272430693016
1.0,-0.36783220960643925,-0.4916406816216903,-0.15098790036136578,-0.24880768186197583,-0.21635219753139467
1.0,-0.3610376173308608,-0.5025236822509931,-0.17400905472920505,-0.2232485066660562,-0.18524011129184967
0.0,-0.35963464064196765,-0.5662569195449058,-0.2910853348962719,-0.26469192068333985,-0.3288047097615501
-3.0,-0.382361930702817,-0.47400295285644567,-0.44808547362162615,-0.46916883425085126,-0.5482586107299264
-1.0,-0.382361930702817,-0.47400295285644567,-0.28523107592766156,-0.32052790835314365,-0.31486399163903384
-3.0,-0.36595192594148584,-0.6611863172283056,-0.42970511857741445,-0.4834464176705355,-0.9353996694086453
3.0,-0.36283093992687515,-0.6326316035832062,-0.1778117904413116,-0.21734230299845045,-0.16434685531182017
1.0,-0.36911347997071486,-0.5765657652954653,-0.111184703370922,-0.19597666605475828,-0.15355145712645993
0.0,-0.31671945408935664,-0.6110940205336665,-0.3198531984181293,-0.4139764909665292,-0.3867184502844139
-2.0,-0.2929397959013099,-0.6264102371619792,-0.35897103634289307,-0.5220313314812088,-0.44372281570010214
-3.0,-0.30004262978538127,-0.5227859668323235,-0.4500254355426202,-0.5933888753355983,-0.5389867332649613
1.0,-0.2929397959013099,-0.6264102371619792,-0.11418217527938704,-0.2755349673689114,-0.23421041897379458
1.0,-0.3001178419714038,-0.619323093222104,-0.15598689142446948,-0.29605079243334176,-0.23552620271947203
0.0,-0.26422412349080293,-0.26032806836732536,-0.30589636152403576,-0.3541673893690522,-0.3340815695529292
-3.0,-0.27423411931117364,-0.164035377924289,-0.4616310760981376,-0.3738597484113152,-0.32237692322458833
-1.0,-0.27423411931117364,-0.164035377924289,-0.24151822536824796,-0.25663701552771373,-0.24234948780812807
-3.0,-0.2761399089159295,-0.19735340089664294,-0.4500254355426202,-0.45257797806839434,-0.5915471891400407
3.0,-0.27423411931117364,-0.164035377924289,-0.12475595022162783,-0.18170043388516824,-0.13393674068168648
1.0,-0.27423411931117364,-0.164035377924289,-0.111184703370922,-0.18503952348291855,-0.16631035613221457
0.0,-0.2258104552498001,-0.6342797188330394,-0.3198531984181293,-0.3591199589046847,-0.3710862037377905
-2.0,-0.23320984397573397,-0.7216950307764481,-0.35897103634289307,-0.42801450553083353,-0.40260100348217487
-3.0,-0.2211116995012875,-0.47410345567100104,-0.4901646175711509,-0.5456671489544616,-0.40977971149171544
1.0,-0.23320984397573397,-0.7216950307764481,-0.11418217527938704,-0.2872312869722558,-0.24029622477484666
1.0,-0.206613833355512,-0.6201509831739197,-0.15875606389527336,-0.27702134038259946,-0.18803311796197206
0.0,-0.15376711715654043,0.24576875596227865,-0.3198531984181293,-0.330357974514462,-0.28619090905553035
-2.0,-0.2082001087066326,0.03791626923031701,-0.37989585668952625,-0.45410668148638544,-0.34816017830622165
-3.0,-0.15376711715654043,0.24576875596227865,-0.4581866346574805,-0.43636498324946427,-0.33040330971706383
1.0,-0.20230089212919974,-0.026066250261111944,-0.12355208478568282,-0.22748487140743112,-0.1552955513334783
1.0,-0.1962603474320169,0.019844625632400137,-0.15875606389527336,-0.20825980961121934,-0.18803311796197206
0.0,-0.17411233558249964,-0.38172080651490237,-0.2910853348962719,-0.30522485092501117,-0.2646808893719063
-3.0,-0.20044151155214246,-0.7170703760375116,-0.4107786639663292,-0.37725558682592836,-0.42967281081830666
-1.0,-0.14030026643117044,-0.5790707840539894,-0.24151822536824796,-0.29666924424830854,-0.24492730782083053
-3.0,-0.20044151155214246,-0.7170703760375116,-0.4374225828795112,-0.3771964459950302,-0.4445673797643213
3.0,-0.20044151155214246,-0.7170703760375116,-0.15501207236110975,-0.23923949455313206,-0.15921195153856194
1.0,-0.14030026643117044,-0.5790707840539894,-0.111184703370922,-0.26159381661664466,-0.15542600301246584
0.0,-0.16290765412168978,-0.2748397816796382,-0.2916250968852599,-0.29793600529324543,-0.31661930624095325
-2.0,-0.14933791361403825,-0.18948544678941404,-0.3799970825014766,-0.34766906242608364,-0.3093302057600796
-3.0,-0.16172011308452056,-0.150536778637558,-0.4861139423159729,-0.3526011948274474,-0.3691613320817982
1.0,-0.20318940079788456,-0.0306992651937761,-0.12355208478568282,-0.13658020034882581,-0.1418713507205694
1.0,-0.20318940079788456,-0.0306992651937761,-0.15598689142446948,-0.21582078581462813,-0.1808853411832593
0.0,-0.1332423080373071,-0.023995640428032424,-0.31275052162350375,-0.2547065248561198,-0.25455007605815605
-3.0,-0.12101916142172536,0.14100718217465505,-0.4417551167624078,-0.27115878417094624,-0.18429435760103816
-1.0,-0.1418482178150353,0.06440569297667645,-0.28231963377788205,-0.21666470304891752,-0.18289098917046484
-3.0,-0.1364014087139064,0.09587773540186703,-0.4901646175711509,-0.33500163843968306,-0.34035595167632465
3.0,-0.12416093564153309,0.127317947030963,-0.12475595022162783,-0.12209962035846995,-0.07789343079372668
1.0,-0.1418482178150353,0.06440569297667645,-0.16653731853872833,-0.11233190134007508,-0.142254362627877
0.0,-0.06502210213020154,-0.28034988635390484,-0.31275052162350375,-0.23192571391683703,-0.25455007605815605
-2.0,-0.06735863769390356,0.06895882347351927,-0.35897103634289307,-0.29645491520014233,-0.4062038786358596
-3.0,-0.06735863769390356,0.06895882347351927,-0.4442198162126142,-0.292037804506854,-0.41633430892314816
1.0,-0.09237586406756676,-0.20601453473856562,-0.12893393047987722,-0.1483231592145549,-0.1896226273286599
1.0,-0.09454436868054314,-0.30282968589226766,-0.15598689142446948,-0.1899856689272949,-0.15623103538434416
0.0,-0.08055293402646045,0.09928756662271009,-0.31275052162350375,-0.18787375804660275,-0.25455007605815605
-3.0,-0.09759256390981841,0.17109271885075703,-0.4550258347510757,-0.33727489164686925,-0.2919732627508424
-1.0,-0.07023759801318931,0.17684704823121006,-0.27117420906733314,-0.14983445499229214,-0.05533841684589353
-3.0,-0.09204615290369604,-0.0050016433715346365,-0.42970511857741445,-0.321842827604943,-0.2176032815924501
3.0,-0.09759256390981841,0.17109271885075703,-0.1778117904413116,-0.1500498411606779,-0.09996304072748181
1.0,-0.06407768290442059,0.0782167140988412,-0.12355208478568282,-0.11049122280863792,-0.09833410877270393
0.0,-0.10522105476073845,-0.4636766587663909,-0.30369807348791866,-0.2604521765171998,-0.25631271301692826
-2.0,-0.11909706764050457,-0.3301129286178882,-0.3799970825014766,-0.29946177610546154,-0.27689716085403776
-3.0,-0.12569009280209795,-0.2263535537981773,-0.4490589768033803,-0.30118032986472604,-0.21376092870127447
1.0,-0.09512462861762937,-0.34487937588747153,-0.1395768088024777,-0.11811406090926768,-0.08787885295918274
1.0,-0.10522105476073845,-0.4636766587663909,-0.1318184953431158,-0.18529297415650772,-0.16529141229767852
0.0,-0.1364341365850253,-0.1830173795777934,-0.3004014046030937,-0.1776113347593876,-0.2850296715017298
-2.0,-0.12019383850095133,-0.016627723956986196,-0.37989585668952625,-0.2250363347668225,-0.29736189399838203
-3.0,-0.10336118642128903,-0.015426304681177934,-0.4442198162126142,-0.26193487718183994,-0.357469438802133
1.0,-0.10336118642128903,-0.015426304681177934,-0.11418217527938704,-0.18422125408901618,-0.10762180540426018
1.0,-0.11775859665884009,-0.12364209144660684,-0.1722068706342089,-0.2054038673773407,-0.09538893534281147
0.0,-0.2296645401973001,-0.05841739145068506,-0.3048857455698865,-0.30150152501004407,-0.25959220792281135
-2.0,-0.2449934747999826,-0.07094826130714416,-0.38665908971487567,-0.3824542536805916,-0.3827249135721487
-3.0,-0.24652007501275758,0.16227318972822152,-0.4500254355426202,-0.3655922345633049,-0.3456219194830206
1.0,-0.25252043467468926,-0.01301394534030001,-0.15098790036136578,-0.21466030544006118,-0.17770783374570717
1.0,-0.24899321832423907,-0.27042503579645805,-0.17857148152420524,-0.30958016259424914,-0.21078910431941075
0.0,-0.16634812805360027,0.0779557558544657,-0.27629782817275517,-0.1708409846963313,-0.22006862984307585
-2.0,-0.15356344932063715,-0.3384248495738095,-0.38860774746625293,-0.3000576142822458,-0.3675984379610456
-3.0,-0.12143842905509894,0.10886359314656005,-0.42970511857741445,-0.20492960379529612,-0.2822108267570198
1.0,-0.15356344932063715,-0.3384248495738095,-0.1395768088024777,-0.13373955818142733,-0.14016900304567026
1.0,-0.13473944528015616,-0.011993525900438472,-0.17857148152420524,-0.13379069846106548,-0.15564419950308658
0.0,-0.2831487252259972,-0.4918212696768655,-0.31275052162350375,-0.28086131548682386,-0.2802846232678531
-3.0,-0.2831487252259972,-0.4918212696768655,-0.43634827851810115,-0.35612498511590096,-0.478342828459142
-1.0,-0.24928872518088038,-0.24817646730194626,-0.2774494047020076,-0.28885188647689725,-0.2616191735292312
-3.0,-0.29063855531521604,-0.33379674439767426,-0.4500254355426202,-0.41802947336045393,-0.5915471891400407
3.0,-0.29056176737691064,-0.38962011745637715,-0.1267517184744832,-0.1990549147300276,-0.21943773094413402
1.0,-0.2831487252259972,-0.4918212696768655,-0.14747525526958363,-0.2054592807558339,-0.1820635740058798
0.0,-0.02608617224612841,0.5542725567905874,-0.3198531984181293,-0.25595345379865,-0.326247150210433
-2.0,-0.07644620863450724,0.53476546802223,-0.3799970825014766,-0.3292385511097621,-0.28087500904105833
-3.0,-0.10614379995983213,-0.0646430592015247,-0.4901646175711509,-0.3846626387564234,-0.3821525103645866
1.0,-0.03138502226687952,0.4846874181628492,-0.11418217527938704,-0.1643529635658753,-0.10426564681733674
1.0,-0.10614379995983213,-0.0646430592015247,-0.16823891642365285,-0.2463662852846236,-0.21957599635357733
0.0,-0.13319313475528807,0.07814325025356998,-0.3004014046030937,-0.276508756736112,-0.2587067557796019
-3.0,-0.13149866008409627,0.09842864223317152,-0.489522616873269,-0.3851195495935007,-0.4687444787100076
-1.0,-0.13319313475528807,0.07814325025356998,-0.30093948109334795,-0.27067189030823596,-0.2750505088544335
-3.0,-0.1282810647097522,0.09400742739493131,-0.4490589768033803,-0.35099721943615597,-0.3500153244327798
3.0,-0.1282810647097522,0.09400742739493131,-0.1666733516702021,-0.1963892591447506,-0.13756556851368754
1.0,-0.10082223827070691,0.020854129468935768,-0.1490828131205039,-0.22130781873238234,-0.18312789379094357
0.0,-0.1951743948047877,0.2175119414659127,-0.30589636152403576,-0.24046272944312416,-0.22534114110861103
-2.0,-0.21790519790580107,1.1779420556368079,-0.38860774746625293,-0.2921491959742116,-0.3119602993660504
-3.0,-0.201307570989435,0.38644393262699755,-0.4861139423159729,-0.32781808029234805,-0.26980019954969153
1.0,-0.21790519790580107,1.1779420556368079,-0.1395768088024777,-0.10025861992730199,-0.10073784412596118
1.0,-0.20740854918728932,0.7631983703193691,-0.15598689142446948,-0.1360016768969874,-0.18407813019010075
0.0,-0.2754023558705517,-0.12497696879601469,-0.31275052162350375,-0.24427902577052626,-0.3216545447171198
-2.0,-0.28646299425203076,-0.2859019612600487,-0.36630211802754,-0.4404719144752359,-0.3725920930219651
-3.0,-0.28646299425203076,-0.2859019612600487,-0.4374225828795112,-0.44281496175279017,-0.41705660324818133
1.0,-0.26585053487996546,-0.11160740714962566,-0.16653731853872833,-0.17535269452560523,-0.16365862041288726
1.0,-0.2376348681530365,-0.15489997741956701,-0.1365786965853002,-0.2031464972818065,-0.18881481647984671
0.0,-0.6295767102013546,-0.19624209113807112,-0.31275052162350375,-0.333555274095724,-0.3154164554739368
-2.0,-0.6295767102013546,-0.19624209113807112,-0.3397989111525442,-0.45196536877543364,-0.31482726209313305
-3.0,-0.6477416193944968,-0.44603880771509363,-0.4739276110274363,-0.5764162822371197,-0.5667543852330627
1.0,-0.6477416193944968,-0.44603880771509363,-0.15158735177651875,-0.3722371304180654,-0.18107285472677198
1.0,-0.6542438834637997,-0.525762611553636,-0.15014821827124844,-0.32344978806161584,-0.21267805826096117
0.0,-0.1806099674808774,-0.024931656906207703,-0.27629782817275517,-0.31104935800359995,-0.22478926373290634
-2.0,-0.1634766903535443,-0.2319152653999501,-0.38860774746625293,-0.4699415663159959,-0.4111958240475025
-3.0,-0.16303504106198802,-0.0924747240060901,-0.42970511857741445,-0.4053921068309978,-0.5211292372566902
1.0,-0.16791342389916242,0.16211288294931234,-0.111184703370922,-0.03858226073041699,-0.16631035613221457
1.0,-0.18358969019252047,0.03956115868033111,-0.1722068706342089,-0.16740568179246124,-0.20994868769097702
0.0,-0.1568241812779367,0.6064610060291238,-0.31275052162350375,-0.19541179088710156,-0.2521301996928284
-3.0,-0.16708834992222937,0.2106277067125569,-0.489522616873269,-0.34663593780105345,-0.46479759778186025
-1.0,-0.1502589687931522,0.779823421788759,-0.27117420906733314,-0.25214731396782736,-0.2626011828052513
-3.0,-0.14292507422341474,0.32865254787994386,-0.4842355776961356,-0.29617441622945273,-0.44004571495531386
3.0,-0.17166486916653936,0.5905020110567646,-0.1578634761249732,-0.19178904500967878,-0.18816626313485543
1.0,-0.1502589687931522,0.779823421788759,-0.1490828131205039,-0.2181888199303716,-0.17109057051114424
0.0,-0.159398962693392,-0.35202179434860725,-0.3198531984181293,-0.3683425725531482,-0.2639541408461305
-2.0,-0.16749154360925972,-0.18364490384561646,-0.37003655608685126,-0.36152936826250254,-0.34782877469412976
-3.0,-0.13971359369249675,-0.22224430599197462,-0.4901646175711509,-0.4465025530401041,-0.36608172336859807
1.0,-0.13581471324709707,-0.3233271427602445,-0.11418217527938704,-0.21058345502610815,-0.10762180540426018
1.0,-0.14652519660872101,-0.34973666069243636,-0.1722068706342089,-0.251033563021069,-0.20994868769097702
0.0,-0.6040319717343916,-0.5139648842386347,-0.2916250968852599,-0.4208959090455188,-0.32442695425343965
-3.0,-0.5871175771190859,-0.41335190764164154,-0.4417551167624078,-0.5507790006530253,-0.39265795893794614
-1.0,-0.5936793891372514,-0.5252124921699826,-0.31376122700985193,-0.4472174473139619,-0.2872289243069052
-3.0,-0.6040319717343916,-0.5139648842386347,-0.4442198162126142,-0.523665256566288,-0.5168208758219571
3.0,-0.5817754289206698,-0.519738134688063,-0.12475595022162783,-0.21983925316462144,-0.1530110138541049
1.0,-0.6040319717343916,-0.5139648842386347,-0.11418217527938704,-0.3233367350535849,-0.22170865168812057
0.0,-0.46715677070648365,-0.43749003946830883,-0.2916250968852599,-0.3959593797224955,-0.32442695425343965
-3.0,-0.4502501990707452,-0.29543589396815156,-0.4107786639663292,-0.5340289369328431,-0.4885677535015158
-1.0,-0.46570057848914737,-0.5160320204872377,-0.2924394601455901,-0.33570124236141446,-0.2882948208586022
-3.0,-0.486296712025794,-0.7754220153458787,-0.4490589768033803,-0.6959678360204713,-0.5450390431153239
3.0,-0.46570057848914737,-0.5160320204872377,-0.1778117904413116,-0.27825659984778905,-0.16434685531182017
1.0,-0.4381290262638534,-0.5598101033023523,-0.111184703370922,-0.31650290460947766,-0.14871464502072948
0.0,-0.266441239620839,0.07258908206777404,-0.3048857455698865,-0.23567720233823264,-0.23894408054115743
-2.0,-0.23883071593487065,0.14484307425859086,-0.42016641996591686,-0.32253917847390867,-0.4122327465405538
-3.0,-0.21424101541043483,-0.08605923504366512,-0.4490589768033803,-0.27616643614533376,-0.22678892709204607
1.0,-0.23883071593487065,0.14484307425859086,-0.1490828131205039,-0.17942486906267957,-0.0743671013486744
1.0,-0.2649965212330842,0.07813108269250593,-0.1722068706342089,-0.1810135808833407,-0.08939100947745858
0.0,-0.2278352843978465,-0.44838307543007927,-0.3004014046030937,-0.33051511981587267,-0.2587067557796019
-2.0,-0.2182089420054006,-0.44855126091236314,-0.38860774746625293,-0.35100190354314126,-0.3126409971979926
-3.0,-0.2505812351502887,-0.6704518047903721,-0.4842355776961356,-0.4745197413043183,-0.6338146476964193
1.0,-0.23251788755989367,-0.5758369081375493,-0.1490828131205039,-0.18644153735010174,-0.13074851850891417
1.0,-0.23499777696206597,-0.6813133605453596,-0.1365786965853002,-0.23863093342990527,-0.1671103807451015
0.0,-0.40508127834089863,-0.013691198016252487,-0.3004014046030937,-0.20394598249386686,-0.21445539428365146
-2.0,-0.48907742015301037,-0.38320302221741354,-0.42016641996591686,-0.49860331347984177,-0.4674099644232251
-3.0,-0.42368360071492805,-0.1848157415842701,-0.4739276110274363,-0.323882977667917,-0.15005609095776853
1.0,-0.41580263482734237,-0.18714201462248253,-0.12893393047987722,-0.15877692147474723,-0.15500207473572017
1.0,-0.40788475421254267,-0.09117308152844653,-0.1365786965853002,-0.11899280330663867,-0.15968135499722927
0.0,-0.21658130547191534,-0.0979146383356256,-0.27629782817275517,-0.30345974832658995,-0.23938487506054917
-2.0,-0.19440739772148552,-0.10931385494565332,-0.3799970825014766,-0.3610647002106248,-0.39555398981196443
-3.0,-0.19752287401553342,-0.24730527271082303,-0.4581866346574805,-0.5226938725090048,-0.37897422799356945
1.0,-0.15635636760860389,-0.24590111230974895,-0.12893393047987722,-0.12053186784058165,-0.1370742416403673
1.0,-0.15635636760860389,-0.24590111230974895,-0.16823891642365285,-0.1579992791466693,-0.19456654744215388
0.0,-0.28047995713784135,-0.6434195170206567,-0.3010283532820597,-0.3032469064459121,-0.409465818017542
-2.0,-0.27101052913015344,-0.5657477080421768,-0.38860774746625293,-0.36165156132681925,-0.3480774343544022
-3.0,-0.2590648424913949,-0.34361412375427974,-0.42970511857741445,-0.33220495513590587,-0.23841647498165422
1.0,-0.3045780909371841,-0.6703296396270104,-0.15098790036136578,-0.2287173075800322,-0.16674268123181732
1.0,-0.320379667813092,-0.6811459312698269,-0.1722068706342089,-0.24579056210204117,-0.23908969469319025
0.0,-0.21631532624613334,-0.45311413556590496,-0.31275052162350375,-0.23775460324155273,-0.25455007605815605
-2.0,-0.23903181471023363,-0.49082392564375843,-0.38860774746625293,-0.3735455267187856,-0.3648191249981141
-3.0,-0.25453382908719396,-0.3126444136638762,-0.4861139423159729,-0.30619715080349824,-0.25771840159847337
1.0,-0.21871891722715375,-0.5957931050428151,-0.11418217527938704,-0.10925395413164189,-0.10426564681733674
1.0,-0.23940076047470976,-0.5796717238984891,-0.1722068706342089,-0.19048554882477,-0.09012906906441605
0.0,-0.24232610870484397,-0.6521331247645241,-0.27629782817275517,-0.3064463379987238,-0.23938487506054917
-3.0,-0.2121803682493705,-0.60591726279447,-0.43634827851810115,-0.375844054777085,-0.2105781524436635
-1.0,-0.2297930942464929,-0.7269467198907773,-0.31376122700985193,-0.2582939145847296,-0.2560730623952986
-3.0,-0.2567253665894345,-0.4273860510800751,-0.4842355776961356,-0.4363252107275678,-0.3806047185594073
3.0,-0.2121803682493705,-0.60591726279447,-0.1666733516702021,-0.14637290992279436,-0.08314389089925271
1.0,-0.21177580235894394,-0.6468986204206246,-0.16653731853872833,-0.14889966627281906,-0.2041743944871068
0.0,-0.15551741079960765,-0.015075883086057201,-0.3004014046030937,-0.28505920473104956,-0.2850296715017298
-2.0,-0.1958962689545806,-0.17429543241601714,-0.35897103634289307,-0.3862542832838186,-0.32508656504956956
-3.0,-0.17438478928112497,0.26125512821707125,-0.4739276110274363,-0.37606166581692374,-0.1772505762701788
1.0,-0.210058569474961,-0.047633919601125466,-0.15098790036136578,-0.17798094509674217,-0.15585165003469467
1.0,-0.15551741079960765,-0.015075883086057201,-0.15598689142446948,-0.1507953555912653,-0.17802799666894778
0.0,-0.17410703745753878,-0.4370024278526439,-0.2910853348962719,-0.21653204932507922,-0.3337775372504935
-3.0,-0.16372536599615609,-0.44058982433174565,-0.42278675836522395,-0.441395455983769,-0.48658085872513
-1.0,-0.15188406013145558,-0.3065156793803535,-0.31376122700985193,-0.36335384786537667,-0.27131498521949504
-3.0,-0.14503147733138305,-0.20478994130614064,-0.42970511857741445,-0.41291662772702914,-0.5211292372566902
3.0,-0.16372536599615609,-0.44058982433174565,-0.14862211199035472,-0.21285997043470017,-0.23944049663614084
1.0,-0.16372536599615609,-0.44058982433174565,-0.11418217527938704,-0.22051803800243808,-0.24407883154446117
0.0,-0.16621921513536644,-0.11139196533583928,-0.3010283532820597,-0.31934448481753686,-0.38303427352335795
-2.0,-0.12516675210535969,0.07323777645746668,-0.36630211802754,-0.43133216304935595,-0.5102994575135302
-3.0,-0.15929386334971804,0.08799290491051676,-0.4490589768033803,-0.5261786185058357,-0.48532455094118293
1.0,-0.1501376517417746,-0.0385796627358459,-0.15098790036136578,-0.19321142217953283,-0.17129848248429863
1.0,-0.13424245636115595,-0.07903869700175276,-0.1365786965853002,-0.2819480557271002,-0.22076969878066047
0.0,-0.13305934514305395,-0.27853215232414175,-0.3198531984181293,-0.3198384600582675,-0.3710862037377905
-3.0,-0.15170653977516793,-0.28997712606273185,-0.43634827851810115,-0.41518086956996636,-0.4855515015015193
-1.0,-0.14834641006355317,-0.1562487179595492,-0.2774494047020076,-0.3241181584945403,-0.2625169548978442
-3.0,-0.1573399860479698,-0.1262282546076895,-0.4861139423159729,-0.4189485534808124,-0.35245902493212156
3.0,-0.1573399860479698,-0.1262282546076895,-0.1267517184744832,-0.24373448686590934,-0.18870263525786907
1.0,-0.14834641006355317,-0.1562487179595492,-0.11418217527938704,-0.23640602896400628,-0.10851958677287322
0.0,-0.27081239338560126,-0.16325665381043536,-0.27629782817275517,-0.19187935507721166,-0.2667863483572371
-2.0,-0.2845010369916315,-0.23676582981106287,-0.38665908971487567,-0.3448657955741589,-0.39224758880793753
-3.0,-0.28384318643837647,-0.3262758279553587,-0.4490589768033803,-0.44640797365348484,-0.501859733815968
1.0,-0.2845010369916315,-0.23676582981106287,-0.15158735177651875,-0.18592530163593643,-0.1659458820835341
1.0,-0.2512406192622993,-0.24245220412187513,-0.1318184953431158,-0.23409003667003583,-0.18247573893265812
0.0,-0.2631299976186339,-0.6260560775482701,-0.30589636152403576,-0.3052692010461469,-0.2935531505262061
-2.0,-0.2542460389532548,-0.4982881861608502,-0.38860774746625293,-0.42212588439718074,-0.4111958240475025
-3.0,-0.251685674429689,-0.6445562229092143,-0.4442198162126142,-0.5375166220375768,-0.4719764935976701
1.0,-0.2542460389532548,-0.4982881861608502,-0.1395768088024777,-0.20145393197314868,-0.2258858235942146
1.0,-0.26581485932681376,-0.7062656766889758,-0.16247795480487268,-0.2748712988074968,-0.2647664487791031
0.0,-0.2539819856939158,-0.31011280755020093,-0.3048857455698865,-0.3545915093868975,-0.26079385946783745
-3.0,-0.2832725316837058,-0.30907373271004274,-0.43634827851810115,-0.3949221547570676,-0.5208774040220965
-1.0,-0.2524082438277846,-0.34040171889674387,-0.31376122700985193,-0.3297171263165076,-0.2888298671474897
-3.0,-0.2312711353735478,-0.10743894642090268,-0.4374225828795112,-0.3579044353367263,-0.3843782878463498
3.0,-0.2786512824330295,-0.3535112164196846,-0.1778117904413116,-0.2743204081457846,-0.1740401699493597
1.0,-0.25161525790054584,-0.257068951536784,-0.111184703370922,-0.1785945244087908,-0.17976725781231628
0.0,-0.18178497951401074,-0.3324414981396614,-0.27629782817275517,-0.1915522450530053,-0.22006862984307585
-2.0,-0.18178497951401074,-0.3324414981396614,-0.3636132185864548,-0.31677912378186873,-0.26720920212758675
-3.0,-0.1751036282202457,-0.31688102491783454,-0.4442198162126142,-0.301375915063466,-0.4817003848304323
1.0,-0.18178497951401074,-0.3324414981396614,-0.15098790036136578,-0.12613518621180136,-0.12715490482589564
1.0,-0.2076562689063123,-0.4665817760479085,-0.17857148152420524,-0.2287934694628285,-0.15590794562439997
0.0,-0.20835675565036224,-0.33563912023974835,-0.3198531984181293,-0.28584150714600254,-0.30909050563935425
-3.0,-0.2057075657646294,-0.38642791455607456,-0.43634827851810115,-0.3671160181303157,-0.34054674937353424
-1.0,-0.200157372895024,-0.37371535861315086,-0.28523107592766156,-0.26006015320919035,-0.2735540489515194
-3.0,-0.20835675565036224,-0.33563912023974835,-0.4581866346574805,-0.3783175451135287,-0.37897422799356945
3.0,-0.18947025905293502,-0.4402118115019393,-0.14862211199035472,-0.19767793469259504,-0.11739203441189927
1.0,-0.18472667061997594,-0.3658193733317067,-0.12355208478568282,-0.07469878395722569,-0.11389772193838972
0.0,-0.19392000419569647,-0.6869550684966574,-0.30369807348791866,-0.4929800153923699,-0.27476519992876186
-2.0,-0.18607530467411634,-0.6084938886518597,-0.3397989111525442,-0.4073409132150286,-0.355919873698054
-3.0,-0.2039668135716133,-0.39748515355122765,-0.4739276110274363,-0.37382822484160777,-0.47272318346747744
1.0,-0.1690190906198705,-0.7281127422626577,-0.12355208478568282,-0.23428692596811118,-0.22513552367527617
1.0,-0.1625624417516218,-0.7329716785029828,-0.15014821827124844,-0.22465458814310937,-0.20313643340888943
0.0,-0.17754576154026655,0.058982509155719176,-0.2910853348962719,-0.11437878974513803,-0.24033014155752375
-2.0,-0.16016228825914325,0.11897020733590732,-0.38665908971487567,-0.23523636820480068,-0.291430526412131
-3.0,-0.16314330208629316,-0.068131206440982,-0.4861139423159729,-0.34725883818496367,-0.2868900400921889
1.0,-0.16314330208629316,-0.068131206440982,-0.15098790036136578,-0.20914388900714873,-0.12715490482589564
1.0,-0.1952071384117149,0.10476093741188774,-0.17400905472920505,-0.1837332141800488,-0.14771386806497858
0.0,-0.27445166564598544,-0.3744311218270776,-0.3198531984181293,-0.31859692129848494,-0.2639541408461305
-2.0,-0.25160650811950397,-0.5764579263827634,-0.42016641996591686,-0.4806870972584534,-0.39541193354730736
-3.0,-0.2681995308047319,-0.30617649822547366,-0.4374225828795112,-0.3074752716413889,-0.41705660324818133
1.0,-0.30028296843846686,-0.5669596593299785,-0.15098790036136578,-0.251509188556411,-0.18361115516249776
1.0,-0.29207978336491447,-0.6022661094164745,-0.1318184953431158,-0.22697236923013175,-0.1681462759625504
0.0,-0.3855497761732557,-0.408244926200993,-0.2910853348962719,-0.3841041494308688,-0.33565378028099524
-2.0,-0.38052114789836405,-0.3092627571182082,-0.35897103634289307,-0.5415767281008045,-0.3996073337202794
-3.0,-0.3641810873781761,-0.2495280745641254,-0.4490589768033803,-0.6038392750934746,-0.45689162146996654
1.0,-0.42565566770339897,-1.236364385453123,-0.15098790036136578,-0.345340677155104,-0.17328859532318341
1.0,-0.42565566770339897,-1.236364385453123,-0.15875606389527336,-0.3489190125123025,-0.20004039725398748
0.0,-0.4538211892748642,-0.3740864473848698,-0.3198531984181293,-0.44226392218269295,-0.38077046204624054
-2.0,-0.43406937248177085,-0.23680426012246483,-0.3799970825014766,-0.5962351272689853,-0.548610830396304
-3.0,-0.3951855057345241,-0.013988178995935248,-0.4490589768033803,-0.5382584462939659,-0.48532455094118293
1.0,-0.4347995991173041,-0.5426249643047238,-0.111184703370922,-0.22786096173053896,-0.14871464502072948
1.0,-0.43406937248177085,-0.23680426012246483,-0.17400905472920505,-0.3100316152455582,-0.1696097074558087
0.0,-0.435991885185781,-0.1348679145164217,-0.27629782817275517,-0.3412062802627125,-0.292760270784547
-3.0,-0.40341868478561765,-0.01752882092729937,-0.4107786639663292,-0.5035642989920976,-0.2738625009401203
-1.0,-0.45645538804995583,-0.23079093274106452,-0.28320644260225564,-0.2949832671707844,-0.30510419534162003
-3.0,-0.44077938959626767,0.02311409730454078,-0.4500254355426202,-0.5376890382119268,-0.3456219194830206
3.0,-0.44077938959626767,0.02311409730454078,-0.1584168018534125,-0.12744404574941925,-0.16330884985895858
1.0,-0.42009812375047667,-0.5937845539745604,-0.16653731853872833,-0.3135908985548266,-0.2073480061449828
0.0,-0.3996272739600712,-0.6135529427650311,-0.31275052162350375,-0.33697695192323407,-0.33621365357792815
-2.0,-0.3996272739600712,-0.6135529427650311,-0.3397989111525442,-0.4142534308225356,-0.35599227566992203
-3.0,-0.4651954947930039,-0.49619571860746386,-0.4581866346574805,-0.4391136248094995,-0.4104650422553907
1.0,-0.4601443002024675,-0.6528457971385753,-0.15098790036136578,-0.2128555943632892,-0.17129848248429863
1.0,-0.43554042757878764,-0.7132443736066898,-0.1722068706342089,-0.294209344516566,-0.22348674528413529
0.0,-0.46109565890162024,-0.40116401074241,-0.3198531984181293,-0.4346242838360028,-0.3399691092514049
-3.0,-0.4633173901467461,-0.46104767637224736,-0.4417551167624078,-0.6253031378566589,-0.5017067985999285
-1.0,-0.4463153833368244,-0.3355228610079051,-0.2924394601455901,-0.3571178946177153,-0.30123232507602865
-3.0,-0.4481530747486768,-0.36316982201359577,-0.42970511857741445,-0.6069057625203809,-0.763120850399415
3.0,-0.45690288747525093,-0.4430983339381881,-0.12475595022162783,-0.30007954561066863,-0.12506372524313725
1.0,-0.4633173901467461,-0.46104767637224736,-0.1490828131205039,-0.2905530334099783,-0.21316255924057048
0.0,-0.3572664374147435,-0.4151839234059329,-0.3048857455698865,-0.36637138629169286,-0.26079385946783745
-2.0,-0.3834214704855083,-0.36413268950523225,-0.42016641996591686,-0.5548470654896537,-0.5165302831590421
-3.0,-0.3625047241047201,-0.36480122307981355,-0.4842355776961356,-0.560583082672356,-0.4874503305937693
1.0,-0.3534025168583491,-0.5295209458027361,-0.12893393047987722,-0.2672257770886068,-0.14993574682010416
1.0,-0.3572664374147435,-0.4151839234059329,-0.17400905472920505,-0.27059128965185564,-0.18524011129184967
0.0,-0.28991250162275956,-0.39849915163390787,-0.3048857455698865,-0.32779555236524877,-0.23877395288605446
-2.0,-0.2637541519645121,-0.22861478231147814,-0.35897103634289307,-0.409750568130421,-0.2892925891605969
-3.0,-0.2524061741616973,-0.30749023874346054,-0.4861139423159729,-0.4540320559696587,-0.3845353835064337
1.0,-0.28991250162275956,-0.39849915163390787,-0.16653731853872833,-0.2178564992289978,-0.1815108025637817
1.0,-0.28398875456430056,-0.591905444310922,-0.15598689142446948,-0.2732784737710409,-0.18536247047661739
0.0,-0.3610548185138964,0.11907103583851268,-0.3010283532820597,-0.2752674112886875,-0.2619279354303989
-2.0,-0.3351905683491899,-0.13106771706599035,-0.3799970825014766,-0.42425930640422127,-0.3827486921039214
-3.0,-0.3610548185138964,0.11907103583851268,-0.4901646175711509,-0.4041492961527068,-0.41594852415056205
1.0,-0.361243221510438,-0.27806246262417067,-0.15158735177651875,-0.17193944502517958,-0.17441926413522613
1.0,-0.3610548185138964,0.11907103583851268,-0.16823891642365285,-0.17601975255765512,-0.18343331574486937
0.0,-0.30425038051653674,-0.5065277592619889,-0.30369807348791866,-0.35309757110763496,-0.3628792819485491
-2.0,-0.3315522555140597,-0.5860447115578367,-0.38665908971487567,-0.4850901482420091,-0.36345683427631936
-3.0,-0.33567643550841764,-0.23240076404865223,-0.4861139423159729,-0.4173670376058749,-0.35245902493212156
1.0,-0.3278082594028452,-0.37856163088145284,-0.12893393047987722,-0.2146454898559934,-0.19560402154673703
1.0,-0.3315522555140597,-0.5860447115578367,-0.1722068706342089,-0.3101710490878842,-0.23908969469319025
0.0,-0.33671483280543574,-0.25993676210745936,-0.31275052162350375,-0.33733532331967875,-0.33621365357792815
-3.0,-0.30744300915381295,-0.15310605374760441,-0.4616310760981376,-0.507310743291946,-0.418582788330692
-1.0,-0.2899318786759022,-0.3203822608325547,-0.28320644260225564,-0.25823255578934495,-0.30510419534162003
-3.0,-0.34849301138098854,-0.10441524637474889,-0.4442198162126142,-0.3766727466597113,-0.46602603135944565
3.0,-0.3032624684002916,-0.32752616694678316,-0.16251199795332186,-0.24392277403406684,-0.2315047920963996
1.0,-0.35034325027691327,-0.530722324025561,-0.1490828131205039,-0.30881684785397956,-0.17131555625926956
0.0,-0.3195611928530354,-0.7345310134177574,-0.30369807348791866,-0.5295761135713838,-0.4158354793095391
-2.0,-0.3258053088654884,-0.4667772951266175,-0.3636132185864548,-0.43719422226787186,-0.5991316010729061
-3.0,-0.3505875968842225,-0.5751313022750422,-0.4442198162126142,-0.5884238142700007,-0.6034453873019995
1.0,-0.3248259048331026,-0.7030808941903706,-0.1395768088024777,-0.27165260943187186,-0.2256942930478296
1.0,-0.3319984208605597,-0.5854131347804119,-0.15598689142446948,-0.31162470636180883,-0.1879691197555281
0.0,-0.31091113130244175,-0.36807198258688695,-0.31275052162350375,-0.21969039459139256,-0.27247864055421367
-3.0,-0.3127722211319584,-0.18452214404094316,-0.4417551167624078,-0.49102096906447285,-0.486878499001615
-1.0,-0.30859062876597143,-0.38252509265314816,-0.28523107592766156,-0.3090610932910066,-0.335349822201397
-3.0,-0.30402803738407913,-0.07145540524649847,-0.4374225828795112,-0.374486101737539,-0.3534373481169691
3.0,-0.30859062876597143,-0.38252509265314816,-0.1267517184744832,-0.26946757557732287,-0.18829882711911047
1.0,-0.32927258223513517,-0.5580976921840691,-0.16653731853872833,-0.30513791675805496,-0.1929189775635811
0.0,-0.29178412332465403,-0.4694809636887223,-0.30369807348791866,-0.3258663914614444,-0.2831719828314428
-2.0,-0.3072174137058543,-0.37240780267714335,-0.3397989111525442,-0.37299258833053334,-0.3886885169697974
-3.0,-0.3129726308837575,-0.4822020720036127,-0.4374225828795112,-0.38905358682295127,-0.4445673797643213
1.0,-0.3129726308837575,-0.4822020720036127,-0.12355208478568282,-0.20190866586614475,-0.1552955513334783
1.0,-0.31685908838398325,-0.39038546517746,-0.15014821827124844,-0.24453263854645255,-0.16915262773347953
0.0,-0.3095366766509957,-0.4102678383498104,-0.3198531984181293,-0.3744672637251841,-0.29272754269167034
-3.0,-0.32292623171056023,-0.2066405172806523,-0.43634827851810115,-0.3966487182868589,-0.3310968066972564
-1.0,-0.315214578657946,-0.08719830645604697,-0.27117420906733314,-0.2443894537159535,-0.2650131481076965
-3.0,-0.32292623171056023,-0.2066405172806523,-0.4490589768033803,-0.3966487182868589,-0.36055984937566266
3.0,-0.3095366766509957,-0.4102678383498104,-0.14743427330767991,-0.1822511616663172,-0.08674372869087046
1.0,-0.3355971652474316,-0.24029271082708714,-0.15158735177651875,-0.18382077286489912,-0.18173328884069773
0.0,-0.43587859938723106,-0.09799222634997651,-0.3010283532820597,-0.24141600011894487,-0.24211717527948073
-2.0,-0.4475069423564287,-0.09737377280914856,-0.3636132185864548,-0.4435878503196832,-0.3130508251593114
-3.0,-0.4475069423564287,-0.09737377280914856,-0.4861139423159729,-0.4663410459613756,-0.3120120190527699
1.0,-0.40405575418273815,-0.10930842845841822,-0.111184703370922,-0.21615943589564332,-0.15713737564305394
1.0,-0.43587859938723106,-0.09799222634997651,-0.16823891642365285,-0.2235200837212329,-0.21957599635357733
0.0,-0.3676692088734205,-0.035917561196241836,-0.31275052162350375,-0.4003351729924545,-0.33621365357792815
-3.0,-0.38773442824810883,-0.15078161670840323,-0.4417551167624078,-0.5454158845643058,-0.486878499001615
-1.0,-0.3519417602065309,-0.22770361605132297,-0.28320644260225564,-0.32902094883783106,-0.30510419534162003
-3.0,-0.38773442824810883,-0.15078161670840323,-0.4500254355426202,-0.524382872237711,-0.5959906494514875
3.0,-0.3635902749752557,-0.36360783445947675,-0.1578634761249732,-0.2742053040214472,-0.22327996232746078
1.0,-0.37409754186747696,-0.23690764889610544,-0.12893393047987722,-0.25009682936437505,-0.14957328587426896
0.0,-0.23832200249508995,-0.7193473963432767,-0.30589636152403576,-0.2166685131987912,-0.32060618813531194
-2.0,-0.2230402852880276,-1.355409794040065,-0.42016641996591686,-0.37696899577062326,-0.3335695409606783
-3.0,-0.2084410128077077,-0.3697100522207079,-0.42970511857741445,-0.3301868154042192,-0.2770223937422337
1.0,-0.2230402852880276,-1.355409794040065,-0.1490828131205039,-0.11498580979921866,-0.11444369700980209
1.0,-0.27081981544173256,-0.991710385862132,-0.1318184953431158,-0.09992366593144907,-0.18068789520458187
0.0,-0.2943202737395475,0.07279875551316779,-0.3048857455698865,-0.09397593423463342,-0.23576859911186235
-2.0,-0.29785790928288347,-0.16837932017502671,-0.36630211802754,-0.3419823611004173,-0.4085653182747223
-3.0,-0.32183022075236406,-0.42364850543781857,-0.4442198162126142,-0.398969278796662,-0.33996291768920317
1.0,-0.32183022075236406,-0.42364850543781857,-0.11418217527938704,-0.249595446912999,-0.1151380500545469
1.0,-0.2943202737395475,0.07279875551316779,-0.17400905472920505,-0.13727836399399815,-0.18903550162141852
0.0,-0.28930996730077746,-0.45032813834290636,-0.27629782817275517,-0.31228690108326085,-0.26200430685249854
-3.0,-0.28930996730077746,-0.45032813834290636,-0.44808547362162615,-0.44608552453681083,-0.33103233850945984
-1.0,-0.26120437016842385,-0.519597034924133,-0.28231963377788205,-0.27563002726557945,-0.3188959546757856
-3.0,-0.2884059684560164,-0.4181375008293271,-0.4901646175711509,-0.40318763022992354,-0.41594852415056205
3.0,-0.2618365162234283,-0.5191902790536922,-0.1584168018534125,-0.21751905605605473,-0.20715724827448598
1.0,-0.28957985874430925,-0.5846376803081776,-0.15158735177651875,-0.25387099276694997,-0.21117562519772604
0.0,-0.3833562611200222,-0.5476028400963815,-0.3010283532820597,-0.35586097748794615,-0.4427656852451106
-2.0,-0.3774754478283489,-0.7255085189722587,-0.35897103634289307,-0.6650803942278845,-0.660130190534458
-3.0,-0.3843634911538575,-0.4273211676622273,-0.42970511857741445,-0.5411264366657631,-0.8123565143471092
1.0,-0.3774754478283489,-0.7255085189722587,-0.11418217527938704,-0.4043893099211813,-0.2976946441474937
1.0,-0.37067942384957153,-0.700707415126155,-0.15598689142446948,-0.319731480105689,-0.20355212260992137
0.0,-0.42052332316763275,-0.594490974484754,-0.3004014046030937,-0.29519591425189,-0.36749564804427604
-3.0,-0.4333710839524593,-0.6932837598296386,-0.44207189629886473,-0.33694262609829784,-0.31700804743876027
-1.0,-0.44929651787239977,-0.6597560382824854,-0.2774494047020076,-0.3342455510319169,-0.28680643428012087
-3.0,-0.4550868254587514,-0.46716796071800637,-0.4490589768033803,-0.347174323379509,-0.5104564411752806
3.0,-0.4333710839524593,-0.6932837598296386,-0.14743427330767991,-0.2494669077260821,-0.1314104827684396
1.0,-0.44118758114920315,-0.5768983899014832,-0.111184703370922,-0.2560669734567389,-0.11848316919686791
0.0,-0.38433965706121287,-0.7421657506784032,-0.3048857455698865,-0.33056425953330465,-0.42108132247885166
-2.0,-0.42331958331141145,-0.6620914983512947,-0.35897103634289307,-0.41720627050049314,-0.4063836102517894
-3.0,-0.4630076583296644,-0.44096080270627863,-0.4581866346574805,-0.4777285744446556,-0.33040330971706383
1.0,-0.40704274913757643,-0.7458375551933274,-0.12355208478568282,-0.28276022613847857,-0.22513552367527617
1.0,-0.4501717516765218,-0.8546935215940886,-0.16823891642365285,-0.3181852227019304,-0.20984198213958463
0.0,-0.4033536715383109,-0.5535850862215088,-0.3048857455698865,-0.3721918417884905,-0.26079385946783745
-3.0,-0.4181521882680691,-0.2311039976953912,-0.42278675836522395,-0.4718238125177365,-0.4906631956260949
-1.0,-0.42596209845779454,-0.3884434248656054,-0.31376122700985193,-0.31180913088743156,-0.271571834097354
-3.0,-0.38959719506245744,-0.18340158035544624,-0.4490589768033803,-0.43293165821032853,-0.4677987538311222
3.0,-0.4033536715383109,-0.5535850862215088,-0.1578634761249732,-0.25484751923147153,-0.19245160693019359
1.0,-0.41491760863499993,-0.4617820463536348,-0.1490828131205039,-0.29760382244841105,-0.19739359743963084
-2.0,-0.3581342722709191,-0.8746391723323242,-0.32679113358543677,-0.3676920153914151,-0.3755259349016555
-2.0,-0.361559143793612,-0.8655361557206994,-0.3825852773372502,-0.40733949831561916,-0.5482473426524216
-2.0,-0.34542569438412424,-0.8243269743916201,-0.36909343093374597,-0.36050268685017084,-0.43019742864756716
-3.0,-0.3581342722709191,-0.8746391723323242,-0.35302821394472655,-0.39289019158773386,-0.5158768921457993
-3.0,-0.36104398928176795,-0.7936989596497376,-0.4159570399533998,-0.435676941844321,-0.5279974084129554
-2.0,-0.1578576899988156,-0.5272990820762632,-0.41285668419360966,-0.30472077388029495,-0.40870543114995445
-2.0,-0.1381273742375658,-0.18639139648800382,-0.44481446850795575,-0.3632518269709897,-0.2685744281134491
-2.0,-0.1381273742375658,-0.18639139648800382,-0.35329801563010615,-0.24306284896090838,-0.28629616166001953
-3.0,-0.18160864066593574,-0.640787320162743,-0.3940600670024978,-0.4461226109102157,-0.5244546828465005
-3.0,-0.14761563894753038,-0.3073749942751024,-0.3965841969601959,-0.3861436762669345,-0.4599676475930635
-2.0,-0.6268673657177916,-0.7448244614754645,-0.30958792486251946,-0.4209112218522967,-0.359396529401107
-2.0,-0.6438939306013113,-0.8853025071293027,-0.3825852773372502,-0.5649574464092981,-0.5576269537325386
-2.0,-0.6268673657177916,-0.7448244614754645,-0.3245381375142275,-0.44169319181657046,-0.38505393483153866
-3.0,-0.6546128096058311,-0.8467552597516637,-0.3627628089071432,-0.49590593244216213,-0.6609675463382129
-3.0,-0.6313898955913495,-0.9409837260435286,-0.46416014921278836,-0.5914682320657064,-0.7120445552890553
-2.0,-0.28273559445583846,-0.7519863857099918,-0.34192087522388676,-0.296600687782916,-0.3277464412986126
-2.0,-0.22248885754862782,-0.7366160735243502,-0.40986872485573406,-0.39268848590703537,-0.34308003936508313
-2.0,-0.26082938362164754,-0.8635164403997043,-0.33850966562491847,-0.26265762871786386,-0.39403912221268184
-3.0,-0.26082938362164754,-0.8635164403997043,-0.3655538508570479,-0.26340921872169004,-0.40291829461746836
-3.0,-0.264416121054091,-0.7289830771788348,-0.3965841969601959,-0.4363770157328886,-0.4599676475930635
-2.0,-0.31276887384090285,-0.4629157876515752,-0.3836086133424142,-0.2747347615906241,-0.3483001508572934
-2.0,-0.3095049334266592,-0.41543045060167205,-0.33805751907397985,-0.35587173596488564,-0.4924550878381439
-2.0,-0.31276887384090285,-0.4629157876515752,-0.3974265401295472,-0.27377350757404323,-0.37588985718149714
-3.0,-0.2655555583415904,-0.3131492552065598,-0.35360432015341814,-0.30967794160698336,-0.2863090689030492
-3.0,-0.31276887384090285,-0.4629157876515752,-0.44487188060776994,-0.3466281913595426,-0.4627638153254838
-2.0,-0.16260870018415308,0.293929968498915,-0.34192087522388676,-0.25736185608457113,-0.2627809626574752
-2.0,-0.15825424840340338,-0.4170412115533131,-0.44481446850795575,-0.3215531826922936,-0.34270734530576635
-2.0,-0.14416549981426297,0.2138035044390857,-0.3795034916455687,-0.20467561022134712,-0.19162975339329458
-3.0,-0.16260870018415308,0.293929968498915,-0.3997166095570698,-0.2688272099184389,-0.33697700622360494
-3.0,-0.1307075666455206,0.39982162460420223,-0.4571848815382258,-0.2085287966231777,-0.12499516859004699
-2.0,-0.3510453918448631,-0.4216541389264631,-0.30958792486251946,-0.38844326387961264,-0.3342219800248382
-2.0,-0.3527366756261576,-0.4662443500115228,-0.40986872485573406,-0.37227138867238463,-0.34308003936508313
-2.0,-0.34796729727539766,-0.3333489773776842,-0.3627268220168442,-0.3602129129431765,-0.3533915063220801
-3.0,-0.3348145735398668,-0.33544276259051337,-0.36682627819989216,-0.3400299565575813,-0.4430322971520014
-3.0,-0.3348145735398668,-0.33544276259051337,-0.41611687115143187,-0.333457994415985,-0.497788562387663
-2.0,-0.3734394473648417,-0.8186755736570287,-0.30546068855840125,-0.35946761426900503,-0.40110702434075496
-3.0,-0.31443929034522977,-0.5244334251200025,-0.36818477888358186,-0.40137754230460765,-0.39762897271024944
3.0,-0.3549736632364278,-1.0258193075267303,-0.2597212254568112,-0.2680294635075288,-0.2856673412473239
2.0,-0.31443929034522977,-0.5244334251200025,-0.22254986239577695,-0.31540384806966,-0.23957303798359858
-2.0,-0.3317510022035419,-0.8156291565786301,-0.31485154814500915,-0.4590195340588264,-0.40637030841230243
-2.0,-0.3549736632364278,-1.0258193075267303,-0.4431153995682643,-0.43645306782313426,-0.5027993270264365
-2.0,-0.28945310888517195,-0.47490903340458734,-0.3185091127320653,-0.35031610443516736,-0.32351919366447096
-3.0,-0.2678425452735785,-0.6892240397880457,-0.36818477888358186,-0.46621601058718476,-0.4483334317886202
3.0,-0.2767641811950672,-0.735134427996543,-0.2531406182299021,-0.2158807645258763,-0.2665459740309729
2.0,-0.2767641811950672,-0.735134427996543,-0.20052015986923657,-0.2602338621321968,-0.24397513099362086
-2.0,-0.2777060857982726,-0.7733391763521004,-0.3297039987432065,-0.4539810938451461,-0.34509399354834286
-2.0,-0.28945310888517195,-0.47490903340458734,-0.42208223461927974,-0.39907148776456397,-0.43125902992024784
-2.0,-0.2451301266935562,0.26237583083304683,-0.34233323231446666,-0.3223468996091339,-0.33278060734723847
-3.0,-0.23907901999538353,0.022002665220769713,-0.4518067801908774,-0.36832827616424096,-0.44298895278231126
3.0,-0.2451301266935562,0.26237583083304683,-0.2662350855313318,-0.2167174172437055,-0.28414319694006657
2.0,-0.23907901999538353,0.022002665220769713,-0.20052015986923657,-0.24177512675286042,-0.24397513099362086
-2.0,-0.24395609692193929,0.19972255990603688,-0.3297039987432065,-0.26252902240833714,-0.3546949736474265
-2.0,-0.24395609692193929,0.19972255990603688,-0.4075374356501594,-0.26252902240833714,-0.5626681731705893
-2.0,-0.1851718269226446,-0.1412385594434641,-0.33827489472365296,-0.308526602354017,-0.3301632193930673
-3.0,-0.18752058884708972,-0.22541273789202776,-0.46674057913384487,-0.3942891196714539,-0.35679697272106214
3.0,-0.21180425835814734,-0.278022422790023,-0.24350321824005472,-0.21717323769365368,-0.24284248901235267
2.0,-0.18752058884708972,-0.22541273789202776,-0.1848786094414529,-0.18799271821425328,-0.18890404612468129
-2.0,-0.21180425835814734,-0.278022422790023,-0.31485154814500915,-0.371404071560624,-0.3092815252450861
-2.0,-0.1851718269226446,-0.1412385594434641,-0.4533204055908701,-0.32264296483949684,-0.4472660784148976
-2.0,-0.24811620611980306,-0.619392441831294,-0.333736787569417,-0.36099787448705395,-0.37238514634121295
-3.0,-0.27572290130891647,-0.5382522194392803,-0.48170747433933714,-0.38735331293248315,-0.41084095639640705
3.0,-0.27572290130891647,-0.5382522194392803,-0.2633396441892955,-0.19792408234683517,-0.28909925702669537
2.0,-0.2784073328211205,-0.6771435401162664,-0.2132624135002208,-0.27545088686449837,-0.22319728771813582
-2.0,-0.2637948826988917,-0.4736907521912933,-0.3217780970333718,-0.3139089937268819,-0.32495154298162293
-2.0,-0.2637948826988917,-0.4736907521912933,-0.4533204055908701,-0.34425131164443096,-0.3945696463387572
-2.0,-0.2838152489581559,-0.2537843936441816,-0.33827489472365296,-0.3512467534754417,-0.3381461391462032
-3.0,-0.2838152489581559,-0.2537843936441816,-0.36818477888358186,-0.3450152126401458,-0.4152223313549807
3.0,-0.2740791101867734,-0.34301794801958263,-0.2597212254568112,-0.2556868260085768,-0.2809569500155354
2.0,-0.2785697799612675,-0.27822809523388364,-0.27039873285517513,-0.29638662093002544,-0.2864260659152868
-2.0,-0.2758367708792305,-0.20722451111652487,-0.3246561102849486,-0.3664588284892106,-0.4064329775872512
-2.0,-0.31713174179089704,-0.08387023383828271,-0.4075374356501594,-0.3457294322187139,-0.5626681731705893
-2.0,-0.21393270507115897,-0.6529358467736013,-0.3185091127320653,-0.2731022269513708,-0.32351919366447096
-3.0,-0.2273478813497488,-0.28928059438597237,-0.36818477888358186,-0.31396939553793635,-0.5224088670465157
3.0,-0.21393270507115897,-0.6529358467736013,-0.24208899208238951,-0.17906260960728818,-0.22408096024183138
2.0,-0.2497598437501649,-0.5545262408501699,-0.216798286760979,-0.22273531395704035,-0.18011366248727256
-2.0,-0.2244886684174428,-0.6458609700525855,-0.3565549887601274,-0.3111477819372384,-0.3375172110941346
-2.0,-0.23174217776086745,-0.6760104586670279,-0.46575600414209645,-0.30946180366701914,-0.4572820626388731
-2.0,-0.20136235147878012,-0.22520451910541875,-0.30546068855840125,-0.2852924283050253,-0.3356963231191153
-3.0,-0.2141071388010694,-0.342228478084321,-0.44274716703586536,-0.38902405122059686,-0.4353598054397302
3.0,-0.20524064506031048,-0.3420166104577509,-0.267453055819956,-0.23692510183914342,-0.20422275730409228
2.0,-0.20524064506031048,-0.3420166104577509,-0.2132624135002208,-0.1937050858980991,-0.20431398271318646
-2.0,-0.22802549164425034,-0.35253453821233743,-0.3616168274196161,-0.3088906547428274,-0.32209660939215257
-2.0,-0.1872138386144804,-0.3120850839345738,-0.4533204055908701,-0.3799360092268347,-0.3945696463387572
-2.0,-0.1665221338203159,-0.6045632475441665,-0.3185091127320653,-0.20240712222546384,-0.3037688943108959
-3.0,-0.18179812093533265,-0.20172604470653266,-0.48170747433933714,-0.2924230344493865,-0.3511809421680042
3.0,-0.19965033346124678,-0.5480563162267115,-0.2531406182299021,-0.17860595673997706,-0.20626185108471393
2.0,-0.1983133373062901,-0.5630761690384071,-0.21242322204149072,-0.21034003156391548,-0.19995823234150514
-2.0,-0.18179812093533265,-0.20172604470653266,-0.3435662173192035,-0.2816096231693078,-0.2393645607896492
-2.0,-0.1615545329447862,-0.5765771953152715,-0.40286596569388666,-0.32866854806624446,-0.3426885943370253
-2.0,-0.04003545228029317,0.1159016327334688,-0.3304712244692628,-0.1838492292230344,-0.11571263373447963
-3.0,-0.04683459792489361,-0.13707441691831604,-0.44548887054109626,-0.32782703566092003,-0.5054803297530239
3.0,-0.07544887328044718,-0.026179320845545428,-0.2531406182299021,-0.16672333788108856,-0.1159452425485795
2.0,-0.04683459792489361,-0.13707441691831604,-0.2132624135002208,-0.21791721839990158,-0.21554959552677805
-2.0,-0.07025909502562021,0.069252310458908,-0.33426383965786405,-0.2779086515073443,-0.2007024127944297
-2.0,-0.012383121945548492,0.06473385184755077,-0.4431153995682643,-0.1898810420602815,-0.19917699093855054
-2.0,-0.11471974338878468,0.037288968319896185,-0.30546068855840125,-0.29545347948762446,-0.316076214621293
-3.0,-0.08357991890216813,0.036916855092508305,-0.5166426911184636,-0.40834744873466017,-0.3380788938497832
3.0,-0.08357991890216813,0.036916855092508305,-0.2662350855313318,-0.21267443231473548,-0.14855500612403075
2.0,-0.10256597785167372,0.0886657114034961,-0.2207551789755837,-0.207248983677661,-0.19752735574966904
-2.0,-0.10256597785167372,0.0886657114034961,-0.3234130522071018,-0.3011718187975079,-0.2674347677170829
-2.0,-0.10256597785167372,0.0886657114034961,-0.4431153995682643,-0.3262721047179042,-0.30225398063180403
-2.0,-0.1439883669992559,-0.5579181251992589,-0.33827489472365296,-0.33660321627524087,-0.3516027988939803
-3.0,-0.14933121496909685,-0.6717580453717285,-0.46674057913384487,-0.3093045767156668,-0.46730928014601986
3.0,-0.11220339886620709,-0.5305911867948897,-0.26645566548675476,-0.23521751649538253,-0.22516407445455244
2.0,-0.14012683679426718,-0.5126521480395655,-0.20052015986923657,-0.26299261381834477,-0.2109551392390139
-2.0,-0.13619308659761495,-0.45536258493840637,-0.31485154814500915,-0.311294460709854,-0.3092815252450861
-2.0,-0.10978441214168375,-0.0900350208760182,-0.40286596569388666,-0.22296868791810112,-0.27384189874146075
-2.0,-0.10631326462085688,-0.18090287238190755,-0.34233323231446666,-0.23960367687273693,-0.31183726445448706
-3.0,-0.11091576840773558,-0.02702630684455508,-0.4592845639089308,-0.4713036679908746,-0.35910278489580033
3.0,-0.14199090894591293,-0.1286993889606061,-0.24208899208238951,-0.18427296067881765,-0.22977453019555924
2.0,-0.15301795105139637,-0.11913397519461388,-0.22254986239577695,-0.2712106296446563,-0.20148052991851184
-2.0,-0.11091576840773558,-0.02702630684455508,-0.3565549887601274,-0.2957827855828709,-0.26431887969230866
-2.0,-0.10631326462085688,-0.18090287238190755,-0.40286596569388666,-0.3287137901821375,-0.3243141371172526
-2.0,-0.13184767210277482,0.03630216852309469,-0.32768972378233596,-0.21720397217848544,-0.2767323924204669
-3.0,-0.11304151108455165,-0.40783489584901916,-0.46674057913384487,-0.2875989229777326,-0.4678889111883392
3.0,-0.11304151108455165,-0.40783489584901916,-0.24208899208238951,-0.16892694388933244,-0.2133605828965795
2.0,-0.08271628020977921,0.17800206843650557,-0.2207551789755837,-0.14047887478456803,-0.15749762784560728
-2.0,-0.1309862525392513,0.09088542752758752,-0.3246561102849486,-0.26066296301909775,-0.16189830326214794
-2.0,-0.11304151108455165,-0.40783489584901916,-0.42208223461927974,-0.30020789976345164,-0.320480580447556
-2.0,-0.3035999092873982,-0.8461372414951426,-0.33827489472365296,-0.3474002672637155,-0.5171920872099695
-3.0,-0.28983972137316755,-0.5224689191444104,-0.4326389328386424,-0.49077695440844393,-0.5922074120749723
3.0,-0.27408480321256423,-0.870463279407856,-0.2531406182299021,-0.31340834975414616,-0.24357179559386116
2.0,-0.3087114585286119,-0.9483255225334037,-0.27039873285517513,-0.47885865888819124,-0.2808889048319623
-2.0,-0.27408480321256423,-0.870463279407856,-0.3246561102849486,-0.44598504536159317,-0.5181110303917497
-2.0,-0.3035999092873982,-0.8461372414951426,-0.4533204055908701,-0.42470191680269526,-0.6933580632387855
-2.0,-0.15601309226124874,-0.8923535590373041,-0.3185091127320653,-0.27902769206410993,-0.4179679917550984
-3.0,-0.15826361878231898,-0.7992868836563004,-0.44274716703586536,-0.435812437096421,-0.5241637244778294
3.0,-0.17945964045342513,-0.9344121477896682,-0.24350321824005472,-0.24918488116920742,-0.34523751506342815
2.0,-0.1820871554162099,-0.9827944516179059,-0.216798286760979,-0.2900344579923664,-0.30023027811391884
-2.0,-0.12987726272997388,-0.9729289091451921,-0.3297039987432065,-0.38545839033625257,-0.41306552762365584
-2.0,-0.1652621879187365,-0.663183385744613,-0.46575600414209645,-0.3204292179245487,-0.4275163457832108
-2.0,-0.15788953790567195,-0.5451925038877439,-0.3351704079529641,-0.32575357496063145,-0.3573217577562363
-3.0,-0.13423336787132925,-0.30638690296523097,-0.46674057913384487,-0.3662041716801786,-0.4678889111883392
3.0,-0.09011382723684187,0.05872423310224385,-0.2689993696645038,-0.2158915567082523,-0.2578278847543824
2.0,-0.12351016867230792,-0.5617549440369959,-0.21242322204149072,-0.24779660834221048,-0.16109006193151001
-2.0,-0.15011567771008885,-0.42337940310946215,-0.3217780970333718,-0.3702774329488501,-0.3776479750577634
-2.0,-0.09011382723684187,0.05872423310224385,-0.4279074763269194,-0.32655313351109017,-0.3127542226927398
-2.0,-0.3057442577825384,-0.23518983143911676,-0.3304712244692628,-0.29844489858380097,-0.3401540241238386
-3.0,-0.32358939553285515,-0.5607995258715468,-0.5166426911184636,-0.4200521774537879,-0.6141359705018936
3.0,-0.30787967201193817,-0.26338201596980965,-0.2597212254568112,-0.26939187472767384,-0.29013734512742473
2.0,-0.3146391063534264,-0.20527801013883623,-0.1848786094414529,-0.235076360313218,-0.28608201968044195
-2.0,-0.2679870260642895,-0.2933925284160326,-0.31485154814500915,-0.3841349214526119,-0.29252248307493006
-2.0,-0.2736493361909432,-0.05422127804718464,-0.4075374356501594,-0.3043667612555215,-0.5626681731705893
-2.0,-0.1502457428199165,-0.03800517195814479,-0.30546068855840125,-0.3225835433216507,-0.316076214621293
-3.0,-0.1502457428199165,-0.03800517195814479,-0.4518067801908774,-0.4357225374531539,-0.4518108303676048
3.0,-0.12991414387968858,-0.4767643835249006,-0.24350321824005472,-0.18407370319805208,-0.24367299964079003
2.0,-0.1535604371690799,-0.4744402399926392,-0.1848786094414529,-0.20009809923432806,-0.28608201968044195
-2.0,-0.19205052869937794,-0.5282756262433038,-0.3435662173192035,-0.39773643779855766,-0.41471906098355416
-2.0,-0.10218175210186142,-0.25589705156195336,-0.4279074763269194,-0.3273197894162866,-0.31336545013950184
-2.0,-0.2978988768156698,-0.7313658590299801,-0.3351704079529641,-0.41385607481370834,-0.4907845205793501
-3.0,-0.2660501509403819,-0.4880611008092517,-0.36818477888358186,-0.4244146289275732,-0.6086483248790227
3.0,-0.2913561514703515,-0.46033188435670824,-0.2662350855313318,-0.25359718589016156,-0.2549057829227167
2.0,-0.2978988768156698,-0.7313658590299801,-0.27039873285517513,-0.4005291422259956,-0.30510071085834345
-2.0,-0.2910764758007568,-0.5201444164210857,-0.33426383965786405,-0.3712620296603519,-0.4279198022030468
-2.0,-0.2910764758007568,-0.5201444164210857,-0.4279074763269194,-0.3802765282666946,-0.4455045404374401
-2.0,-0.30506262699430425,-0.35495144700469167,-0.3304712244692628,-0.42504446388231765,-0.35291787457601814
-3.0,-0.2626342857101553,-0.38211533563280164,-0.44548887054109626,-0.38590481728867376,-0.48968329276852657
3.0,-0.28694569626434824,-0.36456306875134714,-0.23791575708455118,-0.2429985110049354,-0.25742854836530704
2.0,-0.31507373674329653,-0.5395165909659619,-0.27039873285517513,-0.28164511191616726,-0.2870137889055297
-2.0,-0.2770893288040738,-0.2926235402385574,-0.33426383965786405,-0.3821099021926842,-0.29914640110125074
-2.0,-0.29869506719756744,-0.3170558872319491,-0.40286596569388666,-0.33338417773760853,-0.3511068055377809
-2.0,-0.25623499848979864,-0.49602604640685255,-0.333736787569417,-0.3821571401977846,-0.46124189110518726
-3.0,-0.2676743403355699,-0.4896934439412088,-0.46674057913384487,-0.39760494592279977,-0.46730928014601986
3.0,-0.3068678129519769,-0.6155167353877232,-0.2633396441892955,-0.24250115598227026,-0.28719157579730265
2.0,-0.28430595821542626,-0.5008045642775499,-0.216798286760979,-0.25813320360441766,-0.30023027811391884
-2.0,-0.2632833545264228,-0.514750038949116,-0.3297039987432065,-0.3463078701396886,-0.29066272821966693
-2.0,-0.2790777964150146,-0.4434191652400939,-0.40286596569388666,-0.3708182321440224,-0.3243141371172526
-2.0,-0.16650094214321523,-0.5626979183032073,-0.333736787569417,-0.37443770168494045,-0.3106700083293078
-3.0,-0.16035855628329077,-0.7444114878529365,-0.5166426911184636,-0.46362991598779857,-0.6141359705018936
3.0,-0.16035855628329077,-0.7444114878529365,-0.2662350855313318,-0.3079360207079369,-0.29473588044492405
2.0,-0.16650094214321523,-0.5626979183032073,-0.21242322204149072,-0.317103468903935,-0.16109006193151001
-2.0,-0.17045622443080258,-0.46833933239543424,-0.3246561102849486,-0.4206109501211594,-0.4305713702257237
-2.0,-0.14811255229832582,-0.15842811909513116,-0.4338179996609579,-0.36216074168581097,-0.2583235617401649
-2.0,-0.4706175486533324,-1.0034020437848672,-0.3351704079529641,-0.6252428809012955,-0.5285286287936156
-3.0,-0.4741970087063646,-0.526439209262573,-0.36818477888358186,-0.6684578409128782,-0.6758290584279104
3.0,-0.5036851916571488,-1.193152730271274,-0.2689993696645038,-0.311687862606724,-0.3095744923702555
2.0,-0.5036851916571488,-1.193152730271274,-0.216798286760979,-0.37635056229245484,-0.27767209647673613
-2.0,-0.47739534418654755,-0.8484499055993702,-0.3616168274196161,-0.5441075801196419,-0.4270457040609055
-2.0,-0.4861572422859192,-0.8090049190187865,-0.40286596569388666,-0.5890620377229989,-0.6150230509944696
-2.0,-0.07396906927279204,0.5427685281019572,-0.3304712244692628,-0.2096864278675587,-0.3401540241238386
-3.0,-0.07396906927279204,0.5427685281019572,-0.4592845639089308,-0.4540168779156814,-0.31750248771878026
3.0,-0.0894338522698114,0.314884256060302,-0.2531406182299021,-0.09880171200192407,-0.10633773398573508
2.0,-0.06525042858395064,0.30001658882583965,-0.2081605743594486,-0.19533625895782794,-0.145110739507754
-2.0,-0.05608932294493827,0.31728276317792353,-0.31485154814500915,-0.30690355023760185,-0.32084620662848556
-2.0,-0.07748510504970699,-0.2931312318147652,-0.4279074763269194,-0.2654857673418162,-0.29803049125184333
-2.0,-0.14665053128338243,0.4772956645809516,-0.2897489418389817,-0.19308943989050126,-0.1895500954026023
-3.0,-0.12622355552934686,-0.014670377974405619,-0.48170747433933714,-0.34763498394641107,-0.41132190335796076
3.0,-0.16224958764609848,0.43758652870453557,-0.23791575708455118,-0.1651908848716164,-0.0624210643894327
2.0,-0.15171046838669555,0.39754221352837044,-0.25110346191216615,-0.2792464738688508,-0.23423875640651626
-2.0,-0.15171046838669555,0.39754221352837044,-0.3565549887601274,-0.304184365503768,-0.3326938592573875
-2.0,-0.1249361634299179,0.38156494486598846,-0.4279074763269194,-0.2756386339716545,-0.2941660949037857
-2.0,-0.2468906990890967,-0.8093395272159973,-0.2897489418389817,-0.26329035371114873,-0.39950937131963193
-3.0,-0.2661736870955101,-0.8531807332516037,-0.4518067801908774,-0.4056523860567,-0.44298895278231126
3.0,-0.2468906990890967,-0.8093395272159973,-0.2597212254568112,-0.23544931535681357,-0.32776673110688004
2.0,-0.2661736870955101,-0.8531807332516037,-0.20052015986923657,-0.3241056801494407,-0.24397513099362086
-2.0,-0.2541801906372342,-0.7325149436820697,-0.3217780970333718,-0.3721895224165142,-0.3770533765600888
-2.0,-0.2611175792332807,-0.7119249343710264,-0.40286596569388666,-0.3666075039554522,-0.4886120163728998
-2.0,-0.2186514909611577,-0.2026067512864586,-0.3185091127320653,-0.23139550129562603,-0.31122968662324385
-3.0,-0.208660536494835,-0.049758925356512294,-0.4518067801908774,-0.30548695710694446,-0.4518108303676048
3.0,-0.21203309791507977,-0.2809055575725731,-0.24350321824005472,-0.22683084575373297,-0.23409159232348092
2.0,-0.2045616784133516,-0.3304300642027539,-0.25110346191216615,-0.2880798815700874,-0.23423875640651626
-2.0,-0.26326618310315214,-0.24975892535651228,-0.3435662173192035,-0.36889711987973517,-0.3376359374473817
-2.0,-0.21203309791507977,-0.2809055575725731,-0.47531048765571127,-0.3764795259495851,-0.3107293695026706
-2.0,-0.19963701280725424,-0.13489303252498253,-0.333736787569417,-0.2693399851350591,-0.3087624991689013
-3.0,-0.2197950148620228,-0.15892394243450084,-0.48170747433933714,-0.43632535839294656,-0.37586363230169445
3.0,-0.23878540473819168,-0.21641377571212667,-0.23791575708455118,-0.24740081065585323,-0.2330319258601312
2.0,-0.24470063843531326,-0.17778498088858866,-0.25110346191216615,-0.2083628077219263,-0.24741497526672893
-2.0,-0.24470063843531326,-0.17778498088858866,-0.3565549887601274,-0.24589064242386538,-0.3326938592573875
-2.0,-0.23878540473819168,-0.21641377571212667,-0.4533204055908701,-0.3140553567201439,-0.4552935257216202
-2.0,-0.21662565032596884,0.06736435552415351,-0.30546068855840125,-0.09788234139774621,-0.2319185823118992
-3.0,-0.22734009631344643,0.114843562552705,-0.44274716703586536,-0.28733369771787165,-0.3000428157297448
3.0,-0.19854169351691653,0.019866939361981466,-0.24350321824005472,-0.15054361359800936,-0.15053538325907198
2.0,-0.22481591157381303,0.03359223980537822,-0.1848786094414529,-0.1313416658724581,-0.19170550333320416
-2.0,-0.24558534359077389,-0.17809009084798394,-0.3414887593733701,-0.23747688688295818,-0.332132365794417
-2.0,-0.2638147871804407,-0.032366368024575196,-0.4533204055908701,-0.23281612538160001,-0.360890981327971
-2.0,-0.16348507733233408,-0.4029215343838235,-0.3351704079529641,-0.22821317510955177,-0.2843434570872499
-3.0,-0.1719856279862354,-0.45248303033983384,-0.4518067801908774,-0.31128114643947524,-0.4656991828288259
3.0,-0.2094691977403445,-0.41502984277083377,-0.26645566548675476,-0.1813503939580098,-0.22714524114695261
2.0,-0.21825660617532525,-0.3055625548561307,-0.22254986239577695,-0.26056993268104944,-0.22762714520780095
-2.0,-0.21825660617532525,-0.3055625548561307,-0.3217780970333718,-0.32655165164297206,-0.3698447035177115
-2.0,-0.17327574086424805,-0.358443050116534,-0.42208223461927974,-0.31103015426305636,-0.3936481240164513
-2.0,-0.3522659383241347,-0.6406528266296706,-0.32768972378233596,-0.3938896942441581,-0.36094669275682095
-3.0,-0.3372056389658415,-0.5573690062977177,-0.4881934016725866,-0.38469660616485596,-0.4131025852642806
3.0,-0.3522659383241347,-0.6406528266296706,-0.267453055819956,-0.3126370511291214,-0.33083341938957933
2.0,-0.30132662374600483,-0.4673315347892332,-0.25110346191216615,-0.31595058785654073,-0.2725324236184607
-2.0,-0.3372056389658415,-0.5573690062977177,-0.33426383965786405,-0.3665146784433747,-0.2997576285480128
-2.0,-0.32824359508241824,-0.32249843824971364,-0.42208223461927974,-0.37366235760497457,-0.43125902992024784
-2.0,-0.3086604995674413,-0.12664468261806644,-0.30546068855840125,-0.3944575008752404,-0.3973870179872051
-3.0,-0.26242042766556456,0.5422321638800456,-0.4881934016725866,-0.42181546002528664,-0.3423282172788812
3.0,-0.2613994748488315,0.3932772569385566,-0.26645566548675476,-0.2532671565617079,-0.22516407445455244
2.0,-0.2613994748488315,0.3932772569385566,-0.25110346191216615,-0.26762749559124877,-0.21757950554360203
-2.0,-0.2706056721029994,0.37311168559713215,-0.3217780970333718,-0.18287228052574697,-0.2844839866508225
-2.0,-0.3086604995674413,-0.12664468261806644,-0.46575600414209645,-0.4171397851054717,-0.55866935675513
-2.0,-0.30623951186206805,-0.45384088053203586,-0.3351704079529641,-0.33540529295834676,-0.3638802383589087
-3.0,-0.2829887926398531,-0.2434019321896275,-0.46674057913384487,-0.3961220391091499,-0.36584912362416244
3.0,-0.3079701507241911,-0.30993062201628435,-0.267453055819956,-0.2578870948692656,-0.2405489115961041
2.0,-0.26730186764745023,-0.5670238789753714,-0.25110346191216615,-0.3062565081621463,-0.2725324236184607
-2.0,-0.2829887926398531,-0.2434019321896275,-0.3616168274196161,-0.3478488597395256,-0.32335481391975096
-2.0,-0.3079701507241911,-0.30993062201628435,-0.4075374356501594,-0.2872055679302073,-0.5626681731705893
-2.0,-0.16735840493283638,0.08551728991131291,-0.3185091127320653,-0.3407730513413337,-0.3006141523644924
-3.0,-0.16735840493283638,0.08551728991131291,-0.46674057913384487,-0.37517934640661915,-0.4647341692419358
3.0,-0.2168707549867981,-0.09356030185953754,-0.2662350855313318,-0.21409110610069024,-0.18996149842565255
2.0,-0.1878931832407527,-0.11648563492303754,-0.2132624135002208,-0.2571988384699792,-0.2118302273634732
-2.0,-0.17620030836764541,-0.20748641624233527,-0.3234130522071018,-0.383861442416657,-0.2824467754040578
-2.0,-0.1636426115353458,-0.27698891537868076,-0.47531048765571127,-0.43882543782796773,-0.349457693996398
-2.0,-0.15614473331797082,0.014451601474402623,-0.333736787569417,-0.29110113526698705,-0.3087624991689013
-3.0,-0.15785079975433183,0.048052738614873594,-0.46674057913384487,-0.3352968823121989,-0.4512211657342856
3.0,-0.17171398938495833,0.0951758149783341,-0.2633396441892955,-0.17644539853394278,-0.19845590879226266
2.0,-0.19064961407407252,-0.01069350199646848,-0.2207551789755837,-0.2292824506720988,-0.2045484846790465
-2.0,-0.1773183646133254,0.14194979527511759,-0.33426383965786405,-0.3331619990506826,-0.2007024127944297
-2.0,-0.15614473331797082,0.014451601474402623,-0.47531048765571127,-0.2934282293640111,-0.31731306002110027
-2.0,-0.16274614786715758,-0.1425654567476583,-0.3351704079529641,-0.4644327302404211,-0.3738449112451885
-3.0,-0.18767695497129164,-0.2355593971929924,-0.5166426911184636,-0.4871286516480018,-0.6221413308289578
3.0,-0.1759282038475618,-0.2553184520828642,-0.2689993696645038,-0.2422249201894838,-0.2963480273923697
2.0,-0.18852722314255974,0.00613124888272244,-0.25110346191216615,-0.29904459692518537,-0.2725324236184607
-2.0,-0.16274614786715758,-0.1425654567476583,-0.3435662173192035,-0.4854453861293928,-0.37948139504986217
-2.0,-0.17864564818964573,-0.08947669705271129,-0.4533204055908701,-0.5406469372842129,-0.46616451278817833
-2.0,-0.1364256018670027,-0.6880393572188324,-0.3304712244692628,-0.41575980675988805,-0.40871884277435566
-3.0,-0.14671364842649456,-0.5351448508044597,-0.44548887054109626,-0.49379351733175725,-0.46719518704966145
3.0,-0.150456889546522,-0.5568302374623045,-0.23791575708455118,-0.23308776391641492,-0.25742854836530704
2.0,-0.16237201788430633,-0.6082747452677958,-0.27039873285517513,-0.32397681453856864,-0.28056799682156286
-2.0,-0.15856645889762305,-0.5642930834490125,-0.3414887593733701,-0.4167812738445521,-0.36953414371357346
-2.0,-0.15856645889762305,-0.5642930834490125,-0.40286596569388666,-0.4224662721349591,-0.48405621512041846
-2.0,-0.2388804282310692,-0.5185039750116792,-0.33827489472365296,-0.3235849264693371,-0.34397482233252236
-3.0,-0.19160216382429085,-0.20901254425317153,-0.5166426911184636,-0.3376933488725516,-0.4219305968368954
3.0,-0.2388804282310692,-0.5185039750116792,-0.23791575708455118,-0.18598304082425865,-0.24691233496645507
2.0,-0.1988169032330399,-0.31887145465479644,-0.20052015986923657,-0.20458531429997193,-0.21230851330995518
-2.0,-0.210220809491212,-0.07869679593306046,-0.3234130522071018,-0.31107299733494365,-0.28110703614731086
-2.0,-0.210220809491212,-0.07869679593306046,-0.4431153995682643,-0.26527658807905646,-0.32354350839288576
-2.0,-0.27382592455365057,-0.6167776772963058,-0.30546068855840125,-0.2252947549941947,-0.316076214621293
-3.0,-0.27382592455365057,-0.6167776772963058,-0.4518067801908774,-0.3909417009339241,-0.4518108303676048
3.0,-0.2764749506888477,-0.6339490044223,-0.24350321824005472,-0.20859234783193542,-0.2459172096652898
2.0,-0.292981600429861,-0.7004963804850409,-0.2081605743594486,-0.25258518774534605,-0.15018413104456463
-2.0,-0.292981600429861,-0.7004963804850409,-0.3414887593733701,-0.327625693899094,-0.332132365794417
-2.0,-0.2802455262757777,-0.6198711388440203,-0.4075374356501594,-0.3623818306346589,-0.5904568910511325
-2.0,-0.5998433123796,-0.8437644753373548,-0.33827489472365296,-0.4133076239931481,-0.34459672186229284
-3.0,-0.6074506058405628,-0.9716227380151784,-0.4592845639089308,-0.701731795504881,-0.6131929723142753
3.0,-0.5669631395480911,-0.5287448372321164,-0.24208899208238951,-0.26389140310423054,-0.3131475492306412
2.0,-0.5669631395480911,-0.5287448372321164,-0.1848786094414529,-0.3177825666509427,-0.28524580683011547
-2.0,-0.5831969804163375,-0.5716227380151785,-0.3234130522071018,-0.42011739488682354,-0.3847374727141773
-2.0,-0.5998433123796,-0.8437644753373548,-0.4533204055908701,-0.5105506847244421,-0.46616451278817833
-2.0,-0.20858293125788846,-0.19420080884305968,-0.33827489472365296,-0.3490528386004569,-0.34459672186229284
-3.0,-0.20046595594446517,-0.04330558961574464,-0.44548887054109626,-0.4033802921004915,-0.45876111653711327
3.0,-0.20941573990639498,0.1833294026155125,-0.2689993696645038,-0.2692621297424933,-0.24985264756073372
2.0,-0.20858293125788846,-0.19420080884305968,-0.22254986239577695,-0.31118549933883527,-0.24423428801748226
-2.0,-0.18792995232022044,-0.6443092045690695,-0.3565549887601274,-0.4796488840358284,-0.447020833362057
-2.0,-0.20941573990639498,0.1833294026155125,-0.4279074763269194,-0.3646923234380447,-0.3227267117996626
-2.0,-0.17933963189419816,0.02665705098571447,-0.33827489472365296,-0.2578531188860394,-0.17419259498461453
-3.0,-0.19233111374746054,-0.2412673897982903,-0.4881934016725866,-0.36734090156629784,-0.34032741971449426
3.0,-0.18194918836399385,-0.032649950454085475,-0.2597212254568112,-0.17951502601975317,-0.2314727212343074
2.0,-0.18194918836399385,-0.032649950454085475,-0.2207551789755837,-0.21842979180988056,-0.19752735574966904
-2.0,-0.16438313036990268,0.07987682237930042,-0.3246561102849486,-0.1801605018720252,-0.15877022266071714
-2.0,-0.18055217776806773,-0.13768499202122042,-0.40286596569388666,-0.23143218495396078,-0.18063138880269614
-2.0,-0.3100613271702494,-0.14462293914477217,-0.3304712244692628,-0.23962887952856016,-0.3401540241238386
-3.0,-0.30119540238714193,0.03159465473705972,-0.36818477888358186,-0.30075987456769576,-0.33231203334762466
3.0,-0.30119540238714193,0.03159465473705972,-0.23791575708455118,-0.23371499079288272,-0.1933614887713595
2.0,-0.30470662893792877,-0.1812823376311478,-0.20052015986923657,-0.22570487981023862,-0.20619569578226588
-2.0,-0.30382532258797923,-0.23277389740701201,-0.3414887593733701,-0.3374948818365309,-0.31227988692117803
-2.0,-0.30470662893792877,-0.1812823376311478,-0.46575600414209645,-0.34339016615865153,-0.41642150018746876
-2.0,-0.35652634496463725,-0.6453090064398035,-0.3304712244692628,-0.3201750288842937,-0.3684285947181552
-3.0,-0.35652634496463725,-0.6453090064398035,-0.4592845639089308,-0.3252263622939472,-0.5792456348357522
3.0,-0.327324188821137,-0.639687218100973,-0.24350321824005472,-0.3335372466383248,-0.3065781365378272
2.0,-0.2941229478190283,-0.4890760203886188,-0.2081605743594486,-0.28666537358677713,-0.2567136837352541
-2.0,-0.32274516599615766,-0.7179042155230348,-0.3217780970333718,-0.3868652982637492,-0.37261173259772135
-2.0,-0.3271258104424893,-0.6940481411932782,-0.4279074763269194,-0.35068106138748745,-0.5051456607797052
-2.0,-0.33588699109572717,-0.278645917012004,-0.32768972378233596,-0.43880613986708855,-0.32233949449612853
-3.0,-0.3369778528596936,-0.4970240859388338,-0.36818477888358186,-0.35287159999053813,-0.39762897271024944
3.0,-0.35897506819777125,-0.4857959220018443,-0.26645566548675476,-0.2730860166572117,-0.28222432065608055
2.0,-0.34249778768214284,-0.42830121419686923,-0.216798286760979,-0.2637840588106873,-0.18011366248727256
-2.0,-0.34274949204764954,-0.21894740652174263,-0.31485154814500915,-0.3845240085881621,-0.32084620662848556
-2.0,-0.34249778768214284,-0.42830121419686923,-0.4279074763269194,-0.45335266567471005,-0.3127542226927398
-2.0,-0.3846505318113815,0.03018966920923888,-0.3185091127320653,-0.2687757778722425,-0.2674663334288765
-3.0,-0.3846505318113815,0.03018966920923888,-0.46674057913384487,-0.27494514550749827,-0.4512211657342856
3.0,-0.31830108419506814,-0.07677192691195109,-0.24350321824005472,-0.18062744250106844,-0.24284248901235267
2.0,-0.36564540416007607,-0.09241608543245082,-0.20052015986923657,-0.20621296038232792,-0.24397513099362086
-2.0,-0.34297923759267646,-0.07858685322429768,-0.3297039987432065,-0.28969617813457277,-0.28150104599176584
-2.0,-0.33021724894849885,-0.13343328708396207,-0.4279074763269194,-0.3404560093451393,-0.3127542226927398
-2.0,-0.26532059624090837,-0.43041577390391017,-0.2897489418389817,-0.3654220978319157,-0.33637655115975773
-3.0,-0.26532059624090837,-0.43041577390391017,-0.44274716703586536,-0.3660155616131889,-0.5151239948852365
3.0,-0.29296455951619294,-0.6477627097322975,-0.24350321824005472,-0.30728141420698657,-0.3065781365378272
2.0,-0.30311251218220764,-0.7924754674244038,-0.1848786094414529,-0.3372411851985062,-0.26791489251966066
-2.0,-0.30311251218220764,-0.7924754674244038,-0.3616168274196161,-0.47740491406268254,-0.44929442774544154
-2.0,-0.28834125625865253,-0.34726264162646087,-0.4025809847403177,-0.4254617617366123,-0.4148738783398237
-2.0,-0.38264788679839673,-0.7351788108758311,-0.2897489418389817,-0.32791279298053094,-0.3574099814600758
-3.0,-0.35682223345030534,-0.5784998257474248,-0.4881934016725866,-0.5017392389945282,-0.5606048453728244
3.0,-0.3783569476777798,-0.9087238989975093,-0.2531406182299021,-0.2472411801279858,-0.24357179559386116
2.0,-0.38264788679839673,-0.7351788108758311,-0.2207551789755837,-0.2667794106996312,-0.24368995478183345
-2.0,-0.38537848207659775,-0.8247649349687161,-0.3217780970333718,-0.49491317952277275,-0.513322441420748
-2.0,-0.3783569476777798,-0.9087238989975093,-0.46575600414209645,-0.5830761520229714,-0.549169751329364
-2.0,-0.32861848354218276,-0.060514397804625995,-0.333736787569417,-0.28551153695689274,-0.3106700083293078
-3.0,-0.3514454558970868,-0.2594867883623974,-0.36818477888358186,-0.3501159908288372,-0.40981837180890074
3.0,-0.3147803891987442,-0.10746000094237126,-0.26645566548675476,-0.1981409008497865,-0.2728257604382618
2.0,-0.3516284734865981,-0.3011068720567698,-0.2132624135002208,-0.22856473269785352,-0.2834373771082499
-2.0,-0.33130498618246956,-0.11571956449471443,-0.3246561102849486,-0.30640758545244834,-0.309700466231371
-2.0,-0.3514454558970868,-0.2594867883623974,-0.4533204055908701,-0.339616138008855,-0.471962462106035
-2.0,-0.2967209249643929,-0.09749715284574037,-0.30546068855840125,-0.29553301878239296,-0.316076214621293
-3.0,-0.313434161863651,-0.28928271923257975,-0.44548887054109626,-0.27791654500631896,-0.3394713853136376
3.0,-0.3384231401313537,-0.18470557592159692,-0.24350321824005472,-0.243085881479633,-0.24284248901235267
2.0,-0.3061512860854558,-0.18457032802117712,-0.22254986239577695,-0.24871575595924472,-0.27835479464241103
-2.0,-0.3384231401313537,-0.18470557592159692,-0.31485154814500915,-0.33368508103822986,-0.32084620662848556
-2.0,-0.3372583253760549,-0.23649145394605622,-0.4025809847403177,-0.35238095768045635,-0.34629822766902396
-2.0,-0.31718406369850793,-0.5091315680755055,-0.3304712244692628,-0.30087846136715357,-0.40871884277435566
-3.0,-0.34062150109442896,-0.537623333329858,-0.46674057913384487,-0.48888005793275574,-0.45731088119368174
3.0,-0.36702132603972787,-0.5276774276101456,-0.2597212254568112,-0.2463039838719616,-0.2949166181500154
2.0,-0.3259629506682232,-0.5760592230147855,-0.216798286760979,-0.37771791677361566,-0.269316376522671
-2.0,-0.34062150109442896,-0.537623333329858,-0.3616168274196161,-0.4130452385360779,-0.400490287462939
-2.0,-0.3690336293804898,-0.45888654736667334,-0.4025809847403177,-0.4547511148005398,-0.4148738783398237
-2.0,-0.38696057984281085,0.15732320768752675,-0.3351704079529641,-0.3275219560792766,-0.3573217577562363
-3.0,-0.42143872935263216,-0.20475426069015176,-0.4881934016725866,-0.41729446049885577,-0.4254277792318233
3.0,-0.4057210338295645,0.09278916702556711,-0.2662350855313318,-0.2334940720437477,-0.28414319694006657
2.0,-0.38696057984281085,0.15732320768752675,-0.27039873285517513,-0.269483226158428,-0.2798675853126144
-2.0,-0.40374129775248124,0.23211011414778038,-0.3297039987432065,-0.3695919279575688,-0.28150104599176584
-2.0,-0.42143872935263216,-0.20475426069015176,-0.4279074763269194,-0.39026631998925865,-0.3127542226927398
-2.0,-0.4703347801872209,-0.6883527721664562,-0.346179613465905,-0.4780946081033176,-0.382817166773846
-3.0,-0.4266985417646968,-0.14060876556281093,-0.44548887054109626,-0.426206411016074,-0.40584537539331894
3.0,-0.4394290749061647,-0.3718750607549902,-0.23791575708455118,-0.23776903194387547,-0.25742854836530704
2.0,-0.4266985417646968,-0.14060876556281093,-0.2132624135002208,-0.18407680431527854,-0.20305210467854082
-2.0,-0.4369977429579061,-0.4563353926079663,-0.31485154814500915,-0.4201934045366065,-0.40024599410933454
-2.0,-0.4369977429579061,-0.4563353926079663,-0.47531048765571127,-0.4233495873306521,-0.512820096524099
-2.0,-0.44877287417154527,-0.6609886241846058,-0.2897489418389817,-0.42709414176257915,-0.3801271201138325
-3.0,-0.40360318778477333,-0.6580504766102091,-0.36818477888358186,-0.47454662373604023,-0.6758290584279104
3.0,-0.457323536469403,-0.7898161308033071,-0.2689993696645038,-0.4033550200741899,-0.3095744923702555
2.0,-0.4444936221769357,-0.6975107646849324,-0.2132624135002208,-0.3549927799000901,-0.24377043329836467
-2.0,-0.42127694101626945,-0.7262578601772224,-0.31485154814500915,-0.5382823046370666,-0.48419300081624667
-2.0,-0.4411745869822522,-0.8207606497630356,-0.4338179996609579,-0.6102615056659344,-0.7024786315608056
